client_id,Delinquent90
75000,0.05
75001,0.61
75002,0.0
75003,0.15
75004,0.0
75005,0.06
75006,0.02
75007,0.0
75008,0.02
75009,0.06
75010,0.2
75011,0.02
75012,0.09
75013,0.0
75014,0.32
75015,0.27
75016,0.19
75017,0.02
75018,0.0
75019,0.07
75020,0.03
75021,0.06
75022,0.13
75023,0.01
75024,0.03
75025,0.24
75026,0.0
75027,0.0
75028,0.04
75029,0.0
75030,0.02
75031,0.0
75032,0.03
75033,0.04
75034,0.01
75035,0.0
75036,0.02
75037,0.0
75038,0.0
75039,0.14
75040,0.02
75041,0.02
75042,0.0
75043,0.01
75044,0.05
75045,0.11
75046,0.01
75047,0.03
75048,0.2
75049,0.17
75050,0.0
75051,0.0
75052,0.23
75053,0.0
75054,0.01
75055,0.03
75056,0.02
75057,0.09
75058,0.02
75059,0.07
75060,0.14
75061,0.0
75062,0.1
75063,0.0
75064,0.05
75065,0.01
75066,0.04
75067,0.03
75068,0.04
75069,0.0
75070,0.04
75071,0.09
75072,0.05
75073,0.03
75074,0.12
75075,0.0
75076,0.01
75077,0.08
75078,0.16
75079,0.0
75080,0.02
75081,0.19
75082,0.01
75083,0.04
75084,0.0
75085,0.02
75086,0.04
75087,0.0
75088,0.0
75089,0.04
75090,0.0
75091,0.02
75092,0.13
75093,0.0
75094,0.02
75095,0.06
75096,0.0
75097,0.01
75098,0.01
75099,0.09
75100,0.12
75101,0.03
75102,0.0
75103,0.03
75104,0.15
75105,0.08
75106,0.02
75107,0.02
75108,0.0
75109,0.01
75110,0.0
75111,0.1
75112,0.0
75113,0.01
75114,0.0
75115,0.04
75116,0.0
75117,0.0
75118,0.01
75119,0.3
75120,0.0
75121,0.04
75122,0.0
75123,0.15
75124,0.01
75125,0.0
75126,0.0
75127,0.02
75128,0.17
75129,0.03
75130,0.19
75131,0.03
75132,0.29
75133,0.0
75134,0.26
75135,0.02
75136,0.14
75137,0.0
75138,0.0
75139,0.1
75140,0.0
75141,0.0
75142,0.1
75143,0.02
75144,0.15
75145,0.42
75146,0.17
75147,0.0
75148,0.06
75149,0.03
75150,0.32
75151,0.01
75152,0.15
75153,0.03
75154,0.01
75155,0.01
75156,0.0
75157,0.0
75158,0.0
75159,0.02
75160,0.03
75161,0.01
75162,0.24
75163,0.02
75164,0.01
75165,0.0
75166,0.06
75167,0.07
75168,0.02
75169,0.01
75170,0.14
75171,0.03
75172,0.06
75173,0.01
75174,0.01
75175,0.0
75176,0.04
75177,0.01
75178,0.0
75179,0.01
75180,0.0
75181,0.14
75182,0.05
75183,0.0
75184,0.33
75185,0.06
75186,0.08
75187,0.0
75188,0.04
75189,0.0
75190,0.08
75191,0.05
75192,0.08
75193,0.0
75194,0.3
75195,0.0
75196,0.06
75197,0.04
75198,0.13
75199,0.03
75200,0.02
75201,0.33
75202,0.05
75203,0.0
75204,0.06
75205,0.01
75206,0.02
75207,0.15
75208,0.0
75209,0.02
75210,0.0
75211,0.05
75212,0.16
75213,0.03
75214,0.16
75215,0.03
75216,0.01
75217,0.15
75218,0.05
75219,0.06
75220,0.02
75221,0.02
75222,0.0
75223,0.02
75224,0.03
75225,0.03
75226,0.0
75227,0.0
75228,0.05
75229,0.09
75230,0.11
75231,0.02
75232,0.15
75233,0.0
75234,0.07
75235,0.0
75236,0.05
75237,0.12
75238,0.07
75239,0.0
75240,0.0
75241,0.0
75242,0.28
75243,0.0
75244,0.01
75245,0.14
75246,0.0
75247,0.01
75248,0.01
75249,0.0
75250,0.03
75251,0.0
75252,0.02
75253,0.0
75254,0.02
75255,0.0
75256,0.0
75257,0.19
75258,0.02
75259,0.14
75260,0.09
75261,0.04
75262,0.08
75263,0.0
75264,0.0
75265,0.02
75266,0.01
75267,0.01
75268,0.01
75269,0.0
75270,0.04
75271,0.05
75272,0.33
75273,0.0
75274,0.17
75275,0.0
75276,0.06
75277,0.0
75278,0.06
75279,0.0
75280,0.01
75281,0.04
75282,0.0
75283,0.02
75284,0.02
75285,0.0
75286,0.0
75287,0.07
75288,0.08
75289,0.01
75290,0.0
75291,0.0
75292,0.06
75293,0.33
75294,0.04
75295,0.08
75296,0.0
75297,0.0
75298,0.01
75299,0.0
75300,0.06
75301,0.43
75302,0.04
75303,0.0
75304,0.27
75305,0.0
75306,0.01
75307,0.06
75308,0.0
75309,0.05
75310,0.02
75311,0.05
75312,0.01
75313,0.2
75314,0.0
75315,0.0
75316,0.01
75317,0.02
75318,0.18
75319,0.01
75320,0.23
75321,0.01
75322,0.03
75323,0.04
75324,0.01
75325,0.34
75326,0.02
75327,0.23
75328,0.04
75329,0.11
75330,0.0
75331,0.0
75332,0.0
75333,0.13
75334,0.0
75335,0.15
75336,0.01
75337,0.23
75338,0.0
75339,0.01
75340,0.01
75341,0.01
75342,0.0
75343,0.07
75344,0.12
75345,0.0
75346,0.08
75347,0.05
75348,0.0
75349,0.04
75350,0.0
75351,0.0
75352,0.04
75353,0.0
75354,0.32
75355,0.0
75356,0.26
75357,0.14
75358,0.0
75359,0.01
75360,0.01
75361,0.33
75362,0.07
75363,0.0
75364,0.0
75365,0.02
75366,0.0
75367,0.0
75368,0.01
75369,0.27
75370,0.0
75371,0.0
75372,0.03
75373,0.29
75374,0.03
75375,0.01
75376,0.0
75377,0.07
75378,0.03
75379,0.03
75380,0.0
75381,0.01
75382,0.14
75383,0.19
75384,0.01
75385,0.02
75386,0.05
75387,0.11
75388,0.0
75389,0.01
75390,0.0
75391,0.05
75392,0.0
75393,0.04
75394,0.02
75395,0.1
75396,0.19
75397,0.0
75398,0.0
75399,0.02
75400,0.6
75401,0.0
75402,0.01
75403,0.01
75404,0.21
75405,0.22
75406,0.0
75407,0.07
75408,0.05
75409,0.01
75410,0.23
75411,0.14
75412,0.03
75413,0.02
75414,0.12
75415,0.07
75416,0.06
75417,0.07
75418,0.03
75419,0.0
75420,0.05
75421,0.0
75422,0.02
75423,0.14
75424,0.0
75425,0.04
75426,0.05
75427,0.45
75428,0.01
75429,0.01
75430,0.06
75431,0.02
75432,0.01
75433,0.01
75434,0.11
75435,0.02
75436,0.03
75437,0.0
75438,0.03
75439,0.0
75440,0.01
75441,0.0
75442,0.0
75443,0.03
75444,0.05
75445,0.05
75446,0.01
75447,0.67
75448,0.01
75449,0.09
75450,0.1
75451,0.0
75452,0.02
75453,0.0
75454,0.03
75455,0.0
75456,0.13
75457,0.07
75458,0.01
75459,0.05
75460,0.02
75461,0.04
75462,0.0
75463,0.03
75464,0.47
75465,0.0
75466,0.48
75467,0.01
75468,0.0
75469,0.14
75470,0.0
75471,0.03
75472,0.02
75473,0.09
75474,0.02
75475,0.0
75476,0.0
75477,0.02
75478,0.07
75479,0.02
75480,0.27
75481,0.02
75482,0.0
75483,0.0
75484,0.07
75485,0.06
75486,0.04
75487,0.01
75488,0.04
75489,0.56
75490,0.04
75491,0.0
75492,0.0
75493,0.03
75494,0.17
75495,0.0
75496,0.04
75497,0.01
75498,0.07
75499,0.0
75500,0.19
75501,0.02
75502,0.06
75503,0.04
75504,0.14
75505,0.0
75506,0.04
75507,0.02
75508,0.0
75509,0.19
75510,0.32
75511,0.37
75512,0.12
75513,0.04
75514,0.02
75515,0.13
75516,0.06
75517,0.08
75518,0.02
75519,0.02
75520,0.38
75521,0.01
75522,0.19
75523,0.0
75524,0.0
75525,0.12
75526,0.16
75527,0.03
75528,0.1
75529,0.02
75530,0.02
75531,0.0
75532,0.08
75533,0.18
75534,0.14
75535,0.05
75536,0.03
75537,0.01
75538,0.01
75539,0.47
75540,0.0
75541,0.06
75542,0.45
75543,0.37
75544,0.0
75545,0.22
75546,0.01
75547,0.0
75548,0.0
75549,0.01
75550,0.28
75551,0.0
75552,0.06
75553,0.37
75554,0.13
75555,0.01
75556,0.17
75557,0.0
75558,0.0
75559,0.01
75560,0.01
75561,0.02
75562,0.32
75563,0.04
75564,0.0
75565,0.0
75566,0.01
75567,0.35
75568,0.0
75569,0.25
75570,0.0
75571,0.01
75572,0.01
75573,0.03
75574,0.09
75575,0.0
75576,0.21
75577,0.01
75578,0.04
75579,0.02
75580,0.02
75581,0.05
75582,0.05
75583,0.37
75584,0.0
75585,0.0
75586,0.0
75587,0.06
75588,0.0
75589,0.01
75590,0.0
75591,0.5
75592,0.03
75593,0.0
75594,0.0
75595,0.47
75596,0.03
75597,0.07
75598,0.04
75599,0.0
75600,0.04
75601,0.0
75602,0.04
75603,0.01
75604,0.14
75605,0.08
75606,0.0
75607,0.44
75608,0.1
75609,0.01
75610,0.05
75611,0.02
75612,0.02
75613,0.02
75614,0.0
75615,0.0
75616,0.0
75617,0.75
75618,0.13
75619,0.01
75620,0.17
75621,0.1
75622,0.01
75623,0.01
75624,0.22
75625,0.03
75626,0.0
75627,0.02
75628,0.13
75629,0.1
75630,0.06
75631,0.0
75632,0.02
75633,0.08
75634,0.0
75635,0.0
75636,0.02
75637,0.04
75638,0.0
75639,0.19
75640,0.01
75641,0.0
75642,0.01
75643,0.03
75644,0.0
75645,0.12
75646,0.01
75647,0.01
75648,0.14
75649,0.04
75650,0.17
75651,0.02
75652,0.13
75653,0.05
75654,0.02
75655,0.1
75656,0.14
75657,0.01
75658,0.46
75659,0.07
75660,0.51
75661,0.0
75662,0.0
75663,0.12
75664,0.01
75665,0.41
75666,0.02
75667,0.0
75668,0.0
75669,0.03
75670,0.0
75671,0.04
75672,0.03
75673,0.0
75674,0.0
75675,0.67
75676,0.12
75677,0.04
75678,0.0
75679,0.03
75680,0.15
75681,0.02
75682,0.16
75683,0.0
75684,0.0
75685,0.0
75686,0.24
75687,0.08
75688,0.06
75689,0.02
75690,0.0
75691,0.02
75692,0.0
75693,0.06
75694,0.03
75695,0.23
75696,0.02
75697,0.01
75698,0.29
75699,0.06
75700,0.02
75701,0.0
75702,0.06
75703,0.07
75704,0.03
75705,0.07
75706,0.01
75707,0.1
75708,0.0
75709,0.25
75710,0.23
75711,0.2
75712,0.12
75713,0.17
75714,0.06
75715,0.0
75716,0.0
75717,0.02
75718,0.05
75719,0.0
75720,0.01
75721,0.0
75722,0.01
75723,0.0
75724,0.02
75725,0.02
75726,0.01
75727,0.01
75728,0.02
75729,0.05
75730,0.0
75731,0.04
75732,0.01
75733,0.02
75734,0.35
75735,0.25
75736,0.23
75737,0.0
75738,0.02
75739,0.0
75740,0.0
75741,0.0
75742,0.01
75743,0.0
75744,0.0
75745,0.06
75746,0.0
75747,0.01
75748,0.05
75749,0.01
75750,0.01
75751,0.0
75752,0.14
75753,0.01
75754,0.07
75755,0.0
75756,0.0
75757,0.07
75758,0.0
75759,0.05
75760,0.06
75761,0.01
75762,0.0
75763,0.13
75764,0.0
75765,0.02
75766,0.0
75767,0.29
75768,0.01
75769,0.13
75770,0.04
75771,0.0
75772,0.01
75773,0.01
75774,0.11
75775,0.23
75776,0.48
75777,0.01
75778,0.0
75779,0.0
75780,0.0
75781,0.28
75782,0.07
75783,0.29
75784,0.01
75785,0.34
75786,0.02
75787,0.03
75788,0.04
75789,0.06
75790,0.01
75791,0.01
75792,0.01
75793,0.01
75794,0.19
75795,0.01
75796,0.01
75797,0.0
75798,0.04
75799,0.0
75800,0.16
75801,0.12
75802,0.02
75803,0.03
75804,0.01
75805,0.04
75806,0.17
75807,0.01
75808,0.0
75809,0.04
75810,0.38
75811,0.17
75812,0.0
75813,0.01
75814,0.01
75815,0.07
75816,0.11
75817,0.07
75818,0.1
75819,0.06
75820,0.0
75821,0.0
75822,0.01
75823,0.05
75824,0.06
75825,0.04
75826,0.0
75827,0.15
75828,0.0
75829,0.07
75830,0.05
75831,0.01
75832,0.04
75833,0.0
75834,0.05
75835,0.09
75836,0.04
75837,0.01
75838,0.0
75839,0.05
75840,0.0
75841,0.12
75842,0.0
75843,0.07
75844,0.05
75845,0.0
75846,0.01
75847,0.02
75848,0.44
75849,0.0
75850,0.0
75851,0.0
75852,0.14
75853,0.04
75854,0.0
75855,0.05
75856,0.0
75857,0.38
75858,0.25
75859,0.33
75860,0.03
75861,0.01
75862,0.16
75863,0.55
75864,0.0
75865,0.03
75866,0.01
75867,0.0
75868,0.01
75869,0.0
75870,0.17
75871,0.1
75872,0.23
75873,0.06
75874,0.02
75875,0.08
75876,0.01
75877,0.02
75878,0.02
75879,0.02
75880,0.01
75881,0.0
75882,0.0
75883,0.0
75884,0.05
75885,0.09
75886,0.0
75887,0.01
75888,0.05
75889,0.0
75890,0.03
75891,0.04
75892,0.02
75893,0.01
75894,0.04
75895,0.16
75896,0.0
75897,0.0
75898,0.01
75899,0.1
75900,0.0
75901,0.02
75902,0.03
75903,0.02
75904,0.03
75905,0.11
75906,0.1
75907,0.11
75908,0.03
75909,0.02
75910,0.1
75911,0.0
75912,0.02
75913,0.0
75914,0.08
75915,0.0
75916,0.03
75917,0.01
75918,0.01
75919,0.47
75920,0.17
75921,0.12
75922,0.45
75923,0.13
75924,0.02
75925,0.0
75926,0.61
75927,0.1
75928,0.0
75929,0.27
75930,0.0
75931,0.0
75932,0.36
75933,0.0
75934,0.04
75935,0.29
75936,0.22
75937,0.33
75938,0.18
75939,0.0
75940,0.12
75941,0.01
75942,0.0
75943,0.0
75944,0.0
75945,0.0
75946,0.06
75947,0.01
75948,0.11
75949,0.24
75950,0.01
75951,0.07
75952,0.01
75953,0.02
75954,0.12
75955,0.0
75956,0.02
75957,0.01
75958,0.01
75959,0.1
75960,0.06
75961,0.05
75962,0.0
75963,0.0
75964,0.0
75965,0.0
75966,0.09
75967,0.05
75968,0.0
75969,0.23
75970,0.01
75971,0.04
75972,0.21
75973,0.05
75974,0.01
75975,0.03
75976,0.01
75977,0.75
75978,0.02
75979,0.12
75980,0.37
75981,0.07
75982,0.01
75983,0.0
75984,0.03
75985,0.0
75986,0.03
75987,0.13
75988,0.01
75989,0.1
75990,0.04
75991,0.0
75992,0.08
75993,0.0
75994,0.28
75995,0.0
75996,0.13
75997,0.0
75998,0.03
75999,0.09
76000,0.01
76001,0.0
76002,0.0
76003,0.02
76004,0.57
76005,0.06
76006,0.04
76007,0.0
76008,0.18
76009,0.0
76010,0.08
76011,0.04
76012,0.01
76013,0.0
76014,0.01
76015,0.11
76016,0.0
76017,0.09
76018,0.02
76019,0.0
76020,0.09
76021,0.05
76022,0.0
76023,0.0
76024,0.0
76025,0.07
76026,0.04
76027,0.01
76028,0.0
76029,0.0
76030,0.33
76031,0.69
76032,0.05
76033,0.0
76034,0.0
76035,0.03
76036,0.05
76037,0.04
76038,0.05
76039,0.0
76040,0.07
76041,0.01
76042,0.06
76043,0.01
76044,0.23
76045,0.01
76046,0.4
76047,0.16
76048,0.43
76049,0.01
76050,0.1
76051,0.16
76052,0.01
76053,0.0
76054,0.01
76055,0.0
76056,0.02
76057,0.05
76058,0.0
76059,0.0
76060,0.1
76061,0.01
76062,0.02
76063,0.1
76064,0.11
76065,0.05
76066,0.1
76067,0.12
76068,0.0
76069,0.02
76070,0.28
76071,0.0
76072,0.03
76073,0.08
76074,0.52
76075,0.1
76076,0.04
76077,0.0
76078,0.06
76079,0.0
76080,0.0
76081,0.0
76082,0.01
76083,0.0
76084,0.04
76085,0.0
76086,0.08
76087,0.24
76088,0.21
76089,0.0
76090,0.01
76091,0.0
76092,0.0
76093,0.04
76094,0.01
76095,0.0
76096,0.01
76097,0.05
76098,0.0
76099,0.03
76100,0.0
76101,0.0
76102,0.05
76103,0.21
76104,0.11
76105,0.64
76106,0.1
76107,0.11
76108,0.03
76109,0.22
76110,0.26
76111,0.03
76112,0.01
76113,0.0
76114,0.01
76115,0.04
76116,0.06
76117,0.11
76118,0.03
76119,0.1
76120,0.0
76121,0.07
76122,0.0
76123,0.01
76124,0.0
76125,0.0
76126,0.08
76127,0.23
76128,0.06
76129,0.02
76130,0.0
76131,0.02
76132,0.05
76133,0.07
76134,0.04
76135,0.49
76136,0.49
76137,0.03
76138,0.01
76139,0.04
76140,0.08
76141,0.08
76142,0.04
76143,0.31
76144,0.07
76145,0.01
76146,0.07
76147,0.02
76148,0.01
76149,0.0
76150,0.33
76151,0.0
76152,0.0
76153,0.18
76154,0.02
76155,0.1
76156,0.04
76157,0.01
76158,0.0
76159,0.02
76160,0.19
76161,0.0
76162,0.21
76163,0.0
76164,0.03
76165,0.0
76166,0.25
76167,0.02
76168,0.34
76169,0.0
76170,0.0
76171,0.08
76172,0.11
76173,0.03
76174,0.01
76175,0.03
76176,0.01
76177,0.01
76178,0.18
76179,0.03
76180,0.0
76181,0.1
76182,0.27
76183,0.0
76184,0.03
76185,0.02
76186,0.5
76187,0.02
76188,0.01
76189,0.35
76190,0.04
76191,0.02
76192,0.01
76193,0.01
76194,0.11
76195,0.08
76196,0.48
76197,0.04
76198,0.0
76199,0.0
76200,0.01
76201,0.03
76202,0.36
76203,0.02
76204,0.03
76205,0.19
76206,0.11
76207,0.05
76208,0.03
76209,0.01
76210,0.0
76211,0.02
76212,0.0
76213,0.35
76214,0.15
76215,0.06
76216,0.0
76217,0.06
76218,0.04
76219,0.02
76220,0.0
76221,0.0
76222,0.05
76223,0.06
76224,0.0
76225,0.0
76226,0.0
76227,0.0
76228,0.02
76229,0.07
76230,0.02
76231,0.0
76232,0.17
76233,0.02
76234,0.01
76235,0.01
76236,0.02
76237,0.02
76238,0.0
76239,0.06
76240,0.05
76241,0.02
76242,0.06
76243,0.01
76244,0.04
76245,0.17
76246,0.0
76247,0.13
76248,0.01
76249,0.07
76250,0.29
76251,0.0
76252,0.0
76253,0.06
76254,0.01
76255,0.1
76256,0.0
76257,0.08
76258,0.03
76259,0.2
76260,0.07
76261,0.01
76262,0.0
76263,0.14
76264,0.0
76265,0.04
76266,0.01
76267,0.0
76268,0.02
76269,0.01
76270,0.01
76271,0.05
76272,0.01
76273,0.03
76274,0.0
76275,0.1
76276,0.03
76277,0.05
76278,0.0
76279,0.03
76280,0.04
76281,0.04
76282,0.02
76283,0.0
76284,0.0
76285,0.07
76286,0.02
76287,0.09
76288,0.0
76289,0.04
76290,0.0
76291,0.44
76292,0.0
76293,0.0
76294,0.12
76295,0.0
76296,0.03
76297,0.01
76298,0.01
76299,0.0
76300,0.0
76301,0.02
76302,0.07
76303,0.0
76304,0.01
76305,0.01
76306,0.0
76307,0.06
76308,0.28
76309,0.01
76310,0.01
76311,0.15
76312,0.01
76313,0.02
76314,0.03
76315,0.0
76316,0.08
76317,0.0
76318,0.01
76319,0.03
76320,0.01
76321,0.0
76322,0.02
76323,0.02
76324,0.01
76325,0.0
76326,0.0
76327,0.01
76328,0.08
76329,0.07
76330,0.15
76331,0.12
76332,0.0
76333,0.06
76334,0.0
76335,0.23
76336,0.0
76337,0.03
76338,0.01
76339,0.23
76340,0.18
76341,0.02
76342,0.07
76343,0.0
76344,0.0
76345,0.01
76346,0.05
76347,0.0
76348,0.0
76349,0.02
76350,0.24
76351,0.35
76352,0.07
76353,0.16
76354,0.0
76355,0.07
76356,0.0
76357,0.02
76358,0.0
76359,0.05
76360,0.13
76361,0.13
76362,0.15
76363,0.01
76364,0.19
76365,0.11
76366,0.0
76367,0.1
76368,0.07
76369,0.21
76370,0.14
76371,0.0
76372,0.0
76373,0.01
76374,0.31
76375,0.01
76376,0.02
76377,0.08
76378,0.01
76379,0.01
76380,0.14
76381,0.0
76382,0.02
76383,0.01
76384,0.04
76385,0.11
76386,0.0
76387,0.47
76388,0.0
76389,0.02
76390,0.0
76391,0.0
76392,0.0
76393,0.05
76394,0.22
76395,0.0
76396,0.42
76397,0.0
76398,0.06
76399,0.04
76400,0.02
76401,0.01
76402,0.25
76403,0.0
76404,0.13
76405,0.01
76406,0.0
76407,0.08
76408,0.62
76409,0.11
76410,0.01
76411,0.01
76412,0.0
76413,0.01
76414,0.17
76415,0.0
76416,0.0
76417,0.07
76418,0.08
76419,0.01
76420,0.17
76421,0.04
76422,0.04
76423,0.03
76424,0.37
76425,0.01
76426,0.0
76427,0.0
76428,0.09
76429,0.02
76430,0.03
76431,0.19
76432,0.08
76433,0.29
76434,0.13
76435,0.33
76436,0.0
76437,0.02
76438,0.07
76439,0.2
76440,0.17
76441,0.08
76442,0.07
76443,0.04
76444,0.0
76445,0.0
76446,0.09
76447,0.02
76448,0.46
76449,0.06
76450,0.04
76451,0.0
76452,0.08
76453,0.0
76454,0.0
76455,0.05
76456,0.05
76457,0.05
76458,0.0
76459,0.02
76460,0.27
76461,0.06
76462,0.04
76463,0.0
76464,0.0
76465,0.49
76466,0.04
76467,0.19
76468,0.02
76469,0.0
76470,0.0
76471,0.07
76472,0.12
76473,0.0
76474,0.0
76475,0.0
76476,0.04
76477,0.0
76478,0.17
76479,0.02
76480,0.0
76481,0.01
76482,0.01
76483,0.0
76484,0.06
76485,0.15
76486,0.01
76487,0.02
76488,0.25
76489,0.0
76490,0.01
76491,0.07
76492,0.12
76493,0.03
76494,0.0
76495,0.02
76496,0.01
76497,0.08
76498,0.0
76499,0.01
76500,0.0
76501,0.03
76502,0.01
76503,0.0
76504,0.0
76505,0.11
76506,0.0
76507,0.0
76508,0.51
76509,0.01
76510,0.19
76511,0.44
76512,0.03
76513,0.0
76514,0.08
76515,0.01
76516,0.01
76517,0.01
76518,0.08
76519,0.01
76520,0.0
76521,0.05
76522,0.0
76523,0.08
76524,0.1
76525,0.14
76526,0.01
76527,0.33
76528,0.02
76529,0.05
76530,0.0
76531,0.0
76532,0.11
76533,0.04
76534,0.01
76535,0.01
76536,0.01
76537,0.0
76538,0.11
76539,0.05
76540,0.11
76541,0.02
76542,0.19
76543,0.17
76544,0.0
76545,0.0
76546,0.16
76547,0.05
76548,0.63
76549,0.1
76550,0.0
76551,0.27
76552,0.06
76553,0.12
76554,0.11
76555,0.02
76556,0.12
76557,0.0
76558,0.05
76559,0.04
76560,0.0
76561,0.01
76562,0.0
76563,0.25
76564,0.0
76565,0.04
76566,0.0
76567,0.07
76568,0.02
76569,0.02
76570,0.01
76571,0.02
76572,0.04
76573,0.0
76574,0.11
76575,0.25
76576,0.2
76577,0.07
76578,0.02
76579,0.0
76580,0.0
76581,0.0
76582,0.01
76583,0.12
76584,0.07
76585,0.05
76586,0.08
76587,0.01
76588,0.0
76589,0.0
76590,0.08
76591,0.17
76592,0.41
76593,0.26
76594,0.28
76595,0.0
76596,0.03
76597,0.0
76598,0.04
76599,0.07
76600,0.05
76601,0.18
76602,0.0
76603,0.05
76604,0.23
76605,0.02
76606,0.08
76607,0.0
76608,0.0
76609,0.0
76610,0.29
76611,0.02
76612,0.09
76613,0.08
76614,0.01
76615,0.09
76616,0.46
76617,0.01
76618,0.01
76619,0.25
76620,0.0
76621,0.06
76622,0.13
76623,0.0
76624,0.0
76625,0.23
76626,0.0
76627,0.07
76628,0.15
76629,0.28
76630,0.03
76631,0.22
76632,0.03
76633,0.0
76634,0.0
76635,0.12
76636,0.04
76637,0.08
76638,0.01
76639,0.01
76640,0.02
76641,0.0
76642,0.15
76643,0.0
76644,0.03
76645,0.0
76646,0.02
76647,0.01
76648,0.04
76649,0.03
76650,0.01
76651,0.04
76652,0.0
76653,0.41
76654,0.0
76655,0.04
76656,0.56
76657,0.01
76658,0.05
76659,0.0
76660,0.01
76661,0.01
76662,0.0
76663,0.09
76664,0.02
76665,0.01
76666,0.21
76667,0.01
76668,0.0
76669,0.0
76670,0.04
76671,0.0
76672,0.07
76673,0.18
76674,0.02
76675,0.0
76676,0.02
76677,0.0
76678,0.23
76679,0.05
76680,0.0
76681,0.0
76682,0.01
76683,0.0
76684,0.0
76685,0.09
76686,0.23
76687,0.07
76688,0.0
76689,0.0
76690,0.01
76691,0.01
76692,0.04
76693,0.0
76694,0.05
76695,0.15
76696,0.14
76697,0.1
76698,0.06
76699,0.09
76700,0.04
76701,0.12
76702,0.0
76703,0.01
76704,0.0
76705,0.0
76706,0.13
76707,0.02
76708,0.01
76709,0.0
76710,0.01
76711,0.02
76712,0.01
76713,0.02
76714,0.0
76715,0.0
76716,0.03
76717,0.04
76718,0.0
76719,0.05
76720,0.0
76721,0.02
76722,0.02
76723,0.5
76724,0.03
76725,0.02
76726,0.0
76727,0.06
76728,0.0
76729,0.07
76730,0.01
76731,0.0
76732,0.13
76733,0.01
76734,0.16
76735,0.07
76736,0.0
76737,0.0
76738,0.0
76739,0.0
76740,0.02
76741,0.03
76742,0.22
76743,0.15
76744,0.01
76745,0.16
76746,0.03
76747,0.08
76748,0.0
76749,0.01
76750,0.02
76751,0.29
76752,0.14
76753,0.08
76754,0.0
76755,0.23
76756,0.14
76757,0.33
76758,0.08
76759,0.07
76760,0.02
76761,0.06
76762,0.08
76763,0.02
76764,0.0
76765,0.03
76766,0.0
76767,0.2
76768,0.24
76769,0.0
76770,0.03
76771,0.09
76772,0.0
76773,0.04
76774,0.13
76775,0.04
76776,0.05
76777,0.01
76778,0.01
76779,0.07
76780,0.01
76781,0.0
76782,0.0
76783,0.0
76784,0.0
76785,0.04
76786,0.02
76787,0.29
76788,0.03
76789,0.06
76790,0.01
76791,0.02
76792,0.0
76793,0.03
76794,0.02
76795,0.0
76796,0.43
76797,0.01
76798,0.03
76799,0.01
76800,0.01
76801,0.02
76802,0.0
76803,0.01
76804,0.05
76805,0.03
76806,0.0
76807,0.0
76808,0.0
76809,0.01
76810,0.23
76811,0.02
76812,0.38
76813,0.01
76814,0.0
76815,0.17
76816,0.0
76817,0.01
76818,0.0
76819,0.02
76820,0.0
76821,0.01
76822,0.05
76823,0.08
76824,0.0
76825,0.6
76826,0.02
76827,0.19
76828,0.0
76829,0.11
76830,0.02
76831,0.01
76832,0.04
76833,0.02
76834,0.37
76835,0.02
76836,0.1
76837,0.01
76838,0.01
76839,0.03
76840,0.01
76841,0.0
76842,0.01
76843,0.16
76844,0.02
76845,0.0
76846,0.0
76847,0.02
76848,0.07
76849,0.0
76850,0.01
76851,0.04
76852,0.48
76853,0.08
76854,0.01
76855,0.02
76856,0.25
76857,0.01
76858,0.0
76859,0.0
76860,0.05
76861,0.09
76862,0.0
76863,0.01
76864,0.02
76865,0.29
76866,0.01
76867,0.57
76868,0.12
76869,0.0
76870,0.09
76871,0.01
76872,0.0
76873,0.26
76874,0.58
76875,0.0
76876,0.0
76877,0.0
76878,0.0
76879,0.03
76880,0.19
76881,0.0
76882,0.78
76883,0.01
76884,0.25
76885,0.02
76886,0.26
76887,0.02
76888,0.04
76889,0.08
76890,0.06
76891,0.04
76892,0.25
76893,0.07
76894,0.0
76895,0.0
76896,0.14
76897,0.02
76898,0.0
76899,0.04
76900,0.0
76901,0.0
76902,0.0
76903,0.01
76904,0.01
76905,0.0
76906,0.11
76907,0.04
76908,0.2
76909,0.0
76910,0.03
76911,0.0
76912,0.08
76913,0.01
76914,0.02
76915,0.44
76916,0.01
76917,0.0
76918,0.0
76919,0.01
76920,0.04
76921,0.0
76922,0.0
76923,0.06
76924,0.0
76925,0.17
76926,0.59
76927,0.0
76928,0.01
76929,0.34
76930,0.0
76931,0.1
76932,0.0
76933,0.07
76934,0.02
76935,0.07
76936,0.01
76937,0.12
76938,0.05
76939,0.02
76940,0.08
76941,0.38
76942,0.0
76943,0.06
76944,0.01
76945,0.03
76946,0.39
76947,0.24
76948,0.26
76949,0.01
76950,0.25
76951,0.37
76952,0.2
76953,0.0
76954,0.06
76955,0.42
76956,0.0
76957,0.21
76958,0.01
76959,0.07
76960,0.23
76961,0.09
76962,0.0
76963,0.1
76964,0.19
76965,0.0
76966,0.06
76967,0.02
76968,0.24
76969,0.01
76970,0.19
76971,0.0
76972,0.0
76973,0.25
76974,0.29
76975,0.18
76976,0.02
76977,0.0
76978,0.04
76979,0.0
76980,0.02
76981,0.04
76982,0.01
76983,0.01
76984,0.0
76985,0.0
76986,0.07
76987,0.01
76988,0.0
76989,0.03
76990,0.23
76991,0.42
76992,0.03
76993,0.04
76994,0.02
76995,0.01
76996,0.01
76997,0.0
76998,0.02
76999,0.01
77000,0.05
77001,0.23
77002,0.03
77003,0.0
77004,0.0
77005,0.0
77006,0.18
77007,0.0
77008,0.01
77009,0.01
77010,0.0
77011,0.02
77012,0.02
77013,0.05
77014,0.09
77015,0.52
77016,0.08
77017,0.0
77018,0.03
77019,0.23
77020,0.0
77021,0.04
77022,0.03
77023,0.0
77024,0.01
77025,0.01
77026,0.44
77027,0.0
77028,0.07
77029,0.09
77030,0.03
77031,0.04
77032,0.01
77033,0.01
77034,0.29
77035,0.29
77036,0.04
77037,0.02
77038,0.0
77039,0.05
77040,0.07
77041,0.0
77042,0.0
77043,0.02
77044,0.0
77045,0.01
77046,0.0
77047,0.28
77048,0.0
77049,0.04
77050,0.0
77051,0.06
77052,0.01
77053,0.07
77054,0.01
77055,0.06
77056,0.23
77057,0.04
77058,0.0
77059,0.13
77060,0.16
77061,0.03
77062,0.22
77063,0.07
77064,0.46
77065,0.06
77066,0.02
77067,0.54
77068,0.0
77069,0.0
77070,0.0
77071,0.0
77072,0.02
77073,0.0
77074,0.0
77075,0.09
77076,0.01
77077,0.03
77078,0.12
77079,0.02
77080,0.01
77081,0.01
77082,0.0
77083,0.01
77084,0.02
77085,0.05
77086,0.0
77087,0.02
77088,0.0
77089,0.0
77090,0.27
77091,0.07
77092,0.0
77093,0.0
77094,0.0
77095,0.02
77096,0.0
77097,0.01
77098,0.16
77099,0.07
77100,0.0
77101,0.05
77102,0.06
77103,0.0
77104,0.01
77105,0.01
77106,0.31
77107,0.0
77108,0.21
77109,0.0
77110,0.01
77111,0.1
77112,0.21
77113,0.02
77114,0.02
77115,0.05
77116,0.0
77117,0.0
77118,0.0
77119,0.0
77120,0.06
77121,0.03
77122,0.0
77123,0.0
77124,0.06
77125,0.02
77126,0.13
77127,0.0
77128,0.08
77129,0.09
77130,0.04
77131,0.18
77132,0.03
77133,0.02
77134,0.01
77135,0.03
77136,0.0
77137,0.0
77138,0.05
77139,0.0
77140,0.0
77141,0.08
77142,0.39
77143,0.09
77144,0.05
77145,0.0
77146,0.0
77147,0.19
77148,0.01
77149,0.04
77150,0.12
77151,0.17
77152,0.08
77153,0.34
77154,0.0
77155,0.03
77156,0.0
77157,0.17
77158,0.0
77159,0.01
77160,0.0
77161,0.07
77162,0.05
77163,0.0
77164,0.03
77165,0.08
77166,0.02
77167,0.0
77168,0.02
77169,0.0
77170,0.02
77171,0.03
77172,0.05
77173,0.0
77174,0.39
77175,0.1
77176,0.0
77177,0.01
77178,0.02
77179,0.02
77180,0.03
77181,0.07
77182,0.05
77183,0.15
77184,0.45
77185,0.0
77186,0.28
77187,0.0
77188,0.15
77189,0.06
77190,0.0
77191,0.09
77192,0.01
77193,0.0
77194,0.14
77195,0.01
77196,0.0
77197,0.06
77198,0.01
77199,0.01
77200,0.0
77201,0.0
77202,0.01
77203,0.08
77204,0.02
77205,0.0
77206,0.01
77207,0.02
77208,0.05
77209,0.0
77210,0.45
77211,0.0
77212,0.15
77213,0.0
77214,0.15
77215,0.1
77216,0.06
77217,0.0
77218,0.0
77219,0.02
77220,0.0
77221,0.01
77222,0.27
77223,0.04
77224,0.01
77225,0.16
77226,0.39
77227,0.02
77228,0.1
77229,0.01
77230,0.0
77231,0.12
77232,0.01
77233,0.13
77234,0.05
77235,0.14
77236,0.23
77237,0.01
77238,0.16
77239,0.62
77240,0.0
77241,0.03
77242,0.31
77243,0.03
77244,0.0
77245,0.4
77246,0.03
77247,0.03
77248,0.45
77249,0.01
77250,0.01
77251,0.02
77252,0.04
77253,0.51
77254,0.0
77255,0.02
77256,0.04
77257,0.02
77258,0.08
77259,0.01
77260,0.0
77261,0.08
77262,0.01
77263,0.0
77264,0.07
77265,0.0
77266,0.0
77267,0.0
77268,0.04
77269,0.12
77270,0.37
77271,0.0
77272,0.0
77273,0.0
77274,0.03
77275,0.1
77276,0.0
77277,0.05
77278,0.0
77279,0.04
77280,0.01
77281,0.13
77282,0.49
77283,0.0
77284,0.01
77285,0.06
77286,0.05
77287,0.01
77288,0.02
77289,0.05
77290,0.2
77291,0.01
77292,0.07
77293,0.31
77294,0.13
77295,0.0
77296,0.0
77297,0.02
77298,0.0
77299,0.0
77300,0.0
77301,0.03
77302,0.04
77303,0.03
77304,0.01
77305,0.04
77306,0.03
77307,0.04
77308,0.02
77309,0.1
77310,0.06
77311,0.01
77312,0.38
77313,0.01
77314,0.07
77315,0.04
77316,0.01
77317,0.45
77318,0.0
77319,0.01
77320,0.23
77321,0.0
77322,0.31
77323,0.05
77324,0.0
77325,0.01
77326,0.03
77327,0.0
77328,0.04
77329,0.0
77330,0.09
77331,0.04
77332,0.0
77333,0.0
77334,0.0
77335,0.02
77336,0.01
77337,0.0
77338,0.02
77339,0.02
77340,0.02
77341,0.0
77342,0.03
77343,0.02
77344,0.02
77345,0.0
77346,0.01
77347,0.12
77348,0.08
77349,0.01
77350,0.04
77351,0.02
77352,0.15
77353,0.0
77354,0.0
77355,0.02
77356,0.01
77357,0.01
77358,0.01
77359,0.0
77360,0.0
77361,0.01
77362,0.0
77363,0.0
77364,0.11
77365,0.04
77366,0.03
77367,0.01
77368,0.0
77369,0.18
77370,0.01
77371,0.01
77372,0.03
77373,0.05
77374,0.02
77375,0.0
77376,0.03
77377,0.12
77378,0.03
77379,0.0
77380,0.0
77381,0.01
77382,0.03
77383,0.01
77384,0.04
77385,0.06
77386,0.02
77387,0.01
77388,0.0
77389,0.1
77390,0.1
77391,0.01
77392,0.11
77393,0.01
77394,0.03
77395,0.01
77396,0.1
77397,0.0
77398,0.0
77399,0.2
77400,0.18
77401,0.01
77402,0.02
77403,0.0
77404,0.01
77405,0.13
77406,0.04
77407,0.04
77408,0.01
77409,0.02
77410,0.06
77411,0.0
77412,0.0
77413,0.04
77414,0.0
77415,0.4
77416,0.01
77417,0.03
77418,0.0
77419,0.0
77420,0.01
77421,0.17
77422,0.01
77423,0.0
77424,0.11
77425,0.0
77426,0.02
77427,0.36
77428,0.04
77429,0.01
77430,0.02
77431,0.01
77432,0.01
77433,0.0
77434,0.0
77435,0.01
77436,0.03
77437,0.0
77438,0.13
77439,0.0
77440,0.0
77441,0.0
77442,0.09
77443,0.42
77444,0.37
77445,0.03
77446,0.02
77447,0.0
77448,0.41
77449,0.13
77450,0.03
77451,0.06
77452,0.0
77453,0.0
77454,0.03
77455,0.02
77456,0.12
77457,0.05
77458,0.04
77459,0.03
77460,0.58
77461,0.0
77462,0.24
77463,0.02
77464,0.05
77465,0.0
77466,0.29
77467,0.03
77468,0.12
77469,0.18
77470,0.07
77471,0.11
77472,0.05
77473,0.42
77474,0.0
77475,0.02
77476,0.03
77477,0.04
77478,0.57
77479,0.14
77480,0.02
77481,0.07
77482,0.01
77483,0.07
77484,0.57
77485,0.0
77486,0.07
77487,0.01
77488,0.48
77489,0.04
77490,0.0
77491,0.01
77492,0.05
77493,0.2
77494,0.11
77495,0.15
77496,0.0
77497,0.0
77498,0.0
77499,0.13
77500,0.07
77501,0.02
77502,0.0
77503,0.07
77504,0.0
77505,0.19
77506,0.02
77507,0.04
77508,0.05
77509,0.09
77510,0.31
77511,0.03
77512,0.01
77513,0.01
77514,0.0
77515,0.0
77516,0.02
77517,0.01
77518,0.03
77519,0.09
77520,0.01
77521,0.17
77522,0.17
77523,0.05
77524,0.03
77525,0.06
77526,0.0
77527,0.1
77528,0.15
77529,0.07
77530,0.01
77531,0.1
77532,0.25
77533,0.0
77534,0.03
77535,0.0
77536,0.01
77537,0.0
77538,0.12
77539,0.19
77540,0.17
77541,0.0
77542,0.18
77543,0.15
77544,0.01
77545,0.01
77546,0.05
77547,0.01
77548,0.19
77549,0.0
77550,0.08
77551,0.46
77552,0.0
77553,0.0
77554,0.32
77555,0.01
77556,0.17
77557,0.0
77558,0.0
77559,0.01
77560,0.01
77561,0.0
77562,0.73
77563,0.0
77564,0.01
77565,0.01
77566,0.0
77567,0.0
77568,0.03
77569,0.0
77570,0.0
77571,0.67
77572,0.05
77573,0.0
77574,0.15
77575,0.16
77576,0.17
77577,0.01
77578,0.0
77579,0.06
77580,0.0
77581,0.0
77582,0.0
77583,0.06
77584,0.04
77585,0.12
77586,0.04
77587,0.09
77588,0.05
77589,0.24
77590,0.15
77591,0.1
77592,0.0
77593,0.0
77594,0.41
77595,0.13
77596,0.01
77597,0.04
77598,0.03
77599,0.0
77600,0.0
77601,0.01
77602,0.03
77603,0.38
77604,0.0
77605,0.0
77606,0.0
77607,0.02
77608,0.29
77609,0.05
77610,0.14
77611,0.03
77612,0.02
77613,0.11
77614,0.0
77615,0.01
77616,0.07
77617,0.0
77618,0.01
77619,0.02
77620,0.0
77621,0.0
77622,0.01
77623,0.01
77624,0.0
77625,0.02
77626,0.0
77627,0.0
77628,0.02
77629,0.03
77630,0.0
77631,0.0
77632,0.0
77633,0.0
77634,0.0
77635,0.0
77636,0.03
77637,0.0
77638,0.01
77639,0.05
77640,0.0
77641,0.06
77642,0.01
77643,0.0
77644,0.01
77645,0.0
77646,0.08
77647,0.01
77648,0.0
77649,0.03
77650,0.01
77651,0.01
77652,0.05
77653,0.02
77654,0.0
77655,0.0
77656,0.4
77657,0.02
77658,0.01
77659,0.04
77660,0.04
77661,0.08
77662,0.28
77663,0.0
77664,0.05
77665,0.11
77666,0.03
77667,0.13
77668,0.04
77669,0.02
77670,0.0
77671,0.02
77672,0.0
77673,0.63
77674,0.01
77675,0.01
77676,0.0
77677,0.06
77678,0.06
77679,0.08
77680,0.02
77681,0.01
77682,0.09
77683,0.01
77684,0.0
77685,0.03
77686,0.0
77687,0.03
77688,0.08
77689,0.01
77690,0.02
77691,0.13
77692,0.04
77693,0.0
77694,0.0
77695,0.04
77696,0.17
77697,0.0
77698,0.0
77699,0.0
77700,0.0
77701,0.04
77702,0.01
77703,0.2
77704,0.05
77705,0.0
77706,0.0
77707,0.0
77708,0.03
77709,0.0
77710,0.21
77711,0.0
77712,0.0
77713,0.04
77714,0.63
77715,0.0
77716,0.37
77717,0.0
77718,0.13
77719,0.27
77720,0.01
77721,0.07
77722,0.42
77723,0.05
77724,0.0
77725,0.01
77726,0.07
77727,0.0
77728,0.01
77729,0.06
77730,0.02
77731,0.26
77732,0.09
77733,0.1
77734,0.0
77735,0.01
77736,0.06
77737,0.0
77738,0.53
77739,0.02
77740,0.0
77741,0.04
77742,0.01
77743,0.1
77744,0.02
77745,0.08
77746,0.0
77747,0.06
77748,0.0
77749,0.41
77750,0.0
77751,0.0
77752,0.0
77753,0.04
77754,0.04
77755,0.41
77756,0.01
77757,0.28
77758,0.0
77759,0.03
77760,0.0
77761,0.05
77762,0.0
77763,0.09
77764,0.0
77765,0.0
77766,0.08
77767,0.0
77768,0.03
77769,0.0
77770,0.47
77771,0.08
77772,0.17
77773,0.05
77774,0.0
77775,0.05
77776,0.05
77777,0.24
77778,0.01
77779,0.01
77780,0.0
77781,0.03
77782,0.01
77783,0.01
77784,0.02
77785,0.02
77786,0.12
77787,0.05
77788,0.01
77789,0.05
77790,0.0
77791,0.01
77792,0.0
77793,0.01
77794,0.08
77795,0.25
77796,0.0
77797,0.01
77798,0.04
77799,0.13
77800,0.0
77801,0.02
77802,0.0
77803,0.08
77804,0.03
77805,0.01
77806,0.06
77807,0.01
77808,0.03
77809,0.12
77810,0.11
77811,0.01
77812,0.02
77813,0.03
77814,0.02
77815,0.03
77816,0.07
77817,0.01
77818,0.19
77819,0.04
77820,0.02
77821,0.06
77822,0.16
77823,0.0
77824,0.0
77825,0.01
77826,0.01
77827,0.0
77828,0.0
77829,0.09
77830,0.07
77831,0.0
77832,0.03
77833,0.0
77834,0.05
77835,0.01
77836,0.04
77837,0.0
77838,0.24
77839,0.05
77840,0.01
77841,0.01
77842,0.02
77843,0.0
77844,0.04
77845,0.0
77846,0.24
77847,0.01
77848,0.03
77849,0.57
77850,0.07
77851,0.0
77852,0.02
77853,0.02
77854,0.0
77855,0.03
77856,0.06
77857,0.04
77858,0.01
77859,0.0
77860,0.04
77861,0.0
77862,0.0
77863,0.0
77864,0.0
77865,0.0
77866,0.21
77867,0.06
77868,0.0
77869,0.12
77870,0.05
77871,0.0
77872,0.02
77873,0.02
77874,0.0
77875,0.02
77876,0.0
77877,0.03
77878,0.0
77879,0.04
77880,0.06
77881,0.04
77882,0.0
77883,0.02
77884,0.0
77885,0.07
77886,0.09
77887,0.02
77888,0.0
77889,0.29
77890,0.08
77891,0.02
77892,0.27
77893,0.0
77894,0.01
77895,0.0
77896,0.17
77897,0.03
77898,0.03
77899,0.05
77900,0.0
77901,0.07
77902,0.03
77903,0.01
77904,0.0
77905,0.09
77906,0.05
77907,0.03
77908,0.12
77909,0.09
77910,0.12
77911,0.02
77912,0.0
77913,0.27
77914,0.01
77915,0.0
77916,0.02
77917,0.15
77918,0.01
77919,0.01
77920,0.01
77921,0.05
77922,0.06
77923,0.08
77924,0.0
77925,0.02
77926,0.0
77927,0.0
77928,0.06
77929,0.12
77930,0.0
77931,0.26
77932,0.27
77933,0.0
77934,0.02
77935,0.01
77936,0.07
77937,0.3
77938,0.21
77939,0.02
77940,0.0
77941,0.08
77942,0.09
77943,0.0
77944,0.01
77945,0.0
77946,0.24
77947,0.01
77948,0.0
77949,0.0
77950,0.0
77951,0.14
77952,0.0
77953,0.02
77954,0.0
77955,0.67
77956,0.0
77957,0.15
77958,0.01
77959,0.4
77960,0.01
77961,0.0
77962,0.03
77963,0.0
77964,0.03
77965,0.0
77966,0.02
77967,0.05
77968,0.06
77969,0.0
77970,0.3
77971,0.0
77972,0.26
77973,0.3
77974,0.13
77975,0.0
77976,0.04
77977,0.01
77978,0.01
77979,0.02
77980,0.18
77981,0.09
77982,0.0
77983,0.0
77984,0.53
77985,0.22
77986,0.0
77987,0.06
77988,0.02
77989,0.0
77990,0.16
77991,0.11
77992,0.0
77993,0.02
77994,0.01
77995,0.0
77996,0.07
77997,0.01
77998,0.02
77999,0.03
78000,0.09
78001,0.05
78002,0.09
78003,0.03
78004,0.11
78005,0.02
78006,0.01
78007,0.13
78008,0.08
78009,0.0
78010,0.01
78011,0.03
78012,0.14
78013,0.02
78014,0.02
78015,0.01
78016,0.0
78017,0.0
78018,0.03
78019,0.0
78020,0.02
78021,0.18
78022,0.41
78023,0.02
78024,0.01
78025,0.06
78026,0.0
78027,0.04
78028,0.05
78029,0.12
78030,0.0
78031,0.0
78032,0.0
78033,0.02
78034,0.01
78035,0.02
78036,0.05
78037,0.29
78038,0.12
78039,0.01
78040,0.24
78041,0.05
78042,0.29
78043,0.01
78044,0.0
78045,0.03
78046,0.27
78047,0.12
78048,0.01
78049,0.02
78050,0.0
78051,0.06
78052,0.07
78053,0.05
78054,0.0
78055,0.1
78056,0.0
78057,0.01
78058,0.02
78059,0.0
78060,0.23
78061,0.22
78062,0.01
78063,0.0
78064,0.0
78065,0.0
78066,0.0
78067,0.19
78068,0.03
78069,0.52
78070,0.04
78071,0.1
78072,0.0
78073,0.0
78074,0.0
78075,0.01
78076,0.0
78077,0.0
78078,0.03
78079,0.29
78080,0.0
78081,0.03
78082,0.0
78083,0.61
78084,0.05
78085,0.08
78086,0.03
78087,0.08
78088,0.01
78089,0.5
78090,0.52
78091,0.01
78092,0.0
78093,0.03
78094,0.02
78095,0.03
78096,0.28
78097,0.06
78098,0.02
78099,0.05
78100,0.14
78101,0.0
78102,0.1
78103,0.01
78104,0.05
78105,0.03
78106,0.01
78107,0.1
78108,0.0
78109,0.01
78110,0.0
78111,0.04
78112,0.09
78113,0.21
78114,0.0
78115,0.08
78116,0.03
78117,0.0
78118,0.05
78119,0.0
78120,0.13
78121,0.0
78122,0.0
78123,0.01
78124,0.1
78125,0.04
78126,0.0
78127,0.27
78128,0.03
78129,0.02
78130,0.07
78131,0.0
78132,0.07
78133,0.04
78134,0.0
78135,0.0
78136,0.02
78137,0.0
78138,0.01
78139,0.01
78140,0.02
78141,0.0
78142,0.01
78143,0.04
78144,0.03
78145,0.04
78146,0.02
78147,0.0
78148,0.15
78149,0.06
78150,0.04
78151,0.2
78152,0.07
78153,0.0
78154,0.13
78155,0.06
78156,0.0
78157,0.0
78158,0.0
78159,0.09
78160,0.0
78161,0.0
78162,0.13
78163,0.02
78164,0.07
78165,0.05
78166,0.0
78167,0.54
78168,0.01
78169,0.02
78170,0.44
78171,0.08
78172,0.02
78173,0.06
78174,0.01
78175,0.1
78176,0.01
78177,0.39
78178,0.01
78179,0.02
78180,0.12
78181,0.39
78182,0.01
78183,0.01
78184,0.01
78185,0.05
78186,0.08
78187,0.02
78188,0.2
78189,0.0
78190,0.28
78191,0.14
78192,0.0
78193,0.03
78194,0.17
78195,0.0
78196,0.01
78197,0.11
78198,0.0
78199,0.08
78200,0.49
78201,0.0
78202,0.02
78203,0.2
78204,0.01
78205,0.02
78206,0.3
78207,0.0
78208,0.01
78209,0.07
78210,0.0
78211,0.01
78212,0.02
78213,0.0
78214,0.01
78215,0.03
78216,0.0
78217,0.0
78218,0.03
78219,0.0
78220,0.01
78221,0.01
78222,0.04
78223,0.0
78224,0.02
78225,0.42
78226,0.04
78227,0.0
78228,0.02
78229,0.18
78230,0.02
78231,0.01
78232,0.19
78233,0.34
78234,0.0
78235,0.42
78236,0.03
78237,0.01
78238,0.06
78239,0.03
78240,0.12
78241,0.16
78242,0.0
78243,0.0
78244,0.3
78245,0.0
78246,0.02
78247,0.0
78248,0.0
78249,0.0
78250,0.0
78251,0.0
78252,0.06
78253,0.03
78254,0.02
78255,0.33
78256,0.01
78257,0.15
78258,0.14
78259,0.0
78260,0.02
78261,0.03
78262,0.02
78263,0.1
78264,0.01
78265,0.13
78266,0.01
78267,0.02
78268,0.03
78269,0.0
78270,0.02
78271,0.16
78272,0.0
78273,0.04
78274,0.51
78275,0.14
78276,0.05
78277,0.03
78278,0.0
78279,0.09
78280,0.12
78281,0.05
78282,0.0
78283,0.01
78284,0.04
78285,0.07
78286,0.01
78287,0.02
78288,0.01
78289,0.0
78290,0.0
78291,0.01
78292,0.0
78293,0.01
78294,0.02
78295,0.02
78296,0.03
78297,0.0
78298,0.1
78299,0.0
78300,0.0
78301,0.05
78302,0.04
78303,0.01
78304,0.03
78305,0.05
78306,0.14
78307,0.03
78308,0.03
78309,0.0
78310,0.0
78311,0.12
78312,0.01
78313,0.02
78314,0.06
78315,0.13
78316,0.0
78317,0.06
78318,0.0
78319,0.17
78320,0.0
78321,0.0
78322,0.0
78323,0.01
78324,0.02
78325,0.11
78326,0.02
78327,0.0
78328,0.0
78329,0.08
78330,0.01
78331,0.0
78332,0.34
78333,0.02
78334,0.0
78335,0.27
78336,0.0
78337,0.0
78338,0.01
78339,0.01
78340,0.36
78341,0.04
78342,0.01
78343,0.17
78344,0.04
78345,0.13
78346,0.19
78347,0.0
78348,0.0
78349,0.06
78350,0.04
78351,0.01
78352,0.01
78353,0.06
78354,0.01
78355,0.07
78356,0.22
78357,0.07
78358,0.06
78359,0.02
78360,0.02
78361,0.01
78362,0.0
78363,0.34
78364,0.0
78365,0.0
78366,0.06
78367,0.06
78368,0.26
78369,0.09
78370,0.01
78371,0.0
78372,0.01
78373,0.11
78374,0.0
78375,0.01
78376,0.02
78377,0.03
78378,0.02
78379,0.0
78380,0.09
78381,0.01
78382,0.04
78383,0.19
78384,0.03
78385,0.01
78386,0.02
78387,0.07
78388,0.0
78389,0.0
78390,0.06
78391,0.23
78392,0.05
78393,0.28
78394,0.08
78395,0.13
78396,0.0
78397,0.02
78398,0.04
78399,0.01
78400,0.22
78401,0.32
78402,0.0
78403,0.33
78404,0.0
78405,0.0
78406,0.0
78407,0.0
78408,0.25
78409,0.0
78410,0.04
78411,0.0
78412,0.19
78413,0.06
78414,0.01
78415,0.47
78416,0.0
78417,0.01
78418,0.19
78419,0.05
78420,0.0
78421,0.0
78422,0.24
78423,0.16
78424,0.02
78425,0.19
78426,0.02
78427,0.05
78428,0.02
78429,0.03
78430,0.07
78431,0.05
78432,0.0
78433,0.09
78434,0.0
78435,0.01
78436,0.0
78437,0.11
78438,0.0
78439,0.06
78440,0.01
78441,0.0
78442,0.05
78443,0.01
78444,0.46
78445,0.24
78446,0.05
78447,0.05
78448,0.0
78449,0.09
78450,0.01
78451,0.2
78452,0.3
78453,0.06
78454,0.01
78455,0.12
78456,0.03
78457,0.01
78458,0.51
78459,0.02
78460,0.0
78461,0.01
78462,0.03
78463,0.09
78464,0.42
78465,0.05
78466,0.66
78467,0.22
78468,0.11
78469,0.36
78470,0.02
78471,0.04
78472,0.01
78473,0.07
78474,0.24
78475,0.03
78476,0.01
78477,0.0
78478,0.4
78479,0.0
78480,0.01
78481,0.06
78482,0.0
78483,0.01
78484,0.02
78485,0.0
78486,0.0
78487,0.01
78488,0.03
78489,0.0
78490,0.0
78491,0.06
78492,0.0
78493,0.26
78494,0.12
78495,0.02
78496,0.0
78497,0.07
78498,0.06
78499,0.0
78500,0.01
78501,0.02
78502,0.0
78503,0.01
78504,0.02
78505,0.04
78506,0.0
78507,0.0
78508,0.08
78509,0.0
78510,0.11
78511,0.04
78512,0.0
78513,0.0
78514,0.02
78515,0.36
78516,0.18
78517,0.37
78518,0.0
78519,0.03
78520,0.03
78521,0.01
78522,0.35
78523,0.02
78524,0.0
78525,0.01
78526,0.13
78527,0.0
78528,0.01
78529,0.01
78530,0.0
78531,0.03
78532,0.0
78533,0.22
78534,0.01
78535,0.2
78536,0.25
78537,0.09
78538,0.02
78539,0.0
78540,0.06
78541,0.01
78542,0.01
78543,0.04
78544,0.01
78545,0.01
78546,0.01
78547,0.05
78548,0.08
78549,0.09
78550,0.3
78551,0.02
78552,0.01
78553,0.0
78554,0.01
78555,0.01
78556,0.01
78557,0.0
78558,0.07
78559,0.0
78560,0.01
78561,0.77
78562,0.01
78563,0.08
78564,0.1
78565,0.09
78566,0.08
78567,0.0
78568,0.05
78569,0.03
78570,0.04
78571,0.02
78572,0.09
78573,0.05
78574,0.58
78575,0.01
78576,0.71
78577,0.01
78578,0.07
78579,0.21
78580,0.3
78581,0.01
78582,0.0
78583,0.0
78584,0.59
78585,0.06
78586,0.22
78587,0.01
78588,0.03
78589,0.01
78590,0.24
78591,0.0
78592,0.0
78593,0.0
78594,0.0
78595,0.0
78596,0.02
78597,0.02
78598,0.0
78599,0.03
78600,0.02
78601,0.0
78602,0.13
78603,0.29
78604,0.0
78605,0.08
78606,0.09
78607,0.01
78608,0.18
78609,0.0
78610,0.01
78611,0.0
78612,0.0
78613,0.0
78614,0.2
78615,0.0
78616,0.12
78617,0.0
78618,0.25
78619,0.0
78620,0.01
78621,0.0
78622,0.03
78623,0.05
78624,0.01
78625,0.0
78626,0.06
78627,0.35
78628,0.01
78629,0.09
78630,0.0
78631,0.0
78632,0.0
78633,0.06
78634,0.02
78635,0.02
78636,0.05
78637,0.43
78638,0.21
78639,0.0
78640,0.07
78641,0.16
78642,0.03
78643,0.04
78644,0.31
78645,0.08
78646,0.27
78647,0.31
78648,0.16
78649,0.37
78650,0.07
78651,0.06
78652,0.2
78653,0.05
78654,0.01
78655,0.02
78656,0.02
78657,0.13
78658,0.28
78659,0.22
78660,0.0
78661,0.21
78662,0.01
78663,0.0
78664,0.65
78665,0.28
78666,0.0
78667,0.01
78668,0.05
78669,0.17
78670,0.01
78671,0.0
78672,0.04
78673,0.06
78674,0.0
78675,0.04
78676,0.1
78677,0.14
78678,0.01
78679,0.1
78680,0.09
78681,0.01
78682,0.01
78683,0.01
78684,0.01
78685,0.01
78686,0.04
78687,0.0
78688,0.45
78689,0.0
78690,0.11
78691,0.11
78692,0.37
78693,0.0
78694,0.08
78695,0.0
78696,0.04
78697,0.01
78698,0.01
78699,0.0
78700,0.02
78701,0.36
78702,0.11
78703,0.0
78704,0.06
78705,0.02
78706,0.0
78707,0.18
78708,0.01
78709,0.01
78710,0.0
78711,0.01
78712,0.01
78713,0.06
78714,0.0
78715,0.01
78716,0.02
78717,0.0
78718,0.0
78719,0.05
78720,0.06
78721,0.04
78722,0.0
78723,0.01
78724,0.01
78725,0.0
78726,0.0
78727,0.03
78728,0.0
78729,0.0
78730,0.02
78731,0.21
78732,0.0
78733,0.02
78734,0.0
78735,0.01
78736,0.02
78737,0.09
78738,0.03
78739,0.0
78740,0.08
78741,0.0
78742,0.07
78743,0.0
78744,0.0
78745,0.01
78746,0.02
78747,0.0
78748,0.0
78749,0.05
78750,0.45
78751,0.08
78752,0.03
78753,0.0
78754,0.18
78755,0.03
78756,0.42
78757,0.32
78758,0.0
78759,0.0
78760,0.05
78761,0.01
78762,0.07
78763,0.07
78764,0.01
78765,0.0
78766,0.06
78767,0.0
78768,0.01
78769,0.26
78770,0.05
78771,0.07
78772,0.22
78773,0.0
78774,0.1
78775,0.04
78776,0.07
78777,0.03
78778,0.02
78779,0.0
78780,0.0
78781,0.0
78782,0.0
78783,0.04
78784,0.01
78785,0.52
78786,0.04
78787,0.0
78788,0.07
78789,0.03
78790,0.04
78791,0.24
78792,0.0
78793,0.03
78794,0.04
78795,0.0
78796,0.04
78797,0.21
78798,0.07
78799,0.01
78800,0.01
78801,0.0
78802,0.0
78803,0.0
78804,0.03
78805,0.11
78806,0.01
78807,0.01
78808,0.39
78809,0.0
78810,0.14
78811,0.01
78812,0.31
78813,0.02
78814,0.01
78815,0.02
78816,0.0
78817,0.01
78818,0.0
78819,0.07
78820,0.05
78821,0.0
78822,0.69
78823,0.0
78824,0.05
78825,0.02
78826,0.03
78827,0.19
78828,0.0
78829,0.04
78830,0.23
78831,0.0
78832,0.0
78833,0.31
78834,0.47
78835,0.03
78836,0.05
78837,0.05
78838,0.1
78839,0.09
78840,0.01
78841,0.06
78842,0.05
78843,0.05
78844,0.63
78845,0.0
78846,0.02
78847,0.0
78848,0.04
78849,0.0
78850,0.0
78851,0.0
78852,0.02
78853,0.03
78854,0.0
78855,0.14
78856,0.0
78857,0.2
78858,0.13
78859,0.12
78860,0.01
78861,0.04
78862,0.01
78863,0.03
78864,0.06
78865,0.07
78866,0.1
78867,0.18
78868,0.45
78869,0.0
78870,0.04
78871,0.42
78872,0.03
78873,0.04
78874,0.04
78875,0.0
78876,0.03
78877,0.01
78878,0.0
78879,0.12
78880,0.03
78881,0.0
78882,0.07
78883,0.11
78884,0.02
78885,0.05
78886,0.07
78887,0.01
78888,0.01
78889,0.03
78890,0.19
78891,0.06
78892,0.0
78893,0.04
78894,0.0
78895,0.08
78896,0.0
78897,0.01
78898,0.05
78899,0.05
78900,0.1
78901,0.06
78902,0.0
78903,0.12
78904,0.01
78905,0.02
78906,0.04
78907,0.01
78908,0.05
78909,0.02
78910,0.04
78911,0.0
78912,0.05
78913,0.03
78914,0.0
78915,0.01
78916,0.05
78917,0.03
78918,0.0
78919,0.0
78920,0.0
78921,0.0
78922,0.0
78923,0.22
78924,0.0
78925,0.03
78926,0.14
78927,0.0
78928,0.17
78929,0.0
78930,0.0
78931,0.01
78932,0.1
78933,0.0
78934,0.26
78935,0.0
78936,0.0
78937,0.0
78938,0.17
78939,0.0
78940,0.02
78941,0.03
78942,0.13
78943,0.13
78944,0.08
78945,0.04
78946,0.0
78947,0.02
78948,0.01
78949,0.11
78950,0.0
78951,0.01
78952,0.0
78953,0.01
78954,0.11
78955,0.24
78956,0.0
78957,0.1
78958,0.28
78959,0.0
78960,0.04
78961,0.06
78962,0.04
78963,0.38
78964,0.51
78965,0.28
78966,0.1
78967,0.01
78968,0.07
78969,0.03
78970,0.01
78971,0.03
78972,0.06
78973,0.0
78974,0.02
78975,0.0
78976,0.12
78977,0.07
78978,0.0
78979,0.01
78980,0.03
78981,0.04
78982,0.01
78983,0.04
78984,0.04
78985,0.01
78986,0.0
78987,0.0
78988,0.04
78989,0.06
78990,0.29
78991,0.0
78992,0.05
78993,0.32
78994,0.0
78995,0.52
78996,0.01
78997,0.0
78998,0.03
78999,0.0
79000,0.08
79001,0.03
79002,0.01
79003,0.09
79004,0.18
79005,0.01
79006,0.0
79007,0.04
79008,0.01
79009,0.0
79010,0.01
79011,0.01
79012,0.16
79013,0.17
79014,0.01
79015,0.19
79016,0.0
79017,0.05
79018,0.0
79019,0.0
79020,0.0
79021,0.15
79022,0.03
79023,0.04
79024,0.17
79025,0.01
79026,0.02
79027,0.0
79028,0.08
79029,0.0
79030,0.01
79031,0.0
79032,0.03
79033,0.27
79034,0.02
79035,0.0
79036,0.04
79037,0.02
79038,0.15
79039,0.1
79040,0.01
79041,0.01
79042,0.02
79043,0.07
79044,0.01
79045,0.06
79046,0.0
79047,0.02
79048,0.04
79049,0.01
79050,0.0
79051,0.0
79052,0.29
79053,0.58
79054,0.04
79055,0.05
79056,0.0
79057,0.02
79058,0.0
79059,0.04
79060,0.0
79061,0.0
79062,0.01
79063,0.0
79064,0.01
79065,0.03
79066,0.02
79067,0.0
79068,0.0
79069,0.14
79070,0.01
79071,0.07
79072,0.0
79073,0.0
79074,0.0
79075,0.01
79076,0.0
79077,0.0
79078,0.01
79079,0.13
79080,0.15
79081,0.0
79082,0.05
79083,0.02
79084,0.44
79085,0.01
79086,0.0
79087,0.0
79088,0.11
79089,0.23
79090,0.1
79091,0.77
79092,0.2
79093,0.01
79094,0.0
79095,0.05
79096,0.03
79097,0.0
79098,0.01
79099,0.03
79100,0.03
79101,0.02
79102,0.0
79103,0.0
79104,0.14
79105,0.22
79106,0.07
79107,0.04
79108,0.0
79109,0.01
79110,0.0
79111,0.01
79112,0.04
79113,0.04
79114,0.02
79115,0.0
79116,0.01
79117,0.0
79118,0.0
79119,0.05
79120,0.01
79121,0.0
79122,0.19
79123,0.06
79124,0.17
79125,0.0
79126,0.0
79127,0.03
79128,0.0
79129,0.0
79130,0.01
79131,0.01
79132,0.03
79133,0.06
79134,0.12
79135,0.0
79136,0.2
79137,0.0
79138,0.25
79139,0.14
79140,0.26
79141,0.01
79142,0.01
79143,0.51
79144,0.0
79145,0.0
79146,0.07
79147,0.0
79148,0.0
79149,0.0
79150,0.01
79151,0.02
79152,0.0
79153,0.05
79154,0.03
79155,0.0
79156,0.06
79157,0.01
79158,0.16
79159,0.03
79160,0.12
79161,0.0
79162,0.02
79163,0.0
79164,0.0
79165,0.19
79166,0.07
79167,0.09
79168,0.08
79169,0.06
79170,0.07
79171,0.01
79172,0.0
79173,0.4
79174,0.11
79175,0.1
79176,0.01
79177,0.02
79178,0.02
79179,0.02
79180,0.0
79181,0.13
79182,0.07
79183,0.01
79184,0.0
79185,0.03
79186,0.0
79187,0.09
79188,0.25
79189,0.01
79190,0.0
79191,0.27
79192,0.17
79193,0.17
79194,0.07
79195,0.05
79196,0.22
79197,0.02
79198,0.02
79199,0.02
79200,0.06
79201,0.04
79202,0.03
79203,0.04
79204,0.04
79205,0.02
79206,0.01
79207,0.22
79208,0.01
79209,0.31
79210,0.12
79211,0.01
79212,0.0
79213,0.02
79214,0.0
79215,0.0
79216,0.2
79217,0.02
79218,0.06
79219,0.0
79220,0.04
79221,0.0
79222,0.09
79223,0.53
79224,0.06
79225,0.26
79226,0.03
79227,0.08
79228,0.13
79229,0.06
79230,0.1
79231,0.01
79232,0.0
79233,0.01
79234,0.0
79235,0.04
79236,0.82
79237,0.01
79238,0.0
79239,0.0
79240,0.01
79241,0.0
79242,0.04
79243,0.02
79244,0.0
79245,0.01
79246,0.0
79247,0.09
79248,0.04
79249,0.04
79250,0.02
79251,0.0
79252,0.01
79253,0.18
79254,0.0
79255,0.03
79256,0.16
79257,0.09
79258,0.01
79259,0.47
79260,0.02
79261,0.12
79262,0.03
79263,0.16
79264,0.1
79265,0.02
79266,0.01
79267,0.02
79268,0.04
79269,0.0
79270,0.0
79271,0.25
79272,0.05
79273,0.06
79274,0.02
79275,0.02
79276,0.0
79277,0.03
79278,0.0
79279,0.0
79280,0.05
79281,0.05
79282,0.02
79283,0.02
79284,0.0
79285,0.03
79286,0.01
79287,0.0
79288,0.18
79289,0.04
79290,0.17
79291,0.01
79292,0.0
79293,0.06
79294,0.18
79295,0.0
79296,0.0
79297,0.02
79298,0.0
79299,0.04
79300,0.01
79301,0.01
79302,0.0
79303,0.01
79304,0.0
79305,0.05
79306,0.0
79307,0.05
79308,0.0
79309,0.18
79310,0.0
79311,0.22
79312,0.0
79313,0.07
79314,0.0
79315,0.0
79316,0.0
79317,0.01
79318,0.01
79319,0.09
79320,0.01
79321,0.06
79322,0.06
79323,0.07
79324,0.03
79325,0.01
79326,0.03
79327,0.0
79328,0.0
79329,0.08
79330,0.01
79331,0.49
79332,0.05
79333,0.0
79334,0.0
79335,0.06
79336,0.04
79337,0.07
79338,0.11
79339,0.01
79340,0.0
79341,0.34
79342,0.03
79343,0.03
79344,0.0
79345,0.0
79346,0.06
79347,0.22
79348,0.17
79349,0.14
79350,0.0
79351,0.01
79352,0.05
79353,0.0
79354,0.03
79355,0.0
79356,0.01
79357,0.01
79358,0.14
79359,0.0
79360,0.11
79361,0.2
79362,0.07
79363,0.0
79364,0.0
79365,0.06
79366,0.12
79367,0.66
79368,0.05
79369,0.34
79370,0.03
79371,0.32
79372,0.01
79373,0.02
79374,0.14
79375,0.05
79376,0.0
79377,0.08
79378,0.0
79379,0.02
79380,0.01
79381,0.02
79382,0.05
79383,0.05
79384,0.0
79385,0.3
79386,0.03
79387,0.05
79388,0.12
79389,0.05
79390,0.02
79391,0.03
79392,0.01
79393,0.26
79394,0.0
79395,0.07
79396,0.09
79397,0.35
79398,0.07
79399,0.02
79400,0.08
79401,0.25
79402,0.01
79403,0.01
79404,0.02
79405,0.08
79406,0.0
79407,0.0
79408,0.0
79409,0.45
79410,0.02
79411,0.01
79412,0.21
79413,0.04
79414,0.0
79415,0.0
79416,0.08
79417,0.05
79418,0.09
79419,0.09
79420,0.01
79421,0.02
79422,0.02
79423,0.54
79424,0.0
79425,0.01
79426,0.34
79427,0.02
79428,0.0
79429,0.02
79430,0.0
79431,0.0
79432,0.01
79433,0.01
79434,0.04
79435,0.02
79436,0.02
79437,0.27
79438,0.02
79439,0.03
79440,0.0
79441,0.0
79442,0.25
79443,0.01
79444,0.0
79445,0.0
79446,0.12
79447,0.0
79448,0.0
79449,0.0
79450,0.0
79451,0.12
79452,0.02
79453,0.5
79454,0.09
79455,0.01
79456,0.01
79457,0.0
79458,0.14
79459,0.01
79460,0.12
79461,0.01
79462,0.04
79463,0.0
79464,0.18
79465,0.22
79466,0.0
79467,0.0
79468,0.0
79469,0.0
79470,0.0
79471,0.13
79472,0.08
79473,0.01
79474,0.45
79475,0.01
79476,0.0
79477,0.01
79478,0.0
79479,0.02
79480,0.01
79481,0.03
79482,0.02
79483,0.02
79484,0.04
79485,0.0
79486,0.0
79487,0.0
79488,0.0
79489,0.01
79490,0.31
79491,0.01
79492,0.31
79493,0.03
79494,0.17
79495,0.05
79496,0.0
79497,0.0
79498,0.01
79499,0.0
79500,0.0
79501,0.05
79502,0.0
79503,0.01
79504,0.05
79505,0.08
79506,0.05
79507,0.01
79508,0.0
79509,0.0
79510,0.0
79511,0.12
79512,0.0
79513,0.01
79514,0.07
79515,0.0
79516,0.03
79517,0.01
79518,0.07
79519,0.06
79520,0.08
79521,0.24
79522,0.12
79523,0.11
79524,0.23
79525,0.07
79526,0.03
79527,0.04
79528,0.0
79529,0.02
79530,0.02
79531,0.01
79532,0.0
79533,0.01
79534,0.25
79535,0.12
79536,0.1
79537,0.12
79538,0.05
79539,0.13
79540,0.0
79541,0.02
79542,0.01
79543,0.0
79544,0.42
79545,0.02
79546,0.01
79547,0.02
79548,0.0
79549,0.01
79550,0.0
79551,0.04
79552,0.01
79553,0.0
79554,0.0
79555,0.05
79556,0.01
79557,0.02
79558,0.01
79559,0.05
79560,0.01
79561,0.0
79562,0.06
79563,0.06
79564,0.03
79565,0.0
79566,0.01
79567,0.0
79568,0.02
79569,0.03
79570,0.06
79571,0.0
79572,0.05
79573,0.22
79574,0.09
79575,0.15
79576,0.12
79577,0.01
79578,0.04
79579,0.0
79580,0.0
79581,0.1
79582,0.02
79583,0.0
79584,0.08
79585,0.02
79586,0.01
79587,0.02
79588,0.01
79589,0.01
79590,0.22
79591,0.15
79592,0.0
79593,0.02
79594,0.0
79595,0.0
79596,0.08
79597,0.04
79598,0.01
79599,0.15
79600,0.07
79601,0.0
79602,0.03
79603,0.0
79604,0.0
79605,0.03
79606,0.01
79607,0.02
79608,0.16
79609,0.01
79610,0.02
79611,0.01
79612,0.0
79613,0.14
79614,0.03
79615,0.4
79616,0.06
79617,0.03
79618,0.01
79619,0.01
79620,0.03
79621,0.0
79622,0.0
79623,0.11
79624,0.0
79625,0.06
79626,0.18
79627,0.02
79628,0.01
79629,0.0
79630,0.0
79631,0.05
79632,0.47
79633,0.01
79634,0.01
79635,0.0
79636,0.01
79637,0.0
79638,0.09
79639,0.1
79640,0.09
79641,0.05
79642,0.0
79643,0.65
79644,0.0
79645,0.21
79646,0.02
79647,0.01
79648,0.04
79649,0.0
79650,0.02
79651,0.06
79652,0.0
79653,0.02
79654,0.06
79655,0.01
79656,0.65
79657,0.1
79658,0.01
79659,0.0
79660,0.3
79661,0.12
79662,0.01
79663,0.07
79664,0.0
79665,0.12
79666,0.01
79667,0.02
79668,0.0
79669,0.02
79670,0.02
79671,0.05
79672,0.21
79673,0.03
79674,0.11
79675,0.04
79676,0.03
79677,0.0
79678,0.07
79679,0.05
79680,0.08
79681,0.09
79682,0.14
79683,0.01
79684,0.04
79685,0.01
79686,0.05
79687,0.0
79688,0.0
79689,0.03
79690,0.11
79691,0.08
79692,0.0
79693,0.03
79694,0.01
79695,0.14
79696,0.03
79697,0.0
79698,0.03
79699,0.0
79700,0.03
79701,0.01
79702,0.02
79703,0.01
79704,0.0
79705,0.0
79706,0.02
79707,0.02
79708,0.01
79709,0.04
79710,0.0
79711,0.0
79712,0.06
79713,0.1
79714,0.0
79715,0.01
79716,0.04
79717,0.0
79718,0.0
79719,0.09
79720,0.0
79721,0.02
79722,0.01
79723,0.01
79724,0.03
79725,0.03
79726,0.06
79727,0.01
79728,0.0
79729,0.05
79730,0.07
79731,0.0
79732,0.36
79733,0.34
79734,0.09
79735,0.49
79736,0.0
79737,0.0
79738,0.02
79739,0.0
79740,0.0
79741,0.3
79742,0.03
79743,0.0
79744,0.06
79745,0.02
79746,0.01
79747,0.05
79748,0.04
79749,0.0
79750,0.0
79751,0.02
79752,0.02
79753,0.0
79754,0.19
79755,0.11
79756,0.01
79757,0.06
79758,0.02
79759,0.01
79760,0.01
79761,0.03
79762,0.3
79763,0.01
79764,0.31
79765,0.0
79766,0.03
79767,0.09
79768,0.05
79769,0.01
79770,0.02
79771,0.1
79772,0.0
79773,0.15
79774,0.02
79775,0.02
79776,0.01
79777,0.0
79778,0.03
79779,0.16
79780,0.01
79781,0.07
79782,0.03
79783,0.08
79784,0.06
79785,0.13
79786,0.0
79787,0.08
79788,0.69
79789,0.01
79790,0.08
79791,0.1
79792,0.04
79793,0.01
79794,0.56
79795,0.0
79796,0.01
79797,0.0
79798,0.0
79799,0.17
79800,0.0
79801,0.0
79802,0.0
79803,0.02
79804,0.0
79805,0.0
79806,0.02
79807,0.07
79808,0.03
79809,0.04
79810,0.02
79811,0.01
79812,0.05
79813,0.07
79814,0.01
79815,0.0
79816,0.08
79817,0.0
79818,0.17
79819,0.0
79820,0.01
79821,0.01
79822,0.01
79823,0.0
79824,0.01
79825,0.0
79826,0.0
79827,0.01
79828,0.07
79829,0.0
79830,0.02
79831,0.13
79832,0.0
79833,0.0
79834,0.01
79835,0.22
79836,0.01
79837,0.0
79838,0.38
79839,0.0
79840,0.02
79841,0.09
79842,0.0
79843,0.01
79844,0.02
79845,0.2
79846,0.0
79847,0.49
79848,0.0
79849,0.06
79850,0.05
79851,0.0
79852,0.01
79853,0.01
79854,0.01
79855,0.0
79856,0.03
79857,0.36
79858,0.02
79859,0.0
79860,0.0
79861,0.0
79862,0.03
79863,0.11
79864,0.11
79865,0.18
79866,0.04
79867,0.0
79868,0.2
79869,0.07
79870,0.01
79871,0.0
79872,0.04
79873,0.01
79874,0.03
79875,0.06
79876,0.02
79877,0.02
79878,0.41
79879,0.04
79880,0.01
79881,0.1
79882,0.14
79883,0.28
79884,0.06
79885,0.01
79886,0.0
79887,0.04
79888,0.03
79889,0.02
79890,0.05
79891,0.32
79892,0.0
79893,0.01
79894,0.02
79895,0.06
79896,0.04
79897,0.06
79898,0.09
79899,0.23
79900,0.01
79901,0.01
79902,0.32
79903,0.0
79904,0.06
79905,0.1
79906,0.0
79907,0.03
79908,0.13
79909,0.0
79910,0.0
79911,0.11
79912,0.09
79913,0.08
79914,0.1
79915,0.21
79916,0.08
79917,0.0
79918,0.32
79919,0.02
79920,0.07
79921,0.01
79922,0.23
79923,0.02
79924,0.0
79925,0.15
79926,0.0
79927,0.02
79928,0.0
79929,0.02
79930,0.04
79931,0.05
79932,0.0
79933,0.0
79934,0.0
79935,0.01
79936,0.04
79937,0.46
79938,0.02
79939,0.04
79940,0.01
79941,0.0
79942,0.51
79943,0.0
79944,0.61
79945,0.0
79946,0.07
79947,0.09
79948,0.49
79949,0.15
79950,0.02
79951,0.34
79952,0.0
79953,0.04
79954,0.06
79955,0.01
79956,0.09
79957,0.23
79958,0.0
79959,0.0
79960,0.0
79961,0.02
79962,0.0
79963,0.01
79964,0.04
79965,0.18
79966,0.0
79967,0.21
79968,0.06
79969,0.03
79970,0.05
79971,0.0
79972,0.0
79973,0.01
79974,0.01
79975,0.0
79976,0.1
79977,0.0
79978,0.0
79979,0.0
79980,0.02
79981,0.01
79982,0.07
79983,0.0
79984,0.0
79985,0.01
79986,0.05
79987,0.01
79988,0.06
79989,0.0
79990,0.06
79991,0.01
79992,0.03
79993,0.25
79994,0.01
79995,0.42
79996,0.0
79997,0.02
79998,0.0
79999,0.0
80000,0.08
80001,0.02
80002,0.08
80003,0.08
80004,0.01
80005,0.02
80006,0.0
80007,0.0
80008,0.5
80009,0.06
80010,0.01
80011,0.04
80012,0.0
80013,0.04
80014,0.03
80015,0.04
80016,0.01
80017,0.01
80018,0.0
80019,0.01
80020,0.03
80021,0.03
80022,0.09
80023,0.0
80024,0.01
80025,0.0
80026,0.06
80027,0.0
80028,0.0
80029,0.19
80030,0.17
80031,0.08
80032,0.01
80033,0.01
80034,0.01
80035,0.08
80036,0.0
80037,0.03
80038,0.16
80039,0.45
80040,0.03
80041,0.03
80042,0.22
80043,0.02
80044,0.0
80045,0.0
80046,0.0
80047,0.07
80048,0.01
80049,0.06
80050,0.12
80051,0.03
80052,0.46
80053,0.01
80054,0.53
80055,0.14
80056,0.14
80057,0.04
80058,0.01
80059,0.03
80060,0.21
80061,0.22
80062,0.01
80063,0.19
80064,0.0
80065,0.07
80066,0.0
80067,0.01
80068,0.03
80069,0.0
80070,0.15
80071,0.01
80072,0.0
80073,0.16
80074,0.0
80075,0.37
80076,0.01
80077,0.05
80078,0.0
80079,0.01
80080,0.0
80081,0.28
80082,0.08
80083,0.02
80084,0.18
80085,0.07
80086,0.05
80087,0.08
80088,0.0
80089,0.1
80090,0.01
80091,0.04
80092,0.0
80093,0.0
80094,0.0
80095,0.19
80096,0.05
80097,0.01
80098,0.0
80099,0.01
80100,0.02
80101,0.06
80102,0.01
80103,0.02
80104,0.13
80105,0.33
80106,0.53
80107,0.07
80108,0.0
80109,0.01
80110,0.43
80111,0.01
80112,0.09
80113,0.06
80114,0.0
80115,0.03
80116,0.09
80117,0.07
80118,0.4
80119,0.01
80120,0.06
80121,0.06
80122,0.01
80123,0.1
80124,0.09
80125,0.03
80126,0.0
80127,0.0
80128,0.16
80129,0.0
80130,0.0
80131,0.17
80132,0.09
80133,0.3
80134,0.04
80135,0.28
80136,0.01
80137,0.0
80138,0.02
80139,0.04
80140,0.0
80141,0.05
80142,0.02
80143,0.02
80144,0.0
80145,0.04
80146,0.03
80147,0.03
80148,0.0
80149,0.16
80150,0.0
80151,0.07
80152,0.01
80153,0.03
80154,0.06
80155,0.03
80156,0.05
80157,0.05
80158,0.07
80159,0.02
80160,0.0
80161,0.2
80162,0.16
80163,0.26
80164,0.0
80165,0.08
80166,0.63
80167,0.12
80168,0.01
80169,0.03
80170,0.03
80171,0.1
80172,0.0
80173,0.02
80174,0.1
80175,0.0
80176,0.07
80177,0.0
80178,0.01
80179,0.0
80180,0.05
80181,0.01
80182,0.01
80183,0.0
80184,0.02
80185,0.05
80186,0.01
80187,0.0
80188,0.0
80189,0.02
80190,0.02
80191,0.0
80192,0.04
80193,0.04
80194,0.07
80195,0.04
80196,0.0
80197,0.01
80198,0.0
80199,0.0
80200,0.16
80201,0.31
80202,0.0
80203,0.0
80204,0.0
80205,0.02
80206,0.0
80207,0.0
80208,0.02
80209,0.02
80210,0.12
80211,0.0
80212,0.0
80213,0.56
80214,0.0
80215,0.29
80216,0.14
80217,0.07
80218,0.09
80219,0.03
80220,0.18
80221,0.06
80222,0.0
80223,0.01
80224,0.05
80225,0.1
80226,0.07
80227,0.0
80228,0.03
80229,0.0
80230,0.0
80231,0.25
80232,0.04
80233,0.17
80234,0.0
80235,0.01
80236,0.01
80237,0.01
80238,0.0
80239,0.07
80240,0.28
80241,0.02
80242,0.07
80243,0.65
80244,0.03
80245,0.0
80246,0.05
80247,0.0
80248,0.03
80249,0.02
80250,0.05
80251,0.05
80252,0.0
80253,0.02
80254,0.0
80255,0.04
80256,0.01
80257,0.01
80258,0.38
80259,0.0
80260,0.0
80261,0.05
80262,0.0
80263,0.08
80264,0.01
80265,0.02
80266,0.0
80267,0.01
80268,0.06
80269,0.01
80270,0.04
80271,0.14
80272,0.13
80273,0.34
80274,0.11
80275,0.53
80276,0.05
80277,0.0
80278,0.01
80279,0.0
80280,0.04
80281,0.03
80282,0.0
80283,0.0
80284,0.01
80285,0.01
80286,0.0
80287,0.02
80288,0.02
80289,0.0
80290,0.02
80291,0.02
80292,0.06
80293,0.03
80294,0.16
80295,0.02
80296,0.04
80297,0.07
80298,0.41
80299,0.07
80300,0.09
80301,0.01
80302,0.02
80303,0.01
80304,0.01
80305,0.01
80306,0.0
80307,0.0
80308,0.18
80309,0.06
80310,0.07
80311,0.02
80312,0.01
80313,0.01
80314,0.41
80315,0.0
80316,0.06
80317,0.02
80318,0.04
80319,0.04
80320,0.1
80321,0.26
80322,0.21
80323,0.01
80324,0.01
80325,0.01
80326,0.04
80327,0.08
80328,0.05
80329,0.0
80330,0.0
80331,0.0
80332,0.0
80333,0.0
80334,0.07
80335,0.03
80336,0.01
80337,0.0
80338,0.0
80339,0.48
80340,0.0
80341,0.18
80342,0.02
80343,0.05
80344,0.0
80345,0.0
80346,0.02
80347,0.76
80348,0.17
80349,0.01
80350,0.01
80351,0.03
80352,0.17
80353,0.03
80354,0.0
80355,0.0
80356,0.0
80357,0.14
80358,0.06
80359,0.13
80360,0.2
80361,0.0
80362,0.03
80363,0.15
80364,0.33
80365,0.07
80366,0.15
80367,0.0
80368,0.02
80369,0.0
80370,0.06
80371,0.03
80372,0.04
80373,0.07
80374,0.0
80375,0.47
80376,0.01
80377,0.09
80378,0.04
80379,0.05
80380,0.0
80381,0.02
80382,0.27
80383,0.09
80384,0.05
80385,0.03
80386,0.04
80387,0.1
80388,0.05
80389,0.02
80390,0.08
80391,0.02
80392,0.09
80393,0.0
80394,0.13
80395,0.45
80396,0.05
80397,0.03
80398,0.21
80399,0.0
80400,0.39
80401,0.03
80402,0.07
80403,0.31
80404,0.18
80405,0.0
80406,0.0
80407,0.01
80408,0.12
80409,0.0
80410,0.02
80411,0.0
80412,0.03
80413,0.01
80414,0.07
80415,0.82
80416,0.03
80417,0.0
80418,0.0
80419,0.04
80420,0.21
80421,0.14
80422,0.02
80423,0.02
80424,0.27
80425,0.07
80426,0.26
80427,0.01
80428,0.07
80429,0.25
80430,0.0
80431,0.04
80432,0.13
80433,0.03
80434,0.05
80435,0.1
80436,0.14
80437,0.02
80438,0.0
80439,0.0
80440,0.17
80441,0.02
80442,0.01
80443,0.19
80444,0.01
80445,0.03
80446,0.04
80447,0.0
80448,0.01
80449,0.02
80450,0.02
80451,0.05
80452,0.01
80453,0.0
80454,0.02
80455,0.0
80456,0.0
80457,0.02
80458,0.44
80459,0.0
80460,0.03
80461,0.0
80462,0.0
80463,0.05
80464,0.11
80465,0.0
80466,0.34
80467,0.02
80468,0.06
80469,0.13
80470,0.19
80471,0.02
80472,0.01
80473,0.0
80474,0.13
80475,0.27
80476,0.0
80477,0.53
80478,0.08
80479,0.34
80480,0.08
80481,0.0
80482,0.0
80483,0.18
80484,0.0
80485,0.01
80486,0.0
80487,0.01
80488,0.0
80489,0.08
80490,0.05
80491,0.0
80492,0.02
80493,0.01
80494,0.03
80495,0.03
80496,0.08
80497,0.18
80498,0.16
80499,0.03
80500,0.11
80501,0.08
80502,0.04
80503,0.05
80504,0.03
80505,0.07
80506,0.0
80507,0.31
80508,0.08
80509,0.02
80510,0.01
80511,0.03
80512,0.0
80513,0.08
80514,0.0
80515,0.3
80516,0.15
80517,0.03
80518,0.1
80519,0.03
80520,0.0
80521,0.01
80522,0.23
80523,0.31
80524,0.0
80525,0.01
80526,0.05
80527,0.0
80528,0.0
80529,0.01
80530,0.0
80531,0.12
80532,0.03
80533,0.0
80534,0.0
80535,0.03
80536,0.3
80537,0.0
80538,0.0
80539,0.15
80540,0.1
80541,0.11
80542,0.55
80543,0.0
80544,0.0
80545,0.3
80546,0.09
80547,0.05
80548,0.01
80549,0.03
80550,0.0
80551,0.04
80552,0.0
80553,0.04
80554,0.03
80555,0.02
80556,0.0
80557,0.61
80558,0.0
80559,0.09
80560,0.27
80561,0.01
80562,0.03
80563,0.0
80564,0.07
80565,0.0
80566,0.12
80567,0.0
80568,0.01
80569,0.03
80570,0.0
80571,0.0
80572,0.0
80573,0.04
80574,0.01
80575,0.15
80576,0.01
80577,0.1
80578,0.0
80579,0.0
80580,0.02
80581,0.15
80582,0.0
80583,0.02
80584,0.0
80585,0.05
80586,0.03
80587,0.07
80588,0.3
80589,0.01
80590,0.13
80591,0.0
80592,0.02
80593,0.11
80594,0.06
80595,0.0
80596,0.0
80597,0.0
80598,0.04
80599,0.18
80600,0.01
80601,0.29
80602,0.04
80603,0.14
80604,0.01
80605,0.0
80606,0.03
80607,0.1
80608,0.0
80609,0.61
80610,0.02
80611,0.01
80612,0.01
80613,0.34
80614,0.0
80615,0.0
80616,0.03
80617,0.01
80618,0.0
80619,0.06
80620,0.0
80621,0.02
80622,0.48
80623,0.01
80624,0.01
80625,0.0
80626,0.0
80627,0.02
80628,0.04
80629,0.02
80630,0.19
80631,0.07
80632,0.0
80633,0.22
80634,0.0
80635,0.02
80636,0.0
80637,0.19
80638,0.48
80639,0.07
80640,0.01
80641,0.0
80642,0.0
80643,0.0
80644,0.02
80645,0.04
80646,0.29
80647,0.3
80648,0.0
80649,0.0
80650,0.02
80651,0.0
80652,0.15
80653,0.04
80654,0.15
80655,0.73
80656,0.02
80657,0.0
80658,0.01
80659,0.0
80660,0.07
80661,0.01
80662,0.03
80663,0.0
80664,0.09
80665,0.11
80666,0.0
80667,0.0
80668,0.0
80669,0.0
80670,0.01
80671,0.55
80672,0.01
80673,0.01
80674,0.0
80675,0.19
80676,0.0
80677,0.03
80678,0.0
80679,0.01
80680,0.07
80681,0.0
80682,0.0
80683,0.02
80684,0.04
80685,0.02
80686,0.13
80687,0.01
80688,0.0
80689,0.01
80690,0.02
80691,0.0
80692,0.02
80693,0.01
80694,0.0
80695,0.01
80696,0.0
80697,0.01
80698,0.01
80699,0.23
80700,0.24
80701,0.1
80702,0.01
80703,0.0
80704,0.0
80705,0.06
80706,0.39
80707,0.04
80708,0.11
80709,0.04
80710,0.0
80711,0.0
80712,0.12
80713,0.03
80714,0.02
80715,0.67
80716,0.02
80717,0.01
80718,0.14
80719,0.0
80720,0.0
80721,0.33
80722,0.02
80723,0.21
80724,0.04
80725,0.02
80726,0.07
80727,0.0
80728,0.2
80729,0.18
80730,0.05
80731,0.03
80732,0.32
80733,0.0
80734,0.02
80735,0.0
80736,0.1
80737,0.04
80738,0.03
80739,0.0
80740,0.04
80741,0.07
80742,0.11
80743,0.01
80744,0.0
80745,0.05
80746,0.0
80747,0.08
80748,0.22
80749,0.39
80750,0.26
80751,0.0
80752,0.09
80753,0.0
80754,0.01
80755,0.01
80756,0.0
80757,0.0
80758,0.0
80759,0.01
80760,0.0
80761,0.0
80762,0.0
80763,0.02
80764,0.01
80765,0.04
80766,0.14
80767,0.0
80768,0.04
80769,0.0
80770,0.01
80771,0.3
80772,0.07
80773,0.01
80774,0.01
80775,0.08
80776,0.0
80777,0.0
80778,0.11
80779,0.11
80780,0.09
80781,0.44
80782,0.02
80783,0.02
80784,0.0
80785,0.01
80786,0.03
80787,0.0
80788,0.04
80789,0.18
80790,0.0
80791,0.0
80792,0.0
80793,0.16
80794,0.49
80795,0.0
80796,0.0
80797,0.01
80798,0.15
80799,0.52
80800,0.05
80801,0.66
80802,0.05
80803,0.01
80804,0.29
80805,0.01
80806,0.04
80807,0.0
80808,0.01
80809,0.0
80810,0.07
80811,0.08
80812,0.12
80813,0.02
80814,0.0
80815,0.02
80816,0.0
80817,0.0
80818,0.13
80819,0.01
80820,0.01
80821,0.01
80822,0.07
80823,0.0
80824,0.04
80825,0.09
80826,0.0
80827,0.02
80828,0.0
80829,0.01
80830,0.01
80831,0.27
80832,0.02
80833,0.02
80834,0.05
80835,0.0
80836,0.01
80837,0.23
80838,0.17
80839,0.0
80840,0.0
80841,0.0
80842,0.11
80843,0.02
80844,0.04
80845,0.02
80846,0.01
80847,0.02
80848,0.39
80849,0.0
80850,0.05
80851,0.0
80852,0.0
80853,0.01
80854,0.07
80855,0.02
80856,0.01
80857,0.0
80858,0.09
80859,0.09
80860,0.01
80861,0.23
80862,0.48
80863,0.5
80864,0.0
80865,0.0
80866,0.03
80867,0.03
80868,0.0
80869,0.03
80870,0.11
80871,0.56
80872,0.33
80873,0.0
80874,0.1
80875,0.0
80876,0.0
80877,0.0
80878,0.06
80879,0.01
80880,0.02
80881,0.01
80882,0.0
80883,0.02
80884,0.13
80885,0.03
80886,0.01
80887,0.0
80888,0.15
80889,0.03
80890,0.2
80891,0.1
80892,0.06
80893,0.25
80894,0.28
80895,0.0
80896,0.28
80897,0.04
80898,0.03
80899,0.02
80900,0.08
80901,0.01
80902,0.01
80903,0.03
80904,0.0
80905,0.02
80906,0.07
80907,0.06
80908,0.0
80909,0.0
80910,0.03
80911,0.02
80912,0.0
80913,0.01
80914,0.0
80915,0.0
80916,0.08
80917,0.42
80918,0.0
80919,0.02
80920,0.02
80921,0.06
80922,0.01
80923,0.21
80924,0.01
80925,0.0
80926,0.05
80927,0.0
80928,0.11
80929,0.13
80930,0.01
80931,0.0
80932,0.37
80933,0.24
80934,0.0
80935,0.0
80936,0.01
80937,0.12
80938,0.02
80939,0.01
80940,0.0
80941,0.0
80942,0.03
80943,0.12
80944,0.14
80945,0.01
80946,0.04
80947,0.5
80948,0.03
80949,0.07
80950,0.03
80951,0.04
80952,0.51
80953,0.02
80954,0.07
80955,0.08
80956,0.16
80957,0.07
80958,0.16
80959,0.0
80960,0.03
80961,0.19
80962,0.06
80963,0.0
80964,0.01
80965,0.0
80966,0.13
80967,0.03
80968,0.07
80969,0.01
80970,0.0
80971,0.01
80972,0.0
80973,0.09
80974,0.0
80975,0.01
80976,0.0
80977,0.0
80978,0.0
80979,0.05
80980,0.0
80981,0.0
80982,0.01
80983,0.0
80984,0.08
80985,0.0
80986,0.01
80987,0.0
80988,0.0
80989,0.01
80990,0.04
80991,0.07
80992,0.03
80993,0.01
80994,0.01
80995,0.08
80996,0.04
80997,0.0
80998,0.05
80999,0.0
81000,0.2
81001,0.01
81002,0.01
81003,0.0
81004,0.08
81005,0.01
81006,0.09
81007,0.03
81008,0.01
81009,0.0
81010,0.11
81011,0.13
81012,0.15
81013,0.04
81014,0.0
81015,0.0
81016,0.1
81017,0.64
81018,0.07
81019,0.0
81020,0.48
81021,0.01
81022,0.0
81023,0.27
81024,0.1
81025,0.0
81026,0.01
81027,0.0
81028,0.02
81029,0.0
81030,0.0
81031,0.0
81032,0.03
81033,0.04
81034,0.26
81035,0.01
81036,0.01
81037,0.02
81038,0.02
81039,0.07
81040,0.0
81041,0.05
81042,0.0
81043,0.01
81044,0.02
81045,0.01
81046,0.0
81047,0.19
81048,0.01
81049,0.0
81050,0.09
81051,0.09
81052,0.0
81053,0.01
81054,0.01
81055,0.0
81056,0.0
81057,0.06
81058,0.66
81059,0.0
81060,0.0
81061,0.0
81062,0.03
81063,0.02
81064,0.02
81065,0.04
81066,0.01
81067,0.03
81068,0.0
81069,0.01
81070,0.01
81071,0.03
81072,0.27
81073,0.0
81074,0.1
81075,0.01
81076,0.02
81077,0.06
81078,0.36
81079,0.01
81080,0.02
81081,0.03
81082,0.0
81083,0.06
81084,0.04
81085,0.12
81086,0.01
81087,0.13
81088,0.15
81089,0.17
81090,0.0
81091,0.01
81092,0.0
81093,0.02
81094,0.0
81095,0.17
81096,0.0
81097,0.01
81098,0.03
81099,0.06
81100,0.01
81101,0.2
81102,0.03
81103,0.03
81104,0.06
81105,0.1
81106,0.16
81107,0.01
81108,0.01
81109,0.01
81110,0.0
81111,0.01
81112,0.1
81113,0.0
81114,0.08
81115,0.02
81116,0.01
81117,0.0
81118,0.03
81119,0.04
81120,0.03
81121,0.01
81122,0.0
81123,0.0
81124,0.37
81125,0.17
81126,0.08
81127,0.02
81128,0.19
81129,0.0
81130,0.2
81131,0.0
81132,0.0
81133,0.43
81134,0.13
81135,0.11
81136,0.06
81137,0.0
81138,0.0
81139,0.01
81140,0.01
81141,0.01
81142,0.01
81143,0.87
81144,0.07
81145,0.07
81146,0.0
81147,0.0
81148,0.05
81149,0.12
81150,0.07
81151,0.01
81152,0.08
81153,0.02
81154,0.03
81155,0.05
81156,0.08
81157,0.14
81158,0.0
81159,0.0
81160,0.11
81161,0.0
81162,0.36
81163,0.01
81164,0.01
81165,0.02
81166,0.02
81167,0.43
81168,0.01
81169,0.01
81170,0.07
81171,0.25
81172,0.02
81173,0.02
81174,0.02
81175,0.06
81176,0.01
81177,0.1
81178,0.29
81179,0.02
81180,0.0
81181,0.03
81182,0.0
81183,0.0
81184,0.0
81185,0.0
81186,0.06
81187,0.11
81188,0.53
81189,0.01
81190,0.01
81191,0.04
81192,0.07
81193,0.01
81194,0.07
81195,0.05
81196,0.06
81197,0.02
81198,0.0
81199,0.01
81200,0.01
81201,0.15
81202,0.01
81203,0.01
81204,0.05
81205,0.0
81206,0.0
81207,0.08
81208,0.03
81209,0.01
81210,0.01
81211,0.12
81212,0.13
81213,0.11
81214,0.02
81215,0.0
81216,0.0
81217,0.01
81218,0.04
81219,0.05
81220,0.28
81221,0.02
81222,0.03
81223,0.1
81224,0.07
81225,0.01
81226,0.48
81227,0.06
81228,0.0
81229,0.02
81230,0.01
81231,0.25
81232,0.07
81233,0.14
81234,0.0
81235,0.0
81236,0.08
81237,0.04
81238,0.02
81239,0.24
81240,0.24
81241,0.01
81242,0.05
81243,0.01
81244,0.01
81245,0.04
81246,0.34
81247,0.02
81248,0.02
81249,0.11
81250,0.0
81251,0.18
81252,0.04
81253,0.12
81254,0.07
81255,0.07
81256,0.08
81257,0.0
81258,0.02
81259,0.0
81260,0.06
81261,0.06
81262,0.01
81263,0.03
81264,0.04
81265,0.04
81266,0.13
81267,0.01
81268,0.04
81269,0.01
81270,0.03
81271,0.16
81272,0.08
81273,0.3
81274,0.0
81275,0.03
81276,0.06
81277,0.03
81278,0.02
81279,0.32
81280,0.0
81281,0.09
81282,0.0
81283,0.0
81284,0.07
81285,0.04
81286,0.09
81287,0.02
81288,0.0
81289,0.01
81290,0.05
81291,0.07
81292,0.0
81293,0.07
81294,0.04
81295,0.01
81296,0.0
81297,0.12
81298,0.05
81299,0.19
81300,0.0
81301,0.08
81302,0.15
81303,0.22
81304,0.0
81305,0.62
81306,0.04
81307,0.37
81308,0.06
81309,0.02
81310,0.0
81311,0.1
81312,0.02
81313,0.04
81314,0.18
81315,0.0
81316,0.0
81317,0.0
81318,0.11
81319,0.01
81320,0.13
81321,0.01
81322,0.58
81323,0.18
81324,0.1
81325,0.0
81326,0.11
81327,0.02
81328,0.02
81329,0.21
81330,0.03
81331,0.41
81332,0.25
81333,0.04
81334,0.04
81335,0.0
81336,0.0
81337,0.0
81338,0.07
81339,0.0
81340,0.0
81341,0.0
81342,0.0
81343,0.01
81344,0.09
81345,0.02
81346,0.04
81347,0.03
81348,0.01
81349,0.02
81350,0.01
81351,0.04
81352,0.01
81353,0.0
81354,0.0
81355,0.0
81356,0.0
81357,0.02
81358,0.0
81359,0.13
81360,0.01
81361,0.01
81362,0.01
81363,0.02
81364,0.2
81365,0.13
81366,0.01
81367,0.08
81368,0.01
81369,0.01
81370,0.0
81371,0.04
81372,0.1
81373,0.11
81374,0.0
81375,0.0
81376,0.21
81377,0.05
81378,0.06
81379,0.11
81380,0.09
81381,0.0
81382,0.09
81383,0.02
81384,0.01
81385,0.0
81386,0.03
81387,0.0
81388,0.01
81389,0.19
81390,0.01
81391,0.11
81392,0.02
81393,0.09
81394,0.0
81395,0.0
81396,0.0
81397,0.01
81398,0.0
81399,0.51
81400,0.19
81401,0.19
81402,0.14
81403,0.01
81404,0.0
81405,0.02
81406,0.18
81407,0.03
81408,0.1
81409,0.22
81410,0.02
81411,0.2
81412,0.08
81413,0.04
81414,0.02
81415,0.0
81416,0.19
81417,0.06
81418,0.0
81419,0.06
81420,0.0
81421,0.08
81422,0.02
81423,0.01
81424,0.0
81425,0.02
81426,0.14
81427,0.11
81428,0.03
81429,0.01
81430,0.04
81431,0.08
81432,0.0
81433,0.0
81434,0.01
81435,0.01
81436,0.04
81437,0.0
81438,0.0
81439,0.39
81440,0.42
81441,0.02
81442,0.01
81443,0.01
81444,0.01
81445,0.06
81446,0.0
81447,0.0
81448,0.02
81449,0.0
81450,0.04
81451,0.21
81452,0.02
81453,0.0
81454,0.0
81455,0.2
81456,0.16
81457,0.07
81458,0.11
81459,0.05
81460,0.33
81461,0.06
81462,0.01
81463,0.0
81464,0.2
81465,0.01
81466,0.06
81467,0.04
81468,0.0
81469,0.0
81470,0.05
81471,0.09
81472,0.02
81473,0.02
81474,0.4
81475,0.01
81476,0.14
81477,0.01
81478,0.0
81479,0.06
81480,0.13
81481,0.08
81482,0.32
81483,0.03
81484,0.0
81485,0.06
81486,0.0
81487,0.0
81488,0.05
81489,0.0
81490,0.01
81491,0.01
81492,0.01
81493,0.25
81494,0.01
81495,0.0
81496,0.34
81497,0.0
81498,0.09
81499,0.02
81500,0.01
81501,0.11
81502,0.04
81503,0.08
81504,0.02
81505,0.0
81506,0.01
81507,0.12
81508,0.02
81509,0.04
81510,0.0
81511,0.01
81512,0.13
81513,0.0
81514,0.07
81515,0.01
81516,0.31
81517,0.02
81518,0.02
81519,0.0
81520,0.05
81521,0.02
81522,0.0
81523,0.06
81524,0.03
81525,0.01
81526,0.02
81527,0.04
81528,0.05
81529,0.1
81530,0.01
81531,0.25
81532,0.0
81533,0.0
81534,0.01
81535,0.11
81536,0.01
81537,0.03
81538,0.03
81539,0.13
81540,0.19
81541,0.0
81542,0.09
81543,0.0
81544,0.02
81545,0.0
81546,0.21
81547,0.0
81548,0.07
81549,0.01
81550,0.0
81551,0.26
81552,0.01
81553,0.0
81554,0.0
81555,0.03
81556,0.36
81557,0.2
81558,0.03
81559,0.0
81560,0.0
81561,0.01
81562,0.43
81563,0.11
81564,0.03
81565,0.0
81566,0.0
81567,0.68
81568,0.03
81569,0.01
81570,0.09
81571,0.05
81572,0.01
81573,0.01
81574,0.04
81575,0.06
81576,0.01
81577,0.01
81578,0.0
81579,0.03
81580,0.13
81581,0.0
81582,0.0
81583,0.0
81584,0.03
81585,0.18
81586,0.01
81587,0.01
81588,0.0
81589,0.01
81590,0.13
81591,0.0
81592,0.23
81593,0.06
81594,0.03
81595,0.03
81596,0.24
81597,0.01
81598,0.0
81599,0.48
81600,0.03
81601,0.21
81602,0.03
81603,0.0
81604,0.06
81605,0.0
81606,0.02
81607,0.02
81608,0.0
81609,0.01
81610,0.07
81611,0.0
81612,0.01
81613,0.08
81614,0.03
81615,0.03
81616,0.05
81617,0.0
81618,0.05
81619,0.0
81620,0.0
81621,0.09
81622,0.48
81623,0.03
81624,0.03
81625,0.0
81626,0.0
81627,0.02
81628,0.02
81629,0.08
81630,0.07
81631,0.03
81632,0.09
81633,0.0
81634,0.1
81635,0.02
81636,0.04
81637,0.01
81638,0.03
81639,0.0
81640,0.03
81641,0.0
81642,0.21
81643,0.05
81644,0.04
81645,0.01
81646,0.0
81647,0.05
81648,0.05
81649,0.07
81650,0.0
81651,0.0
81652,0.02
81653,0.0
81654,0.05
81655,0.02
81656,0.0
81657,0.03
81658,0.07
81659,0.12
81660,0.01
81661,0.07
81662,0.06
81663,0.13
81664,0.01
81665,0.19
81666,0.04
81667,0.02
81668,0.03
81669,0.0
81670,0.0
81671,0.0
81672,0.04
81673,0.03
81674,0.31
81675,0.0
81676,0.01
81677,0.04
81678,0.01
81679,0.11
81680,0.01
81681,0.0
81682,0.06
81683,0.06
81684,0.0
81685,0.0
81686,0.03
81687,0.07
81688,0.17
81689,0.12
81690,0.05
81691,0.02
81692,0.01
81693,0.34
81694,0.0
81695,0.0
81696,0.03
81697,0.08
81698,0.0
81699,0.02
81700,0.05
81701,0.32
81702,0.07
81703,0.19
81704,0.18
81705,0.09
81706,0.45
81707,0.04
81708,0.58
81709,0.04
81710,0.03
81711,0.05
81712,0.02
81713,0.03
81714,0.15
81715,0.38
81716,0.0
81717,0.1
81718,0.19
81719,0.0
81720,0.06
81721,0.55
81722,0.02
81723,0.06
81724,0.03
81725,0.18
81726,0.58
81727,0.14
81728,0.06
81729,0.06
81730,0.03
81731,0.02
81732,0.0
81733,0.07
81734,0.06
81735,0.0
81736,0.17
81737,0.11
81738,0.03
81739,0.21
81740,0.07
81741,0.0
81742,0.16
81743,0.01
81744,0.14
81745,0.03
81746,0.23
81747,0.0
81748,0.03
81749,0.0
81750,0.01
81751,0.05
81752,0.0
81753,0.16
81754,0.01
81755,0.06
81756,0.06
81757,0.26
81758,0.09
81759,0.0
81760,0.01
81761,0.24
81762,0.0
81763,0.0
81764,0.11
81765,0.02
81766,0.0
81767,0.01
81768,0.38
81769,0.0
81770,0.1
81771,0.09
81772,0.33
81773,0.01
81774,0.0
81775,0.04
81776,0.0
81777,0.0
81778,0.05
81779,0.0
81780,0.0
81781,0.0
81782,0.0
81783,0.07
81784,0.01
81785,0.01
81786,0.04
81787,0.08
81788,0.03
81789,0.0
81790,0.0
81791,0.01
81792,0.05
81793,0.01
81794,0.0
81795,0.11
81796,0.0
81797,0.01
81798,0.06
81799,0.0
81800,0.0
81801,0.04
81802,0.03
81803,0.3
81804,0.02
81805,0.02
81806,0.0
81807,0.1
81808,0.0
81809,0.02
81810,0.1
81811,0.03
81812,0.0
81813,0.18
81814,0.17
81815,0.03
81816,0.02
81817,0.05
81818,0.21
81819,0.02
81820,0.02
81821,0.0
81822,0.0
81823,0.0
81824,0.09
81825,0.02
81826,0.03
81827,0.27
81828,0.01
81829,0.01
81830,0.07
81831,0.02
81832,0.04
81833,0.0
81834,0.04
81835,0.0
81836,0.0
81837,0.0
81838,0.1
81839,0.01
81840,0.01
81841,0.02
81842,0.16
81843,0.01
81844,0.02
81845,0.06
81846,0.01
81847,0.16
81848,0.04
81849,0.09
81850,0.02
81851,0.01
81852,0.03
81853,0.0
81854,0.0
81855,0.01
81856,0.01
81857,0.02
81858,0.0
81859,0.49
81860,0.14
81861,0.02
81862,0.01
81863,0.0
81864,0.06
81865,0.01
81866,0.0
81867,0.29
81868,0.17
81869,0.02
81870,0.0
81871,0.29
81872,0.03
81873,0.02
81874,0.11
81875,0.0
81876,0.0
81877,0.12
81878,0.4
81879,0.37
81880,0.14
81881,0.04
81882,0.07
81883,0.0
81884,0.02
81885,0.01
81886,0.08
81887,0.39
81888,0.0
81889,0.01
81890,0.03
81891,0.0
81892,0.08
81893,0.01
81894,0.02
81895,0.01
81896,0.0
81897,0.0
81898,0.01
81899,0.0
81900,0.0
81901,0.02
81902,0.0
81903,0.08
81904,0.1
81905,0.05
81906,0.03
81907,0.0
81908,0.45
81909,0.23
81910,0.0
81911,0.0
81912,0.0
81913,0.05
81914,0.04
81915,0.05
81916,0.0
81917,0.0
81918,0.03
81919,0.01
81920,0.04
81921,0.1
81922,0.0
81923,0.0
81924,0.04
81925,0.05
81926,0.36
81927,0.03
81928,0.0
81929,0.01
81930,0.28
81931,0.27
81932,0.11
81933,0.0
81934,0.0
81935,0.16
81936,0.01
81937,0.0
81938,0.01
81939,0.01
81940,0.09
81941,0.09
81942,0.07
81943,0.0
81944,0.0
81945,0.0
81946,0.0
81947,0.02
81948,0.01
81949,0.03
81950,0.05
81951,0.06
81952,0.02
81953,0.11
81954,0.01
81955,0.01
81956,0.05
81957,0.07
81958,0.02
81959,0.18
81960,0.05
81961,0.18
81962,0.0
81963,0.15
81964,0.01
81965,0.0
81966,0.01
81967,0.0
81968,0.08
81969,0.04
81970,0.13
81971,0.11
81972,0.0
81973,0.36
81974,0.0
81975,0.26
81976,0.07
81977,0.0
81978,0.0
81979,0.06
81980,0.0
81981,0.23
81982,0.23
81983,0.03
81984,0.07
81985,0.01
81986,0.01
81987,0.1
81988,0.08
81989,0.0
81990,0.04
81991,0.0
81992,0.79
81993,0.0
81994,0.76
81995,0.02
81996,0.01
81997,0.29
81998,0.02
81999,0.02
82000,0.01
82001,0.0
82002,0.21
82003,0.15
82004,0.0
82005,0.01
82006,0.0
82007,0.02
82008,0.27
82009,0.1
82010,0.01
82011,0.03
82012,0.0
82013,0.0
82014,0.01
82015,0.15
82016,0.01
82017,0.0
82018,0.07
82019,0.0
82020,0.05
82021,0.08
82022,0.14
82023,0.05
82024,0.0
82025,0.01
82026,0.06
82027,0.21
82028,0.0
82029,0.0
82030,0.05
82031,0.0
82032,0.01
82033,0.01
82034,0.12
82035,0.32
82036,0.02
82037,0.0
82038,0.01
82039,0.0
82040,0.08
82041,0.0
82042,0.16
82043,0.02
82044,0.2
82045,0.19
82046,0.01
82047,0.01
82048,0.01
82049,0.01
82050,0.34
82051,0.04
82052,0.11
82053,0.02
82054,0.0
82055,0.02
82056,0.02
82057,0.03
82058,0.03
82059,0.13
82060,0.02
82061,0.01
82062,0.0
82063,0.0
82064,0.0
82065,0.05
82066,0.1
82067,0.02
82068,0.09
82069,0.0
82070,0.49
82071,0.0
82072,0.01
82073,0.03
82074,0.0
82075,0.0
82076,0.01
82077,0.01
82078,0.0
82079,0.08
82080,0.04
82081,0.06
82082,0.12
82083,0.0
82084,0.0
82085,0.0
82086,0.0
82087,0.0
82088,0.19
82089,0.02
82090,0.08
82091,0.0
82092,0.0
82093,0.08
82094,0.44
82095,0.01
82096,0.04
82097,0.03
82098,0.02
82099,0.11
82100,0.1
82101,0.01
82102,0.15
82103,0.04
82104,0.04
82105,0.0
82106,0.0
82107,0.0
82108,0.71
82109,0.21
82110,0.3
82111,0.01
82112,0.46
82113,0.0
82114,0.01
82115,0.21
82116,0.0
82117,0.0
82118,0.0
82119,0.07
82120,0.3
82121,0.5
82122,0.0
82123,0.05
82124,0.0
82125,0.04
82126,0.38
82127,0.0
82128,0.06
82129,0.15
82130,0.02
82131,0.01
82132,0.01
82133,0.0
82134,0.08
82135,0.01
82136,0.0
82137,0.02
82138,0.07
82139,0.02
82140,0.09
82141,0.01
82142,0.13
82143,0.0
82144,0.19
82145,0.16
82146,0.04
82147,0.01
82148,0.06
82149,0.0
82150,0.04
82151,0.02
82152,0.07
82153,0.06
82154,0.4
82155,0.51
82156,0.05
82157,0.02
82158,0.06
82159,0.04
82160,0.01
82161,0.02
82162,0.17
82163,0.09
82164,0.21
82165,0.09
82166,0.01
82167,0.0
82168,0.01
82169,0.0
82170,0.18
82171,0.06
82172,0.02
82173,0.04
82174,0.45
82175,0.0
82176,0.05
82177,0.01
82178,0.14
82179,0.0
82180,0.01
82181,0.03
82182,0.02
82183,0.01
82184,0.0
82185,0.01
82186,0.01
82187,0.07
82188,0.0
82189,0.07
82190,0.0
82191,0.23
82192,0.0
82193,0.35
82194,0.04
82195,0.06
82196,0.01
82197,0.04
82198,0.1
82199,0.0
82200,0.0
82201,0.0
82202,0.06
82203,0.0
82204,0.02
82205,0.08
82206,0.06
82207,0.01
82208,0.02
82209,0.01
82210,0.01
82211,0.0
82212,0.0
82213,0.08
82214,0.23
82215,0.0
82216,0.22
82217,0.03
82218,0.03
82219,0.0
82220,0.02
82221,0.04
82222,0.02
82223,0.06
82224,0.03
82225,0.01
82226,0.37
82227,0.07
82228,0.12
82229,0.65
82230,0.1
82231,0.0
82232,0.02
82233,0.01
82234,0.03
82235,0.16
82236,0.03
82237,0.11
82238,0.0
82239,0.0
82240,0.08
82241,0.12
82242,0.06
82243,0.1
82244,0.0
82245,0.0
82246,0.5
82247,0.26
82248,0.01
82249,0.13
82250,0.14
82251,0.01
82252,0.2
82253,0.0
82254,0.02
82255,0.06
82256,0.01
82257,0.0
82258,0.0
82259,0.14
82260,0.0
82261,0.04
82262,0.0
82263,0.04
82264,0.11
82265,0.03
82266,0.11
82267,0.02
82268,0.03
82269,0.02
82270,0.01
82271,0.0
82272,0.17
82273,0.15
82274,0.01
82275,0.03
82276,0.0
82277,0.08
82278,0.02
82279,0.0
82280,0.05
82281,0.02
82282,0.0
82283,0.08
82284,0.08
82285,0.0
82286,0.04
82287,0.0
82288,0.18
82289,0.12
82290,0.16
82291,0.03
82292,0.3
82293,0.0
82294,0.0
82295,0.0
82296,0.04
82297,0.04
82298,0.04
82299,0.23
82300,0.13
82301,0.12
82302,0.0
82303,0.02
82304,0.0
82305,0.0
82306,0.03
82307,0.08
82308,0.11
82309,0.0
82310,0.08
82311,0.04
82312,0.0
82313,0.0
82314,0.0
82315,0.06
82316,0.03
82317,0.02
82318,0.0
82319,0.22
82320,0.12
82321,0.03
82322,0.03
82323,0.0
82324,0.12
82325,0.0
82326,0.01
82327,0.01
82328,0.02
82329,0.26
82330,0.01
82331,0.1
82332,0.0
82333,0.18
82334,0.03
82335,0.0
82336,0.04
82337,0.32
82338,0.0
82339,0.35
82340,0.03
82341,0.03
82342,0.01
82343,0.03
82344,0.03
82345,0.19
82346,0.02
82347,0.03
82348,0.0
82349,0.48
82350,0.02
82351,0.06
82352,0.07
82353,0.16
82354,0.04
82355,0.0
82356,0.07
82357,0.02
82358,0.05
82359,0.0
82360,0.19
82361,0.0
82362,0.06
82363,0.04
82364,0.0
82365,0.3
82366,0.15
82367,0.3
82368,0.0
82369,0.05
82370,0.0
82371,0.06
82372,0.01
82373,0.0
82374,0.1
82375,0.18
82376,0.01
82377,0.01
82378,0.07
82379,0.11
82380,0.06
82381,0.0
82382,0.42
82383,0.08
82384,0.43
82385,0.08
82386,0.0
82387,0.06
82388,0.0
82389,0.04
82390,0.0
82391,0.11
82392,0.0
82393,0.0
82394,0.0
82395,0.01
82396,0.03
82397,0.08
82398,0.0
82399,0.15
82400,0.01
82401,0.01
82402,0.01
82403,0.22
82404,0.01
82405,0.03
82406,0.03
82407,0.03
82408,0.57
82409,0.15
82410,0.02
82411,0.0
82412,0.06
82413,0.01
82414,0.52
82415,0.04
82416,0.02
82417,0.04
82418,0.02
82419,0.02
82420,0.01
82421,0.0
82422,0.04
82423,0.01
82424,0.05
82425,0.09
82426,0.04
82427,0.0
82428,0.01
82429,0.01
82430,0.06
82431,0.0
82432,0.01
82433,0.36
82434,0.02
82435,0.14
82436,0.03
82437,0.0
82438,0.06
82439,0.06
82440,0.0
82441,0.0
82442,0.0
82443,0.02
82444,0.0
82445,0.01
82446,0.01
82447,0.09
82448,0.0
82449,0.0
82450,0.56
82451,0.02
82452,0.02
82453,0.01
82454,0.03
82455,0.06
82456,0.0
82457,0.17
82458,0.02
82459,0.0
82460,0.07
82461,0.01
82462,0.03
82463,0.12
82464,0.05
82465,0.0
82466,0.0
82467,0.01
82468,0.0
82469,0.09
82470,0.48
82471,0.13
82472,0.0
82473,0.0
82474,0.02
82475,0.01
82476,0.17
82477,0.09
82478,0.54
82479,0.0
82480,0.2
82481,0.02
82482,0.04
82483,0.01
82484,0.0
82485,0.0
82486,0.01
82487,0.04
82488,0.02
82489,0.0
82490,0.48
82491,0.0
82492,0.0
82493,0.02
82494,0.0
82495,0.29
82496,0.29
82497,0.0
82498,0.08
82499,0.18
82500,0.02
82501,0.11
82502,0.02
82503,0.16
82504,0.01
82505,0.13
82506,0.02
82507,0.08
82508,0.03
82509,0.01
82510,0.05
82511,0.05
82512,0.0
82513,0.03
82514,0.12
82515,0.01
82516,0.0
82517,0.01
82518,0.05
82519,0.0
82520,0.22
82521,0.01
82522,0.04
82523,0.0
82524,0.01
82525,0.04
82526,0.08
82527,0.1
82528,0.0
82529,0.01
82530,0.24
82531,0.0
82532,0.17
82533,0.0
82534,0.02
82535,0.06
82536,0.0
82537,0.08
82538,0.02
82539,0.18
82540,0.0
82541,0.01
82542,0.04
82543,0.01
82544,0.03
82545,0.01
82546,0.66
82547,0.11
82548,0.11
82549,0.0
82550,0.01
82551,0.03
82552,0.03
82553,0.93
82554,0.0
82555,0.0
82556,0.0
82557,0.12
82558,0.03
82559,0.01
82560,0.0
82561,0.04
82562,0.03
82563,0.1
82564,0.21
82565,0.02
82566,0.17
82567,0.0
82568,0.03
82569,0.29
82570,0.18
82571,0.0
82572,0.0
82573,0.01
82574,0.08
82575,0.04
82576,0.12
82577,0.0
82578,0.09
82579,0.01
82580,0.21
82581,0.0
82582,0.02
82583,0.0
82584,0.0
82585,0.0
82586,0.0
82587,0.02
82588,0.0
82589,0.01
82590,0.03
82591,0.01
82592,0.01
82593,0.01
82594,0.01
82595,0.14
82596,0.01
82597,0.06
82598,0.29
82599,0.0
82600,0.01
82601,0.0
82602,0.09
82603,0.12
82604,0.0
82605,0.09
82606,0.0
82607,0.07
82608,0.0
82609,0.01
82610,0.05
82611,0.0
82612,0.09
82613,0.0
82614,0.03
82615,0.12
82616,0.02
82617,0.16
82618,0.11
82619,0.01
82620,0.1
82621,0.0
82622,0.03
82623,0.23
82624,0.0
82625,0.02
82626,0.13
82627,0.01
82628,0.0
82629,0.03
82630,0.03
82631,0.01
82632,0.0
82633,0.03
82634,0.01
82635,0.44
82636,0.03
82637,0.03
82638,0.12
82639,0.05
82640,0.04
82641,0.0
82642,0.35
82643,0.0
82644,0.0
82645,0.0
82646,0.0
82647,0.13
82648,0.01
82649,0.03
82650,0.03
82651,0.04
82652,0.02
82653,0.03
82654,0.02
82655,0.0
82656,0.05
82657,0.07
82658,0.0
82659,0.11
82660,0.05
82661,0.01
82662,0.07
82663,0.02
82664,0.33
82665,0.0
82666,0.0
82667,0.01
82668,0.0
82669,0.04
82670,0.01
82671,0.0
82672,0.11
82673,0.0
82674,0.14
82675,0.03
82676,0.0
82677,0.25
82678,0.04
82679,0.12
82680,0.03
82681,0.04
82682,0.04
82683,0.0
82684,0.01
82685,0.65
82686,0.02
82687,0.31
82688,0.0
82689,0.19
82690,0.0
82691,0.05
82692,0.17
82693,0.01
82694,0.04
82695,0.01
82696,0.0
82697,0.02
82698,0.01
82699,0.04
82700,0.15
82701,0.06
82702,0.32
82703,0.04
82704,0.03
82705,0.13
82706,0.0
82707,0.08
82708,0.16
82709,0.03
82710,0.03
82711,0.0
82712,0.0
82713,0.02
82714,0.03
82715,0.01
82716,0.06
82717,0.48
82718,0.01
82719,0.0
82720,0.0
82721,0.08
82722,0.01
82723,0.5
82724,0.03
82725,0.0
82726,0.05
82727,0.06
82728,0.02
82729,0.0
82730,0.13
82731,0.0
82732,0.01
82733,0.0
82734,0.25
82735,0.0
82736,0.0
82737,0.06
82738,0.07
82739,0.01
82740,0.0
82741,0.0
82742,0.06
82743,0.01
82744,0.34
82745,0.24
82746,0.05
82747,0.03
82748,0.15
82749,0.14
82750,0.0
82751,0.13
82752,0.01
82753,0.2
82754,0.0
82755,0.0
82756,0.45
82757,0.0
82758,0.0
82759,0.01
82760,0.05
82761,0.03
82762,0.0
82763,0.0
82764,0.0
82765,0.0
82766,0.0
82767,0.0
82768,0.13
82769,0.3
82770,0.38
82771,0.05
82772,0.0
82773,0.01
82774,0.0
82775,0.0
82776,0.24
82777,0.01
82778,0.03
82779,0.0
82780,0.07
82781,0.26
82782,0.02
82783,0.16
82784,0.26
82785,0.0
82786,0.01
82787,0.06
82788,0.0
82789,0.59
82790,0.13
82791,0.0
82792,0.04
82793,0.0
82794,0.0
82795,0.01
82796,0.01
82797,0.01
82798,0.01
82799,0.06
82800,0.08
82801,0.0
82802,0.42
82803,0.55
82804,0.03
82805,0.01
82806,0.0
82807,0.03
82808,0.0
82809,0.0
82810,0.08
82811,0.01
82812,0.11
82813,0.56
82814,0.02
82815,0.01
82816,0.01
82817,0.09
82818,0.0
82819,0.22
82820,0.02
82821,0.01
82822,0.04
82823,0.0
82824,0.0
82825,0.04
82826,0.06
82827,0.1
82828,0.0
82829,0.0
82830,0.03
82831,0.02
82832,0.02
82833,0.01
82834,0.05
82835,0.07
82836,0.01
82837,0.07
82838,0.56
82839,0.0
82840,0.0
82841,0.06
82842,0.03
82843,0.3
82844,0.0
82845,0.07
82846,0.19
82847,0.06
82848,0.01
82849,0.05
82850,0.02
82851,0.05
82852,0.13
82853,0.04
82854,0.01
82855,0.06
82856,0.1
82857,0.0
82858,0.02
82859,0.07
82860,0.09
82861,0.16
82862,0.01
82863,0.04
82864,0.23
82865,0.04
82866,0.01
82867,0.12
82868,0.02
82869,0.02
82870,0.0
82871,0.02
82872,0.09
82873,0.11
82874,0.12
82875,0.03
82876,0.07
82877,0.03
82878,0.28
82879,0.45
82880,0.01
82881,0.0
82882,0.04
82883,0.0
82884,0.05
82885,0.12
82886,0.03
82887,0.0
82888,0.0
82889,0.11
82890,0.04
82891,0.01
82892,0.04
82893,0.1
82894,0.03
82895,0.0
82896,0.02
82897,0.01
82898,0.02
82899,0.0
82900,0.02
82901,0.13
82902,0.07
82903,0.09
82904,0.02
82905,0.03
82906,0.16
82907,0.0
82908,0.03
82909,0.1
82910,0.0
82911,0.01
82912,0.02
82913,0.03
82914,0.14
82915,0.04
82916,0.01
82917,0.04
82918,0.2
82919,0.24
82920,0.08
82921,0.04
82922,0.0
82923,0.15
82924,0.0
82925,0.06
82926,0.01
82927,0.03
82928,0.0
82929,0.02
82930,0.0
82931,0.01
82932,0.05
82933,0.0
82934,0.02
82935,0.01
82936,0.25
82937,0.08
82938,0.04
82939,0.01
82940,0.06
82941,0.0
82942,0.02
82943,0.0
82944,0.3
82945,0.0
82946,0.0
82947,0.08
82948,0.02
82949,0.0
82950,0.04
82951,0.11
82952,0.0
82953,0.04
82954,0.01
82955,0.01
82956,0.06
82957,0.0
82958,0.59
82959,0.0
82960,0.26
82961,0.04
82962,0.07
82963,0.04
82964,0.0
82965,0.0
82966,0.08
82967,0.01
82968,0.0
82969,0.05
82970,0.02
82971,0.16
82972,0.46
82973,0.0
82974,0.04
82975,0.16
82976,0.0
82977,0.0
82978,0.02
82979,0.22
82980,0.0
82981,0.14
82982,0.0
82983,0.0
82984,0.01
82985,0.0
82986,0.05
82987,0.74
82988,0.01
82989,0.03
82990,0.04
82991,0.33
82992,0.0
82993,0.07
82994,0.0
82995,0.22
82996,0.44
82997,0.0
82998,0.03
82999,0.01
83000,0.01
83001,0.01
83002,0.0
83003,0.46
83004,0.01
83005,0.0
83006,0.01
83007,0.64
83008,0.01
83009,0.0
83010,0.01
83011,0.0
83012,0.16
83013,0.04
83014,0.0
83015,0.01
83016,0.81
83017,0.0
83018,0.18
83019,0.0
83020,0.01
83021,0.0
83022,0.0
83023,0.03
83024,0.0
83025,0.06
83026,0.46
83027,0.05
83028,0.03
83029,0.01
83030,0.02
83031,0.0
83032,0.0
83033,0.0
83034,0.18
83035,0.1
83036,0.0
83037,0.02
83038,0.17
83039,0.0
83040,0.5
83041,0.01
83042,0.09
83043,0.0
83044,0.0
83045,0.03
83046,0.0
83047,0.01
83048,0.18
83049,0.0
83050,0.05
83051,0.01
83052,0.02
83053,0.0
83054,0.03
83055,0.01
83056,0.0
83057,0.02
83058,0.02
83059,0.08
83060,0.03
83061,0.01
83062,0.0
83063,0.26
83064,0.18
83065,0.07
83066,0.08
83067,0.0
83068,0.19
83069,0.0
83070,0.01
83071,0.0
83072,0.16
83073,0.04
83074,0.01
83075,0.0
83076,0.0
83077,0.04
83078,0.0
83079,0.0
83080,0.1
83081,0.06
83082,0.01
83083,0.08
83084,0.04
83085,0.01
83086,0.13
83087,0.0
83088,0.0
83089,0.05
83090,0.01
83091,0.0
83092,0.26
83093,0.26
83094,0.11
83095,0.01
83096,0.03
83097,0.02
83098,0.1
83099,0.07
83100,0.0
83101,0.28
83102,0.1
83103,0.0
83104,0.14
83105,0.03
83106,0.0
83107,0.25
83108,0.01
83109,0.05
83110,0.0
83111,0.0
83112,0.27
83113,0.0
83114,0.05
83115,0.01
83116,0.0
83117,0.1
83118,0.1
83119,0.0
83120,0.04
83121,0.18
83122,0.04
83123,0.01
83124,0.0
83125,0.5
83126,0.02
83127,0.07
83128,0.01
83129,0.16
83130,0.03
83131,0.29
83132,0.03
83133,0.06
83134,0.0
83135,0.0
83136,0.1
83137,0.02
83138,0.03
83139,0.0
83140,0.0
83141,0.01
83142,0.01
83143,0.05
83144,0.0
83145,0.28
83146,0.0
83147,0.02
83148,0.16
83149,0.03
83150,0.21
83151,0.0
83152,0.0
83153,0.0
83154,0.02
83155,0.12
83156,0.0
83157,0.0
83158,0.0
83159,0.17
83160,0.1
83161,0.03
83162,0.0
83163,0.01
83164,0.43
83165,0.0
83166,0.0
83167,0.01
83168,0.14
83169,0.01
83170,0.04
83171,0.0
83172,0.0
83173,0.05
83174,0.0
83175,0.0
83176,0.0
83177,0.01
83178,0.05
83179,0.0
83180,0.01
83181,0.0
83182,0.01
83183,0.61
83184,0.01
83185,0.0
83186,0.02
83187,0.35
83188,0.11
83189,0.03
83190,0.01
83191,0.01
83192,0.18
83193,0.27
83194,0.0
83195,0.0
83196,0.02
83197,0.11
83198,0.01
83199,0.29
83200,0.1
83201,0.03
83202,0.01
83203,0.0
83204,0.01
83205,0.26
83206,0.09
83207,0.01
83208,0.0
83209,0.28
83210,0.0
83211,0.02
83212,0.02
83213,0.02
83214,0.01
83215,0.02
83216,0.04
83217,0.0
83218,0.26
83219,0.01
83220,0.22
83221,0.0
83222,0.04
83223,0.2
83224,0.01
83225,0.28
83226,0.01
83227,0.0
83228,0.1
83229,0.02
83230,0.01
83231,0.01
83232,0.02
83233,0.01
83234,0.02
83235,0.0
83236,0.03
83237,0.2
83238,0.08
83239,0.02
83240,0.01
83241,0.0
83242,0.18
83243,0.18
83244,0.04
83245,0.0
83246,0.0
83247,0.09
83248,0.37
83249,0.03
83250,0.0
83251,0.05
83252,0.0
83253,0.0
83254,0.0
83255,0.02
83256,0.0
83257,0.0
83258,0.66
83259,0.02
83260,0.01
83261,0.08
83262,0.0
83263,0.0
83264,0.0
83265,0.03
83266,0.02
83267,0.05
83268,0.02
83269,0.08
83270,0.0
83271,0.01
83272,0.0
83273,0.2
83274,0.0
83275,0.0
83276,0.01
83277,0.04
83278,0.02
83279,0.0
83280,0.07
83281,0.03
83282,0.31
83283,0.03
83284,0.01
83285,0.01
83286,0.02
83287,0.01
83288,0.0
83289,0.0
83290,0.47
83291,0.15
83292,0.0
83293,0.01
83294,0.01
83295,0.02
83296,0.02
83297,0.03
83298,0.23
83299,0.79
83300,0.0
83301,0.33
83302,0.04
83303,0.03
83304,0.0
83305,0.17
83306,0.06
83307,0.0
83308,0.0
83309,0.01
83310,0.06
83311,0.15
83312,0.03
83313,0.03
83314,0.14
83315,0.0
83316,0.05
83317,0.05
83318,0.0
83319,0.01
83320,0.05
83321,0.01
83322,0.08
83323,0.42
83324,0.01
83325,0.05
83326,0.04
83327,0.0
83328,0.01
83329,0.0
83330,0.0
83331,0.1
83332,0.27
83333,0.0
83334,0.02
83335,0.0
83336,0.11
83337,0.0
83338,0.02
83339,0.02
83340,0.0
83341,0.01
83342,0.1
83343,0.17
83344,0.1
83345,0.17
83346,0.01
83347,0.02
83348,0.04
83349,0.03
83350,0.04
83351,0.02
83352,0.22
83353,0.08
83354,0.27
83355,0.18
83356,0.06
83357,0.04
83358,0.02
83359,0.29
83360,0.13
83361,0.06
83362,0.01
83363,0.12
83364,0.06
83365,0.02
83366,0.0
83367,0.03
83368,0.19
83369,0.02
83370,0.0
83371,0.17
83372,0.03
83373,0.13
83374,0.09
83375,0.01
83376,0.01
83377,0.0
83378,0.0
83379,0.01
83380,0.03
83381,0.03
83382,0.15
83383,0.16
83384,0.01
83385,0.01
83386,0.08
83387,0.0
83388,0.0
83389,0.01
83390,0.01
83391,0.0
83392,0.47
83393,0.0
83394,0.02
83395,0.0
83396,0.39
83397,0.05
83398,0.0
83399,0.0
83400,0.0
83401,0.0
83402,0.0
83403,0.02
83404,0.0
83405,0.02
83406,0.02
83407,0.13
83408,0.12
83409,0.02
83410,0.12
83411,0.05
83412,0.45
83413,0.26
83414,0.06
83415,0.0
83416,0.11
83417,0.03
83418,0.0
83419,0.05
83420,0.0
83421,0.0
83422,0.0
83423,0.14
83424,0.0
83425,0.01
83426,0.03
83427,0.13
83428,0.05
83429,0.02
83430,0.01
83431,0.02
83432,0.13
83433,0.06
83434,0.01
83435,0.15
83436,0.0
83437,0.32
83438,0.03
83439,0.01
83440,0.01
83441,0.02
83442,0.03
83443,0.29
83444,0.01
83445,0.03
83446,0.11
83447,0.0
83448,0.02
83449,0.16
83450,0.0
83451,0.02
83452,0.02
83453,0.07
83454,0.0
83455,0.06
83456,0.16
83457,0.0
83458,0.0
83459,0.0
83460,0.07
83461,0.02
83462,0.04
83463,0.05
83464,0.15
83465,0.03
83466,0.0
83467,0.34
83468,0.06
83469,0.0
83470,0.12
83471,0.0
83472,0.0
83473,0.08
83474,0.0
83475,0.02
83476,0.05
83477,0.18
83478,0.01
83479,0.04
83480,0.1
83481,0.0
83482,0.08
83483,0.02
83484,0.04
83485,0.0
83486,0.36
83487,0.0
83488,0.03
83489,0.06
83490,0.06
83491,0.08
83492,0.1
83493,0.02
83494,0.06
83495,0.13
83496,0.01
83497,0.27
83498,0.0
83499,0.43
83500,0.0
83501,0.0
83502,0.33
83503,0.02
83504,0.02
83505,0.0
83506,0.01
83507,0.01
83508,0.0
83509,0.69
83510,0.02
83511,0.02
83512,0.0
83513,0.01
83514,0.0
83515,0.15
83516,0.0
83517,0.09
83518,0.03
83519,0.05
83520,0.06
83521,0.01
83522,0.14
83523,0.39
83524,0.03
83525,0.09
83526,0.27
83527,0.07
83528,0.0
83529,0.0
83530,0.0
83531,0.0
83532,0.04
83533,0.05
83534,0.06
83535,0.03
83536,0.0
83537,0.0
83538,0.0
83539,0.0
83540,0.0
83541,0.0
83542,0.0
83543,0.31
83544,0.01
83545,0.01
83546,0.06
83547,0.07
83548,0.08
83549,0.0
83550,0.05
83551,0.08
83552,0.0
83553,0.02
83554,0.07
83555,0.37
83556,0.0
83557,0.01
83558,0.01
83559,0.01
83560,0.0
83561,0.0
83562,0.07
83563,0.0
83564,0.07
83565,0.04
83566,0.06
83567,0.12
83568,0.0
83569,0.0
83570,0.01
83571,0.0
83572,0.09
83573,0.15
83574,0.02
83575,0.06
83576,0.11
83577,0.0
83578,0.01
83579,0.11
83580,0.0
83581,0.0
83582,0.0
83583,0.01
83584,0.54
83585,0.02
83586,0.08
83587,0.38
83588,0.07
83589,0.0
83590,0.0
83591,0.36
83592,0.02
83593,0.02
83594,0.37
83595,0.03
83596,0.0
83597,0.0
83598,0.09
83599,0.03
83600,0.22
83601,0.08
83602,0.07
83603,0.0
83604,0.44
83605,0.0
83606,0.0
83607,0.61
83608,0.01
83609,0.16
83610,0.01
83611,0.08
83612,0.01
83613,0.03
83614,0.02
83615,0.39
83616,0.01
83617,0.04
83618,0.0
83619,0.03
83620,0.04
83621,0.01
83622,0.1
83623,0.44
83624,0.21
83625,0.04
83626,0.0
83627,0.03
83628,0.07
83629,0.01
83630,0.07
83631,0.65
83632,0.26
83633,0.0
83634,0.04
83635,0.04
83636,0.01
83637,0.0
83638,0.11
83639,0.0
83640,0.18
83641,0.02
83642,0.01
83643,0.13
83644,0.24
83645,0.87
83646,0.07
83647,0.02
83648,0.0
83649,0.0
83650,0.06
83651,0.01
83652,0.02
83653,0.07
83654,0.0
83655,0.03
83656,0.01
83657,0.01
83658,0.0
83659,0.0
83660,0.07
83661,0.03
83662,0.33
83663,0.02
83664,0.0
83665,0.01
83666,0.01
83667,0.02
83668,0.0
83669,0.07
83670,0.0
83671,0.1
83672,0.0
83673,0.0
83674,0.03
83675,0.01
83676,0.0
83677,0.01
83678,0.0
83679,0.35
83680,0.2
83681,0.01
83682,0.0
83683,0.3
83684,0.0
83685,0.08
83686,0.05
83687,0.01
83688,0.0
83689,0.29
83690,0.08
83691,0.16
83692,0.1
83693,0.45
83694,0.02
83695,0.55
83696,0.03
83697,0.0
83698,0.03
83699,0.3
83700,0.0
83701,0.08
83702,0.03
83703,0.07
83704,0.0
83705,0.04
83706,0.0
83707,0.0
83708,0.01
83709,0.01
83710,0.08
83711,0.18
83712,0.02
83713,0.1
83714,0.03
83715,0.0
83716,0.03
83717,0.0
83718,0.01
83719,0.0
83720,0.02
83721,0.0
83722,0.39
83723,0.0
83724,0.0
83725,0.04
83726,0.01
83727,0.01
83728,0.0
83729,0.0
83730,0.22
83731,0.0
83732,0.01
83733,0.01
83734,0.0
83735,0.33
83736,0.0
83737,0.01
83738,0.38
83739,0.03
83740,0.02
83741,0.08
83742,0.02
83743,0.07
83744,0.04
83745,0.02
83746,0.33
83747,0.1
83748,0.06
83749,0.04
83750,0.01
83751,0.0
83752,0.17
83753,0.0
83754,0.16
83755,0.07
83756,0.01
83757,0.0
83758,0.0
83759,0.04
83760,0.0
83761,0.46
83762,0.0
83763,0.23
83764,0.0
83765,0.0
83766,0.19
83767,0.01
83768,0.04
83769,0.01
83770,0.1
83771,0.0
83772,0.08
83773,0.45
83774,0.02
83775,0.0
83776,0.06
83777,0.01
83778,0.0
83779,0.24
83780,0.11
83781,0.02
83782,0.0
83783,0.11
83784,0.0
83785,0.03
83786,0.0
83787,0.52
83788,0.06
83789,0.04
83790,0.02
83791,0.08
83792,0.11
83793,0.22
83794,0.07
83795,0.02
83796,0.02
83797,0.05
83798,0.13
83799,0.0
83800,0.32
83801,0.01
83802,0.11
83803,0.0
83804,0.11
83805,0.06
83806,0.09
83807,0.01
83808,0.06
83809,0.15
83810,0.01
83811,0.14
83812,0.0
83813,0.59
83814,0.1
83815,0.01
83816,0.03
83817,0.08
83818,0.01
83819,0.31
83820,0.01
83821,0.0
83822,0.01
83823,0.04
83824,0.02
83825,0.05
83826,0.0
83827,0.02
83828,0.01
83829,0.06
83830,0.0
83831,0.28
83832,0.19
83833,0.02
83834,0.01
83835,0.03
83836,0.01
83837,0.01
83838,0.03
83839,0.0
83840,0.04
83841,0.0
83842,0.02
83843,0.05
83844,0.04
83845,0.03
83846,0.08
83847,0.17
83848,0.01
83849,0.01
83850,0.08
83851,0.24
83852,0.01
83853,0.01
83854,0.03
83855,0.0
83856,0.0
83857,0.13
83858,0.0
83859,0.01
83860,0.0
83861,0.0
83862,0.18
83863,0.16
83864,0.03
83865,0.04
83866,0.04
83867,0.31
83868,0.04
83869,0.0
83870,0.0
83871,0.16
83872,0.1
83873,0.04
83874,0.26
83875,0.0
83876,0.46
83877,0.01
83878,0.0
83879,0.0
83880,0.02
83881,0.0
83882,0.05
83883,0.0
83884,0.0
83885,0.03
83886,0.02
83887,0.44
83888,0.06
83889,0.0
83890,0.02
83891,0.09
83892,0.01
83893,0.03
83894,0.0
83895,0.03
83896,0.05
83897,0.0
83898,0.0
83899,0.05
83900,0.0
83901,0.0
83902,0.03
83903,0.01
83904,0.27
83905,0.33
83906,0.02
83907,0.05
83908,0.01
83909,0.0
83910,0.05
83911,0.12
83912,0.02
83913,0.0
83914,0.0
83915,0.07
83916,0.01
83917,0.0
83918,0.05
83919,0.06
83920,0.0
83921,0.01
83922,0.01
83923,0.07
83924,0.0
83925,0.01
83926,0.03
83927,0.02
83928,0.05
83929,0.18
83930,0.1
83931,0.03
83932,0.02
83933,0.18
83934,0.0
83935,0.03
83936,0.2
83937,0.0
83938,0.04
83939,0.0
83940,0.02
83941,0.0
83942,0.0
83943,0.01
83944,0.12
83945,0.0
83946,0.02
83947,0.2
83948,0.09
83949,0.0
83950,0.27
83951,0.02
83952,0.05
83953,0.06
83954,0.01
83955,0.05
83956,0.0
83957,0.0
83958,0.01
83959,0.0
83960,0.0
83961,0.04
83962,0.02
83963,0.04
83964,0.01
83965,0.08
83966,0.01
83967,0.0
83968,0.01
83969,0.0
83970,0.03
83971,0.02
83972,0.02
83973,0.09
83974,0.01
83975,0.0
83976,0.05
83977,0.07
83978,0.11
83979,0.26
83980,0.03
83981,0.12
83982,0.32
83983,0.0
83984,0.01
83985,0.04
83986,0.02
83987,0.0
83988,0.0
83989,0.07
83990,0.03
83991,0.04
83992,0.23
83993,0.04
83994,0.0
83995,0.0
83996,0.09
83997,0.27
83998,0.0
83999,0.0
84000,0.0
84001,0.03
84002,0.05
84003,0.07
84004,0.25
84005,0.09
84006,0.0
84007,0.01
84008,0.01
84009,0.0
84010,0.0
84011,0.02
84012,0.01
84013,0.02
84014,0.17
84015,0.34
84016,0.06
84017,0.08
84018,0.01
84019,0.06
84020,0.04
84021,0.0
84022,0.0
84023,0.01
84024,0.03
84025,0.01
84026,0.0
84027,0.07
84028,0.22
84029,0.01
84030,0.0
84031,0.06
84032,0.03
84033,0.12
84034,0.0
84035,0.07
84036,0.02
84037,0.28
84038,0.0
84039,0.0
84040,0.0
84041,0.06
84042,0.0
84043,0.01
84044,0.02
84045,0.32
84046,0.01
84047,0.01
84048,0.05
84049,0.02
84050,0.0
84051,0.25
84052,0.0
84053,0.01
84054,0.01
84055,0.5
84056,0.0
84057,0.0
84058,0.01
84059,0.14
84060,0.28
84061,0.0
84062,0.0
84063,0.01
84064,0.0
84065,0.0
84066,0.0
84067,0.01
84068,0.0
84069,0.38
84070,0.0
84071,0.04
84072,0.01
84073,0.02
84074,0.11
84075,0.02
84076,0.01
84077,0.01
84078,0.07
84079,0.01
84080,0.31
84081,0.07
84082,0.06
84083,0.0
84084,0.0
84085,0.02
84086,0.0
84087,0.01
84088,0.0
84089,0.22
84090,0.3
84091,0.02
84092,0.02
84093,0.02
84094,0.05
84095,0.0
84096,0.0
84097,0.12
84098,0.28
84099,0.25
84100,0.0
84101,0.11
84102,0.05
84103,0.01
84104,0.02
84105,0.01
84106,0.0
84107,0.04
84108,0.34
84109,0.02
84110,0.2
84111,0.0
84112,0.03
84113,0.0
84114,0.02
84115,0.02
84116,0.05
84117,0.02
84118,0.04
84119,0.0
84120,0.01
84121,0.03
84122,0.0
84123,0.26
84124,0.06
84125,0.01
84126,0.0
84127,0.41
84128,0.02
84129,0.02
84130,0.09
84131,0.03
84132,0.01
84133,0.03
84134,0.0
84135,0.0
84136,0.02
84137,0.12
84138,0.02
84139,0.0
84140,0.02
84141,0.13
84142,0.16
84143,0.42
84144,0.0
84145,0.02
84146,0.0
84147,0.02
84148,0.01
84149,0.02
84150,0.02
84151,0.21
84152,0.0
84153,0.0
84154,0.01
84155,0.21
84156,0.02
84157,0.03
84158,0.04
84159,0.05
84160,0.11
84161,0.01
84162,0.0
84163,0.01
84164,0.03
84165,0.06
84166,0.3
84167,0.0
84168,0.03
84169,0.0
84170,0.17
84171,0.08
84172,0.01
84173,0.18
84174,0.02
84175,0.0
84176,0.01
84177,0.36
84178,0.0
84179,0.4
84180,0.01
84181,0.0
84182,0.42
84183,0.76
84184,0.09
84185,0.1
84186,0.18
84187,0.0
84188,0.37
84189,0.02
84190,0.01
84191,0.07
84192,0.0
84193,0.05
84194,0.05
84195,0.05
84196,0.0
84197,0.03
84198,0.0
84199,0.05
84200,0.02
84201,0.01
84202,0.17
84203,0.02
84204,0.0
84205,0.01
84206,0.18
84207,0.04
84208,0.01
84209,0.0
84210,0.01
84211,0.01
84212,0.02
84213,0.1
84214,0.03
84215,0.0
84216,0.0
84217,0.13
84218,0.0
84219,0.02
84220,0.02
84221,0.05
84222,0.01
84223,0.02
84224,0.02
84225,0.12
84226,0.05
84227,0.02
84228,0.0
84229,0.27
84230,0.37
84231,0.03
84232,0.0
84233,0.02
84234,0.01
84235,0.0
84236,0.37
84237,0.0
84238,0.0
84239,0.01
84240,0.02
84241,0.08
84242,0.49
84243,0.07
84244,0.01
84245,0.05
84246,0.0
84247,0.01
84248,0.03
84249,0.03
84250,0.16
84251,0.01
84252,0.0
84253,0.05
84254,0.06
84255,0.03
84256,0.34
84257,0.0
84258,0.0
84259,0.07
84260,0.01
84261,0.0
84262,0.03
84263,0.09
84264,0.0
84265,0.0
84266,0.02
84267,0.02
84268,0.01
84269,0.01
84270,0.11
84271,0.01
84272,0.0
84273,0.02
84274,0.07
84275,0.0
84276,0.0
84277,0.0
84278,0.18
84279,0.0
84280,0.13
84281,0.47
84282,0.02
84283,0.01
84284,0.0
84285,0.01
84286,0.58
84287,0.0
84288,0.0
84289,0.04
84290,0.0
84291,0.19
84292,0.18
84293,0.11
84294,0.03
84295,0.0
84296,0.59
84297,0.01
84298,0.33
84299,0.01
84300,0.0
84301,0.01
84302,0.07
84303,0.0
84304,0.0
84305,0.02
84306,0.0
84307,0.01
84308,0.0
84309,0.69
84310,0.64
84311,0.0
84312,0.28
84313,0.01
84314,0.04
84315,0.03
84316,0.05
84317,0.01
84318,0.01
84319,0.03
84320,0.01
84321,0.04
84322,0.15
84323,0.14
84324,0.01
84325,0.05
84326,0.04
84327,0.01
84328,0.0
84329,0.0
84330,0.04
84331,0.04
84332,0.08
84333,0.05
84334,0.0
84335,0.06
84336,0.03
84337,0.0
84338,0.12
84339,0.34
84340,0.0
84341,0.0
84342,0.01
84343,0.01
84344,0.0
84345,0.0
84346,0.19
84347,0.13
84348,0.06
84349,0.01
84350,0.05
84351,0.05
84352,0.04
84353,0.0
84354,0.01
84355,0.05
84356,0.04
84357,0.03
84358,0.01
84359,0.08
84360,0.44
84361,0.0
84362,0.01
84363,0.0
84364,0.04
84365,0.0
84366,0.01
84367,0.12
84368,0.0
84369,0.01
84370,0.03
84371,0.0
84372,0.03
84373,0.01
84374,0.04
84375,0.06
84376,0.1
84377,0.0
84378,0.03
84379,0.01
84380,0.0
84381,0.05
84382,0.14
84383,0.47
84384,0.0
84385,0.19
84386,0.02
84387,0.0
84388,0.01
84389,0.01
84390,0.01
84391,0.03
84392,0.03
84393,0.01
84394,0.03
84395,0.01
84396,0.01
84397,0.03
84398,0.02
84399,0.0
84400,0.02
84401,0.0
84402,0.01
84403,0.03
84404,0.01
84405,0.15
84406,0.02
84407,0.02
84408,0.13
84409,0.01
84410,0.46
84411,0.0
84412,0.08
84413,0.0
84414,0.0
84415,0.02
84416,0.0
84417,0.05
84418,0.02
84419,0.03
84420,0.02
84421,0.05
84422,0.0
84423,0.01
84424,0.01
84425,0.01
84426,0.01
84427,0.0
84428,0.0
84429,0.16
84430,0.03
84431,0.28
84432,0.04
84433,0.0
84434,0.01
84435,0.05
84436,0.18
84437,0.37
84438,0.01
84439,0.1
84440,0.21
84441,0.02
84442,0.05
84443,0.01
84444,0.01
84445,0.03
84446,0.13
84447,0.0
84448,0.0
84449,0.04
84450,0.0
84451,0.03
84452,0.1
84453,0.0
84454,0.0
84455,0.0
84456,0.0
84457,0.01
84458,0.02
84459,0.0
84460,0.0
84461,0.01
84462,0.1
84463,0.0
84464,0.05
84465,0.07
84466,0.03
84467,0.0
84468,0.0
84469,0.01
84470,0.04
84471,0.02
84472,0.02
84473,0.06
84474,0.01
84475,0.03
84476,0.03
84477,0.1
84478,0.02
84479,0.01
84480,0.07
84481,0.02
84482,0.05
84483,0.03
84484,0.03
84485,0.03
84486,0.0
84487,0.0
84488,0.15
84489,0.05
84490,0.07
84491,0.02
84492,0.18
84493,0.0
84494,0.12
84495,0.14
84496,0.51
84497,0.05
84498,0.6
84499,0.22
84500,0.07
84501,0.01
84502,0.01
84503,0.01
84504,0.07
84505,0.02
84506,0.02
84507,0.07
84508,0.33
84509,0.39
84510,0.11
84511,0.0
84512,0.01
84513,0.0
84514,0.01
84515,0.0
84516,0.01
84517,0.37
84518,0.0
84519,0.11
84520,0.53
84521,0.0
84522,0.0
84523,0.0
84524,0.0
84525,0.0
84526,0.0
84527,0.01
84528,0.0
84529,0.0
84530,0.01
84531,0.0
84532,0.0
84533,0.0
84534,0.17
84535,0.0
84536,0.09
84537,0.05
84538,0.0
84539,0.19
84540,0.04
84541,0.02
84542,0.33
84543,0.11
84544,0.01
84545,0.02
84546,0.03
84547,0.0
84548,0.04
84549,0.0
84550,0.0
84551,0.0
84552,0.02
84553,0.04
84554,0.02
84555,0.1
84556,0.04
84557,0.01
84558,0.0
84559,0.04
84560,0.0
84561,0.0
84562,0.19
84563,0.0
84564,0.01
84565,0.01
84566,0.0
84567,0.0
84568,0.0
84569,0.07
84570,0.0
84571,0.05
84572,0.0
84573,0.02
84574,0.0
84575,0.0
84576,0.11
84577,0.0
84578,0.0
84579,0.0
84580,0.1
84581,0.0
84582,0.03
84583,0.05
84584,0.0
84585,0.04
84586,0.19
84587,0.1
84588,0.02
84589,0.52
84590,0.22
84591,0.01
84592,0.03
84593,0.0
84594,0.03
84595,0.0
84596,0.07
84597,0.0
84598,0.01
84599,0.06
84600,0.1
84601,0.03
84602,0.01
84603,0.0
84604,0.41
84605,0.03
84606,0.01
84607,0.0
84608,0.01
84609,0.73
84610,0.03
84611,0.0
84612,0.05
84613,0.01
84614,0.0
84615,0.33
84616,0.01
84617,0.01
84618,0.01
84619,0.02
84620,0.11
84621,0.0
84622,0.04
84623,0.0
84624,0.2
84625,0.0
84626,0.06
84627,0.02
84628,0.14
84629,0.09
84630,0.0
84631,0.0
84632,0.13
84633,0.07
84634,0.14
84635,0.01
84636,0.04
84637,0.02
84638,0.0
84639,0.0
84640,0.09
84641,0.1
84642,0.01
84643,0.08
84644,0.0
84645,0.0
84646,0.0
84647,0.0
84648,0.0
84649,0.31
84650,0.02
84651,0.01
84652,0.05
84653,0.71
84654,0.03
84655,0.01
84656,0.0
84657,0.01
84658,0.01
84659,0.02
84660,0.01
84661,0.51
84662,0.0
84663,0.19
84664,0.02
84665,0.0
84666,0.11
84667,0.0
84668,0.0
84669,0.1
84670,0.07
84671,0.02
84672,0.01
84673,0.01
84674,0.0
84675,0.0
84676,0.0
84677,0.2
84678,0.21
84679,0.02
84680,0.05
84681,0.21
84682,0.0
84683,0.02
84684,0.21
84685,0.35
84686,0.0
84687,0.11
84688,0.04
84689,0.0
84690,0.07
84691,0.0
84692,0.01
84693,0.15
84694,0.02
84695,0.16
84696,0.04
84697,0.09
84698,0.0
84699,0.01
84700,0.02
84701,0.03
84702,0.1
84703,0.03
84704,0.04
84705,0.03
84706,0.0
84707,0.01
84708,0.03
84709,0.0
84710,0.0
84711,0.0
84712,0.01
84713,0.0
84714,0.0
84715,0.02
84716,0.01
84717,0.0
84718,0.09
84719,0.02
84720,0.04
84721,0.11
84722,0.01
84723,0.0
84724,0.05
84725,0.0
84726,0.02
84727,0.03
84728,0.04
84729,0.0
84730,0.0
84731,0.01
84732,0.12
84733,0.19
84734,0.01
84735,0.01
84736,0.42
84737,0.16
84738,0.0
84739,0.0
84740,0.04
84741,0.0
84742,0.01
84743,0.04
84744,0.05
84745,0.21
84746,0.09
84747,0.01
84748,0.16
84749,0.0
84750,0.02
84751,0.06
84752,0.12
84753,0.01
84754,0.03
84755,0.03
84756,0.44
84757,0.1
84758,0.13
84759,0.09
84760,0.11
84761,0.0
84762,0.01
84763,0.01
84764,0.02
84765,0.26
84766,0.12
84767,0.0
84768,0.03
84769,0.0
84770,0.78
84771,0.19
84772,0.01
84773,0.0
84774,0.0
84775,0.12
84776,0.0
84777,0.0
84778,0.09
84779,0.0
84780,0.11
84781,0.01
84782,0.08
84783,0.02
84784,0.01
84785,0.01
84786,0.06
84787,0.0
84788,0.03
84789,0.23
84790,0.12
84791,0.05
84792,0.14
84793,0.05
84794,0.03
84795,0.0
84796,0.03
84797,0.0
84798,0.0
84799,0.0
84800,0.04
84801,0.01
84802,0.07
84803,0.03
84804,0.01
84805,0.02
84806,0.3
84807,0.04
84808,0.0
84809,0.01
84810,0.0
84811,0.02
84812,0.12
84813,0.15
84814,0.01
84815,0.49
84816,0.14
84817,0.03
84818,0.01
84819,0.0
84820,0.08
84821,0.01
84822,0.12
84823,0.04
84824,0.21
84825,0.01
84826,0.05
84827,0.13
84828,0.13
84829,0.03
84830,0.22
84831,0.7
84832,0.0
84833,0.08
84834,0.0
84835,0.08
84836,0.0
84837,0.07
84838,0.02
84839,0.05
84840,0.13
84841,0.08
84842,0.06
84843,0.0
84844,0.08
84845,0.09
84846,0.0
84847,0.0
84848,0.0
84849,0.0
84850,0.03
84851,0.03
84852,0.02
84853,0.09
84854,0.02
84855,0.0
84856,0.21
84857,0.08
84858,0.24
84859,0.02
84860,0.05
84861,0.21
84862,0.04
84863,0.04
84864,0.01
84865,0.02
84866,0.0
84867,0.17
84868,0.01
84869,0.03
84870,0.02
84871,0.02
84872,0.02
84873,0.38
84874,0.03
84875,0.29
84876,0.03
84877,0.01
84878,0.53
84879,0.0
84880,0.06
84881,0.03
84882,0.0
84883,0.01
84884,0.4
84885,0.0
84886,0.05
84887,0.0
84888,0.02
84889,0.0
84890,0.01
84891,0.0
84892,0.0
84893,0.01
84894,0.0
84895,0.54
84896,0.13
84897,0.06
84898,0.0
84899,0.04
84900,0.02
84901,0.05
84902,0.16
84903,0.01
84904,0.06
84905,0.01
84906,0.01
84907,0.05
84908,0.0
84909,0.03
84910,0.08
84911,0.07
84912,0.0
84913,0.09
84914,0.01
84915,0.01
84916,0.02
84917,0.0
84918,0.0
84919,0.0
84920,0.01
84921,0.01
84922,0.0
84923,0.01
84924,0.02
84925,0.3
84926,0.01
84927,0.21
84928,0.26
84929,0.0
84930,0.23
84931,0.03
84932,0.01
84933,0.48
84934,0.03
84935,0.15
84936,0.25
84937,0.0
84938,0.03
84939,0.0
84940,0.01
84941,0.01
84942,0.06
84943,0.02
84944,0.0
84945,0.03
84946,0.0
84947,0.0
84948,0.0
84949,0.0
84950,0.01
84951,0.01
84952,0.0
84953,0.0
84954,0.0
84955,0.0
84956,0.01
84957,0.37
84958,0.01
84959,0.07
84960,0.27
84961,0.01
84962,0.03
84963,0.0
84964,0.42
84965,0.0
84966,0.14
84967,0.07
84968,0.08
84969,0.0
84970,0.02
84971,0.0
84972,0.01
84973,0.04
84974,0.01
84975,0.01
84976,0.03
84977,0.29
84978,0.06
84979,0.02
84980,0.0
84981,0.12
84982,0.04
84983,0.0
84984,0.04
84985,0.01
84986,0.03
84987,0.0
84988,0.09
84989,0.0
84990,0.06
84991,0.01
84992,0.0
84993,0.04
84994,0.04
84995,0.08
84996,0.01
84997,0.12
84998,0.19
84999,0.04
85000,0.06
85001,0.02
85002,0.0
85003,0.0
85004,0.0
85005,0.04
85006,0.0
85007,0.31
85008,0.0
85009,0.01
85010,0.12
85011,0.0
85012,0.0
85013,0.29
85014,0.0
85015,0.19
85016,0.06
85017,0.0
85018,0.55
85019,0.0
85020,0.16
85021,0.0
85022,0.09
85023,0.01
85024,0.08
85025,0.02
85026,0.19
85027,0.04
85028,0.23
85029,0.0
85030,0.0
85031,0.01
85032,0.21
85033,0.1
85034,0.02
85035,0.0
85036,0.06
85037,0.0
85038,0.02
85039,0.0
85040,0.04
85041,0.0
85042,0.0
85043,0.01
85044,0.14
85045,0.0
85046,0.02
85047,0.0
85048,0.26
85049,0.07
85050,0.02
85051,0.06
85052,0.0
85053,0.0
85054,0.09
85055,0.0
85056,0.02
85057,0.05
85058,0.25
85059,0.02
85060,0.0
85061,0.01
85062,0.02
85063,0.02
85064,0.04
85065,0.3
85066,0.08
85067,0.47
85068,0.01
85069,0.0
85070,0.4
85071,0.0
85072,0.0
85073,0.36
85074,0.06
85075,0.21
85076,0.0
85077,0.0
85078,0.11
85079,0.2
85080,0.09
85081,0.0
85082,0.38
85083,0.05
85084,0.04
85085,0.48
85086,0.0
85087,0.33
85088,0.03
85089,0.0
85090,0.01
85091,0.08
85092,0.01
85093,0.0
85094,0.01
85095,0.03
85096,0.0
85097,0.0
85098,0.03
85099,0.0
85100,0.08
85101,0.02
85102,0.43
85103,0.1
85104,0.03
85105,0.0
85106,0.0
85107,0.02
85108,0.01
85109,0.2
85110,0.0
85111,0.0
85112,0.41
85113,0.01
85114,0.0
85115,0.0
85116,0.18
85117,0.01
85118,0.0
85119,0.03
85120,0.17
85121,0.01
85122,0.12
85123,0.0
85124,0.18
85125,0.38
85126,0.0
85127,0.03
85128,0.06
85129,0.02
85130,0.01
85131,0.0
85132,0.0
85133,0.03
85134,0.01
85135,0.02
85136,0.01
85137,0.0
85138,0.06
85139,0.05
85140,0.0
85141,0.0
85142,0.0
85143,0.06
85144,0.03
85145,0.11
85146,0.01
85147,0.0
85148,0.23
85149,0.03
85150,0.13
85151,0.13
85152,0.0
85153,0.04
85154,0.0
85155,0.22
85156,0.29
85157,0.0
85158,0.01
85159,0.09
85160,0.03
85161,0.03
85162,0.0
85163,0.05
85164,0.02
85165,0.02
85166,0.04
85167,0.17
85168,0.0
85169,0.0
85170,0.0
85171,0.05
85172,0.04
85173,0.18
85174,0.0
85175,0.01
85176,0.15
85177,0.01
85178,0.0
85179,0.03
85180,0.33
85181,0.5
85182,0.07
85183,0.45
85184,0.06
85185,0.0
85186,0.12
85187,0.01
85188,0.24
85189,0.03
85190,0.01
85191,0.0
85192,0.0
85193,0.05
85194,0.06
85195,0.08
85196,0.01
85197,0.01
85198,0.01
85199,0.09
85200,0.0
85201,0.0
85202,0.0
85203,0.03
85204,0.09
85205,0.11
85206,0.0
85207,0.0
85208,0.2
85209,0.07
85210,0.0
85211,0.0
85212,0.14
85213,0.03
85214,0.16
85215,0.0
85216,0.03
85217,0.17
85218,0.15
85219,0.0
85220,0.07
85221,0.11
85222,0.1
85223,0.0
85224,0.01
85225,0.19
85226,0.0
85227,0.01
85228,0.04
85229,0.02
85230,0.05
85231,0.0
85232,0.02
85233,0.0
85234,0.0
85235,0.01
85236,0.0
85237,0.07
85238,0.03
85239,0.05
85240,0.02
85241,0.02
85242,0.01
85243,0.01
85244,0.2
85245,0.0
85246,0.02
85247,0.07
85248,0.0
85249,0.08
85250,0.0
85251,0.06
85252,0.02
85253,0.03
85254,0.06
85255,0.25
85256,0.04
85257,0.01
85258,0.07
85259,0.07
85260,0.0
85261,0.08
85262,0.04
85263,0.15
85264,0.05
85265,0.02
85266,0.09
85267,0.04
85268,0.03
85269,0.32
85270,0.0
85271,0.0
85272,0.01
85273,0.01
85274,0.0
85275,0.01
85276,0.04
85277,0.03
85278,0.06
85279,0.0
85280,0.0
85281,0.02
85282,0.0
85283,0.03
85284,0.2
85285,0.06
85286,0.01
85287,0.02
85288,0.3
85289,0.0
85290,0.04
85291,0.15
85292,0.03
85293,0.03
85294,0.01
85295,0.02
85296,0.04
85297,0.2
85298,0.52
85299,0.08
85300,0.05
85301,0.0
85302,0.0
85303,0.01
85304,0.05
85305,0.03
85306,0.03
85307,0.03
85308,0.0
85309,0.14
85310,0.0
85311,0.04
85312,0.01
85313,0.0
85314,0.14
85315,0.12
85316,0.01
85317,0.02
85318,0.0
85319,0.0
85320,0.0
85321,0.01
85322,0.01
85323,0.03
85324,0.1
85325,0.02
85326,0.46
85327,0.01
85328,0.0
85329,0.0
85330,0.18
85331,0.01
85332,0.0
85333,0.25
85334,0.0
85335,0.03
85336,0.26
85337,0.35
85338,0.02
85339,0.02
85340,0.03
85341,0.0
85342,0.0
85343,0.08
85344,0.0
85345,0.05
85346,0.06
85347,0.02
85348,0.06
85349,0.24
85350,0.16
85351,0.0
85352,0.04
85353,0.1
85354,0.05
85355,0.02
85356,0.1
85357,0.08
85358,0.06
85359,0.0
85360,0.03
85361,0.36
85362,0.01
85363,0.01
85364,0.03
85365,0.01
85366,0.06
85367,0.01
85368,0.04
85369,0.34
85370,0.03
85371,0.01
85372,0.01
85373,0.17
85374,0.01
85375,0.02
85376,0.0
85377,0.01
85378,0.03
85379,0.04
85380,0.13
85381,0.01
85382,0.06
85383,0.67
85384,0.21
85385,0.02
85386,0.0
85387,0.05
85388,0.03
85389,0.02
85390,0.0
85391,0.02
85392,0.06
85393,0.01
85394,0.01
85395,0.01
85396,0.13
85397,0.0
85398,0.03
85399,0.01
85400,0.01
85401,0.0
85402,0.0
85403,0.07
85404,0.0
85405,0.0
85406,0.29
85407,0.03
85408,0.0
85409,0.02
85410,0.03
85411,0.0
85412,0.39
85413,0.06
85414,0.02
85415,0.38
85416,0.59
85417,0.0
85418,0.09
85419,0.09
85420,0.02
85421,0.01
85422,0.05
85423,0.07
85424,0.01
85425,0.0
85426,0.22
85427,0.01
85428,0.02
85429,0.01
85430,0.14
85431,0.02
85432,0.19
85433,0.02
85434,0.0
85435,0.06
85436,0.09
85437,0.0
85438,0.0
85439,0.01
85440,0.01
85441,0.03
85442,0.09
85443,0.13
85444,0.0
85445,0.05
85446,0.02
85447,0.01
85448,0.02
85449,0.35
85450,0.0
85451,0.11
85452,0.06
85453,0.07
85454,0.04
85455,0.0
85456,0.16
85457,0.02
85458,0.0
85459,0.03
85460,0.19
85461,0.0
85462,0.0
85463,0.63
85464,0.01
85465,0.11
85466,0.0
85467,0.0
85468,0.03
85469,0.0
85470,0.05
85471,0.01
85472,0.05
85473,0.02
85474,0.11
85475,0.0
85476,0.43
85477,0.0
85478,0.06
85479,0.0
85480,0.0
85481,0.0
85482,0.0
85483,0.0
85484,0.02
85485,0.0
85486,0.04
85487,0.04
85488,0.01
85489,0.0
85490,0.01
85491,0.07
85492,0.01
85493,0.04
85494,0.01
85495,0.02
85496,0.0
85497,0.03
85498,0.03
85499,0.08
85500,0.06
85501,0.0
85502,0.06
85503,0.08
85504,0.07
85505,0.0
85506,0.27
85507,0.03
85508,0.0
85509,0.0
85510,0.0
85511,0.02
85512,0.01
85513,0.0
85514,0.01
85515,0.1
85516,0.04
85517,0.0
85518,0.0
85519,0.01
85520,0.0
85521,0.04
85522,0.01
85523,0.0
85524,0.0
85525,0.04
85526,0.55
85527,0.62
85528,0.32
85529,0.03
85530,0.01
85531,0.39
85532,0.12
85533,0.01
85534,0.01
85535,0.0
85536,0.0
85537,0.0
85538,0.0
85539,0.0
85540,0.05
85541,0.02
85542,0.04
85543,0.27
85544,0.12
85545,0.02
85546,0.16
85547,0.0
85548,0.01
85549,0.0
85550,0.24
85551,0.0
85552,0.45
85553,0.0
85554,0.13
85555,0.19
85556,0.1
85557,0.01
85558,0.07
85559,0.11
85560,0.28
85561,0.19
85562,0.0
85563,0.03
85564,0.02
85565,0.0
85566,0.02
85567,0.07
85568,0.02
85569,0.16
85570,0.0
85571,0.02
85572,0.01
85573,0.0
85574,0.0
85575,0.04
85576,0.18
85577,0.02
85578,0.22
85579,0.0
85580,0.0
85581,0.06
85582,0.0
85583,0.0
85584,0.1
85585,0.18
85586,0.0
85587,0.14
85588,0.1
85589,0.0
85590,0.0
85591,0.01
85592,0.04
85593,0.07
85594,0.0
85595,0.06
85596,0.0
85597,0.18
85598,0.0
85599,0.02
85600,0.0
85601,0.01
85602,0.28
85603,0.06
85604,0.03
85605,0.0
85606,0.05
85607,0.0
85608,0.03
85609,0.51
85610,0.0
85611,0.07
85612,0.38
85613,0.26
85614,0.04
85615,0.1
85616,0.04
85617,0.22
85618,0.06
85619,0.02
85620,0.0
85621,0.03
85622,0.0
85623,0.01
85624,0.17
85625,0.03
85626,0.11
85627,0.04
85628,0.07
85629,0.15
85630,0.03
85631,0.01
85632,0.01
85633,0.0
85634,0.04
85635,0.04
85636,0.2
85637,0.03
85638,0.0
85639,0.06
85640,0.0
85641,0.02
85642,0.14
85643,0.04
85644,0.13
85645,0.0
85646,0.0
85647,0.19
85648,0.03
85649,0.01
85650,0.26
85651,0.24
85652,0.05
85653,0.0
85654,0.79
85655,0.02
85656,0.01
85657,0.0
85658,0.0
85659,0.24
85660,0.07
85661,0.04
85662,0.14
85663,0.09
85664,0.13
85665,0.03
85666,0.0
85667,0.02
85668,0.0
85669,0.0
85670,0.0
85671,0.11
85672,0.04
85673,0.07
85674,0.06
85675,0.01
85676,0.03
85677,0.05
85678,0.03
85679,0.1
85680,0.01
85681,0.01
85682,0.02
85683,0.01
85684,0.15
85685,0.0
85686,0.01
85687,0.0
85688,0.0
85689,0.0
85690,0.0
85691,0.05
85692,0.11
85693,0.01
85694,0.01
85695,0.0
85696,0.26
85697,0.03
85698,0.03
85699,0.03
85700,0.01
85701,0.01
85702,0.06
85703,0.0
85704,0.32
85705,0.0
85706,0.0
85707,0.29
85708,0.03
85709,0.12
85710,0.0
85711,0.02
85712,0.01
85713,0.03
85714,0.05
85715,0.09
85716,0.02
85717,0.09
85718,0.0
85719,0.1
85720,0.14
85721,0.03
85722,0.0
85723,0.07
85724,0.21
85725,0.0
85726,0.02
85727,0.0
85728,0.01
85729,0.02
85730,0.32
85731,0.06
85732,0.05
85733,0.06
85734,0.09
85735,0.09
85736,0.01
85737,0.03
85738,0.07
85739,0.0
85740,0.05
85741,0.0
85742,0.06
85743,0.27
85744,0.01
85745,0.3
85746,0.02
85747,0.03
85748,0.03
85749,0.02
85750,0.0
85751,0.03
85752,0.01
85753,0.01
85754,0.1
85755,0.0
85756,0.02
85757,0.01
85758,0.0
85759,0.01
85760,0.02
85761,0.01
85762,0.02
85763,0.0
85764,0.08
85765,0.05
85766,0.0
85767,0.01
85768,0.01
85769,0.04
85770,0.03
85771,0.07
85772,0.08
85773,0.19
85774,0.0
85775,0.32
85776,0.02
85777,0.0
85778,0.0
85779,0.03
85780,0.14
85781,0.0
85782,0.05
85783,0.01
85784,0.04
85785,0.02
85786,0.03
85787,0.39
85788,0.19
85789,0.02
85790,0.02
85791,0.2
85792,0.29
85793,0.06
85794,0.06
85795,0.01
85796,0.11
85797,0.0
85798,0.03
85799,0.04
85800,0.33
85801,0.04
85802,0.12
85803,0.03
85804,0.02
85805,0.0
85806,0.0
85807,0.0
85808,0.01
85809,0.0
85810,0.04
85811,0.14
85812,0.08
85813,0.82
85814,0.01
85815,0.71
85816,0.0
85817,0.18
85818,0.17
85819,0.05
85820,0.18
85821,0.02
85822,0.1
85823,0.01
85824,0.0
85825,0.06
85826,0.06
85827,0.0
85828,0.02
85829,0.15
85830,0.14
85831,0.0
85832,0.0
85833,0.0
85834,0.04
85835,0.05
85836,0.03
85837,0.0
85838,0.18
85839,0.0
85840,0.03
85841,0.01
85842,0.07
85843,0.0
85844,0.0
85845,0.04
85846,0.05
85847,0.09
85848,0.2
85849,0.15
85850,0.0
85851,0.12
85852,0.05
85853,0.07
85854,0.0
85855,0.37
85856,0.0
85857,0.09
85858,0.21
85859,0.03
85860,0.0
85861,0.01
85862,0.01
85863,0.14
85864,0.0
85865,0.32
85866,0.09
85867,0.0
85868,0.25
85869,0.02
85870,0.2
85871,0.06
85872,0.21
85873,0.04
85874,0.0
85875,0.0
85876,0.07
85877,0.0
85878,0.0
85879,0.21
85880,0.0
85881,0.0
85882,0.0
85883,0.07
85884,0.11
85885,0.0
85886,0.03
85887,0.06
85888,0.0
85889,0.48
85890,0.02
85891,0.09
85892,0.0
85893,0.0
85894,0.26
85895,0.14
85896,0.04
85897,0.0
85898,0.04
85899,0.0
85900,0.51
85901,0.02
85902,0.1
85903,0.01
85904,0.01
85905,0.06
85906,0.1
85907,0.26
85908,0.01
85909,0.02
85910,0.2
85911,0.15
85912,0.01
85913,0.26
85914,0.08
85915,0.12
85916,0.01
85917,0.21
85918,0.16
85919,0.01
85920,0.07
85921,0.17
85922,0.0
85923,0.05
85924,0.49
85925,0.11
85926,0.06
85927,0.0
85928,0.0
85929,0.0
85930,0.36
85931,0.0
85932,0.03
85933,0.14
85934,0.02
85935,0.01
85936,0.0
85937,0.03
85938,0.01
85939,0.1
85940,0.29
85941,0.02
85942,0.07
85943,0.0
85944,0.0
85945,0.17
85946,0.02
85947,0.08
85948,0.1
85949,0.18
85950,0.01
85951,0.01
85952,0.01
85953,0.09
85954,0.04
85955,0.01
85956,0.02
85957,0.04
85958,0.15
85959,0.42
85960,0.02
85961,0.01
85962,0.09
85963,0.02
85964,0.05
85965,0.14
85966,0.15
85967,0.15
85968,0.04
85969,0.34
85970,0.22
85971,0.24
85972,0.22
85973,0.01
85974,0.03
85975,0.09
85976,0.02
85977,0.08
85978,0.03
85979,0.06
85980,0.0
85981,0.07
85982,0.06
85983,0.13
85984,0.06
85985,0.02
85986,0.0
85987,0.06
85988,0.21
85989,0.07
85990,0.0
85991,0.37
85992,0.02
85993,0.07
85994,0.02
85995,0.0
85996,0.35
85997,0.0
85998,0.01
85999,0.07
86000,0.0
86001,0.03
86002,0.0
86003,0.0
86004,0.05
86005,0.14
86006,0.0
86007,0.01
86008,0.01
86009,0.0
86010,0.0
86011,0.05
86012,0.0
86013,0.01
86014,0.17
86015,0.0
86016,0.14
86017,0.01
86018,0.27
86019,0.03
86020,0.0
86021,0.06
86022,0.02
86023,0.03
86024,0.01
86025,0.0
86026,0.03
86027,0.02
86028,0.16
86029,0.14
86030,0.02
86031,0.01
86032,0.39
86033,0.01
86034,0.36
86035,0.0
86036,0.02
86037,0.05
86038,0.01
86039,0.03
86040,0.0
86041,0.03
86042,0.0
86043,0.08
86044,0.0
86045,0.0
86046,0.03
86047,0.07
86048,0.02
86049,0.03
86050,0.0
86051,0.0
86052,0.12
86053,0.09
86054,0.03
86055,0.03
86056,0.07
86057,0.16
86058,0.07
86059,0.0
86060,0.01
86061,0.01
86062,0.02
86063,0.0
86064,0.18
86065,0.03
86066,0.0
86067,0.04
86068,0.02
86069,0.02
86070,0.0
86071,0.0
86072,0.03
86073,0.0
86074,0.21
86075,0.09
86076,0.0
86077,0.23
86078,0.05
86079,0.09
86080,0.28
86081,0.0
86082,0.01
86083,0.03
86084,0.01
86085,0.43
86086,0.04
86087,0.02
86088,0.03
86089,0.3
86090,0.66
86091,0.0
86092,0.04
86093,0.09
86094,0.05
86095,0.08
86096,0.23
86097,0.02
86098,0.01
86099,0.06
86100,0.06
86101,0.0
86102,0.0
86103,0.0
86104,0.06
86105,0.15
86106,0.0
86107,0.07
86108,0.01
86109,0.0
86110,0.17
86111,0.01
86112,0.0
86113,0.03
86114,0.08
86115,0.07
86116,0.0
86117,0.05
86118,0.0
86119,0.0
86120,0.05
86121,0.0
86122,0.04
86123,0.43
86124,0.01
86125,0.32
86126,0.17
86127,0.13
86128,0.0
86129,0.0
86130,0.0
86131,0.02
86132,0.04
86133,0.0
86134,0.0
86135,0.0
86136,0.03
86137,0.02
86138,0.01
86139,0.12
86140,0.1
86141,0.05
86142,0.14
86143,0.0
86144,0.0
86145,0.01
86146,0.12
86147,0.05
86148,0.05
86149,0.1
86150,0.16
86151,0.29
86152,0.0
86153,0.06
86154,0.0
86155,0.0
86156,0.0
86157,0.0
86158,0.04
86159,0.24
86160,0.49
86161,0.02
86162,0.0
86163,0.02
86164,0.03
86165,0.03
86166,0.1
86167,0.0
86168,0.21
86169,0.18
86170,0.04
86171,0.53
86172,0.0
86173,0.03
86174,0.0
86175,0.01
86176,0.0
86177,0.01
86178,0.01
86179,0.03
86180,0.01
86181,0.01
86182,0.0
86183,0.02
86184,0.01
86185,0.3
86186,0.2
86187,0.01
86188,0.02
86189,0.13
86190,0.04
86191,0.17
86192,0.08
86193,0.0
86194,0.0
86195,0.01
86196,0.0
86197,0.46
86198,0.05
86199,0.12
86200,0.0
86201,0.0
86202,0.03
86203,0.01
86204,0.0
86205,0.01
86206,0.0
86207,0.0
86208,0.03
86209,0.09
86210,0.12
86211,0.02
86212,0.07
86213,0.0
86214,0.0
86215,0.05
86216,0.17
86217,0.03
86218,0.1
86219,0.0
86220,0.37
86221,0.08
86222,0.56
86223,0.0
86224,0.0
86225,0.15
86226,0.03
86227,0.13
86228,0.01
86229,0.34
86230,0.18
86231,0.03
86232,0.06
86233,0.07
86234,0.2
86235,0.01
86236,0.0
86237,0.0
86238,0.0
86239,0.0
86240,0.16
86241,0.0
86242,0.02
86243,0.0
86244,0.04
86245,0.02
86246,0.09
86247,0.0
86248,0.04
86249,0.0
86250,0.15
86251,0.0
86252,0.03
86253,0.07
86254,0.0
86255,0.01
86256,0.04
86257,0.0
86258,0.05
86259,0.17
86260,0.09
86261,0.01
86262,0.02
86263,0.04
86264,0.03
86265,0.09
86266,0.01
86267,0.04
86268,0.0
86269,0.07
86270,0.0
86271,0.21
86272,0.02
86273,0.02
86274,0.0
86275,0.0
86276,0.12
86277,0.07
86278,0.0
86279,0.0
86280,0.01
86281,0.05
86282,0.21
86283,0.0
86284,0.02
86285,0.27
86286,0.01
86287,0.12
86288,0.0
86289,0.0
86290,0.07
86291,0.12
86292,0.03
86293,0.16
86294,0.01
86295,0.01
86296,0.61
86297,0.31
86298,0.1
86299,0.09
86300,0.05
86301,0.05
86302,0.02
86303,0.02
86304,0.0
86305,0.01
86306,0.06
86307,0.0
86308,0.0
86309,0.3
86310,0.18
86311,0.0
86312,0.02
86313,0.03
86314,0.01
86315,0.0
86316,0.17
86317,0.0
86318,0.02
86319,0.07
86320,0.02
86321,0.0
86322,0.07
86323,0.08
86324,0.1
86325,0.05
86326,0.01
86327,0.0
86328,0.01
86329,0.02
86330,0.69
86331,0.0
86332,0.02
86333,0.01
86334,0.03
86335,0.0
86336,0.03
86337,0.54
86338,0.34
86339,0.0
86340,0.05
86341,0.07
86342,0.0
86343,0.01
86344,0.01
86345,0.01
86346,0.02
86347,0.01
86348,0.0
86349,0.0
86350,0.0
86351,0.23
86352,0.22
86353,0.04
86354,0.0
86355,0.42
86356,0.15
86357,0.01
86358,0.02
86359,0.33
86360,0.0
86361,0.04
86362,0.06
86363,0.02
86364,0.0
86365,0.05
86366,0.31
86367,0.07
86368,0.0
86369,0.01
86370,0.03
86371,0.01
86372,0.0
86373,0.11
86374,0.02
86375,0.02
86376,0.0
86377,0.06
86378,0.01
86379,0.0
86380,0.04
86381,0.06
86382,0.0
86383,0.01
86384,0.01
86385,0.01
86386,0.01
86387,0.02
86388,0.0
86389,0.13
86390,0.14
86391,0.04
86392,0.16
86393,0.0
86394,0.01
86395,0.14
86396,0.06
86397,0.0
86398,0.0
86399,0.0
86400,0.01
86401,0.0
86402,0.45
86403,0.0
86404,0.03
86405,0.04
86406,0.04
86407,0.02
86408,0.07
86409,0.23
86410,0.0
86411,0.0
86412,0.0
86413,0.3
86414,0.0
86415,0.0
86416,0.04
86417,0.13
86418,0.04
86419,0.0
86420,0.08
86421,0.05
86422,0.0
86423,0.02
86424,0.19
86425,0.0
86426,0.0
86427,0.0
86428,0.08
86429,0.03
86430,0.02
86431,0.02
86432,0.01
86433,0.0
86434,0.5
86435,0.0
86436,0.06
86437,0.01
86438,0.03
86439,0.02
86440,0.03
86441,0.07
86442,0.01
86443,0.03
86444,0.0
86445,0.0
86446,0.01
86447,0.0
86448,0.01
86449,0.03
86450,0.01
86451,0.02
86452,0.08
86453,0.38
86454,0.0
86455,0.02
86456,0.0
86457,0.12
86458,0.01
86459,0.0
86460,0.0
86461,0.01
86462,0.02
86463,0.44
86464,0.0
86465,0.01
86466,0.42
86467,0.79
86468,0.03
86469,0.07
86470,0.01
86471,0.02
86472,0.01
86473,0.07
86474,0.02
86475,0.02
86476,0.01
86477,0.0
86478,0.01
86479,0.32
86480,0.46
86481,0.0
86482,0.0
86483,0.02
86484,0.0
86485,0.0
86486,0.0
86487,0.02
86488,0.0
86489,0.02
86490,0.02
86491,0.01
86492,0.01
86493,0.0
86494,0.09
86495,0.56
86496,0.01
86497,0.01
86498,0.03
86499,0.01
86500,0.03
86501,0.44
86502,0.0
86503,0.06
86504,0.33
86505,0.01
86506,0.0
86507,0.02
86508,0.07
86509,0.01
86510,0.55
86511,0.1
86512,0.05
86513,0.0
86514,0.01
86515,0.36
86516,0.34
86517,0.07
86518,0.21
86519,0.09
86520,0.0
86521,0.02
86522,0.0
86523,0.01
86524,0.12
86525,0.01
86526,0.02
86527,0.06
86528,0.01
86529,0.0
86530,0.11
86531,0.2
86532,0.0
86533,0.0
86534,0.01
86535,0.09
86536,0.07
86537,0.25
86538,0.01
86539,0.1
86540,0.04
86541,0.08
86542,0.01
86543,0.02
86544,0.0
86545,0.04
86546,0.01
86547,0.0
86548,0.0
86549,0.07
86550,0.0
86551,0.02
86552,0.0
86553,0.01
86554,0.08
86555,0.09
86556,0.03
86557,0.0
86558,0.02
86559,0.02
86560,0.05
86561,0.06
86562,0.03
86563,0.02
86564,0.0
86565,0.01
86566,0.05
86567,0.07
86568,0.13
86569,0.39
86570,0.01
86571,0.08
86572,0.0
86573,0.01
86574,0.0
86575,0.4
86576,0.01
86577,0.01
86578,0.01
86579,0.0
86580,0.0
86581,0.01
86582,0.55
86583,0.0
86584,0.04
86585,0.38
86586,0.0
86587,0.01
86588,0.01
86589,0.02
86590,0.01
86591,0.18
86592,0.24
86593,0.0
86594,0.02
86595,0.04
86596,0.0
86597,0.0
86598,0.04
86599,0.01
86600,0.01
86601,0.02
86602,0.03
86603,0.0
86604,0.0
86605,0.07
86606,0.19
86607,0.09
86608,0.03
86609,0.04
86610,0.0
86611,0.0
86612,0.0
86613,0.01
86614,0.0
86615,0.0
86616,0.0
86617,0.0
86618,0.01
86619,0.0
86620,0.01
86621,0.04
86622,0.02
86623,0.01
86624,0.0
86625,0.01
86626,0.04
86627,0.27
86628,0.0
86629,0.0
86630,0.0
86631,0.02
86632,0.03
86633,0.08
86634,0.0
86635,0.01
86636,0.1
86637,0.04
86638,0.0
86639,0.49
86640,0.05
86641,0.01
86642,0.03
86643,0.01
86644,0.18
86645,0.0
86646,0.0
86647,0.0
86648,0.0
86649,0.01
86650,0.01
86651,0.2
86652,0.0
86653,0.04
86654,0.01
86655,0.0
86656,0.0
86657,0.01
86658,0.01
86659,0.03
86660,0.01
86661,0.03
86662,0.24
86663,0.04
86664,0.16
86665,0.1
86666,0.02
86667,0.07
86668,0.0
86669,0.04
86670,0.0
86671,0.26
86672,0.2
86673,0.05
86674,0.04
86675,0.0
86676,0.0
86677,0.13
86678,0.01
86679,0.01
86680,0.03
86681,0.0
86682,0.0
86683,0.04
86684,0.04
86685,0.0
86686,0.0
86687,0.52
86688,0.03
86689,0.0
86690,0.12
86691,0.03
86692,0.2
86693,0.01
86694,0.0
86695,0.0
86696,0.1
86697,0.01
86698,0.06
86699,0.0
86700,0.06
86701,0.03
86702,0.0
86703,0.0
86704,0.01
86705,0.0
86706,0.0
86707,0.01
86708,0.19
86709,0.0
86710,0.02
86711,0.01
86712,0.02
86713,0.06
86714,0.16
86715,0.01
86716,0.01
86717,0.03
86718,0.01
86719,0.42
86720,0.01
86721,0.43
86722,0.03
86723,0.0
86724,0.01
86725,0.0
86726,0.03
86727,0.04
86728,0.11
86729,0.02
86730,0.08
86731,0.0
86732,0.01
86733,0.0
86734,0.05
86735,0.0
86736,0.07
86737,0.03
86738,0.01
86739,0.02
86740,0.53
86741,0.13
86742,0.01
86743,0.03
86744,0.02
86745,0.02
86746,0.02
86747,0.05
86748,0.0
86749,0.03
86750,0.0
86751,0.01
86752,0.03
86753,0.04
86754,0.03
86755,0.04
86756,0.06
86757,0.06
86758,0.06
86759,0.0
86760,0.0
86761,0.23
86762,0.09
86763,0.0
86764,0.12
86765,0.0
86766,0.02
86767,0.01
86768,0.1
86769,0.44
86770,0.0
86771,0.0
86772,0.0
86773,0.07
86774,0.02
86775,0.02
86776,0.0
86777,0.03
86778,0.0
86779,0.0
86780,0.17
86781,0.0
86782,0.07
86783,0.0
86784,0.09
86785,0.5
86786,0.1
86787,0.03
86788,0.02
86789,0.0
86790,0.04
86791,0.0
86792,0.0
86793,0.17
86794,0.0
86795,0.01
86796,0.0
86797,0.15
86798,0.09
86799,0.12
86800,0.03
86801,0.09
86802,0.5
86803,0.03
86804,0.0
86805,0.0
86806,0.01
86807,0.0
86808,0.0
86809,0.08
86810,0.0
86811,0.0
86812,0.07
86813,0.02
86814,0.15
86815,0.07
86816,0.01
86817,0.16
86818,0.0
86819,0.05
86820,0.0
86821,0.01
86822,0.0
86823,0.01
86824,0.05
86825,0.0
86826,0.05
86827,0.01
86828,0.24
86829,0.0
86830,0.09
86831,0.12
86832,0.0
86833,0.03
86834,0.02
86835,0.06
86836,0.03
86837,0.01
86838,0.02
86839,0.29
86840,0.05
86841,0.03
86842,0.02
86843,0.02
86844,0.33
86845,0.09
86846,0.0
86847,0.02
86848,0.0
86849,0.03
86850,0.04
86851,0.0
86852,0.01
86853,0.03
86854,0.06
86855,0.02
86856,0.16
86857,0.06
86858,0.0
86859,0.01
86860,0.11
86861,0.05
86862,0.0
86863,0.02
86864,0.0
86865,0.02
86866,0.0
86867,0.01
86868,0.31
86869,0.26
86870,0.07
86871,0.0
86872,0.02
86873,0.03
86874,0.0
86875,0.0
86876,0.01
86877,0.0
86878,0.02
86879,0.0
86880,0.02
86881,0.0
86882,0.06
86883,0.16
86884,0.03
86885,0.01
86886,0.0
86887,0.02
86888,0.0
86889,0.04
86890,0.32
86891,0.14
86892,0.01
86893,0.06
86894,0.4
86895,0.01
86896,0.06
86897,0.0
86898,0.0
86899,0.12
86900,0.06
86901,0.03
86902,0.0
86903,0.05
86904,0.07
86905,0.0
86906,0.3
86907,0.02
86908,0.0
86909,0.01
86910,0.02
86911,0.2
86912,0.32
86913,0.03
86914,0.34
86915,0.04
86916,0.27
86917,0.01
86918,0.0
86919,0.05
86920,0.17
86921,0.17
86922,0.0
86923,0.15
86924,0.16
86925,0.0
86926,0.13
86927,0.03
86928,0.06
86929,0.09
86930,0.06
86931,0.3
86932,0.0
86933,0.0
86934,0.01
86935,0.02
86936,0.0
86937,0.02
86938,0.06
86939,0.02
86940,0.03
86941,0.0
86942,0.07
86943,0.0
86944,0.0
86945,0.0
86946,0.0
86947,0.0
86948,0.09
86949,0.0
86950,0.11
86951,0.01
86952,0.0
86953,0.0
86954,0.0
86955,0.07
86956,0.04
86957,0.1
86958,0.01
86959,0.0
86960,0.0
86961,0.16
86962,0.05
86963,0.0
86964,0.03
86965,0.04
86966,0.22
86967,0.13
86968,0.07
86969,0.03
86970,0.08
86971,0.0
86972,0.06
86973,0.01
86974,0.01
86975,0.1
86976,0.0
86977,0.0
86978,0.0
86979,0.29
86980,0.16
86981,0.04
86982,0.01
86983,0.14
86984,0.47
86985,0.02
86986,0.02
86987,0.0
86988,0.0
86989,0.0
86990,0.0
86991,0.1
86992,0.0
86993,0.21
86994,0.13
86995,0.04
86996,0.03
86997,0.06
86998,0.0
86999,0.05
87000,0.03
87001,0.0
87002,0.0
87003,0.05
87004,0.04
87005,0.02
87006,0.03
87007,0.03
87008,0.01
87009,0.11
87010,0.0
87011,0.01
87012,0.02
87013,0.04
87014,0.1
87015,0.24
87016,0.08
87017,0.03
87018,0.04
87019,0.0
87020,0.09
87021,0.0
87022,0.01
87023,0.12
87024,0.08
87025,0.08
87026,0.08
87027,0.0
87028,0.0
87029,0.02
87030,0.0
87031,0.0
87032,0.0
87033,0.0
87034,0.02
87035,0.02
87036,0.08
87037,0.03
87038,0.0
87039,0.19
87040,0.0
87041,0.03
87042,0.02
87043,0.11
87044,0.11
87045,0.06
87046,0.07
87047,0.03
87048,0.04
87049,0.04
87050,0.0
87051,0.0
87052,0.0
87053,0.0
87054,0.0
87055,0.1
87056,0.13
87057,0.01
87058,0.0
87059,0.04
87060,0.02
87061,0.04
87062,0.01
87063,0.05
87064,0.07
87065,0.11
87066,0.09
87067,0.07
87068,0.0
87069,0.0
87070,0.01
87071,0.03
87072,0.06
87073,0.52
87074,0.0
87075,0.08
87076,0.0
87077,0.03
87078,0.0
87079,0.15
87080,0.01
87081,0.01
87082,0.04
87083,0.0
87084,0.01
87085,0.01
87086,0.07
87087,0.17
87088,0.02
87089,0.0
87090,0.09
87091,0.17
87092,0.06
87093,0.0
87094,0.01
87095,0.12
87096,0.0
87097,0.0
87098,0.01
87099,0.0
87100,0.0
87101,0.01
87102,0.02
87103,0.02
87104,0.4
87105,0.01
87106,0.03
87107,0.0
87108,0.0
87109,0.0
87110,0.0
87111,0.01
87112,0.28
87113,0.02
87114,0.04
87115,0.09
87116,0.0
87117,0.08
87118,0.02
87119,0.01
87120,0.04
87121,0.17
87122,0.05
87123,0.08
87124,0.01
87125,0.0
87126,0.04
87127,0.01
87128,0.03
87129,0.06
87130,0.0
87131,0.01
87132,0.09
87133,0.12
87134,0.01
87135,0.0
87136,0.06
87137,0.0
87138,0.49
87139,0.02
87140,0.0
87141,0.0
87142,0.0
87143,0.16
87144,0.02
87145,0.01
87146,0.17
87147,0.1
87148,0.01
87149,0.0
87150,0.0
87151,0.01
87152,0.34
87153,0.0
87154,0.09
87155,0.64
87156,0.2
87157,0.05
87158,0.0
87159,0.21
87160,0.29
87161,0.1
87162,0.0
87163,0.09
87164,0.12
87165,0.76
87166,0.01
87167,0.0
87168,0.02
87169,0.06
87170,0.0
87171,0.0
87172,0.03
87173,0.09
87174,0.0
87175,0.01
87176,0.0
87177,0.06
87178,0.09
87179,0.0
87180,0.0
87181,0.01
87182,0.04
87183,0.12
87184,0.05
87185,0.03
87186,0.06
87187,0.0
87188,0.0
87189,0.0
87190,0.15
87191,0.34
87192,0.0
87193,0.01
87194,0.02
87195,0.13
87196,0.05
87197,0.02
87198,0.0
87199,0.02
87200,0.26
87201,0.02
87202,0.1
87203,0.16
87204,0.05
87205,0.22
87206,0.38
87207,0.07
87208,0.0
87209,0.0
87210,0.08
87211,0.0
87212,0.29
87213,0.0
87214,0.0
87215,0.0
87216,0.0
87217,0.0
87218,0.0
87219,0.29
87220,0.01
87221,0.17
87222,0.16
87223,0.02
87224,0.08
87225,0.0
87226,0.0
87227,0.02
87228,0.0
87229,0.03
87230,0.01
87231,0.12
87232,0.04
87233,0.0
87234,0.03
87235,0.0
87236,0.0
87237,0.03
87238,0.1
87239,0.38
87240,0.11
87241,0.03
87242,0.02
87243,0.0
87244,0.33
87245,0.16
87246,0.0
87247,0.0
87248,0.06
87249,0.01
87250,0.59
87251,0.17
87252,0.0
87253,0.01
87254,0.01
87255,0.01
87256,0.23
87257,0.06
87258,0.0
87259,0.11
87260,0.16
87261,0.21
87262,0.01
87263,0.0
87264,0.07
87265,0.01
87266,0.01
87267,0.05
87268,0.1
87269,0.06
87270,0.02
87271,0.04
87272,0.07
87273,0.3
87274,0.07
87275,0.07
87276,0.15
87277,0.0
87278,0.03
87279,0.03
87280,0.01
87281,0.0
87282,0.42
87283,0.1
87284,0.02
87285,0.15
87286,0.0
87287,0.15
87288,0.21
87289,0.03
87290,0.07
87291,0.47
87292,0.23
87293,0.15
87294,0.02
87295,0.1
87296,0.01
87297,0.26
87298,0.03
87299,0.0
87300,0.08
87301,0.02
87302,0.0
87303,0.04
87304,0.01
87305,0.0
87306,0.0
87307,0.0
87308,0.07
87309,0.0
87310,0.0
87311,0.01
87312,0.25
87313,0.01
87314,0.0
87315,0.01
87316,0.12
87317,0.02
87318,0.01
87319,0.09
87320,0.04
87321,0.0
87322,0.0
87323,0.23
87324,0.02
87325,0.01
87326,0.0
87327,0.03
87328,0.11
87329,0.01
87330,0.04
87331,0.0
87332,0.03
87333,0.11
87334,0.0
87335,0.14
87336,0.02
87337,0.26
87338,0.23
87339,0.09
87340,0.0
87341,0.0
87342,0.01
87343,0.0
87344,0.02
87345,0.0
87346,0.26
87347,0.34
87348,0.02
87349,0.0
87350,0.11
87351,0.01
87352,0.0
87353,0.02
87354,0.02
87355,0.0
87356,0.0
87357,0.04
87358,0.0
87359,0.16
87360,0.06
87361,0.04
87362,0.0
87363,0.04
87364,0.03
87365,0.06
87366,0.6
87367,0.0
87368,0.19
87369,0.39
87370,0.04
87371,0.02
87372,0.0
87373,0.02
87374,0.01
87375,0.69
87376,0.0
87377,0.08
87378,0.01
87379,0.03
87380,0.01
87381,0.05
87382,0.02
87383,0.01
87384,0.04
87385,0.0
87386,0.01
87387,0.0
87388,0.07
87389,0.02
87390,0.46
87391,0.17
87392,0.0
87393,0.1
87394,0.05
87395,0.03
87396,0.0
87397,0.01
87398,0.0
87399,0.09
87400,0.11
87401,0.0
87402,0.05
87403,0.04
87404,0.0
87405,0.0
87406,0.01
87407,0.01
87408,0.04
87409,0.01
87410,0.02
87411,0.02
87412,0.19
87413,0.01
87414,0.0
87415,0.25
87416,0.01
87417,0.0
87418,0.1
87419,0.0
87420,0.02
87421,0.0
87422,0.17
87423,0.02
87424,0.01
87425,0.0
87426,0.26
87427,0.3
87428,0.03
87429,0.0
87430,0.02
87431,0.0
87432,0.0
87433,0.04
87434,0.09
87435,0.03
87436,0.0
87437,0.03
87438,0.14
87439,0.0
87440,0.0
87441,0.4
87442,0.0
87443,0.01
87444,0.02
87445,0.05
87446,0.04
87447,0.01
87448,0.12
87449,0.01
87450,0.0
87451,0.08
87452,0.01
87453,0.25
87454,0.01
87455,0.31
87456,0.05
87457,0.01
87458,0.0
87459,0.04
87460,0.74
87461,0.0
87462,0.0
87463,0.16
87464,0.0
87465,0.14
87466,0.02
87467,0.0
87468,0.03
87469,0.01
87470,0.0
87471,0.0
87472,0.12
87473,0.29
87474,0.0
87475,0.12
87476,0.1
87477,0.01
87478,0.03
87479,0.0
87480,0.08
87481,0.08
87482,0.02
87483,0.0
87484,0.04
87485,0.0
87486,0.46
87487,0.05
87488,0.04
87489,0.0
87490,0.0
87491,0.04
87492,0.0
87493,0.0
87494,0.04
87495,0.43
87496,0.0
87497,0.2
87498,0.29
87499,0.15
87500,0.01
87501,0.04
87502,0.54
87503,0.08
87504,0.05
87505,0.03
87506,0.06
87507,0.0
87508,0.07
87509,0.08
87510,0.08
87511,0.01
87512,0.0
87513,0.0
87514,0.02
87515,0.1
87516,0.0
87517,0.0
87518,0.01
87519,0.01
87520,0.01
87521,0.03
87522,0.32
87523,0.0
87524,0.01
87525,0.01
87526,0.07
87527,0.15
87528,0.05
87529,0.47
87530,0.07
87531,0.0
87532,0.02
87533,0.13
87534,0.01
87535,0.49
87536,0.07
87537,0.01
87538,0.1
87539,0.03
87540,0.04
87541,0.03
87542,0.12
87543,0.14
87544,0.01
87545,0.04
87546,0.03
87547,0.08
87548,0.01
87549,0.0
87550,0.04
87551,0.05
87552,0.05
87553,0.0
87554,0.0
87555,0.06
87556,0.0
87557,0.0
87558,0.01
87559,0.64
87560,0.0
87561,0.0
87562,0.0
87563,0.03
87564,0.0
87565,0.13
87566,0.0
87567,0.06
87568,0.11
87569,0.04
87570,0.0
87571,0.02
87572,0.11
87573,0.01
87574,0.0
87575,0.03
87576,0.07
87577,0.0
87578,0.01
87579,0.06
87580,0.02
87581,0.0
87582,0.44
87583,0.0
87584,0.23
87585,0.01
87586,0.01
87587,0.09
87588,0.12
87589,0.01
87590,0.03
87591,0.19
87592,0.09
87593,0.03
87594,0.0
87595,0.0
87596,0.04
87597,0.09
87598,0.0
87599,0.03
87600,0.05
87601,0.14
87602,0.46
87603,0.03
87604,0.17
87605,0.04
87606,0.05
87607,0.0
87608,0.0
87609,0.01
87610,0.0
87611,0.05
87612,0.05
87613,0.18
87614,0.05
87615,0.01
87616,0.13
87617,0.0
87618,0.16
87619,0.01
87620,0.04
87621,0.03
87622,0.03
87623,0.19
87624,0.31
87625,0.1
87626,0.0
87627,0.05
87628,0.07
87629,0.36
87630,0.12
87631,0.09
87632,0.0
87633,0.0
87634,0.11
87635,0.01
87636,0.01
87637,0.0
87638,0.01
87639,0.1
87640,0.24
87641,0.0
87642,0.03
87643,0.04
87644,0.83
87645,0.03
87646,0.11
87647,0.45
87648,0.0
87649,0.0
87650,0.25
87651,0.38
87652,0.17
87653,0.05
87654,0.08
87655,0.04
87656,0.01
87657,0.0
87658,0.05
87659,0.14
87660,0.0
87661,0.0
87662,0.0
87663,0.14
87664,0.06
87665,0.05
87666,0.0
87667,0.01
87668,0.0
87669,0.0
87670,0.04
87671,0.01
87672,0.0
87673,0.25
87674,0.02
87675,0.39
87676,0.03
87677,0.01
87678,0.09
87679,0.05
87680,0.01
87681,0.04
87682,0.0
87683,0.1
87684,0.05
87685,0.08
87686,0.11
87687,0.01
87688,0.29
87689,0.01
87690,0.0
87691,0.23
87692,0.04
87693,0.06
87694,0.0
87695,0.0
87696,0.1
87697,0.31
87698,0.0
87699,0.06
87700,0.08
87701,0.02
87702,0.03
87703,0.08
87704,0.09
87705,0.04
87706,0.0
87707,0.0
87708,0.31
87709,0.07
87710,0.01
87711,0.0
87712,0.07
87713,0.21
87714,0.5
87715,0.08
87716,0.0
87717,0.08
87718,0.03
87719,0.84
87720,0.0
87721,0.49
87722,0.16
87723,0.09
87724,0.05
87725,0.18
87726,0.02
87727,0.19
87728,0.0
87729,0.26
87730,0.0
87731,0.1
87732,0.34
87733,0.11
87734,0.0
87735,0.01
87736,0.0
87737,0.07
87738,0.0
87739,0.0
87740,0.14
87741,0.0
87742,0.01
87743,0.03
87744,0.0
87745,0.0
87746,0.0
87747,0.01
87748,0.0
87749,0.0
87750,0.01
87751,0.01
87752,0.03
87753,0.04
87754,0.03
87755,0.04
87756,0.0
87757,0.04
87758,0.14
87759,0.1
87760,0.01
87761,0.11
87762,0.1
87763,0.01
87764,0.0
87765,0.13
87766,0.0
87767,0.11
87768,0.36
87769,0.02
87770,0.05
87771,0.17
87772,0.02
87773,0.0
87774,0.01
87775,0.01
87776,0.01
87777,0.01
87778,0.22
87779,0.0
87780,0.01
87781,0.21
87782,0.01
87783,0.02
87784,0.02
87785,0.0
87786,0.0
87787,0.01
87788,0.0
87789,0.17
87790,0.0
87791,0.03
87792,0.01
87793,0.2
87794,0.01
87795,0.01
87796,0.12
87797,0.02
87798,0.0
87799,0.02
87800,0.56
87801,0.05
87802,0.0
87803,0.0
87804,0.0
87805,0.17
87806,0.01
87807,0.02
87808,0.0
87809,0.03
87810,0.21
87811,0.01
87812,0.01
87813,0.04
87814,0.16
87815,0.06
87816,0.05
87817,0.21
87818,0.01
87819,0.01
87820,0.11
87821,0.01
87822,0.01
87823,0.0
87824,0.03
87825,0.0
87826,0.01
87827,0.08
87828,0.0
87829,0.0
87830,0.29
87831,0.0
87832,0.0
87833,0.0
87834,0.06
87835,0.03
87836,0.01
87837,0.01
87838,0.05
87839,0.05
87840,0.0
87841,0.0
87842,0.11
87843,0.0
87844,0.01
87845,0.05
87846,0.59
87847,0.04
87848,0.04
87849,0.0
87850,0.0
87851,0.09
87852,0.0
87853,0.0
87854,0.04
87855,0.02
87856,0.18
87857,0.31
87858,0.01
87859,0.0
87860,0.0
87861,0.2
87862,0.24
87863,0.0
87864,0.02
87865,0.03
87866,0.01
87867,0.03
87868,0.28
87869,0.0
87870,0.0
87871,0.1
87872,0.0
87873,0.23
87874,0.04
87875,0.0
87876,0.03
87877,0.02
87878,0.04
87879,0.01
87880,0.45
87881,0.0
87882,0.15
87883,0.04
87884,0.09
87885,0.0
87886,0.03
87887,0.12
87888,0.01
87889,0.0
87890,0.02
87891,0.0
87892,0.0
87893,0.07
87894,0.01
87895,0.09
87896,0.0
87897,0.0
87898,0.0
87899,0.01
87900,0.01
87901,0.0
87902,0.03
87903,0.17
87904,0.23
87905,0.11
87906,0.02
87907,0.01
87908,0.03
87909,0.65
87910,0.0
87911,0.0
87912,0.0
87913,0.05
87914,0.0
87915,0.0
87916,0.04
87917,0.0
87918,0.0
87919,0.01
87920,0.0
87921,0.02
87922,0.24
87923,0.06
87924,0.01
87925,0.0
87926,0.0
87927,0.0
87928,0.11
87929,0.01
87930,0.14
87931,0.01
87932,0.0
87933,0.0
87934,0.0
87935,0.03
87936,0.49
87937,0.03
87938,0.0
87939,0.04
87940,0.13
87941,0.1
87942,0.0
87943,0.01
87944,0.24
87945,0.02
87946,0.04
87947,0.0
87948,0.21
87949,0.02
87950,0.01
87951,0.09
87952,0.01
87953,0.39
87954,0.0
87955,0.08
87956,0.01
87957,0.0
87958,0.19
87959,0.0
87960,0.01
87961,0.02
87962,0.0
87963,0.13
87964,0.12
87965,0.02
87966,0.0
87967,0.33
87968,0.01
87969,0.04
87970,0.03
87971,0.01
87972,0.02
87973,0.0
87974,0.0
87975,0.02
87976,0.2
87977,0.13
87978,0.18
87979,0.0
87980,0.0
87981,0.03
87982,0.08
87983,0.0
87984,0.01
87985,0.11
87986,0.43
87987,0.15
87988,0.02
87989,0.02
87990,0.0
87991,0.01
87992,0.0
87993,0.03
87994,0.04
87995,0.01
87996,0.19
87997,0.0
87998,0.0
87999,0.3
88000,0.02
88001,0.0
88002,0.02
88003,0.0
88004,0.02
88005,0.12
88006,0.1
88007,0.02
88008,0.0
88009,0.02
88010,0.0
88011,0.08
88012,0.01
88013,0.03
88014,0.44
88015,0.01
88016,0.11
88017,0.01
88018,0.01
88019,0.0
88020,0.0
88021,0.03
88022,0.0
88023,0.35
88024,0.01
88025,0.04
88026,0.0
88027,0.02
88028,0.03
88029,0.06
88030,0.02
88031,0.0
88032,0.0
88033,0.01
88034,0.38
88035,0.02
88036,0.03
88037,0.0
88038,0.07
88039,0.0
88040,0.06
88041,0.06
88042,0.04
88043,0.17
88044,0.01
88045,0.0
88046,0.0
88047,0.0
88048,0.0
88049,0.0
88050,0.01
88051,0.0
88052,0.02
88053,0.05
88054,0.02
88055,0.01
88056,0.05
88057,0.0
88058,0.0
88059,0.0
88060,0.0
88061,0.0
88062,0.02
88063,0.03
88064,0.21
88065,0.25
88066,0.02
88067,0.08
88068,0.01
88069,0.02
88070,0.2
88071,0.29
88072,0.04
88073,0.02
88074,0.0
88075,0.0
88076,0.01
88077,0.09
88078,0.0
88079,0.01
88080,0.01
88081,0.1
88082,0.22
88083,0.02
88084,0.01
88085,0.0
88086,0.01
88087,0.02
88088,0.0
88089,0.0
88090,0.23
88091,0.0
88092,0.0
88093,0.01
88094,0.01
88095,0.09
88096,0.01
88097,0.07
88098,0.01
88099,0.42
88100,0.02
88101,0.0
88102,0.0
88103,0.03
88104,0.0
88105,0.02
88106,0.0
88107,0.07
88108,0.07
88109,0.07
88110,0.08
88111,0.54
88112,0.0
88113,0.0
88114,0.01
88115,0.0
88116,0.12
88117,0.06
88118,0.01
88119,0.0
88120,0.03
88121,0.05
88122,0.12
88123,0.0
88124,0.03
88125,0.12
88126,0.24
88127,0.0
88128,0.0
88129,0.02
88130,0.23
88131,0.38
88132,0.0
88133,0.04
88134,0.01
88135,0.02
88136,0.03
88137,0.34
88138,0.16
88139,0.0
88140,0.06
88141,0.04
88142,0.06
88143,0.0
88144,0.07
88145,0.02
88146,0.25
88147,0.0
88148,0.06
88149,0.04
88150,0.04
88151,0.31
88152,0.02
88153,0.06
88154,0.0
88155,0.0
88156,0.04
88157,0.01
88158,0.1
88159,0.0
88160,0.0
88161,0.03
88162,0.0
88163,0.11
88164,0.01
88165,0.0
88166,0.0
88167,0.0
88168,0.07
88169,0.0
88170,0.01
88171,0.03
88172,0.28
88173,0.01
88174,0.02
88175,0.35
88176,0.03
88177,0.03
88178,0.0
88179,0.0
88180,0.0
88181,0.08
88182,0.0
88183,0.16
88184,0.03
88185,0.02
88186,0.11
88187,0.0
88188,0.06
88189,0.26
88190,0.11
88191,0.0
88192,0.06
88193,0.02
88194,0.17
88195,0.19
88196,0.0
88197,0.0
88198,0.0
88199,0.0
88200,0.01
88201,0.34
88202,0.07
88203,0.14
88204,0.56
88205,0.03
88206,0.13
88207,0.12
88208,0.0
88209,0.02
88210,0.46
88211,0.09
88212,0.03
88213,0.19
88214,0.43
88215,0.0
88216,0.04
88217,0.23
88218,0.01
88219,0.01
88220,0.0
88221,0.05
88222,0.05
88223,0.05
88224,0.01
88225,0.05
88226,0.26
88227,0.04
88228,0.31
88229,0.03
88230,0.03
88231,0.0
88232,0.0
88233,0.0
88234,0.0
88235,0.53
88236,0.04
88237,0.01
88238,0.02
88239,0.01
88240,0.0
88241,0.0
88242,0.07
88243,0.0
88244,0.03
88245,0.01
88246,0.24
88247,0.02
88248,0.04
88249,0.0
88250,0.02
88251,0.0
88252,0.12
88253,0.78
88254,0.0
88255,0.0
88256,0.01
88257,0.0
88258,0.12
88259,0.04
88260,0.01
88261,0.08
88262,0.06
88263,0.0
88264,0.01
88265,0.0
88266,0.05
88267,0.08
88268,0.0
88269,0.01
88270,0.11
88271,0.04
88272,0.02
88273,0.0
88274,0.02
88275,0.0
88276,0.03
88277,0.02
88278,0.0
88279,0.0
88280,0.0
88281,0.03
88282,0.0
88283,0.01
88284,0.0
88285,0.02
88286,0.08
88287,0.05
88288,0.0
88289,0.0
88290,0.0
88291,0.04
88292,0.11
88293,0.29
88294,0.07
88295,0.08
88296,0.05
88297,0.0
88298,0.01
88299,0.06
88300,0.05
88301,0.23
88302,0.0
88303,0.01
88304,0.04
88305,0.0
88306,0.05
88307,0.0
88308,0.03
88309,0.0
88310,0.07
88311,0.0
88312,0.48
88313,0.0
88314,0.13
88315,0.04
88316,0.01
88317,0.02
88318,0.01
88319,0.14
88320,0.0
88321,0.0
88322,0.03
88323,0.0
88324,0.11
88325,0.11
88326,0.0
88327,0.08
88328,0.0
88329,0.05
88330,0.06
88331,0.42
88332,0.01
88333,0.04
88334,0.04
88335,0.05
88336,0.0
88337,0.02
88338,0.11
88339,0.03
88340,0.05
88341,0.01
88342,0.0
88343,0.03
88344,0.0
88345,0.09
88346,0.0
88347,0.03
88348,0.2
88349,0.03
88350,0.23
88351,0.06
88352,0.0
88353,0.04
88354,0.23
88355,0.0
88356,0.17
88357,0.0
88358,0.06
88359,0.02
88360,0.01
88361,0.0
88362,0.04
88363,0.01
88364,0.01
88365,0.03
88366,0.04
88367,0.0
88368,0.01
88369,0.08
88370,0.0
88371,0.08
88372,0.0
88373,0.04
88374,0.03
88375,0.03
88376,0.03
88377,0.19
88378,0.05
88379,0.31
88380,0.0
88381,0.01
88382,0.5
88383,0.01
88384,0.0
88385,0.0
88386,0.06
88387,0.02
88388,0.07
88389,0.01
88390,0.21
88391,0.0
88392,0.08
88393,0.02
88394,0.12
88395,0.03
88396,0.0
88397,0.01
88398,0.05
88399,0.0
88400,0.0
88401,0.06
88402,0.02
88403,0.72
88404,0.01
88405,0.01
88406,0.19
88407,0.0
88408,0.0
88409,0.01
88410,0.1
88411,0.01
88412,0.13
88413,0.05
88414,0.04
88415,0.46
88416,0.0
88417,0.36
88418,0.0
88419,0.0
88420,0.0
88421,0.17
88422,0.01
88423,0.04
88424,0.01
88425,0.06
88426,0.0
88427,0.0
88428,0.0
88429,0.0
88430,0.68
88431,0.0
88432,0.1
88433,0.01
88434,0.33
88435,0.0
88436,0.0
88437,0.05
88438,0.27
88439,0.42
88440,0.03
88441,0.07
88442,0.02
88443,0.01
88444,0.0
88445,0.05
88446,0.07
88447,0.04
88448,0.04
88449,0.0
88450,0.16
88451,0.0
88452,0.03
88453,0.0
88454,0.5
88455,0.0
88456,0.0
88457,0.0
88458,0.07
88459,0.0
88460,0.06
88461,0.0
88462,0.09
88463,0.01
88464,0.18
88465,0.0
88466,0.0
88467,0.03
88468,0.03
88469,0.11
88470,0.0
88471,0.04
88472,0.01
88473,0.0
88474,0.07
88475,0.01
88476,0.04
88477,0.0
88478,0.74
88479,0.0
88480,0.02
88481,0.04
88482,0.0
88483,0.12
88484,0.01
88485,0.02
88486,0.21
88487,0.3
88488,0.1
88489,0.01
88490,0.01
88491,0.03
88492,0.02
88493,0.1
88494,0.01
88495,0.01
88496,0.0
88497,0.02
88498,0.0
88499,0.11
88500,0.02
88501,0.03
88502,0.05
88503,0.0
88504,0.07
88505,0.03
88506,0.15
88507,0.02
88508,0.1
88509,0.67
88510,0.0
88511,0.02
88512,0.0
88513,0.0
88514,0.01
88515,0.11
88516,0.0
88517,0.01
88518,0.03
88519,0.0
88520,0.02
88521,0.04
88522,0.04
88523,0.0
88524,0.0
88525,0.09
88526,0.34
88527,0.29
88528,0.12
88529,0.0
88530,0.01
88531,0.04
88532,0.03
88533,0.11
88534,0.06
88535,0.0
88536,0.12
88537,0.01
88538,0.32
88539,0.16
88540,0.36
88541,0.01
88542,0.0
88543,0.04
88544,0.0
88545,0.1
88546,0.0
88547,0.0
88548,0.0
88549,0.04
88550,0.04
88551,0.01
88552,0.0
88553,0.0
88554,0.01
88555,0.01
88556,0.01
88557,0.0
88558,0.01
88559,0.07
88560,0.0
88561,0.03
88562,0.01
88563,0.05
88564,0.03
88565,0.0
88566,0.01
88567,0.32
88568,0.03
88569,0.07
88570,0.0
88571,0.09
88572,0.02
88573,0.02
88574,0.0
88575,0.13
88576,0.02
88577,0.04
88578,0.0
88579,0.01
88580,0.0
88581,0.0
88582,0.04
88583,0.02
88584,0.0
88585,0.06
88586,0.02
88587,0.0
88588,0.19
88589,0.08
88590,0.06
88591,0.09
88592,0.09
88593,0.06
88594,0.09
88595,0.08
88596,0.02
88597,0.0
88598,0.02
88599,0.13
88600,0.0
88601,0.01
88602,0.02
88603,0.03
88604,0.03
88605,0.0
88606,0.05
88607,0.0
88608,0.23
88609,0.17
88610,0.12
88611,0.0
88612,0.01
88613,0.36
88614,0.09
88615,0.06
88616,0.01
88617,0.01
88618,0.06
88619,0.02
88620,0.0
88621,0.2
88622,0.53
88623,0.04
88624,0.0
88625,0.04
88626,0.11
88627,0.02
88628,0.02
88629,0.23
88630,0.03
88631,0.13
88632,0.04
88633,0.0
88634,0.03
88635,0.04
88636,0.0
88637,0.51
88638,0.03
88639,0.01
88640,0.15
88641,0.0
88642,0.16
88643,0.0
88644,0.07
88645,0.0
88646,0.04
88647,0.08
88648,0.0
88649,0.0
88650,0.0
88651,0.0
88652,0.03
88653,0.05
88654,0.0
88655,0.0
88656,0.0
88657,0.0
88658,0.0
88659,0.0
88660,0.01
88661,0.02
88662,0.02
88663,0.01
88664,0.0
88665,0.03
88666,0.18
88667,0.0
88668,0.0
88669,0.59
88670,0.0
88671,0.01
88672,0.03
88673,0.0
88674,0.03
88675,0.05
88676,0.03
88677,0.02
88678,0.02
88679,0.0
88680,0.03
88681,0.04
88682,0.02
88683,0.22
88684,0.04
88685,0.0
88686,0.07
88687,0.05
88688,0.02
88689,0.06
88690,0.07
88691,0.0
88692,0.07
88693,0.12
88694,0.01
88695,0.03
88696,0.19
88697,0.01
88698,0.24
88699,0.05
88700,0.01
88701,0.0
88702,0.23
88703,0.01
88704,0.0
88705,0.09
88706,0.01
88707,0.0
88708,0.39
88709,0.08
88710,0.03
88711,0.35
88712,0.04
88713,0.0
88714,0.01
88715,0.26
88716,0.02
88717,0.03
88718,0.28
88719,0.14
88720,0.03
88721,0.01
88722,0.01
88723,0.02
88724,0.05
88725,0.24
88726,0.0
88727,0.04
88728,0.0
88729,0.27
88730,0.0
88731,0.27
88732,0.17
88733,0.23
88734,0.49
88735,0.18
88736,0.3
88737,0.0
88738,0.01
88739,0.03
88740,0.01
88741,0.01
88742,0.02
88743,0.04
88744,0.13
88745,0.02
88746,0.06
88747,0.01
88748,0.0
88749,0.0
88750,0.0
88751,0.21
88752,0.0
88753,0.06
88754,0.0
88755,0.0
88756,0.01
88757,0.02
88758,0.45
88759,0.0
88760,0.0
88761,0.05
88762,0.0
88763,0.05
88764,0.29
88765,0.01
88766,0.02
88767,0.05
88768,0.0
88769,0.02
88770,0.0
88771,0.09
88772,0.0
88773,0.01
88774,0.23
88775,0.04
88776,0.02
88777,0.03
88778,0.0
88779,0.15
88780,0.0
88781,0.04
88782,0.01
88783,0.01
88784,0.01
88785,0.0
88786,0.03
88787,0.1
88788,0.05
88789,0.09
88790,0.02
88791,0.01
88792,0.04
88793,0.11
88794,0.0
88795,0.0
88796,0.0
88797,0.04
88798,0.06
88799,0.01
88800,0.12
88801,0.13
88802,0.17
88803,0.04
88804,0.0
88805,0.01
88806,0.08
88807,0.07
88808,0.01
88809,0.36
88810,0.08
88811,0.0
88812,0.0
88813,0.02
88814,0.02
88815,0.29
88816,0.01
88817,0.08
88818,0.1
88819,0.0
88820,0.04
88821,0.06
88822,0.05
88823,0.18
88824,0.42
88825,0.01
88826,0.25
88827,0.0
88828,0.06
88829,0.01
88830,0.03
88831,0.01
88832,0.0
88833,0.01
88834,0.01
88835,0.0
88836,0.01
88837,0.0
88838,0.06
88839,0.5
88840,0.08
88841,0.05
88842,0.0
88843,0.43
88844,0.0
88845,0.0
88846,0.02
88847,0.03
88848,0.03
88849,0.01
88850,0.2
88851,0.0
88852,0.11
88853,0.04
88854,0.05
88855,0.01
88856,0.0
88857,0.02
88858,0.03
88859,0.01
88860,0.06
88861,0.04
88862,0.02
88863,0.06
88864,0.04
88865,0.01
88866,0.01
88867,0.01
88868,0.05
88869,0.0
88870,0.01
88871,0.0
88872,0.0
88873,0.0
88874,0.01
88875,0.0
88876,0.01
88877,0.0
88878,0.01
88879,0.07
88880,0.17
88881,0.45
88882,0.01
88883,0.09
88884,0.0
88885,0.05
88886,0.03
88887,0.0
88888,0.01
88889,0.14
88890,0.55
88891,0.0
88892,0.0
88893,0.04
88894,0.01
88895,0.0
88896,0.01
88897,0.36
88898,0.08
88899,0.01
88900,0.03
88901,0.0
88902,0.02
88903,0.04
88904,0.0
88905,0.1
88906,0.0
88907,0.0
88908,0.02
88909,0.09
88910,0.0
88911,0.01
88912,0.03
88913,0.03
88914,0.03
88915,0.02
88916,0.01
88917,0.28
88918,0.03
88919,0.47
88920,0.0
88921,0.0
88922,0.0
88923,0.02
88924,0.2
88925,0.04
88926,0.05
88927,0.0
88928,0.19
88929,0.01
88930,0.0
88931,0.09
88932,0.0
88933,0.01
88934,0.0
88935,0.01
88936,0.26
88937,0.0
88938,0.15
88939,0.02
88940,0.03
88941,0.05
88942,0.0
88943,0.01
88944,0.04
88945,0.08
88946,0.1
88947,0.02
88948,0.0
88949,0.02
88950,0.05
88951,0.03
88952,0.01
88953,0.0
88954,0.04
88955,0.02
88956,0.0
88957,0.02
88958,0.46
88959,0.23
88960,0.03
88961,0.03
88962,0.01
88963,0.11
88964,0.0
88965,0.0
88966,0.04
88967,0.31
88968,0.02
88969,0.14
88970,0.0
88971,0.01
88972,0.0
88973,0.1
88974,0.02
88975,0.01
88976,0.0
88977,0.03
88978,0.17
88979,0.06
88980,0.06
88981,0.13
88982,0.0
88983,0.0
88984,0.06
88985,0.03
88986,0.0
88987,0.1
88988,0.02
88989,0.02
88990,0.11
88991,0.53
88992,0.06
88993,0.0
88994,0.06
88995,0.0
88996,0.0
88997,0.04
88998,0.28
88999,0.01
89000,0.03
89001,0.06
89002,0.01
89003,0.0
89004,0.04
89005,0.06
89006,0.36
89007,0.02
89008,0.05
89009,0.21
89010,0.0
89011,0.2
89012,0.03
89013,0.03
89014,0.04
89015,0.44
89016,0.24
89017,0.0
89018,0.0
89019,0.07
89020,0.04
89021,0.41
89022,0.0
89023,0.16
89024,0.02
89025,0.35
89026,0.0
89027,0.01
89028,0.0
89029,0.04
89030,0.02
89031,0.04
89032,0.0
89033,0.28
89034,0.02
89035,0.07
89036,0.21
89037,0.09
89038,0.05
89039,0.0
89040,0.0
89041,0.0
89042,0.05
89043,0.04
89044,0.01
89045,0.05
89046,0.26
89047,0.22
89048,0.0
89049,0.4
89050,0.03
89051,0.01
89052,0.03
89053,0.01
89054,0.0
89055,0.06
89056,0.02
89057,0.04
89058,0.01
89059,0.0
89060,0.06
89061,0.01
89062,0.01
89063,0.01
89064,0.03
89065,0.01
89066,0.0
89067,0.0
89068,0.01
89069,0.17
89070,0.0
89071,0.1
89072,0.0
89073,0.0
89074,0.04
89075,0.0
89076,0.15
89077,0.02
89078,0.0
89079,0.11
89080,0.0
89081,0.0
89082,0.15
89083,0.35
89084,0.0
89085,0.11
89086,0.02
89087,0.26
89088,0.0
89089,0.0
89090,0.0
89091,0.54
89092,0.14
89093,0.03
89094,0.04
89095,0.04
89096,0.0
89097,0.05
89098,0.1
89099,0.0
89100,0.12
89101,0.0
89102,0.03
89103,0.07
89104,0.0
89105,0.06
89106,0.09
89107,0.02
89108,0.02
89109,0.02
89110,0.0
89111,0.16
89112,0.01
89113,0.39
89114,0.0
89115,0.0
89116,0.08
89117,0.01
89118,0.05
89119,0.2
89120,0.1
89121,0.33
89122,0.24
89123,0.18
89124,0.0
89125,0.0
89126,0.0
89127,0.0
89128,0.04
89129,0.03
89130,0.02
89131,0.18
89132,0.23
89133,0.01
89134,0.08
89135,0.0
89136,0.2
89137,0.0
89138,0.08
89139,0.0
89140,0.0
89141,0.01
89142,0.0
89143,0.02
89144,0.04
89145,0.0
89146,0.04
89147,0.0
89148,0.04
89149,0.0
89150,0.01
89151,0.13
89152,0.5
89153,0.01
89154,0.2
89155,0.01
89156,0.04
89157,0.01
89158,0.02
89159,0.01
89160,0.16
89161,0.0
89162,0.0
89163,0.04
89164,0.06
89165,0.0
89166,0.0
89167,0.13
89168,0.07
89169,0.04
89170,0.16
89171,0.44
89172,0.0
89173,0.0
89174,0.1
89175,0.0
89176,0.04
89177,0.0
89178,0.08
89179,0.03
89180,0.0
89181,0.24
89182,0.0
89183,0.04
89184,0.3
89185,0.0
89186,0.03
89187,0.63
89188,0.13
89189,0.02
89190,0.04
89191,0.0
89192,0.03
89193,0.19
89194,0.01
89195,0.07
89196,0.03
89197,0.0
89198,0.0
89199,0.01
89200,0.19
89201,0.11
89202,0.02
89203,0.05
89204,0.01
89205,0.21
89206,0.02
89207,0.19
89208,0.1
89209,0.12
89210,0.13
89211,0.03
89212,0.08
89213,0.14
89214,0.03
89215,0.01
89216,0.07
89217,0.08
89218,0.01
89219,0.14
89220,0.0
89221,0.0
89222,0.05
89223,0.03
89224,0.14
89225,0.08
89226,0.03
89227,0.0
89228,0.01
89229,0.0
89230,0.03
89231,0.0
89232,0.02
89233,0.09
89234,0.01
89235,0.01
89236,0.04
89237,0.02
89238,0.1
89239,0.01
89240,0.32
89241,0.0
89242,0.02
89243,0.03
89244,0.02
89245,0.04
89246,0.0
89247,0.01
89248,0.02
89249,0.09
89250,0.03
89251,0.02
89252,0.06
89253,0.0
89254,0.0
89255,0.12
89256,0.34
89257,0.21
89258,0.01
89259,0.24
89260,0.01
89261,0.0
89262,0.07
89263,0.04
89264,0.01
89265,0.0
89266,0.06
89267,0.1
89268,0.04
89269,0.27
89270,0.36
89271,0.0
89272,0.0
89273,0.0
89274,0.03
89275,0.09
89276,0.04
89277,0.03
89278,0.1
89279,0.06
89280,0.05
89281,0.0
89282,0.12
89283,0.45
89284,0.04
89285,0.06
89286,0.02
89287,0.0
89288,0.04
89289,0.0
89290,0.01
89291,0.05
89292,0.08
89293,0.02
89294,0.01
89295,0.16
89296,0.06
89297,0.01
89298,0.03
89299,0.06
89300,0.0
89301,0.06
89302,0.0
89303,0.12
89304,0.01
89305,0.0
89306,0.01
89307,0.1
89308,0.01
89309,0.02
89310,0.05
89311,0.48
89312,0.0
89313,0.31
89314,0.0
89315,0.27
89316,0.16
89317,0.03
89318,0.0
89319,0.0
89320,0.18
89321,0.24
89322,0.02
89323,0.0
89324,0.04
89325,0.07
89326,0.07
89327,0.0
89328,0.01
89329,0.03
89330,0.0
89331,0.04
89332,0.01
89333,0.02
89334,0.0
89335,0.03
89336,0.0
89337,0.0
89338,0.03
89339,0.21
89340,0.02
89341,0.18
89342,0.11
89343,0.05
89344,0.13
89345,0.0
89346,0.04
89347,0.06
89348,0.03
89349,0.03
89350,0.06
89351,0.01
89352,0.0
89353,0.0
89354,0.02
89355,0.06
89356,0.0
89357,0.21
89358,0.0
89359,0.07
89360,0.33
89361,0.1
89362,0.0
89363,0.05
89364,0.15
89365,0.15
89366,0.0
89367,0.0
89368,0.04
89369,0.11
89370,0.07
89371,0.01
89372,0.0
89373,0.02
89374,0.0
89375,0.11
89376,0.92
89377,0.01
89378,0.11
89379,0.03
89380,0.0
89381,0.15
89382,0.0
89383,0.62
89384,0.01
89385,0.18
89386,0.17
89387,0.06
89388,0.13
89389,0.09
89390,0.02
89391,0.03
89392,0.02
89393,0.0
89394,0.25
89395,0.05
89396,0.03
89397,0.08
89398,0.01
89399,0.0
89400,0.0
89401,0.03
89402,0.0
89403,0.01
89404,0.0
89405,0.03
89406,0.02
89407,0.06
89408,0.0
89409,0.02
89410,0.02
89411,0.16
89412,0.02
89413,0.04
89414,0.01
89415,0.0
89416,0.0
89417,0.24
89418,0.03
89419,0.0
89420,0.09
89421,0.03
89422,0.01
89423,0.05
89424,0.0
89425,0.01
89426,0.04
89427,0.0
89428,0.01
89429,0.0
89430,0.02
89431,0.01
89432,0.02
89433,0.02
89434,0.0
89435,0.0
89436,0.02
89437,0.0
89438,0.05
89439,0.0
89440,0.0
89441,0.07
89442,0.01
89443,0.03
89444,0.47
89445,0.16
89446,0.01
89447,0.01
89448,0.02
89449,0.0
89450,0.04
89451,0.01
89452,0.01
89453,0.16
89454,0.01
89455,0.01
89456,0.02
89457,0.01
89458,0.49
89459,0.06
89460,0.01
89461,0.05
89462,0.0
89463,0.01
89464,0.26
89465,0.02
89466,0.08
89467,0.37
89468,0.03
89469,0.02
89470,0.15
89471,0.02
89472,0.05
89473,0.01
89474,0.17
89475,0.19
89476,0.13
89477,0.29
89478,0.02
89479,0.07
89480,0.04
89481,0.0
89482,0.81
89483,0.0
89484,0.01
89485,0.02
89486,0.01
89487,0.15
89488,0.06
89489,0.0
89490,0.21
89491,0.02
89492,0.04
89493,0.03
89494,0.12
89495,0.01
89496,0.0
89497,0.0
89498,0.01
89499,0.02
89500,0.02
89501,0.04
89502,0.0
89503,0.04
89504,0.04
89505,0.09
89506,0.0
89507,0.0
89508,0.0
89509,0.0
89510,0.0
89511,0.0
89512,0.32
89513,0.01
89514,0.02
89515,0.05
89516,0.06
89517,0.0
89518,0.0
89519,0.18
89520,0.05
89521,0.1
89522,0.21
89523,0.0
89524,0.02
89525,0.01
89526,0.16
89527,0.23
89528,0.0
89529,0.0
89530,0.0
89531,0.0
89532,0.0
89533,0.0
89534,0.0
89535,0.42
89536,0.13
89537,0.02
89538,0.0
89539,0.0
89540,0.52
89541,0.01
89542,0.0
89543,0.0
89544,0.05
89545,0.04
89546,0.01
89547,0.0
89548,0.04
89549,0.08
89550,0.04
89551,0.06
89552,0.0
89553,0.0
89554,0.05
89555,0.1
89556,0.11
89557,0.01
89558,0.01
89559,0.0
89560,0.03
89561,0.02
89562,0.33
89563,0.46
89564,0.0
89565,0.0
89566,0.08
89567,0.0
89568,0.5
89569,0.05
89570,0.0
89571,0.0
89572,0.38
89573,0.01
89574,0.0
89575,0.01
89576,0.02
89577,0.01
89578,0.0
89579,0.01
89580,0.08
89581,0.49
89582,0.04
89583,0.04
89584,0.0
89585,0.0
89586,0.0
89587,0.0
89588,0.05
89589,0.0
89590,0.0
89591,0.04
89592,0.0
89593,0.02
89594,0.01
89595,0.0
89596,0.01
89597,0.13
89598,0.02
89599,0.07
89600,0.0
89601,0.03
89602,0.01
89603,0.14
89604,0.02
89605,0.0
89606,0.28
89607,0.04
89608,0.0
89609,0.1
89610,0.01
89611,0.33
89612,0.03
89613,0.09
89614,0.48
89615,0.15
89616,0.01
89617,0.02
89618,0.25
89619,0.0
89620,0.0
89621,0.2
89622,0.0
89623,0.0
89624,0.15
89625,0.0
89626,0.19
89627,0.04
89628,0.19
89629,0.04
89630,0.04
89631,0.02
89632,0.17
89633,0.0
89634,0.03
89635,0.0
89636,0.04
89637,0.05
89638,0.0
89639,0.0
89640,0.02
89641,0.08
89642,0.03
89643,0.0
89644,0.01
89645,0.02
89646,0.02
89647,0.04
89648,0.19
89649,0.0
89650,0.01
89651,0.21
89652,0.02
89653,0.07
89654,0.01
89655,0.76
89656,0.56
89657,0.07
89658,0.28
89659,0.0
89660,0.0
89661,0.08
89662,0.05
89663,0.0
89664,0.0
89665,0.1
89666,0.0
89667,0.0
89668,0.19
89669,0.01
89670,0.0
89671,0.0
89672,0.0
89673,0.23
89674,0.03
89675,0.01
89676,0.12
89677,0.02
89678,0.02
89679,0.0
89680,0.22
89681,0.09
89682,0.0
89683,0.01
89684,0.0
89685,0.07
89686,0.05
89687,0.02
89688,0.0
89689,0.01
89690,0.0
89691,0.23
89692,0.08
89693,0.2
89694,0.01
89695,0.0
89696,0.0
89697,0.01
89698,0.0
89699,0.0
89700,0.0
89701,0.06
89702,0.0
89703,0.0
89704,0.03
89705,0.02
89706,0.18
89707,0.1
89708,0.0
89709,0.0
89710,0.04
89711,0.45
89712,0.17
89713,0.01
89714,0.17
89715,0.21
89716,0.1
89717,0.0
89718,0.29
89719,0.19
89720,0.01
89721,0.26
89722,0.18
89723,0.03
89724,0.03
89725,0.0
89726,0.02
89727,0.03
89728,0.12
89729,0.05
89730,0.0
89731,0.02
89732,0.06
89733,0.09
89734,0.05
89735,0.07
89736,0.06
89737,0.01
89738,0.22
89739,0.24
89740,0.1
89741,0.05
89742,0.05
89743,0.03
89744,0.09
89745,0.0
89746,0.0
89747,0.05
89748,0.0
89749,0.0
89750,0.0
89751,0.06
89752,0.09
89753,0.0
89754,0.07
89755,0.11
89756,0.01
89757,0.0
89758,0.4
89759,0.0
89760,0.15
89761,0.01
89762,0.02
89763,0.0
89764,0.0
89765,0.06
89766,0.0
89767,0.02
89768,0.07
89769,0.02
89770,0.02
89771,0.05
89772,0.0
89773,0.1
89774,0.02
89775,0.02
89776,0.06
89777,0.03
89778,0.0
89779,0.01
89780,0.0
89781,0.19
89782,0.19
89783,0.4
89784,0.08
89785,0.08
89786,0.0
89787,0.13
89788,0.08
89789,0.0
89790,0.0
89791,0.06
89792,0.16
89793,0.0
89794,0.05
89795,0.39
89796,0.02
89797,0.04
89798,0.03
89799,0.13
89800,0.01
89801,0.0
89802,0.02
89803,0.03
89804,0.02
89805,0.19
89806,0.79
89807,0.01
89808,0.0
89809,0.0
89810,0.0
89811,0.0
89812,0.0
89813,0.0
89814,0.18
89815,0.04
89816,0.0
89817,0.03
89818,0.04
89819,0.0
89820,0.1
89821,0.32
89822,0.0
89823,0.0
89824,0.39
89825,0.09
89826,0.03
89827,0.01
89828,0.07
89829,0.01
89830,0.13
89831,0.0
89832,0.11
89833,0.02
89834,0.0
89835,0.03
89836,0.02
89837,0.04
89838,0.03
89839,0.0
89840,0.02
89841,0.01
89842,0.02
89843,0.03
89844,0.19
89845,0.01
89846,0.24
89847,0.0
89848,0.07
89849,0.06
89850,0.06
89851,0.18
89852,0.04
89853,0.01
89854,0.02
89855,0.03
89856,0.07
89857,0.04
89858,0.01
89859,0.1
89860,0.0
89861,0.12
89862,0.04
89863,0.05
89864,0.07
89865,0.0
89866,0.0
89867,0.48
89868,0.01
89869,0.01
89870,0.0
89871,0.28
89872,0.05
89873,0.0
89874,0.01
89875,0.14
89876,0.0
89877,0.0
89878,0.42
89879,0.0
89880,0.09
89881,0.0
89882,0.01
89883,0.01
89884,0.0
89885,0.24
89886,0.0
89887,0.03
89888,0.0
89889,0.02
89890,0.17
89891,0.0
89892,0.01
89893,0.05
89894,0.14
89895,0.09
89896,0.0
89897,0.08
89898,0.03
89899,0.04
89900,0.0
89901,0.0
89902,0.39
89903,0.03
89904,0.14
89905,0.01
89906,0.17
89907,0.0
89908,0.0
89909,0.01
89910,0.0
89911,0.08
89912,0.08
89913,0.0
89914,0.05
89915,0.01
89916,0.1
89917,0.05
89918,0.0
89919,0.0
89920,0.0
89921,0.01
89922,0.02
89923,0.03
89924,0.01
89925,0.1
89926,0.1
89927,0.03
89928,0.01
89929,0.01
89930,0.06
89931,0.43
89932,0.0
89933,0.0
89934,0.0
89935,0.05
89936,0.0
89937,0.06
89938,0.0
89939,0.22
89940,0.01
89941,0.0
89942,0.0
89943,0.0
89944,0.0
89945,0.29
89946,0.01
89947,0.0
89948,0.02
89949,0.15
89950,0.07
89951,0.03
89952,0.02
89953,0.05
89954,0.03
89955,0.01
89956,0.06
89957,0.12
89958,0.11
89959,0.0
89960,0.02
89961,0.0
89962,0.0
89963,0.28
89964,0.0
89965,0.16
89966,0.13
89967,0.0
89968,0.02
89969,0.3
89970,0.11
89971,0.0
89972,0.05
89973,0.01
89974,0.0
89975,0.15
89976,0.0
89977,0.52
89978,0.03
89979,0.17
89980,0.05
89981,0.0
89982,0.01
89983,0.17
89984,0.06
89985,0.02
89986,0.0
89987,0.05
89988,0.09
89989,0.0
89990,0.0
89991,0.0
89992,0.1
89993,0.2
89994,0.0
89995,0.05
89996,0.0
89997,0.0
89998,0.0
89999,0.02
90000,0.02
90001,0.18
90002,0.01
90003,0.5
90004,0.01
90005,0.0
90006,0.01
90007,0.0
90008,0.0
90009,0.03
90010,0.09
90011,0.01
90012,0.57
90013,0.34
90014,0.02
90015,0.1
90016,0.1
90017,0.07
90018,0.01
90019,0.2
90020,0.03
90021,0.0
90022,0.02
90023,0.06
90024,0.03
90025,0.04
90026,0.06
90027,0.1
90028,0.01
90029,0.03
90030,0.0
90031,0.23
90032,0.03
90033,0.02
90034,0.05
90035,0.0
90036,0.03
90037,0.17
90038,0.35
90039,0.01
90040,0.05
90041,0.04
90042,0.02
90043,0.0
90044,0.03
90045,0.02
90046,0.19
90047,0.03
90048,0.0
90049,0.03
90050,0.0
90051,0.01
90052,0.02
90053,0.03
90054,0.06
90055,0.0
90056,0.02
90057,0.03
90058,0.03
90059,0.08
90060,0.04
90061,0.0
90062,0.0
90063,0.01
90064,0.0
90065,0.0
90066,0.02
90067,0.05
90068,0.02
90069,0.03
90070,0.03
90071,0.01
90072,0.01
90073,0.02
90074,0.03
90075,0.0
90076,0.0
90077,0.03
90078,0.09
90079,0.0
90080,0.35
90081,0.02
90082,0.04
90083,0.05
90084,0.0
90085,0.08
90086,0.1
90087,0.25
90088,0.02
90089,0.1
90090,0.0
90091,0.03
90092,0.02
90093,0.46
90094,0.03
90095,0.06
90096,0.0
90097,0.34
90098,0.02
90099,0.0
90100,0.0
90101,0.01
90102,0.38
90103,0.1
90104,0.42
90105,0.02
90106,0.0
90107,0.2
90108,0.11
90109,0.06
90110,0.01
90111,0.0
90112,0.0
90113,0.01
90114,0.22
90115,0.0
90116,0.0
90117,0.02
90118,0.43
90119,0.04
90120,0.0
90121,0.0
90122,0.13
90123,0.13
90124,0.05
90125,0.0
90126,0.03
90127,0.01
90128,0.0
90129,0.11
90130,0.03
90131,0.07
90132,0.04
90133,0.03
90134,0.15
90135,0.32
90136,0.01
90137,0.0
90138,0.01
90139,0.0
90140,0.1
90141,0.02
90142,0.0
90143,0.0
90144,0.03
90145,0.0
90146,0.01
90147,0.15
90148,0.04
90149,0.03
90150,0.0
90151,0.01
90152,0.01
90153,0.11
90154,0.34
90155,0.0
90156,0.05
90157,0.0
90158,0.1
90159,0.21
90160,0.01
90161,0.0
90162,0.01
90163,0.07
90164,0.03
90165,0.01
90166,0.06
90167,0.01
90168,0.05
90169,0.13
90170,0.04
90171,0.01
90172,0.11
90173,0.04
90174,0.33
90175,0.01
90176,0.11
90177,0.22
90178,0.01
90179,0.01
90180,0.01
90181,0.04
90182,0.02
90183,0.17
90184,0.0
90185,0.03
90186,0.01
90187,0.0
90188,0.01
90189,0.0
90190,0.0
90191,0.0
90192,0.55
90193,0.06
90194,0.23
90195,0.01
90196,0.0
90197,0.0
90198,0.02
90199,0.09
90200,0.12
90201,0.0
90202,0.0
90203,0.08
90204,0.01
90205,0.0
90206,0.0
90207,0.01
90208,0.2
90209,0.0
90210,0.06
90211,0.32
90212,0.36
90213,0.07
90214,0.01
90215,0.06
90216,0.0
90217,0.03
90218,0.15
90219,0.01
90220,0.0
90221,0.0
90222,0.04
90223,0.02
90224,0.3
90225,0.05
90226,0.06
90227,0.01
90228,0.26
90229,0.0
90230,0.64
90231,0.0
90232,0.02
90233,0.0
90234,0.29
90235,0.07
90236,0.02
90237,0.03
90238,0.0
90239,0.08
90240,0.01
90241,0.03
90242,0.33
90243,0.0
90244,0.01
90245,0.0
90246,0.0
90247,0.35
90248,0.14
90249,0.02
90250,0.0
90251,0.01
90252,0.06
90253,0.19
90254,0.03
90255,0.06
90256,0.42
90257,0.03
90258,0.1
90259,0.01
90260,0.02
90261,0.42
90262,0.0
90263,0.02
90264,0.01
90265,0.22
90266,0.11
90267,0.05
90268,0.03
90269,0.04
90270,0.0
90271,0.0
90272,0.02
90273,0.08
90274,0.0
90275,0.03
90276,0.01
90277,0.08
90278,0.03
90279,0.05
90280,0.36
90281,0.12
90282,0.0
90283,0.12
90284,0.0
90285,0.06
90286,0.01
90287,0.1
90288,0.03
90289,0.0
90290,0.01
90291,0.04
90292,0.0
90293,0.03
90294,0.0
90295,0.01
90296,0.45
90297,0.09
90298,0.0
90299,0.15
90300,0.0
90301,0.0
90302,0.08
90303,0.04
90304,0.02
90305,0.0
90306,0.1
90307,0.14
90308,0.08
90309,0.0
90310,0.0
90311,0.0
90312,0.02
90313,0.11
90314,0.05
90315,0.01
90316,0.01
90317,0.03
90318,0.0
90319,0.0
90320,0.05
90321,0.21
90322,0.0
90323,0.06
90324,0.0
90325,0.0
90326,0.45
90327,0.01
90328,0.0
90329,0.0
90330,0.03
90331,0.01
90332,0.0
90333,0.06
90334,0.02
90335,0.0
90336,0.03
90337,0.09
90338,0.03
90339,0.03
90340,0.0
90341,0.11
90342,0.25
90343,0.14
90344,0.02
90345,0.02
90346,0.03
90347,0.0
90348,0.08
90349,0.03
90350,0.16
90351,0.44
90352,0.0
90353,0.21
90354,0.0
90355,0.0
90356,0.01
90357,0.08
90358,0.0
90359,0.05
90360,0.0
90361,0.0
90362,0.0
90363,0.01
90364,0.01
90365,0.0
90366,0.0
90367,0.05
90368,0.03
90369,0.05
90370,0.04
90371,0.04
90372,0.01
90373,0.01
90374,0.05
90375,0.07
90376,0.0
90377,0.09
90378,0.0
90379,0.02
90380,0.06
90381,0.01
90382,0.0
90383,0.0
90384,0.0
90385,0.01
90386,0.13
90387,0.03
90388,0.08
90389,0.0
90390,0.22
90391,0.0
90392,0.07
90393,0.0
90394,0.0
90395,0.01
90396,0.01
90397,0.03
90398,0.07
90399,0.0
90400,0.0
90401,0.12
90402,0.0
90403,0.13
90404,0.02
90405,0.24
90406,0.38
90407,0.24
90408,0.04
90409,0.02
90410,0.0
90411,0.0
90412,0.01
90413,0.03
90414,0.01
90415,0.01
90416,0.13
90417,0.0
90418,0.05
90419,0.01
90420,0.06
90421,0.06
90422,0.02
90423,0.08
90424,0.04
90425,0.0
90426,0.01
90427,0.52
90428,0.03
90429,0.01
90430,0.0
90431,0.23
90432,0.0
90433,0.0
90434,0.1
90435,0.13
90436,0.27
90437,0.0
90438,0.0
90439,0.06
90440,0.02
90441,0.08
90442,0.0
90443,0.05
90444,0.03
90445,0.13
90446,0.02
90447,0.05
90448,0.0
90449,0.01
90450,0.05
90451,0.0
90452,0.02
90453,0.0
90454,0.02
90455,0.22
90456,0.04
90457,0.02
90458,0.06
90459,0.04
90460,0.48
90461,0.0
90462,0.08
90463,0.02
90464,0.24
90465,0.3
90466,0.0
90467,0.0
90468,0.0
90469,0.13
90470,0.0
90471,0.02
90472,0.01
90473,0.01
90474,0.0
90475,0.0
90476,0.01
90477,0.0
90478,0.01
90479,0.0
90480,0.01
90481,0.01
90482,0.07
90483,0.11
90484,0.03
90485,0.01
90486,0.0
90487,0.09
90488,0.07
90489,0.06
90490,0.05
90491,0.17
90492,0.03
90493,0.0
90494,0.0
90495,0.05
90496,0.05
90497,0.11
90498,0.0
90499,0.11
90500,0.06
90501,0.24
90502,0.51
90503,0.12
90504,0.0
90505,0.01
90506,0.02
90507,0.0
90508,0.11
90509,0.1
90510,0.0
90511,0.0
90512,0.0
90513,0.03
90514,0.0
90515,0.03
90516,0.08
90517,0.12
90518,0.0
90519,0.01
90520,0.0
90521,0.05
90522,0.0
90523,0.0
90524,0.0
90525,0.54
90526,0.08
90527,0.0
90528,0.09
90529,0.03
90530,0.0
90531,0.34
90532,0.01
90533,0.1
90534,0.02
90535,0.02
90536,0.03
90537,0.0
90538,0.02
90539,0.01
90540,0.52
90541,0.02
90542,0.04
90543,0.05
90544,0.01
90545,0.0
90546,0.12
90547,0.0
90548,0.0
90549,0.16
90550,0.65
90551,0.0
90552,0.04
90553,0.07
90554,0.12
90555,0.13
90556,0.17
90557,0.18
90558,0.16
90559,0.05
90560,0.0
90561,0.1
90562,0.0
90563,0.25
90564,0.0
90565,0.0
90566,0.12
90567,0.0
90568,0.08
90569,0.0
90570,0.07
90571,0.3
90572,0.21
90573,0.04
90574,0.02
90575,0.02
90576,0.05
90577,0.01
90578,0.25
90579,0.0
90580,0.0
90581,0.03
90582,0.02
90583,0.0
90584,0.02
90585,0.02
90586,0.03
90587,0.01
90588,0.0
90589,0.0
90590,0.18
90591,0.0
90592,0.04
90593,0.0
90594,0.01
90595,0.0
90596,0.1
90597,0.01
90598,0.48
90599,0.01
90600,0.14
90601,0.0
90602,0.0
90603,0.0
90604,0.0
90605,0.03
90606,0.31
90607,0.0
90608,0.0
90609,0.06
90610,0.04
90611,0.21
90612,0.07
90613,0.13
90614,0.09
90615,0.0
90616,0.0
90617,0.09
90618,0.04
90619,0.0
90620,0.0
90621,0.02
90622,0.46
90623,0.03
90624,0.03
90625,0.0
90626,0.01
90627,0.0
90628,0.08
90629,0.02
90630,0.05
90631,0.17
90632,0.0
90633,0.12
90634,0.0
90635,0.03
90636,0.01
90637,0.04
90638,0.01
90639,0.02
90640,0.04
90641,0.0
90642,0.15
90643,0.0
90644,0.04
90645,0.21
90646,0.02
90647,0.01
90648,0.09
90649,0.02
90650,0.01
90651,0.0
90652,0.02
90653,0.04
90654,0.07
90655,0.08
90656,0.16
90657,0.03
90658,0.0
90659,0.04
90660,0.05
90661,0.0
90662,0.0
90663,0.0
90664,0.01
90665,0.1
90666,0.0
90667,0.31
90668,0.07
90669,0.1
90670,0.01
90671,0.06
90672,0.22
90673,0.6
90674,0.0
90675,0.02
90676,0.04
90677,0.0
90678,0.15
90679,0.03
90680,0.0
90681,0.01
90682,0.03
90683,0.05
90684,0.05
90685,0.41
90686,0.01
90687,0.0
90688,0.01
90689,0.02
90690,0.06
90691,0.14
90692,0.44
90693,0.03
90694,0.01
90695,0.02
90696,0.0
90697,0.0
90698,0.0
90699,0.0
90700,0.29
90701,0.01
90702,0.12
90703,0.05
90704,0.06
90705,0.0
90706,0.04
90707,0.01
90708,0.02
90709,0.1
90710,0.0
90711,0.01
90712,0.03
90713,0.0
90714,0.03
90715,0.0
90716,0.0
90717,0.04
90718,0.01
90719,0.0
90720,0.42
90721,0.0
90722,0.0
90723,0.0
90724,0.0
90725,0.0
90726,0.01
90727,0.02
90728,0.0
90729,0.0
90730,0.12
90731,0.02
90732,0.0
90733,0.0
90734,0.17
90735,0.12
90736,0.11
90737,0.0
90738,0.0
90739,0.03
90740,0.0
90741,0.0
90742,0.0
90743,0.1
90744,0.07
90745,0.01
90746,0.02
90747,0.06
90748,0.0
90749,0.0
90750,0.01
90751,0.08
90752,0.0
90753,0.03
90754,0.0
90755,0.0
90756,0.0
90757,0.0
90758,0.01
90759,0.01
90760,0.24
90761,0.47
90762,0.33
90763,0.08
90764,0.0
90765,0.32
90766,0.34
90767,0.01
90768,0.0
90769,0.01
90770,0.07
90771,0.3
90772,0.06
90773,0.04
90774,0.05
90775,0.13
90776,0.01
90777,0.03
90778,0.46
90779,0.18
90780,0.06
90781,0.0
90782,0.01
90783,0.0
90784,0.0
90785,0.0
90786,0.22
90787,0.16
90788,0.04
90789,0.02
90790,0.01
90791,0.0
90792,0.0
90793,0.01
90794,0.17
90795,0.0
90796,0.0
90797,0.03
90798,0.17
90799,0.02
90800,0.0
90801,0.38
90802,0.04
90803,0.03
90804,0.0
90805,0.16
90806,0.29
90807,0.0
90808,0.04
90809,0.0
90810,0.07
90811,0.09
90812,0.06
90813,0.02
90814,0.5
90815,0.0
90816,0.01
90817,0.02
90818,0.07
90819,0.0
90820,0.0
90821,0.0
90822,0.0
90823,0.05
90824,0.01
90825,0.17
90826,0.05
90827,0.01
90828,0.0
90829,0.05
90830,0.03
90831,0.12
90832,0.05
90833,0.0
90834,0.06
90835,0.1
90836,0.01
90837,0.0
90838,0.09
90839,0.05
90840,0.1
90841,0.0
90842,0.01
90843,0.0
90844,0.04
90845,0.03
90846,0.02
90847,0.02
90848,0.03
90849,0.01
90850,0.01
90851,0.02
90852,0.02
90853,0.01
90854,0.0
90855,0.0
90856,0.04
90857,0.01
90858,0.0
90859,0.02
90860,0.1
90861,0.27
90862,0.0
90863,0.0
90864,0.0
90865,0.0
90866,0.05
90867,0.0
90868,0.0
90869,0.03
90870,0.0
90871,0.02
90872,0.05
90873,0.0
90874,0.0
90875,0.05
90876,0.08
90877,0.08
90878,0.36
90879,0.08
90880,0.03
90881,0.08
90882,0.0
90883,0.01
90884,0.04
90885,0.04
90886,0.11
90887,0.0
90888,0.04
90889,0.08
90890,0.37
90891,0.01
90892,0.07
90893,0.0
90894,0.08
90895,0.01
90896,0.04
90897,0.15
90898,0.03
90899,0.01
90900,0.07
90901,0.08
90902,0.37
90903,0.02
90904,0.09
90905,0.0
90906,0.0
90907,0.04
90908,0.0
90909,0.02
90910,0.02
90911,0.01
90912,0.0
90913,0.05
90914,0.05
90915,0.09
90916,0.11
90917,0.21
90918,0.07
90919,0.0
90920,0.39
90921,0.12
90922,0.02
90923,0.25
90924,0.03
90925,0.17
90926,0.0
90927,0.01
90928,0.0
90929,0.47
90930,0.0
90931,0.0
90932,0.09
90933,0.0
90934,0.04
90935,0.01
90936,0.05
90937,0.06
90938,0.0
90939,0.02
90940,0.04
90941,0.23
90942,0.14
90943,0.09
90944,0.0
90945,0.0
90946,0.04
90947,0.13
90948,0.02
90949,0.05
90950,0.03
90951,0.0
90952,0.0
90953,0.02
90954,0.01
90955,0.0
90956,0.01
90957,0.0
90958,0.09
90959,0.0
90960,0.02
90961,0.01
90962,0.02
90963,0.03
90964,0.0
90965,0.0
90966,0.0
90967,0.14
90968,0.01
90969,0.0
90970,0.13
90971,0.04
90972,0.02
90973,0.14
90974,0.01
90975,0.0
90976,0.0
90977,0.35
90978,0.02
90979,0.01
90980,0.0
90981,0.31
90982,0.43
90983,0.04
90984,0.03
90985,0.01
90986,0.06
90987,0.0
90988,0.57
90989,0.0
90990,0.05
90991,0.05
90992,0.05
90993,0.0
90994,0.02
90995,0.16
90996,0.06
90997,0.0
90998,0.0
90999,0.01
91000,0.08
91001,0.08
91002,0.02
91003,0.07
91004,0.52
91005,0.01
91006,0.36
91007,0.01
91008,0.03
91009,0.01
91010,0.0
91011,0.09
91012,0.04
91013,0.29
91014,0.03
91015,0.0
91016,0.02
91017,0.2
91018,0.2
91019,0.0
91020,0.08
91021,0.05
91022,0.02
91023,0.0
91024,0.05
91025,0.01
91026,0.08
91027,0.0
91028,0.31
91029,0.06
91030,0.19
91031,0.03
91032,0.08
91033,0.03
91034,0.08
91035,0.32
91036,0.0
91037,0.08
91038,0.0
91039,0.0
91040,0.0
91041,0.02
91042,0.01
91043,0.0
91044,0.47
91045,0.01
91046,0.01
91047,0.2
91048,0.61
91049,0.0
91050,0.12
91051,0.01
91052,0.03
91053,0.11
91054,0.1
91055,0.08
91056,0.02
91057,0.01
91058,0.4
91059,0.0
91060,0.01
91061,0.08
91062,0.0
91063,0.0
91064,0.04
91065,0.05
91066,0.0
91067,0.07
91068,0.05
91069,0.12
91070,0.01
91071,0.0
91072,0.01
91073,0.53
91074,0.04
91075,0.0
91076,0.02
91077,0.04
91078,0.03
91079,0.01
91080,0.06
91081,0.05
91082,0.01
91083,0.11
91084,0.02
91085,0.0
91086,0.02
91087,0.45
91088,0.44
91089,0.13
91090,0.0
91091,0.01
91092,0.09
91093,0.0
91094,0.0
91095,0.0
91096,0.0
91097,0.16
91098,0.13
91099,0.05
91100,0.0
91101,0.08
91102,0.06
91103,0.01
91104,0.02
91105,0.0
91106,0.07
91107,0.26
91108,0.0
91109,0.01
91110,0.02
91111,0.57
91112,0.0
91113,0.09
91114,0.0
91115,0.0
91116,0.0
91117,0.05
91118,0.0
91119,0.16
91120,0.06
91121,0.67
91122,0.04
91123,0.01
91124,0.01
91125,0.03
91126,0.17
91127,0.0
91128,0.04
91129,0.01
91130,0.05
91131,0.01
91132,0.2
91133,0.02
91134,0.03
91135,0.05
91136,0.04
91137,0.43
91138,0.11
91139,0.15
91140,0.02
91141,0.01
91142,0.32
91143,0.0
91144,0.07
91145,0.0
91146,0.0
91147,0.0
91148,0.01
91149,0.04
91150,0.59
91151,0.0
91152,0.01
91153,0.15
91154,0.24
91155,0.02
91156,0.0
91157,0.03
91158,0.01
91159,0.0
91160,0.13
91161,0.01
91162,0.0
91163,0.01
91164,0.01
91165,0.03
91166,0.03
91167,0.0
91168,0.56
91169,0.0
91170,0.0
91171,0.01
91172,0.0
91173,0.01
91174,0.06
91175,0.11
91176,0.0
91177,0.07
91178,0.28
91179,0.04
91180,0.13
91181,0.01
91182,0.03
91183,0.13
91184,0.12
91185,0.37
91186,0.29
91187,0.06
91188,0.0
91189,0.01
91190,0.11
91191,0.02
91192,0.03
91193,0.0
91194,0.07
91195,0.04
91196,0.06
91197,0.13
91198,0.0
91199,0.03
91200,0.01
91201,0.07
91202,0.03
91203,0.04
91204,0.06
91205,0.62
91206,0.0
91207,0.02
91208,0.05
91209,0.01
91210,0.01
91211,0.0
91212,0.12
91213,0.52
91214,0.0
91215,0.04
91216,0.0
91217,0.33
91218,0.0
91219,0.01
91220,0.01
91221,0.4
91222,0.05
91223,0.0
91224,0.0
91225,0.03
91226,0.04
91227,0.01
91228,0.09
91229,0.04
91230,0.1
91231,0.02
91232,0.59
91233,0.08
91234,0.01
91235,0.02
91236,0.01
91237,0.07
91238,0.03
91239,0.02
91240,0.02
91241,0.02
91242,0.02
91243,0.0
91244,0.0
91245,0.05
91246,0.02
91247,0.0
91248,0.65
91249,0.0
91250,0.0
91251,0.09
91252,0.18
91253,0.01
91254,0.24
91255,0.12
91256,0.07
91257,0.0
91258,0.18
91259,0.13
91260,0.02
91261,0.04
91262,0.06
91263,0.15
91264,0.05
91265,0.0
91266,0.04
91267,0.0
91268,0.02
91269,0.02
91270,0.08
91271,0.0
91272,0.0
91273,0.01
91274,0.0
91275,0.03
91276,0.0
91277,0.01
91278,0.01
91279,0.03
91280,0.04
91281,0.04
91282,0.04
91283,0.01
91284,0.01
91285,0.32
91286,0.01
91287,0.15
91288,0.07
91289,0.08
91290,0.02
91291,0.11
91292,0.01
91293,0.0
91294,0.0
91295,0.02
91296,0.01
91297,0.11
91298,0.0
91299,0.0
91300,0.04
91301,0.01
91302,0.0
91303,0.0
91304,0.06
91305,0.0
91306,0.01
91307,0.18
91308,0.0
91309,0.04
91310,0.08
91311,0.0
91312,0.04
91313,0.0
91314,0.0
91315,0.0
91316,0.0
91317,0.22
91318,0.03
91319,0.03
91320,0.0
91321,0.34
91322,0.01
91323,0.0
91324,0.12
91325,0.02
91326,0.16
91327,0.23
91328,0.07
91329,0.0
91330,0.0
91331,0.02
91332,0.02
91333,0.0
91334,0.0
91335,0.0
91336,0.08
91337,0.02
91338,0.01
91339,0.12
91340,0.02
91341,0.03
91342,0.08
91343,0.0
91344,0.08
91345,0.18
91346,0.46
91347,0.4
91348,0.0
91349,0.0
91350,0.0
91351,0.17
91352,0.07
91353,0.02
91354,0.02
91355,0.0
91356,0.01
91357,0.0
91358,0.19
91359,0.0
91360,0.01
91361,0.12
91362,0.0
91363,0.13
91364,0.05
91365,0.1
91366,0.08
91367,0.04
91368,0.27
91369,0.0
91370,0.0
91371,0.04
91372,0.03
91373,0.15
91374,0.03
91375,0.02
91376,0.0
91377,0.01
91378,0.1
91379,0.1
91380,0.0
91381,0.0
91382,0.03
91383,0.41
91384,0.0
91385,0.0
91386,0.02
91387,0.01
91388,0.0
91389,0.02
91390,0.48
91391,0.08
91392,0.03
91393,0.02
91394,0.4
91395,0.33
91396,0.0
91397,0.0
91398,0.02
91399,0.12
91400,0.16
91401,0.01
91402,0.01
91403,0.01
91404,0.0
91405,0.03
91406,0.01
91407,0.0
91408,0.0
91409,0.0
91410,0.12
91411,0.0
91412,0.04
91413,0.01
91414,0.0
91415,0.0
91416,0.0
91417,0.36
91418,0.02
91419,0.0
91420,0.01
91421,0.0
91422,0.01
91423,0.0
91424,0.0
91425,0.04
91426,0.22
91427,0.0
91428,0.03
91429,0.0
91430,0.12
91431,0.03
91432,0.0
91433,0.02
91434,0.06
91435,0.12
91436,0.01
91437,0.13
91438,0.0
91439,0.04
91440,0.03
91441,0.47
91442,0.0
91443,0.01
91444,0.62
91445,0.06
91446,0.08
91447,0.08
91448,0.1
91449,0.5
91450,0.01
91451,0.0
91452,0.0
91453,0.06
91454,0.0
91455,0.0
91456,0.0
91457,0.03
91458,0.11
91459,0.08
91460,0.04
91461,0.13
91462,0.44
91463,0.06
91464,0.08
91465,0.03
91466,0.13
91467,0.0
91468,0.03
91469,0.52
91470,0.0
91471,0.04
91472,0.0
91473,0.01
91474,0.01
91475,0.03
91476,0.01
91477,0.01
91478,0.0
91479,0.1
91480,0.0
91481,0.01
91482,0.0
91483,0.1
91484,0.08
91485,0.03
91486,0.1
91487,0.04
91488,0.02
91489,0.01
91490,0.0
91491,0.04
91492,0.02
91493,0.03
91494,0.01
91495,0.05
91496,0.0
91497,0.13
91498,0.09
91499,0.01
91500,0.13
91501,0.0
91502,0.1
91503,0.06
91504,0.0
91505,0.15
91506,0.0
91507,0.0
91508,0.17
91509,0.06
91510,0.01
91511,0.18
91512,0.02
91513,0.22
91514,0.01
91515,0.06
91516,0.05
91517,0.01
91518,0.03
91519,0.01
91520,0.0
91521,0.06
91522,0.0
91523,0.1
91524,0.07
91525,0.08
91526,0.06
91527,0.13
91528,0.12
91529,0.01
91530,0.0
91531,0.0
91532,0.16
91533,0.0
91534,0.0
91535,0.34
91536,0.03
91537,0.01
91538,0.19
91539,0.17
91540,0.01
91541,0.01
91542,0.03
91543,0.0
91544,0.29
91545,0.02
91546,0.04
91547,0.0
91548,0.03
91549,0.28
91550,0.25
91551,0.01
91552,0.15
91553,0.0
91554,0.17
91555,0.03
91556,0.01
91557,0.04
91558,0.08
91559,0.06
91560,0.02
91561,0.02
91562,0.05
91563,0.06
91564,0.03
91565,0.05
91566,0.0
91567,0.03
91568,0.0
91569,0.01
91570,0.01
91571,0.21
91572,0.01
91573,0.0
91574,0.25
91575,0.28
91576,0.27
91577,0.0
91578,0.58
91579,0.09
91580,0.01
91581,0.12
91582,0.0
91583,0.24
91584,0.0
91585,0.0
91586,0.0
91587,0.01
91588,0.05
91589,0.0
91590,0.0
91591,0.0
91592,0.03
91593,0.02
91594,0.11
91595,0.0
91596,0.29
91597,0.07
91598,0.0
91599,0.07
91600,0.08
91601,0.29
91602,0.03
91603,0.0
91604,0.5
91605,0.02
91606,0.11
91607,0.06
91608,0.0
91609,0.47
91610,0.23
91611,0.01
91612,0.0
91613,0.0
91614,0.0
91615,0.0
91616,0.04
91617,0.01
91618,0.15
91619,0.02
91620,0.01
91621,0.01
91622,0.01
91623,0.01
91624,0.06
91625,0.01
91626,0.2
91627,0.0
91628,0.08
91629,0.29
91630,0.03
91631,0.57
91632,0.03
91633,0.01
91634,0.3
91635,0.0
91636,0.02
91637,0.19
91638,0.01
91639,0.06
91640,0.01
91641,0.0
91642,0.01
91643,0.0
91644,0.11
91645,0.02
91646,0.25
91647,0.04
91648,0.16
91649,0.1
91650,0.02
91651,0.02
91652,0.11
91653,0.0
91654,0.05
91655,0.01
91656,0.02
91657,0.0
91658,0.09
91659,0.0
91660,0.0
91661,0.01
91662,0.02
91663,0.0
91664,0.0
91665,0.25
91666,0.05
91667,0.07
91668,0.02
91669,0.14
91670,0.03
91671,0.0
91672,0.15
91673,0.08
91674,0.1
91675,0.01
91676,0.15
91677,0.44
91678,0.0
91679,0.01
91680,0.07
91681,0.0
91682,0.11
91683,0.02
91684,0.07
91685,0.02
91686,0.01
91687,0.0
91688,0.0
91689,0.29
91690,0.24
91691,0.0
91692,0.06
91693,0.04
91694,0.01
91695,0.01
91696,0.43
91697,0.05
91698,0.1
91699,0.03
91700,0.01
91701,0.02
91702,0.0
91703,0.0
91704,0.02
91705,0.5
91706,0.05
91707,0.17
91708,0.01
91709,0.06
91710,0.05
91711,0.01
91712,0.1
91713,0.0
91714,0.0
91715,0.03
91716,0.11
91717,0.0
91718,0.02
91719,0.62
91720,0.07
91721,0.08
91722,0.0
91723,0.01
91724,0.52
91725,0.0
91726,0.12
91727,0.04
91728,0.06
91729,0.03
91730,0.01
91731,0.14
91732,0.0
91733,0.0
91734,0.0
91735,0.0
91736,0.03
91737,0.0
91738,0.0
91739,0.0
91740,0.08
91741,0.02
91742,0.03
91743,0.02
91744,0.0
91745,0.02
91746,0.0
91747,0.0
91748,0.03
91749,0.02
91750,0.23
91751,0.07
91752,0.0
91753,0.15
91754,0.11
91755,0.0
91756,0.03
91757,0.0
91758,0.32
91759,0.08
91760,0.08
91761,0.03
91762,0.06
91763,0.0
91764,0.17
91765,0.0
91766,0.03
91767,0.02
91768,0.16
91769,0.01
91770,0.22
91771,0.0
91772,0.0
91773,0.0
91774,0.08
91775,0.0
91776,0.03
91777,0.0
91778,0.19
91779,0.04
91780,0.04
91781,0.03
91782,0.0
91783,0.02
91784,0.0
91785,0.0
91786,0.0
91787,0.06
91788,0.0
91789,0.03
91790,0.12
91791,0.0
91792,0.14
91793,0.0
91794,0.01
91795,0.0
91796,0.21
91797,0.23
91798,0.07
91799,0.0
91800,0.07
91801,0.0
91802,0.09
91803,0.07
91804,0.0
91805,0.0
91806,0.02
91807,0.0
91808,0.15
91809,0.09
91810,0.07
91811,0.11
91812,0.0
91813,0.01
91814,0.0
91815,0.35
91816,0.03
91817,0.02
91818,0.01
91819,0.0
91820,0.01
91821,0.05
91822,0.0
91823,0.02
91824,0.37
91825,0.03
91826,0.0
91827,0.0
91828,0.0
91829,0.21
91830,0.14
91831,0.0
91832,0.01
91833,0.06
91834,0.0
91835,0.46
91836,0.06
91837,0.01
91838,0.03
91839,0.01
91840,0.44
91841,0.0
91842,0.17
91843,0.03
91844,0.17
91845,0.0
91846,0.0
91847,0.0
91848,0.01
91849,0.02
91850,0.01
91851,0.02
91852,0.01
91853,0.07
91854,0.21
91855,0.02
91856,0.0
91857,0.05
91858,0.0
91859,0.0
91860,0.0
91861,0.0
91862,0.0
91863,0.0
91864,0.06
91865,0.04
91866,0.01
91867,0.0
91868,0.43
91869,0.03
91870,0.02
91871,0.02
91872,0.08
91873,0.0
91874,0.04
91875,0.27
91876,0.01
91877,0.06
91878,0.39
91879,0.42
91880,0.08
91881,0.04
91882,0.03
91883,0.29
91884,0.03
91885,0.08
91886,0.0
91887,0.14
91888,0.3
91889,0.26
91890,0.0
91891,0.09
91892,0.07
91893,0.21
91894,0.04
91895,0.0
91896,0.0
91897,0.0
91898,0.1
91899,0.04
91900,0.02
91901,0.0
91902,0.07
91903,0.16
91904,0.42
91905,0.0
91906,0.05
91907,0.15
91908,0.03
91909,0.0
91910,0.01
91911,0.0
91912,0.01
91913,0.02
91914,0.03
91915,0.0
91916,0.01
91917,0.07
91918,0.01
91919,0.0
91920,0.28
91921,0.03
91922,0.0
91923,0.0
91924,0.01
91925,0.02
91926,0.01
91927,0.24
91928,0.59
91929,0.09
91930,0.0
91931,0.02
91932,0.02
91933,0.05
91934,0.0
91935,0.33
91936,0.03
91937,0.02
91938,0.02
91939,0.01
91940,0.0
91941,0.07
91942,0.04
91943,0.0
91944,0.24
91945,0.19
91946,0.04
91947,0.0
91948,0.13
91949,0.01
91950,0.12
91951,0.03
91952,0.0
91953,0.01
91954,0.0
91955,0.48
91956,0.03
91957,0.0
91958,0.05
91959,0.0
91960,0.1
91961,0.02
91962,0.0
91963,0.02
91964,0.12
91965,0.06
91966,0.0
91967,0.07
91968,0.11
91969,0.0
91970,0.12
91971,0.02
91972,0.02
91973,0.35
91974,0.0
91975,0.18
91976,0.15
91977,0.05
91978,0.02
91979,0.02
91980,0.0
91981,0.01
91982,0.04
91983,0.0
91984,0.01
91985,0.0
91986,0.0
91987,0.03
91988,0.02
91989,0.0
91990,0.04
91991,0.13
91992,0.04
91993,0.0
91994,0.01
91995,0.38
91996,0.0
91997,0.0
91998,0.0
91999,0.0
92000,0.07
92001,0.19
92002,0.0
92003,0.08
92004,0.0
92005,0.0
92006,0.06
92007,0.06
92008,0.02
92009,0.03
92010,0.01
92011,0.0
92012,0.0
92013,0.05
92014,0.01
92015,0.0
92016,0.01
92017,0.16
92018,0.01
92019,0.12
92020,0.0
92021,0.28
92022,0.0
92023,0.09
92024,0.31
92025,0.0
92026,0.03
92027,0.0
92028,0.0
92029,0.0
92030,0.0
92031,0.01
92032,0.07
92033,0.03
92034,0.01
92035,0.02
92036,0.0
92037,0.0
92038,0.12
92039,0.0
92040,0.01
92041,0.03
92042,0.01
92043,0.03
92044,0.03
92045,0.0
92046,0.04
92047,0.0
92048,0.38
92049,0.17
92050,0.14
92051,0.03
92052,0.13
92053,0.08
92054,0.01
92055,0.0
92056,0.0
92057,0.15
92058,0.01
92059,0.0
92060,0.02
92061,0.02
92062,0.08
92063,0.0
92064,0.01
92065,0.0
92066,0.08
92067,0.01
92068,0.0
92069,0.07
92070,0.06
92071,0.0
92072,0.0
92073,0.02
92074,0.01
92075,0.08
92076,0.23
92077,0.0
92078,0.01
92079,0.23
92080,0.05
92081,0.16
92082,0.0
92083,0.01
92084,0.0
92085,0.02
92086,0.05
92087,0.03
92088,0.02
92089,0.04
92090,0.13
92091,0.13
92092,0.04
92093,0.63
92094,0.04
92095,0.0
92096,0.01
92097,0.52
92098,0.03
92099,0.09
92100,0.08
92101,0.04
92102,0.0
92103,0.25
92104,0.01
92105,0.0
92106,0.01
92107,0.0
92108,0.08
92109,0.03
92110,0.56
92111,0.0
92112,0.02
92113,0.0
92114,0.03
92115,0.0
92116,0.03
92117,0.24
92118,0.0
92119,0.04
92120,0.06
92121,0.01
92122,0.0
92123,0.16
92124,0.12
92125,0.0
92126,0.0
92127,0.04
92128,0.01
92129,0.05
92130,0.45
92131,0.05
92132,0.01
92133,0.14
92134,0.08
92135,0.35
92136,0.14
92137,0.02
92138,0.01
92139,0.04
92140,0.0
92141,0.01
92142,0.01
92143,0.0
92144,0.0
92145,0.01
92146,0.12
92147,0.07
92148,0.0
92149,0.0
92150,0.09
92151,0.07
92152,0.0
92153,0.04
92154,0.1
92155,0.0
92156,0.01
92157,0.03
92158,0.5
92159,0.01
92160,0.01
92161,0.05
92162,0.17
92163,0.02
92164,0.01
92165,0.01
92166,0.06
92167,0.01
92168,0.04
92169,0.25
92170,0.0
92171,0.01
92172,0.01
92173,0.08
92174,0.01
92175,0.03
92176,0.56
92177,0.03
92178,0.01
92179,0.01
92180,0.06
92181,0.02
92182,0.38
92183,0.0
92184,0.05
92185,0.06
92186,0.04
92187,0.0
92188,0.0
92189,0.0
92190,0.01
92191,0.14
92192,0.0
92193,0.0
92194,0.03
92195,0.0
92196,0.0
92197,0.0
92198,0.41
92199,0.05
92200,0.05
92201,0.14
92202,0.31
92203,0.18
92204,0.03
92205,0.0
92206,0.03
92207,0.0
92208,0.09
92209,0.0
92210,0.02
92211,0.03
92212,0.01
92213,0.0
92214,0.22
92215,0.34
92216,0.01
92217,0.06
92218,0.0
92219,0.07
92220,0.04
92221,0.34
92222,0.03
92223,0.01
92224,0.27
92225,0.08
92226,0.02
92227,0.03
92228,0.0
92229,0.0
92230,0.0
92231,0.0
92232,0.23
92233,0.12
92234,0.01
92235,0.0
92236,0.47
92237,0.01
92238,0.11
92239,0.06
92240,0.04
92241,0.02
92242,0.03
92243,0.02
92244,0.14
92245,0.61
92246,0.01
92247,0.01
92248,0.25
92249,0.08
92250,0.02
92251,0.02
92252,0.01
92253,0.27
92254,0.0
92255,0.03
92256,0.33
92257,0.08
92258,0.09
92259,0.15
92260,0.0
92261,0.01
92262,0.0
92263,0.01
92264,0.08
92265,0.03
92266,0.03
92267,0.02
92268,0.21
92269,0.23
92270,0.0
92271,0.03
92272,0.04
92273,0.17
92274,0.0
92275,0.0
92276,0.07
92277,0.09
92278,0.0
92279,0.08
92280,0.04
92281,0.02
92282,0.0
92283,0.06
92284,0.01
92285,0.05
92286,0.36
92287,0.16
92288,0.06
92289,0.0
92290,0.03
92291,0.06
92292,0.22
92293,0.16
92294,0.0
92295,0.33
92296,0.06
92297,0.0
92298,0.02
92299,0.0
92300,0.0
92301,0.17
92302,0.02
92303,0.04
92304,0.0
92305,0.04
92306,0.04
92307,0.07
92308,0.07
92309,0.0
92310,0.0
92311,0.03
92312,0.0
92313,0.03
92314,0.03
92315,0.01
92316,0.12
92317,0.0
92318,0.01
92319,0.02
92320,0.01
92321,0.0
92322,0.05
92323,0.33
92324,0.02
92325,0.04
92326,0.1
92327,0.01
92328,0.03
92329,0.3
92330,0.0
92331,0.01
92332,0.24
92333,0.33
92334,0.05
92335,0.09
92336,0.01
92337,0.01
92338,0.43
92339,0.02
92340,0.02
92341,0.1
92342,0.0
92343,0.02
92344,0.17
92345,0.37
92346,0.01
92347,0.02
92348,0.14
92349,0.1
92350,0.0
92351,0.64
92352,0.04
92353,0.29
92354,0.02
92355,0.0
92356,0.0
92357,0.05
92358,0.06
92359,0.09
92360,0.04
92361,0.0
92362,0.03
92363,0.04
92364,0.01
92365,0.01
92366,0.0
92367,0.02
92368,0.01
92369,0.05
92370,0.0
92371,0.02
92372,0.0
92373,0.01
92374,0.56
92375,0.0
92376,0.03
92377,0.02
92378,0.12
92379,0.0
92380,0.07
92381,0.0
92382,0.01
92383,0.01
92384,0.0
92385,0.02
92386,0.0
92387,0.01
92388,0.09
92389,0.0
92390,0.02
92391,0.03
92392,0.19
92393,0.06
92394,0.06
92395,0.02
92396,0.0
92397,0.1
92398,0.02
92399,0.03
92400,0.0
92401,0.0
92402,0.06
92403,0.0
92404,0.0
92405,0.0
92406,0.0
92407,0.03
92408,0.0
92409,0.0
92410,0.01
92411,0.29
92412,0.0
92413,0.0
92414,0.02
92415,0.52
92416,0.0
92417,0.02
92418,0.01
92419,0.04
92420,0.0
92421,0.05
92422,0.0
92423,0.14
92424,0.04
92425,0.11
92426,0.0
92427,0.03
92428,0.0
92429,0.0
92430,0.0
92431,0.01
92432,0.05
92433,0.28
92434,0.02
92435,0.09
92436,0.09
92437,0.05
92438,0.03
92439,0.02
92440,0.01
92441,0.0
92442,0.05
92443,0.01
92444,0.46
92445,0.24
92446,0.0
92447,0.02
92448,0.22
92449,0.0
92450,0.03
92451,0.02
92452,0.0
92453,0.01
92454,0.01
92455,0.04
92456,0.0
92457,0.02
92458,0.02
92459,0.27
92460,0.01
92461,0.05
92462,0.02
92463,0.04
92464,0.05
92465,0.02
92466,0.04
92467,0.0
92468,0.01
92469,0.06
92470,0.37
92471,0.0
92472,0.02
92473,0.05
92474,0.04
92475,0.0
92476,0.26
92477,0.03
92478,0.01
92479,0.01
92480,0.07
92481,0.0
92482,0.09
92483,0.01
92484,0.01
92485,0.12
92486,0.0
92487,0.01
92488,0.01
92489,0.01
92490,0.65
92491,0.01
92492,0.09
92493,0.0
92494,0.03
92495,0.0
92496,0.01
92497,0.02
92498,0.02
92499,0.0
92500,0.01
92501,0.01
92502,0.0
92503,0.0
92504,0.36
92505,0.0
92506,0.0
92507,0.0
92508,0.01
92509,0.02
92510,0.44
92511,0.1
92512,0.01
92513,0.04
92514,0.01
92515,0.03
92516,0.01
92517,0.02
92518,0.08
92519,0.0
92520,0.0
92521,0.06
92522,0.0
92523,0.04
92524,0.11
92525,0.01
92526,0.01
92527,0.01
92528,0.12
92529,0.0
92530,0.02
92531,0.0
92532,0.26
92533,0.03
92534,0.05
92535,0.01
92536,0.16
92537,0.0
92538,0.0
92539,0.61
92540,0.01
92541,0.02
92542,0.0
92543,0.0
92544,0.03
92545,0.01
92546,0.0
92547,0.0
92548,0.01
92549,0.02
92550,0.02
92551,0.01
92552,0.0
92553,0.19
92554,0.01
92555,0.02
92556,0.0
92557,0.02
92558,0.01
92559,0.08
92560,0.03
92561,0.0
92562,0.0
92563,0.01
92564,0.0
92565,0.0
92566,0.0
92567,0.0
92568,0.12
92569,0.06
92570,0.01
92571,0.01
92572,0.1
92573,0.17
92574,0.05
92575,0.11
92576,0.27
92577,0.02
92578,0.0
92579,0.0
92580,0.01
92581,0.02
92582,0.1
92583,0.02
92584,0.03
92585,0.0
92586,0.02
92587,0.03
92588,0.12
92589,0.01
92590,0.04
92591,0.0
92592,0.02
92593,0.11
92594,0.03
92595,0.03
92596,0.09
92597,0.01
92598,0.01
92599,0.0
92600,0.0
92601,0.0
92602,0.02
92603,0.0
92604,0.01
92605,0.11
92606,0.0
92607,0.01
92608,0.05
92609,0.04
92610,0.0
92611,0.07
92612,0.14
92613,0.0
92614,0.07
92615,0.08
92616,0.0
92617,0.02
92618,0.0
92619,0.01
92620,0.0
92621,0.33
92622,0.0
92623,0.11
92624,0.64
92625,0.08
92626,0.04
92627,0.16
92628,0.0
92629,0.01
92630,0.03
92631,0.0
92632,0.09
92633,0.0
92634,0.14
92635,0.0
92636,0.04
92637,0.0
92638,0.04
92639,0.07
92640,0.06
92641,0.09
92642,0.01
92643,0.23
92644,0.1
92645,0.25
92646,0.07
92647,0.0
92648,0.03
92649,0.04
92650,0.02
92651,0.12
92652,0.0
92653,0.0
92654,0.0
92655,0.0
92656,0.08
92657,0.1
92658,0.0
92659,0.01
92660,0.03
92661,0.1
92662,0.05
92663,0.0
92664,0.0
92665,0.4
92666,0.01
92667,0.05
92668,0.0
92669,0.05
92670,0.4
92671,0.0
92672,0.0
92673,0.03
92674,0.0
92675,0.0
92676,0.02
92677,0.09
92678,0.31
92679,0.04
92680,0.0
92681,0.04
92682,0.02
92683,0.05
92684,0.0
92685,0.03
92686,0.0
92687,0.01
92688,0.09
92689,0.05
92690,0.02
92691,0.08
92692,0.01
92693,0.02
92694,0.01
92695,0.01
92696,0.05
92697,0.01
92698,0.01
92699,0.0
92700,0.04
92701,0.0
92702,0.1
92703,0.03
92704,0.24
92705,0.0
92706,0.08
92707,0.08
92708,0.16
92709,0.08
92710,0.01
92711,0.02
92712,0.13
92713,0.0
92714,0.0
92715,0.06
92716,0.0
92717,0.02
92718,0.0
92719,0.04
92720,0.0
92721,0.0
92722,0.0
92723,0.05
92724,0.19
92725,0.06
92726,0.25
92727,0.09
92728,0.01
92729,0.15
92730,0.0
92731,0.01
92732,0.18
92733,0.01
92734,0.0
92735,0.0
92736,0.09
92737,0.3
92738,0.05
92739,0.44
92740,0.08
92741,0.13
92742,0.0
92743,0.12
92744,0.03
92745,0.0
92746,0.02
92747,0.0
92748,0.36
92749,0.08
92750,0.0
92751,0.09
92752,0.12
92753,0.06
92754,0.06
92755,0.24
92756,0.0
92757,0.05
92758,0.09
92759,0.02
92760,0.01
92761,0.01
92762,0.04
92763,0.29
92764,0.0
92765,0.03
92766,0.03
92767,0.0
92768,0.1
92769,0.02
92770,0.01
92771,0.06
92772,0.09
92773,0.03
92774,0.02
92775,0.0
92776,0.0
92777,0.12
92778,0.0
92779,0.02
92780,0.0
92781,0.01
92782,0.02
92783,0.23
92784,0.0
92785,0.03
92786,0.38
92787,0.06
92788,0.49
92789,0.0
92790,0.06
92791,0.0
92792,0.06
92793,0.0
92794,0.1
92795,0.0
92796,0.0
92797,0.27
92798,0.07
92799,0.0
92800,0.04
92801,0.05
92802,0.06
92803,0.52
92804,0.05
92805,0.11
92806,0.0
92807,0.0
92808,0.03
92809,0.01
92810,0.32
92811,0.0
92812,0.01
92813,0.04
92814,0.05
92815,0.74
92816,0.03
92817,0.03
92818,0.0
92819,0.51
92820,0.0
92821,0.0
92822,0.02
92823,0.14
92824,0.0
92825,0.2
92826,0.07
92827,0.05
92828,0.03
92829,0.0
92830,0.18
92831,0.0
92832,0.0
92833,0.02
92834,0.25
92835,0.03
92836,0.0
92837,0.01
92838,0.39
92839,0.01
92840,0.01
92841,0.01
92842,0.03
92843,0.02
92844,0.09
92845,0.02
92846,0.0
92847,0.03
92848,0.0
92849,0.0
92850,0.07
92851,0.01
92852,0.0
92853,0.05
92854,0.0
92855,0.04
92856,0.07
92857,0.04
92858,0.01
92859,0.38
92860,0.12
92861,0.04
92862,0.01
92863,0.01
92864,0.02
92865,0.03
92866,0.48
92867,0.0
92868,0.02
92869,0.08
92870,0.16
92871,0.03
92872,0.0
92873,0.02
92874,0.21
92875,0.0
92876,0.06
92877,0.01
92878,0.02
92879,0.01
92880,0.03
92881,0.0
92882,0.03
92883,0.39
92884,0.11
92885,0.04
92886,0.04
92887,0.01
92888,0.04
92889,0.0
92890,0.05
92891,0.16
92892,0.0
92893,0.11
92894,0.0
92895,0.0
92896,0.01
92897,0.04
92898,0.04
92899,0.1
92900,0.0
92901,0.38
92902,0.0
92903,0.01
92904,0.0
92905,0.0
92906,0.03
92907,0.02
92908,0.09
92909,0.01
92910,0.01
92911,0.01
92912,0.02
92913,0.02
92914,0.0
92915,0.0
92916,0.0
92917,0.0
92918,0.06
92919,0.01
92920,0.53
92921,0.03
92922,0.14
92923,0.12
92924,0.0
92925,0.09
92926,0.48
92927,0.01
92928,0.23
92929,0.02
92930,0.01
92931,0.0
92932,0.04
92933,0.14
92934,0.06
92935,0.56
92936,0.1
92937,0.0
92938,0.04
92939,0.03
92940,0.24
92941,0.05
92942,0.37
92943,0.07
92944,0.12
92945,0.02
92946,0.01
92947,0.13
92948,0.01
92949,0.07
92950,0.31
92951,0.1
92952,0.08
92953,0.02
92954,0.19
92955,0.0
92956,0.01
92957,0.01
92958,0.03
92959,0.02
92960,0.03
92961,0.05
92962,0.45
92963,0.4
92964,0.04
92965,0.0
92966,0.49
92967,0.06
92968,0.01
92969,0.0
92970,0.0
92971,0.01
92972,0.05
92973,0.02
92974,0.0
92975,0.0
92976,0.06
92977,0.15
92978,0.21
92979,0.01
92980,0.0
92981,0.04
92982,0.2
92983,0.01
92984,0.01
92985,0.37
92986,0.24
92987,0.08
92988,0.02
92989,0.02
92990,0.4
92991,0.02
92992,0.01
92993,0.03
92994,0.01
92995,0.0
92996,0.81
92997,0.11
92998,0.01
92999,0.0
93000,0.09
93001,0.13
93002,0.0
93003,0.09
93004,0.01
93005,0.0
93006,0.05
93007,0.0
93008,0.03
93009,0.01
93010,0.06
93011,0.0
93012,0.07
93013,0.21
93014,0.07
93015,0.0
93016,0.05
93017,0.26
93018,0.03
93019,0.04
93020,0.01
93021,0.01
93022,0.0
93023,0.02
93024,0.0
93025,0.02
93026,0.01
93027,0.0
93028,0.09
93029,0.01
93030,0.0
93031,0.0
93032,0.01
93033,0.01
93034,0.05
93035,0.0
93036,0.0
93037,0.06
93038,0.05
93039,0.16
93040,0.0
93041,0.2
93042,0.46
93043,0.18
93044,0.0
93045,0.03
93046,0.02
93047,0.02
93048,0.1
93049,0.01
93050,0.16
93051,0.0
93052,0.09
93053,0.51
93054,0.5
93055,0.04
93056,0.01
93057,0.05
93058,0.04
93059,0.05
93060,0.0
93061,0.0
93062,0.5
93063,0.14
93064,0.09
93065,0.1
93066,0.13
93067,0.09
93068,0.02
93069,0.04
93070,0.0
93071,0.03
93072,0.03
93073,0.04
93074,0.09
93075,0.01
93076,0.08
93077,0.03
93078,0.11
93079,0.01
93080,0.0
93081,0.01
93082,0.06
93083,0.48
93084,0.0
93085,0.0
93086,0.0
93087,0.03
93088,0.01
93089,0.02
93090,0.07
93091,0.02
93092,0.12
93093,0.47
93094,0.04
93095,0.11
93096,0.12
93097,0.0
93098,0.0
93099,0.05
93100,0.03
93101,0.0
93102,0.06
93103,0.06
93104,0.12
93105,0.08
93106,0.08
93107,0.02
93108,0.01
93109,0.0
93110,0.07
93111,0.05
93112,0.01
93113,0.04
93114,0.01
93115,0.02
93116,0.0
93117,0.01
93118,0.01
93119,0.0
93120,0.0
93121,0.03
93122,0.0
93123,0.08
93124,0.36
93125,0.07
93126,0.11
93127,0.01
93128,0.21
93129,0.04
93130,0.01
93131,0.42
93132,0.07
93133,0.0
93134,0.03
93135,0.4
93136,0.0
93137,0.04
93138,0.01
93139,0.01
93140,0.02
93141,0.06
93142,0.0
93143,0.01
93144,0.32
93145,0.03
93146,0.28
93147,0.18
93148,0.0
93149,0.01
93150,0.04
93151,0.27
93152,0.0
93153,0.24
93154,0.0
93155,0.04
93156,0.0
93157,0.04
93158,0.01
93159,0.0
93160,0.02
93161,0.02
93162,0.0
93163,0.13
93164,0.03
93165,0.08
93166,0.0
93167,0.0
93168,0.0
93169,0.0
93170,0.02
93171,0.29
93172,0.0
93173,0.03
93174,0.0
93175,0.0
93176,0.1
93177,0.0
93178,0.04
93179,0.01
93180,0.03
93181,0.01
93182,0.06
93183,0.01
93184,0.48
93185,0.01
93186,0.03
93187,0.03
93188,0.0
93189,0.02
93190,0.14
93191,0.39
93192,0.05
93193,0.02
93194,0.01
93195,0.01
93196,0.03
93197,0.07
93198,0.05
93199,0.0
93200,0.01
93201,0.19
93202,0.08
93203,0.0
93204,0.08
93205,0.14
93206,0.29
93207,0.07
93208,0.0
93209,0.08
93210,0.04
93211,0.09
93212,0.01
93213,0.03
93214,0.03
93215,0.01
93216,0.1
93217,0.0
93218,0.05
93219,0.11
93220,0.16
93221,0.06
93222,0.0
93223,0.28
93224,0.01
93225,0.3
93226,0.47
93227,0.06
93228,0.0
93229,0.62
93230,0.0
93231,0.0
93232,0.19
93233,0.14
93234,0.02
93235,0.02
93236,0.02
93237,0.0
93238,0.04
93239,0.17
93240,0.0
93241,0.01
93242,0.0
93243,0.05
93244,0.05
93245,0.11
93246,0.04
93247,0.01
93248,0.03
93249,0.0
93250,0.05
93251,0.01
93252,0.03
93253,0.01
93254,0.03
93255,0.01
93256,0.04
93257,0.03
93258,0.01
93259,0.07
93260,0.0
93261,0.29
93262,0.03
93263,0.01
93264,0.17
93265,0.19
93266,0.3
93267,0.03
93268,0.05
93269,0.06
93270,0.07
93271,0.05
93272,0.0
93273,0.1
93274,0.0
93275,0.01
93276,0.0
93277,0.06
93278,0.31
93279,0.06
93280,0.14
93281,0.1
93282,0.0
93283,0.25
93284,0.01
93285,0.08
93286,0.0
93287,0.0
93288,0.53
93289,0.07
93290,0.0
93291,0.02
93292,0.0
93293,0.06
93294,0.05
93295,0.01
93296,0.02
93297,0.0
93298,0.0
93299,0.0
93300,0.04
93301,0.02
93302,0.08
93303,0.12
93304,0.02
93305,0.02
93306,0.3
93307,0.03
93308,0.02
93309,0.05
93310,0.03
93311,0.0
93312,0.0
93313,0.04
93314,0.01
93315,0.06
93316,0.0
93317,0.08
93318,0.01
93319,0.02
93320,0.08
93321,0.0
93322,0.04
93323,0.28
93324,0.0
93325,0.01
93326,0.37
93327,0.29
93328,0.23
93329,0.0
93330,0.0
93331,0.02
93332,0.01
93333,0.04
93334,0.0
93335,0.01
93336,0.0
93337,0.35
93338,0.0
93339,0.0
93340,0.07
93341,0.01
93342,0.01
93343,0.02
93344,0.0
93345,0.09
93346,0.34
93347,0.08
93348,0.0
93349,0.01
93350,0.06
93351,0.0
93352,0.08
93353,0.25
93354,0.39
93355,0.09
93356,0.01
93357,0.17
93358,0.0
93359,0.0
93360,0.57
93361,0.0
93362,0.01
93363,0.0
93364,0.0
93365,0.01
93366,0.01
93367,0.01
93368,0.03
93369,0.0
93370,0.03
93371,0.01
93372,0.0
93373,0.0
93374,0.0
93375,0.22
93376,0.04
93377,0.02
93378,0.1
93379,0.0
93380,0.03
93381,0.34
93382,0.19
93383,0.01
93384,0.01
93385,0.0
93386,0.01
93387,0.26
93388,0.02
93389,0.04
93390,0.0
93391,0.01
93392,0.0
93393,0.06
93394,0.04
93395,0.01
93396,0.0
93397,0.02
93398,0.08
93399,0.02
93400,0.26
93401,0.13
93402,0.05
93403,0.11
93404,0.24
93405,0.04
93406,0.03
93407,0.48
93408,0.06
93409,0.03
93410,0.01
93411,0.01
93412,0.0
93413,0.0
93414,0.01
93415,0.0
93416,0.01
93417,0.01
93418,0.0
93419,0.08
93420,0.0
93421,0.02
93422,0.09
93423,0.18
93424,0.0
93425,0.01
93426,0.01
93427,0.04
93428,0.0
93429,0.05
93430,0.4
93431,0.01
93432,0.08
93433,0.03
93434,0.02
93435,0.01
93436,0.0
93437,0.53
93438,0.33
93439,0.26
93440,0.0
93441,0.02
93442,0.0
93443,0.13
93444,0.13
93445,0.08
93446,0.02
93447,0.17
93448,0.01
93449,0.0
93450,0.01
93451,0.2
93452,0.15
93453,0.01
93454,0.0
93455,0.12
93456,0.07
93457,0.09
93458,0.27
93459,0.61
93460,0.0
93461,0.28
93462,0.04
93463,0.0
93464,0.0
93465,0.0
93466,0.14
93467,0.11
93468,0.01
93469,0.0
93470,0.06
93471,0.05
93472,0.04
93473,0.02
93474,0.02
93475,0.15
93476,0.03
93477,0.37
93478,0.07
93479,0.17
93480,0.0
93481,0.0
93482,0.03
93483,0.03
93484,0.07
93485,0.01
93486,0.0
93487,0.03
93488,0.26
93489,0.08
93490,0.02
93491,0.01
93492,0.16
93493,0.09
93494,0.0
93495,0.34
93496,0.02
93497,0.0
93498,0.03
93499,0.01
93500,0.01
93501,0.0
93502,0.02
93503,0.01
93504,0.16
93505,0.11
93506,0.02
93507,0.0
93508,0.02
93509,0.4
93510,0.01
93511,0.27
93512,0.0
93513,0.03
93514,0.01
93515,0.0
93516,0.08
93517,0.0
93518,0.43
93519,0.0
93520,0.01
93521,0.0
93522,0.17
93523,0.0
93524,0.28
93525,0.06
93526,0.0
93527,0.0
93528,0.01
93529,0.1
93530,0.01
93531,0.01
93532,0.0
93533,0.07
93534,0.06
93535,0.05
93536,0.03
93537,0.28
93538,0.0
93539,0.01
93540,0.0
93541,0.0
93542,0.02
93543,0.12
93544,0.04
93545,0.01
93546,0.09
93547,0.01
93548,0.0
93549,0.08
93550,0.02
93551,0.03
93552,0.05
93553,0.13
93554,0.01
93555,0.04
93556,0.13
93557,0.0
93558,0.0
93559,0.0
93560,0.1
93561,0.0
93562,0.01
93563,0.0
93564,0.0
93565,0.0
93566,0.03
93567,0.01
93568,0.0
93569,0.0
93570,0.11
93571,0.02
93572,0.01
93573,0.19
93574,0.0
93575,0.12
93576,0.02
93577,0.39
93578,0.43
93579,0.06
93580,0.0
93581,0.08
93582,0.02
93583,0.0
93584,0.0
93585,0.0
93586,0.01
93587,0.02
93588,0.01
93589,0.0
93590,0.0
93591,0.1
93592,0.06
93593,0.03
93594,0.0
93595,0.04
93596,0.0
93597,0.04
93598,0.04
93599,0.03
93600,0.08
93601,0.05
93602,0.03
93603,0.01
93604,0.01
93605,0.0
93606,0.01
93607,0.04
93608,0.02
93609,0.0
93610,0.01
93611,0.0
93612,0.03
93613,0.0
93614,0.02
93615,0.03
93616,0.02
93617,0.01
93618,0.01
93619,0.05
93620,0.27
93621,0.17
93622,0.05
93623,0.15
93624,0.04
93625,0.08
93626,0.0
93627,0.19
93628,0.01
93629,0.0
93630,0.02
93631,0.07
93632,0.54
93633,0.0
93634,0.06
93635,0.02
93636,0.01
93637,0.05
93638,0.03
93639,0.0
93640,0.13
93641,0.01
93642,0.31
93643,0.0
93644,0.02
93645,0.04
93646,0.04
93647,0.01
93648,0.02
93649,0.0
93650,0.0
93651,0.0
93652,0.0
93653,0.04
93654,0.0
93655,0.03
93656,0.0
93657,0.02
93658,0.04
93659,0.04
93660,0.02
93661,0.26
93662,0.0
93663,0.04
93664,0.01
93665,0.0
93666,0.0
93667,0.01
93668,0.0
93669,0.04
93670,0.2
93671,0.01
93672,0.0
93673,0.03
93674,0.34
93675,0.03
93676,0.04
93677,0.01
93678,0.05
93679,0.0
93680,0.04
93681,0.03
93682,0.0
93683,0.0
93684,0.02
93685,0.68
93686,0.06
93687,0.05
93688,0.0
93689,0.11
93690,0.13
93691,0.02
93692,0.0
93693,0.03
93694,0.19
93695,0.14
93696,0.1
93697,0.02
93698,0.0
93699,0.58
93700,0.0
93701,0.11
93702,0.0
93703,0.02
93704,0.09
93705,0.03
93706,0.2
93707,0.02
93708,0.06
93709,0.07
93710,0.15
93711,0.31
93712,0.04
93713,0.0
93714,0.0
93715,0.03
93716,0.06
93717,0.0
93718,0.0
93719,0.01
93720,0.0
93721,0.04
93722,0.41
93723,0.03
93724,0.01
93725,0.03
93726,0.0
93727,0.0
93728,0.0
93729,0.05
93730,0.02
93731,0.03
93732,0.0
93733,0.35
93734,0.01
93735,0.0
93736,0.06
93737,0.59
93738,0.01
93739,0.37
93740,0.46
93741,0.01
93742,0.08
93743,0.24
93744,0.01
93745,0.05
93746,0.0
93747,0.03
93748,0.01
93749,0.0
93750,0.0
93751,0.0
93752,0.0
93753,0.01
93754,0.0
93755,0.16
93756,0.01
93757,0.19
93758,0.01
93759,0.0
93760,0.01
93761,0.06
93762,0.0
93763,0.45
93764,0.0
93765,0.0
93766,0.0
93767,0.0
93768,0.01
93769,0.01
93770,0.03
93771,0.03
93772,0.01
93773,0.0
93774,0.02
93775,0.27
93776,0.01
93777,0.02
93778,0.04
93779,0.0
93780,0.0
93781,0.0
93782,0.0
93783,0.0
93784,0.02
93785,0.04
93786,0.01
93787,0.03
93788,0.06
93789,0.01
93790,0.03
93791,0.01
93792,0.1
93793,0.02
93794,0.02
93795,0.07
93796,0.13
93797,0.05
93798,0.0
93799,0.0
93800,0.0
93801,0.3
93802,0.0
93803,0.56
93804,0.0
93805,0.0
93806,0.01
93807,0.0
93808,0.0
93809,0.0
93810,0.12
93811,0.26
93812,0.0
93813,0.0
93814,0.17
93815,0.0
93816,0.16
93817,0.0
93818,0.0
93819,0.12
93820,0.0
93821,0.06
93822,0.01
93823,0.15
93824,0.06
93825,0.27
93826,0.21
93827,0.05
93828,0.0
93829,0.0
93830,0.0
93831,0.0
93832,0.04
93833,0.02
93834,0.35
93835,0.0
93836,0.0
93837,0.0
93838,0.01
93839,0.0
93840,0.42
93841,0.0
93842,0.0
93843,0.0
93844,0.08
93845,0.07
93846,0.03
93847,0.08
93848,0.0
93849,0.03
93850,0.03
93851,0.04
93852,0.02
93853,0.03
93854,0.26
93855,0.0
93856,0.0
93857,0.02
93858,0.01
93859,0.0
93860,0.0
93861,0.03
93862,0.27
93863,0.0
93864,0.14
93865,0.06
93866,0.0
93867,0.03
93868,0.0
93869,0.08
93870,0.01
93871,0.01
93872,0.0
93873,0.01
93874,0.01
93875,0.01
93876,0.01
93877,0.0
93878,0.01
93879,0.02
93880,0.05
93881,0.02
93882,0.03
93883,0.04
93884,0.27
93885,0.0
93886,0.08
93887,0.05
93888,0.04
93889,0.0
93890,0.07
93891,0.05
93892,0.0
93893,0.01
93894,0.0
93895,0.01
93896,0.15
93897,0.01
93898,0.0
93899,0.37
93900,0.0
93901,0.0
93902,0.02
93903,0.01
93904,0.06
93905,0.03
93906,0.02
93907,0.03
93908,0.12
93909,0.12
93910,0.04
93911,0.01
93912,0.0
93913,0.01
93914,0.01
93915,0.14
93916,0.01
93917,0.01
93918,0.0
93919,0.02
93920,0.28
93921,0.0
93922,0.0
93923,0.01
93924,0.01
93925,0.29
93926,0.02
93927,0.5
93928,0.0
93929,0.0
93930,0.05
93931,0.0
93932,0.38
93933,0.01
93934,0.0
93935,0.0
93936,0.0
93937,0.01
93938,0.01
93939,0.02
93940,0.05
93941,0.01
93942,0.02
93943,0.0
93944,0.2
93945,0.06
93946,0.38
93947,0.0
93948,0.01
93949,0.01
93950,0.08
93951,0.0
93952,0.0
93953,0.0
93954,0.06
93955,0.29
93956,0.08
93957,0.0
93958,0.0
93959,0.03
93960,0.03
93961,0.04
93962,0.05
93963,0.01
93964,0.21
93965,0.08
93966,0.0
93967,0.02
93968,0.04
93969,0.01
93970,0.06
93971,0.05
93972,0.58
93973,0.0
93974,0.09
93975,0.04
93976,0.55
93977,0.0
93978,0.03
93979,0.11
93980,0.0
93981,0.02
93982,0.04
93983,0.02
93984,0.0
93985,0.05
93986,0.0
93987,0.03
93988,0.32
93989,0.07
93990,0.0
93991,0.0
93992,0.0
93993,0.0
93994,0.02
93995,0.0
93996,0.0
93997,0.02
93998,0.01
93999,0.0
94000,0.0
94001,0.02
94002,0.0
94003,0.38
94004,0.16
94005,0.0
94006,0.02
94007,0.01
94008,0.0
94009,0.01
94010,0.03
94011,0.0
94012,0.0
94013,0.0
94014,0.48
94015,0.0
94016,0.0
94017,0.18
94018,0.21
94019,0.0
94020,0.08
94021,0.03
94022,0.06
94023,0.11
94024,0.01
94025,0.01
94026,0.0
94027,0.0
94028,0.14
94029,0.04
94030,0.02
94031,0.04
94032,0.0
94033,0.08
94034,0.0
94035,0.29
94036,0.0
94037,0.0
94038,0.04
94039,0.04
94040,0.0
94041,0.03
94042,0.05
94043,0.01
94044,0.0
94045,0.01
94046,0.0
94047,0.0
94048,0.13
94049,0.11
94050,0.14
94051,0.0
94052,0.01
94053,0.4
94054,0.0
94055,0.0
94056,0.2
94057,0.0
94058,0.0
94059,0.07
94060,0.03
94061,0.09
94062,0.02
94063,0.07
94064,0.03
94065,0.0
94066,0.02
94067,0.01
94068,0.02
94069,0.01
94070,0.07
94071,0.03
94072,0.0
94073,0.01
94074,0.08
94075,0.21
94076,0.0
94077,0.14
94078,0.0
94079,0.04
94080,0.19
94081,0.01
94082,0.0
94083,0.0
94084,0.68
94085,0.0
94086,0.04
94087,0.04
94088,0.0
94089,0.07
94090,0.16
94091,0.05
94092,0.01
94093,0.53
94094,0.03
94095,0.0
94096,0.0
94097,0.09
94098,0.02
94099,0.0
94100,0.04
94101,0.05
94102,0.0
94103,0.0
94104,0.09
94105,0.04
94106,0.0
94107,0.04
94108,0.04
94109,0.0
94110,0.08
94111,0.01
94112,0.0
94113,0.06
94114,0.2
94115,0.0
94116,0.22
94117,0.0
94118,0.0
94119,0.02
94120,0.0
94121,0.01
94122,0.25
94123,0.06
94124,0.0
94125,0.07
94126,0.05
94127,0.01
94128,0.03
94129,0.13
94130,0.02
94131,0.0
94132,0.0
94133,0.0
94134,0.01
94135,0.0
94136,0.0
94137,0.0
94138,0.05
94139,0.0
94140,0.2
94141,0.07
94142,0.13
94143,0.15
94144,0.6
94145,0.0
94146,0.0
94147,0.05
94148,0.09
94149,0.03
94150,0.0
94151,0.01
94152,0.02
94153,0.06
94154,0.0
94155,0.01
94156,0.03
94157,0.1
94158,0.0
94159,0.01
94160,0.0
94161,0.11
94162,0.04
94163,0.03
94164,0.06
94165,0.0
94166,0.0
94167,0.49
94168,0.17
94169,0.0
94170,0.04
94171,0.56
94172,0.11
94173,0.01
94174,0.03
94175,0.02
94176,0.03
94177,0.42
94178,0.0
94179,0.03
94180,0.0
94181,0.01
94182,0.03
94183,0.02
94184,0.0
94185,0.17
94186,0.05
94187,0.06
94188,0.0
94189,0.26
94190,0.09
94191,0.26
94192,0.0
94193,0.22
94194,0.0
94195,0.05
94196,0.0
94197,0.08
94198,0.0
94199,0.02
94200,0.11
94201,0.01
94202,0.05
94203,0.43
94204,0.05
94205,0.04
94206,0.0
94207,0.11
94208,0.02
94209,0.02
94210,0.03
94211,0.01
94212,0.0
94213,0.01
94214,0.02
94215,0.01
94216,0.07
94217,0.09
94218,0.0
94219,0.02
94220,0.0
94221,0.0
94222,0.04
94223,0.13
94224,0.0
94225,0.15
94226,0.01
94227,0.28
94228,0.08
94229,0.0
94230,0.05
94231,0.0
94232,0.19
94233,0.41
94234,0.0
94235,0.02
94236,0.26
94237,0.21
94238,0.05
94239,0.07
94240,0.01
94241,0.0
94242,0.13
94243,0.02
94244,0.46
94245,0.0
94246,0.02
94247,0.24
94248,0.02
94249,0.05
94250,0.23
94251,0.05
94252,0.21
94253,0.01
94254,0.01
94255,0.51
94256,0.17
94257,0.01
94258,0.0
94259,0.0
94260,0.1
94261,0.0
94262,0.0
94263,0.2
94264,0.0
94265,0.12
94266,0.61
94267,0.02
94268,0.26
94269,0.25
94270,0.0
94271,0.04
94272,0.45
94273,0.0
94274,0.01
94275,0.11
94276,0.24
94277,0.0
94278,0.0
94279,0.0
94280,0.0
94281,0.03
94282,0.0
94283,0.13
94284,0.02
94285,0.07
94286,0.18
94287,0.03
94288,0.08
94289,0.03
94290,0.0
94291,0.01
94292,0.27
94293,0.43
94294,0.06
94295,0.09
94296,0.07
94297,0.03
94298,0.0
94299,0.01
94300,0.01
94301,0.0
94302,0.01
94303,0.23
94304,0.0
94305,0.02
94306,0.0
94307,0.01
94308,0.13
94309,0.01
94310,0.01
94311,0.0
94312,0.46
94313,0.04
94314,0.05
94315,0.18
94316,0.0
94317,0.07
94318,0.01
94319,0.04
94320,0.01
94321,0.04
94322,0.01
94323,0.06
94324,0.0
94325,0.02
94326,0.01
94327,0.1
94328,0.0
94329,0.01
94330,0.0
94331,0.17
94332,0.06
94333,0.02
94334,0.16
94335,0.04
94336,0.02
94337,0.14
94338,0.06
94339,0.01
94340,0.0
94341,0.33
94342,0.06
94343,0.07
94344,0.07
94345,0.18
94346,0.01
94347,0.0
94348,0.0
94349,0.04
94350,0.0
94351,0.11
94352,0.18
94353,0.39
94354,0.1
94355,0.0
94356,0.06
94357,0.06
94358,0.0
94359,0.23
94360,0.1
94361,0.15
94362,0.14
94363,0.05
94364,0.0
94365,0.04
94366,0.01
94367,0.04
94368,0.01
94369,0.02
94370,0.01
94371,0.07
94372,0.05
94373,0.1
94374,0.0
94375,0.02
94376,0.05
94377,0.63
94378,0.14
94379,0.14
94380,0.0
94381,0.0
94382,0.59
94383,0.01
94384,0.0
94385,0.23
94386,0.03
94387,0.02
94388,0.03
94389,0.0
94390,0.03
94391,0.02
94392,0.28
94393,0.14
94394,0.0
94395,0.02
94396,0.0
94397,0.13
94398,0.03
94399,0.03
94400,0.0
94401,0.17
94402,0.0
94403,0.0
94404,0.03
94405,0.39
94406,0.0
94407,0.07
94408,0.04
94409,0.04
94410,0.0
94411,0.05
94412,0.15
94413,0.0
94414,0.05
94415,0.02
94416,0.01
94417,0.01
94418,0.03
94419,0.06
94420,0.03
94421,0.09
94422,0.0
94423,0.23
94424,0.03
94425,0.07
94426,0.0
94427,0.03
94428,0.0
94429,0.0
94430,0.0
94431,0.0
94432,0.14
94433,0.02
94434,0.0
94435,0.0
94436,0.01
94437,0.14
94438,0.02
94439,0.08
94440,0.02
94441,0.13
94442,0.0
94443,0.05
94444,0.65
94445,0.24
94446,0.0
94447,0.04
94448,0.01
94449,0.38
94450,0.05
94451,0.0
94452,0.05
94453,0.01
94454,0.06
94455,0.0
94456,0.27
94457,0.26
94458,0.02
94459,0.0
94460,0.14
94461,0.04
94462,0.13
94463,0.15
94464,0.02
94465,0.09
94466,0.1
94467,0.02
94468,0.0
94469,0.01
94470,0.03
94471,0.45
94472,0.0
94473,0.06
94474,0.01
94475,0.0
94476,0.0
94477,0.01
94478,0.0
94479,0.13
94480,0.0
94481,0.0
94482,0.02
94483,0.27
94484,0.0
94485,0.03
94486,0.01
94487,0.2
94488,0.0
94489,0.04
94490,0.0
94491,0.02
94492,0.02
94493,0.07
94494,0.03
94495,0.09
94496,0.0
94497,0.0
94498,0.05
94499,0.35
94500,0.03
94501,0.0
94502,0.0
94503,0.02
94504,0.12
94505,0.29
94506,0.03
94507,0.06
94508,0.05
94509,0.0
94510,0.02
94511,0.02
94512,0.0
94513,0.0
94514,0.21
94515,0.0
94516,0.08
94517,0.0
94518,0.04
94519,0.01
94520,0.07
94521,0.07
94522,0.1
94523,0.16
94524,0.07
94525,0.02
94526,0.01
94527,0.0
94528,0.05
94529,0.01
94530,0.04
94531,0.0
94532,0.01
94533,0.05
94534,0.01
94535,0.01
94536,0.0
94537,0.03
94538,0.08
94539,0.04
94540,0.02
94541,0.03
94542,0.01
94543,0.0
94544,0.07
94545,0.17
94546,0.2
94547,0.0
94548,0.0
94549,0.09
94550,0.05
94551,0.01
94552,0.62
94553,0.62
94554,0.03
94555,0.57
94556,0.09
94557,0.0
94558,0.08
94559,0.06
94560,0.02
94561,0.09
94562,0.21
94563,0.04
94564,0.24
94565,0.33
94566,0.0
94567,0.01
94568,0.02
94569,0.18
94570,0.01
94571,0.0
94572,0.01
94573,0.0
94574,0.0
94575,0.11
94576,0.0
94577,0.08
94578,0.0
94579,0.08
94580,0.0
94581,0.0
94582,0.02
94583,0.08
94584,0.08
94585,0.06
94586,0.07
94587,0.03
94588,0.06
94589,0.14
94590,0.04
94591,0.55
94592,0.02
94593,0.02
94594,0.0
94595,0.05
94596,0.01
94597,0.0
94598,0.3
94599,0.03
94600,0.0
94601,0.07
94602,0.01
94603,0.03
94604,0.0
94605,0.04
94606,0.01
94607,0.21
94608,0.01
94609,0.07
94610,0.03
94611,0.02
94612,0.01
94613,0.04
94614,0.03
94615,0.06
94616,0.02
94617,0.04
94618,0.03
94619,0.0
94620,0.0
94621,0.07
94622,0.03
94623,0.05
94624,0.37
94625,0.07
94626,0.01
94627,0.46
94628,0.0
94629,0.5
94630,0.0
94631,0.06
94632,0.0
94633,0.01
94634,0.11
94635,0.67
94636,0.12
94637,0.01
94638,0.02
94639,0.01
94640,0.02
94641,0.0
94642,0.03
94643,0.14
94644,0.02
94645,0.06
94646,0.0
94647,0.0
94648,0.0
94649,0.09
94650,0.24
94651,0.09
94652,0.04
94653,0.01
94654,0.1
94655,0.0
94656,0.1
94657,0.05
94658,0.26
94659,0.04
94660,0.01
94661,0.21
94662,0.01
94663,0.04
94664,0.44
94665,0.01
94666,0.02
94667,0.24
94668,0.07
94669,0.01
94670,0.02
94671,0.35
94672,0.0
94673,0.02
94674,0.0
94675,0.05
94676,0.05
94677,0.07
94678,0.03
94679,0.0
94680,0.03
94681,0.04
94682,0.12
94683,0.0
94684,0.0
94685,0.02
94686,0.02
94687,0.33
94688,0.2
94689,0.02
94690,0.3
94691,0.0
94692,0.02
94693,0.0
94694,0.0
94695,0.01
94696,0.06
94697,0.04
94698,0.42
94699,0.0
94700,0.07
94701,0.03
94702,0.03
94703,0.0
94704,0.08
94705,0.06
94706,0.08
94707,0.07
94708,0.11
94709,0.21
94710,0.0
94711,0.0
94712,0.1
94713,0.01
94714,0.03
94715,0.14
94716,0.02
94717,0.0
94718,0.16
94719,0.1
94720,0.0
94721,0.0
94722,0.02
94723,0.04
94724,0.03
94725,0.04
94726,0.12
94727,0.22
94728,0.15
94729,0.0
94730,0.05
94731,0.11
94732,0.0
94733,0.02
94734,0.02
94735,0.01
94736,0.01
94737,0.0
94738,0.02
94739,0.55
94740,0.01
94741,0.08
94742,0.08
94743,0.02
94744,0.28
94745,0.03
94746,0.11
94747,0.0
94748,0.02
94749,0.3
94750,0.0
94751,0.38
94752,0.1
94753,0.0
94754,0.03
94755,0.0
94756,0.03
94757,0.13
94758,0.05
94759,0.24
94760,0.0
94761,0.15
94762,0.01
94763,0.29
94764,0.0
94765,0.52
94766,0.05
94767,0.07
94768,0.01
94769,0.02
94770,0.0
94771,0.0
94772,0.09
94773,0.18
94774,0.01
94775,0.0
94776,0.09
94777,0.0
94778,0.01
94779,0.03
94780,0.07
94781,0.0
94782,0.0
94783,0.07
94784,0.0
94785,0.0
94786,0.15
94787,0.0
94788,0.17
94789,0.0
94790,0.11
94791,0.0
94792,0.01
94793,0.05
94794,0.01
94795,0.13
94796,0.0
94797,0.07
94798,0.07
94799,0.01
94800,0.0
94801,0.0
94802,0.0
94803,0.0
94804,0.08
94805,0.06
94806,0.01
94807,0.01
94808,0.01
94809,0.01
94810,0.01
94811,0.13
94812,0.03
94813,0.0
94814,0.01
94815,0.12
94816,0.15
94817,0.06
94818,0.14
94819,0.03
94820,0.02
94821,0.57
94822,0.19
94823,0.07
94824,0.0
94825,0.13
94826,0.0
94827,0.08
94828,0.01
94829,0.62
94830,0.03
94831,0.21
94832,0.03
94833,0.09
94834,0.03
94835,0.0
94836,0.13
94837,0.06
94838,0.07
94839,0.0
94840,0.01
94841,0.12
94842,0.06
94843,0.12
94844,0.03
94845,0.03
94846,0.01
94847,0.0
94848,0.01
94849,0.02
94850,0.0
94851,0.01
94852,0.0
94853,0.08
94854,0.0
94855,0.0
94856,0.14
94857,0.13
94858,0.19
94859,0.14
94860,0.02
94861,0.05
94862,0.0
94863,0.02
94864,0.01
94865,0.02
94866,0.01
94867,0.07
94868,0.0
94869,0.02
94870,0.01
94871,0.02
94872,0.0
94873,0.0
94874,0.0
94875,0.01
94876,0.0
94877,0.0
94878,0.0
94879,0.04
94880,0.35
94881,0.04
94882,0.08
94883,0.0
94884,0.01
94885,0.02
94886,0.0
94887,0.12
94888,0.0
94889,0.0
94890,0.01
94891,0.03
94892,0.06
94893,0.01
94894,0.5
94895,0.03
94896,0.0
94897,0.02
94898,0.01
94899,0.02
94900,0.01
94901,0.05
94902,0.2
94903,0.09
94904,0.0
94905,0.09
94906,0.01
94907,0.03
94908,0.0
94909,0.0
94910,0.12
94911,0.02
94912,0.04
94913,0.01
94914,0.0
94915,0.02
94916,0.0
94917,0.0
94918,0.2
94919,0.01
94920,0.09
94921,0.13
94922,0.0
94923,0.0
94924,0.0
94925,0.09
94926,0.01
94927,0.0
94928,0.14
94929,0.24
94930,0.2
94931,0.56
94932,0.02
94933,0.01
94934,0.29
94935,0.01
94936,0.0
94937,0.0
94938,0.05
94939,0.13
94940,0.01
94941,0.0
94942,0.01
94943,0.01
94944,0.02
94945,0.02
94946,0.0
94947,0.0
94948,0.01
94949,0.01
94950,0.04
94951,0.0
94952,0.0
94953,0.28
94954,0.03
94955,0.02
94956,0.13
94957,0.02
94958,0.0
94959,0.23
94960,0.07
94961,0.01
94962,0.16
94963,0.06
94964,0.03
94965,0.0
94966,0.0
94967,0.07
94968,0.2
94969,0.0
94970,0.0
94971,0.03
94972,0.0
94973,0.04
94974,0.03
94975,0.02
94976,0.16
94977,0.48
94978,0.0
94979,0.03
94980,0.45
94981,0.12
94982,0.15
94983,0.05
94984,0.17
94985,0.19
94986,0.11
94987,0.06
94988,0.0
94989,0.54
94990,0.0
94991,0.0
94992,0.27
94993,0.0
94994,0.0
94995,0.01
94996,0.02
94997,0.0
94998,0.03
94999,0.06
95000,0.04
95001,0.02
95002,0.01
95003,0.04
95004,0.01
95005,0.01
95006,0.02
95007,0.0
95008,0.04
95009,0.0
95010,0.0
95011,0.05
95012,0.18
95013,0.0
95014,0.02
95015,0.01
95016,0.0
95017,0.09
95018,0.0
95019,0.08
95020,0.02
95021,0.05
95022,0.01
95023,0.05
95024,0.05
95025,0.0
95026,0.08
95027,0.07
95028,0.0
95029,0.02
95030,0.11
95031,0.4
95032,0.01
95033,0.18
95034,0.03
95035,0.04
95036,0.21
95037,0.02
95038,0.02
95039,0.05
95040,0.04
95041,0.0
95042,0.01
95043,0.12
95044,0.05
95045,0.0
95046,0.01
95047,0.06
95048,0.0
95049,0.01
95050,0.0
95051,0.19
95052,0.19
95053,0.0
95054,0.01
95055,0.02
95056,0.05
95057,0.0
95058,0.02
95059,0.0
95060,0.14
95061,0.03
95062,0.0
95063,0.18
95064,0.02
95065,0.01
95066,0.0
95067,0.09
95068,0.05
95069,0.29
95070,0.07
95071,0.0
95072,0.03
95073,0.03
95074,0.02
95075,0.0
95076,0.0
95077,0.0
95078,0.01
95079,0.03
95080,0.0
95081,0.02
95082,0.01
95083,0.0
95084,0.01
95085,0.0
95086,0.0
95087,0.15
95088,0.03
95089,0.03
95090,0.42
95091,0.04
95092,0.06
95093,0.0
95094,0.0
95095,0.01
95096,0.0
95097,0.0
95098,0.02
95099,0.0
95100,0.01
95101,0.01
95102,0.04
95103,0.01
95104,0.0
95105,0.0
95106,0.06
95107,0.25
95108,0.01
95109,0.02
95110,0.22
95111,0.02
95112,0.0
95113,0.05
95114,0.0
95115,0.0
95116,0.32
95117,0.02
95118,0.01
95119,0.0
95120,0.02
95121,0.05
95122,0.02
95123,0.0
95124,0.03
95125,0.0
95126,0.0
95127,0.03
95128,0.29
95129,0.0
95130,0.0
95131,0.02
95132,0.04
95133,0.01
95134,0.08
95135,0.22
95136,0.01
95137,0.05
95138,0.01
95139,0.01
95140,0.0
95141,0.02
95142,0.02
95143,0.0
95144,0.09
95145,0.06
95146,0.02
95147,0.06
95148,0.0
95149,0.57
95150,0.68
95151,0.03
95152,0.0
95153,0.0
95154,0.1
95155,0.0
95156,0.0
95157,0.24
95158,0.02
95159,0.0
95160,0.01
95161,0.0
95162,0.02
95163,0.34
95164,0.0
95165,0.07
95166,0.01
95167,0.23
95168,0.1
95169,0.01
95170,0.0
95171,0.08
95172,0.04
95173,0.03
95174,0.0
95175,0.0
95176,0.0
95177,0.14
95178,0.32
95179,0.08
95180,0.0
95181,0.13
95182,0.0
95183,0.02
95184,0.02
95185,0.03
95186,0.0
95187,0.18
95188,0.19
95189,0.01
95190,0.09
95191,0.02
95192,0.34
95193,0.01
95194,0.0
95195,0.05
95196,0.04
95197,0.03
95198,0.18
95199,0.07
95200,0.34
95201,0.01
95202,0.48
95203,0.06
95204,0.03
95205,0.6
95206,0.04
95207,0.01
95208,0.07
95209,0.21
95210,0.04
95211,0.05
95212,0.04
95213,0.1
95214,0.01
95215,0.04
95216,0.48
95217,0.06
95218,0.06
95219,0.0
95220,0.15
95221,0.02
95222,0.0
95223,0.15
95224,0.0
95225,0.0
95226,0.02
95227,0.03
95228,0.0
95229,0.05
95230,0.02
95231,0.02
95232,0.01
95233,0.01
95234,0.0
95235,0.0
95236,0.0
95237,0.0
95238,0.1
95239,0.0
95240,0.01
95241,0.0
95242,0.06
95243,0.06
95244,0.05
95245,0.0
95246,0.74
95247,0.0
95248,0.56
95249,0.01
95250,0.0
95251,0.13
95252,0.0
95253,0.02
95254,0.02
95255,0.01
95256,0.0
95257,0.17
95258,0.09
95259,0.0
95260,0.01
95261,0.09
95262,0.0
95263,0.0
95264,0.02
95265,0.0
95266,0.04
95267,0.06
95268,0.01
95269,0.03
95270,0.0
95271,0.0
95272,0.22
95273,0.02
95274,0.01
95275,0.0
95276,0.02
95277,0.02
95278,0.02
95279,0.0
95280,0.01
95281,0.18
95282,0.16
95283,0.03
95284,0.02
95285,0.02
95286,0.04
95287,0.0
95288,0.08
95289,0.0
95290,0.09
95291,0.0
95292,0.0
95293,0.06
95294,0.01
95295,0.09
95296,0.02
95297,0.0
95298,0.32
95299,0.0
95300,0.0
95301,0.07
95302,0.07
95303,0.0
95304,0.01
95305,0.01
95306,0.0
95307,0.02
95308,0.23
95309,0.01
95310,0.0
95311,0.0
95312,0.0
95313,0.0
95314,0.06
95315,0.02
95316,0.0
95317,0.01
95318,0.08
95319,0.05
95320,0.17
95321,0.0
95322,0.02
95323,0.07
95324,0.23
95325,0.04
95326,0.13
95327,0.05
95328,0.07
95329,0.0
95330,0.01
95331,0.02
95332,0.0
95333,0.01
95334,0.0
95335,0.0
95336,0.01
95337,0.01
95338,0.01
95339,0.05
95340,0.01
95341,0.56
95342,0.02
95343,0.0
95344,0.03
95345,0.0
95346,0.17
95347,0.0
95348,0.0
95349,0.01
95350,0.01
95351,0.01
95352,0.0
95353,0.19
95354,0.03
95355,0.02
95356,0.05
95357,0.06
95358,0.1
95359,0.02
95360,0.02
95361,0.0
95362,0.04
95363,0.0
95364,0.05
95365,0.49
95366,0.04
95367,0.65
95368,0.02
95369,0.02
95370,0.01
95371,0.0
95372,0.04
95373,0.17
95374,0.42
95375,0.0
95376,0.03
95377,0.11
95378,0.08
95379,0.21
95380,0.0
95381,0.07
95382,0.0
95383,0.0
95384,0.0
95385,0.03
95386,0.41
95387,0.01
95388,0.1
95389,0.12
95390,0.01
95391,0.01
95392,0.24
95393,0.01
95394,0.0
95395,0.04
95396,0.01
95397,0.04
95398,0.01
95399,0.32
95400,0.0
95401,0.1
95402,0.02
95403,0.0
95404,0.01
95405,0.0
95406,0.0
95407,0.0
95408,0.24
95409,0.03
95410,0.0
95411,0.06
95412,0.0
95413,0.29
95414,0.01
95415,0.03
95416,0.06
95417,0.0
95418,0.0
95419,0.01
95420,0.02
95421,0.05
95422,0.03
95423,0.05
95424,0.0
95425,0.02
95426,0.01
95427,0.1
95428,0.34
95429,0.0
95430,0.01
95431,0.21
95432,0.01
95433,0.02
95434,0.08
95435,0.0
95436,0.01
95437,0.09
95438,0.03
95439,0.17
95440,0.08
95441,0.04
95442,0.04
95443,0.0
95444,0.01
95445,0.2
95446,0.01
95447,0.04
95448,0.03
95449,0.0
95450,0.05
95451,0.06
95452,0.01
95453,0.08
95454,0.06
95455,0.02
95456,0.0
95457,0.04
95458,0.02
95459,0.01
95460,0.12
95461,0.01
95462,0.0
95463,0.13
95464,0.03
95465,0.49
95466,0.11
95467,0.02
95468,0.0
95469,0.07
95470,0.01
95471,0.03
95472,0.03
95473,0.01
95474,0.08
95475,0.3
95476,0.0
95477,0.01
95478,0.0
95479,0.0
95480,0.02
95481,0.04
95482,0.0
95483,0.03
95484,0.0
95485,0.04
95486,0.03
95487,0.01
95488,0.06
95489,0.33
95490,0.03
95491,0.14
95492,0.02
95493,0.03
95494,0.0
95495,0.0
95496,0.09
95497,0.01
95498,0.03
95499,0.19
95500,0.08
95501,0.03
95502,0.52
95503,0.0
95504,0.13
95505,0.14
95506,0.07
95507,0.0
95508,0.02
95509,0.03
95510,0.0
95511,0.01
95512,0.01
95513,0.0
95514,0.82
95515,0.14
95516,0.0
95517,0.23
95518,0.01
95519,0.07
95520,0.03
95521,0.3
95522,0.1
95523,0.01
95524,0.1
95525,0.02
95526,0.0
95527,0.03
95528,0.08
95529,0.02
95530,0.03
95531,0.0
95532,0.02
95533,0.2
95534,0.01
95535,0.03
95536,0.02
95537,0.03
95538,0.1
95539,0.01
95540,0.08
95541,0.01
95542,0.0
95543,0.0
95544,0.07
95545,0.08
95546,0.02
95547,0.07
95548,0.0
95549,0.09
95550,0.14
95551,0.18
95552,0.02
95553,0.23
95554,0.02
95555,0.01
95556,0.03
95557,0.0
95558,0.01
95559,0.0
95560,0.0
95561,0.0
95562,0.12
95563,0.03
95564,0.09
95565,0.0
95566,0.19
95567,0.0
95568,0.06
95569,0.0
95570,0.0
95571,0.01
95572,0.02
95573,0.07
95574,0.04
95575,0.0
95576,0.08
95577,0.39
95578,0.01
95579,0.11
95580,0.01
95581,0.08
95582,0.05
95583,0.0
95584,0.01
95585,0.22
95586,0.5
95587,0.0
95588,0.0
95589,0.11
95590,0.44
95591,0.0
95592,0.01
95593,0.0
95594,0.14
95595,0.0
95596,0.11
95597,0.09
95598,0.0
95599,0.1
95600,0.02
95601,0.4
95602,0.0
95603,0.01
95604,0.28
95605,0.01
95606,0.11
95607,0.01
95608,0.3
95609,0.2
95610,0.09
95611,0.1
95612,0.05
95613,0.02
95614,0.04
95615,0.05
95616,0.12
95617,0.02
95618,0.03
95619,0.0
95620,0.03
95621,0.07
95622,0.02
95623,0.01
95624,0.09
95625,0.13
95626,0.08
95627,0.0
95628,0.04
95629,0.1
95630,0.5
95631,0.09
95632,0.12
95633,0.02
95634,0.0
95635,0.13
95636,0.0
95637,0.16
95638,0.0
95639,0.0
95640,0.1
95641,0.05
95642,0.04
95643,0.02
95644,0.27
95645,0.0
95646,0.09
95647,0.0
95648,0.11
95649,0.03
95650,0.01
95651,0.04
95652,0.1
95653,0.02
95654,0.08
95655,0.07
95656,0.01
95657,0.01
95658,0.0
95659,0.04
95660,0.03
95661,0.02
95662,0.11
95663,0.02
95664,0.0
95665,0.02
95666,0.0
95667,0.21
95668,0.0
95669,0.02
95670,0.02
95671,0.0
95672,0.04
95673,0.03
95674,0.01
95675,0.0
95676,0.09
95677,0.0
95678,0.0
95679,0.03
95680,0.0
95681,0.38
95682,0.33
95683,0.01
95684,0.58
95685,0.01
95686,0.14
95687,0.15
95688,0.06
95689,0.0
95690,0.05
95691,0.0
95692,0.14
95693,0.04
95694,0.02
95695,0.01
95696,0.01
95697,0.01
95698,0.0
95699,0.14
95700,0.01
95701,0.0
95702,0.0
95703,0.02
95704,0.01
95705,0.0
95706,0.01
95707,0.0
95708,0.0
95709,0.01
95710,0.0
95711,0.22
95712,0.1
95713,0.35
95714,0.02
95715,0.28
95716,0.02
95717,0.04
95718,0.03
95719,0.06
95720,0.01
95721,0.15
95722,0.06
95723,0.0
95724,0.07
95725,0.09
95726,0.0
95727,0.0
95728,0.01
95729,0.18
95730,0.01
95731,0.21
95732,0.03
95733,0.14
95734,0.01
95735,0.01
95736,0.01
95737,0.03
95738,0.01
95739,0.27
95740,0.01
95741,0.02
95742,0.05
95743,0.07
95744,0.02
95745,0.01
95746,0.12
95747,0.0
95748,0.01
95749,0.0
95750,0.01
95751,0.18
95752,0.02
95753,0.09
95754,0.0
95755,0.09
95756,0.01
95757,0.01
95758,0.1
95759,0.07
95760,0.04
95761,0.13
95762,0.0
95763,0.12
95764,0.02
95765,0.0
95766,0.0
95767,0.01
95768,0.0
95769,0.03
95770,0.0
95771,0.0
95772,0.05
95773,0.03
95774,0.0
95775,0.01
95776,0.42
95777,0.0
95778,0.0
95779,0.01
95780,0.05
95781,0.0
95782,0.04
95783,0.13
95784,0.05
95785,0.04
95786,0.4
95787,0.02
95788,0.17
95789,0.62
95790,0.11
95791,0.0
95792,0.0
95793,0.01
95794,0.06
95795,0.11
95796,0.01
95797,0.59
95798,0.18
95799,0.08
95800,0.0
95801,0.33
95802,0.01
95803,0.05
95804,0.04
95805,0.18
95806,0.0
95807,0.02
95808,0.0
95809,0.0
95810,0.0
95811,0.0
95812,0.0
95813,0.03
95814,0.03
95815,0.01
95816,0.03
95817,0.0
95818,0.02
95819,0.08
95820,0.02
95821,0.08
95822,0.06
95823,0.04
95824,0.01
95825,0.08
95826,0.01
95827,0.03
95828,0.26
95829,0.16
95830,0.0
95831,0.03
95832,0.02
95833,0.18
95834,0.03
95835,0.04
95836,0.16
95837,0.02
95838,0.0
95839,0.0
95840,0.05
95841,0.0
95842,0.38
95843,0.16
95844,0.01
95845,0.13
95846,0.0
95847,0.23
95848,0.16
95849,0.0
95850,0.0
95851,0.05
95852,0.0
95853,0.0
95854,0.23
95855,0.04
95856,0.37
95857,0.03
95858,0.0
95859,0.02
95860,0.45
95861,0.0
95862,0.0
95863,0.0
95864,0.01
95865,0.06
95866,0.02
95867,0.1
95868,0.03
95869,0.02
95870,0.47
95871,0.07
95872,0.05
95873,0.0
95874,0.08
95875,0.0
95876,0.03
95877,0.09
95878,0.05
95879,0.01
95880,0.0
95881,0.04
95882,0.21
95883,0.25
95884,0.02
95885,0.06
95886,0.0
95887,0.03
95888,0.59
95889,0.04
95890,0.2
95891,0.2
95892,0.13
95893,0.0
95894,0.06
95895,0.13
95896,0.18
95897,0.0
95898,0.0
95899,0.03
95900,0.55
95901,0.1
95902,0.15
95903,0.0
95904,0.29
95905,0.11
95906,0.0
95907,0.03
95908,0.07
95909,0.0
95910,0.07
95911,0.02
95912,0.06
95913,0.1
95914,0.04
95915,0.13
95916,0.07
95917,0.09
95918,0.01
95919,0.02
95920,0.0
95921,0.3
95922,0.01
95923,0.74
95924,0.0
95925,0.06
95926,0.01
95927,0.01
95928,0.19
95929,0.0
95930,0.07
95931,0.0
95932,0.01
95933,0.06
95934,0.02
95935,0.0
95936,0.0
95937,0.61
95938,0.26
95939,0.07
95940,0.06
95941,0.05
95942,0.06
95943,0.03
95944,0.0
95945,0.03
95946,0.01
95947,0.4
95948,0.01
95949,0.05
95950,0.16
95951,0.11
95952,0.0
95953,0.13
95954,0.0
95955,0.0
95956,0.0
95957,0.0
95958,0.45
95959,0.03
95960,0.32
95961,0.01
95962,0.46
95963,0.01
95964,0.02
95965,0.02
95966,0.24
95967,0.03
95968,0.01
95969,0.08
95970,0.48
95971,0.02
95972,0.01
95973,0.0
95974,0.0
95975,0.0
95976,0.02
95977,0.0
95978,0.21
95979,0.0
95980,0.11
95981,0.0
95982,0.15
95983,0.0
95984,0.0
95985,0.01
95986,0.02
95987,0.02
95988,0.0
95989,0.01
95990,0.0
95991,0.0
95992,0.22
95993,0.23
95994,0.01
95995,0.68
95996,0.2
95997,0.05
95998,0.11
95999,0.02
96000,0.1
96001,0.01
96002,0.02
96003,0.02
96004,0.11
96005,0.2
96006,0.27
96007,0.24
96008,0.21
96009,0.02
96010,0.02
96011,0.05
96012,0.08
96013,0.06
96014,0.0
96015,0.09
96016,0.06
96017,0.0
96018,0.0
96019,0.01
96020,0.0
96021,0.04
96022,0.0
96023,0.06
96024,0.1
96025,0.0
96026,0.08
96027,0.03
96028,0.12
96029,0.0
96030,0.06
96031,0.0
96032,0.58
96033,0.03
96034,0.0
96035,0.0
96036,0.59
96037,0.04
96038,0.1
96039,0.18
96040,0.04
96041,0.01
96042,0.01
96043,0.0
96044,0.06
96045,0.14
96046,0.45
96047,0.09
96048,0.05
96049,0.04
96050,0.33
96051,0.05
96052,0.0
96053,0.04
96054,0.04
96055,0.02
96056,0.01
96057,0.0
96058,0.0
96059,0.0
96060,0.0
96061,0.1
96062,0.0
96063,0.0
96064,0.07
96065,0.05
96066,0.03
96067,0.08
96068,0.02
96069,0.31
96070,0.0
96071,0.03
96072,0.04
96073,0.0
96074,0.03
96075,0.02
96076,0.02
96077,0.01
96078,0.02
96079,0.02
96080,0.01
96081,0.0
96082,0.28
96083,0.02
96084,0.23
96085,0.01
96086,0.0
96087,0.34
96088,0.15
96089,0.0
96090,0.04
96091,0.14
96092,0.11
96093,0.0
96094,0.0
96095,0.0
96096,0.0
96097,0.01
96098,0.1
96099,0.15
96100,0.2
96101,0.0
96102,0.0
96103,0.01
96104,0.52
96105,0.46
96106,0.23
96107,0.01
96108,0.0
96109,0.04
96110,0.56
96111,0.02
96112,0.0
96113,0.1
96114,0.01
96115,0.0
96116,0.0
96117,0.0
96118,0.12
96119,0.1
96120,0.0
96121,0.05
96122,0.0
96123,0.06
96124,0.01
96125,0.0
96126,0.01
96127,0.01
96128,0.07
96129,0.12
96130,0.04
96131,0.12
96132,0.03
96133,0.03
96134,0.06
96135,0.05
96136,0.02
96137,0.03
96138,0.12
96139,0.07
96140,0.04
96141,0.01
96142,0.01
96143,0.03
96144,0.03
96145,0.02
96146,0.0
96147,0.01
96148,0.0
96149,0.07
96150,0.03
96151,0.04
96152,0.1
96153,0.0
96154,0.05
96155,0.0
96156,0.14
96157,0.0
96158,0.04
96159,0.0
96160,0.04
96161,0.03
96162,0.27
96163,0.03
96164,0.05
96165,0.33
96166,0.0
96167,0.01
96168,0.03
96169,0.01
96170,0.14
96171,0.01
96172,0.0
96173,0.02
96174,0.25
96175,0.0
96176,0.03
96177,0.27
96178,0.02
96179,0.01
96180,0.15
96181,0.19
96182,0.25
96183,0.01
96184,0.12
96185,0.0
96186,0.01
96187,0.07
96188,0.02
96189,0.01
96190,0.02
96191,0.11
96192,0.0
96193,0.02
96194,0.0
96195,0.06
96196,0.34
96197,0.01
96198,0.09
96199,0.13
96200,0.04
96201,0.08
96202,0.35
96203,0.44
96204,0.0
96205,0.01
96206,0.01
96207,0.01
96208,0.03
96209,0.02
96210,0.04
96211,0.01
96212,0.1
96213,0.0
96214,0.0
96215,0.07
96216,0.04
96217,0.02
96218,0.01
96219,0.01
96220,0.03
96221,0.0
96222,0.26
96223,0.0
96224,0.01
96225,0.0
96226,0.05
96227,0.01
96228,0.0
96229,0.02
96230,0.2
96231,0.03
96232,0.09
96233,0.0
96234,0.13
96235,0.01
96236,0.24
96237,0.37
96238,0.0
96239,0.0
96240,0.0
96241,0.15
96242,0.08
96243,0.0
96244,0.05
96245,0.01
96246,0.0
96247,0.08
96248,0.0
96249,0.24
96250,0.0
96251,0.01
96252,0.0
96253,0.09
96254,0.0
96255,0.0
96256,0.08
96257,0.06
96258,0.05
96259,0.09
96260,0.02
96261,0.4
96262,0.01
96263,0.02
96264,0.16
96265,0.2
96266,0.0
96267,0.04
96268,0.0
96269,0.04
96270,0.02
96271,0.03
96272,0.01
96273,0.14
96274,0.0
96275,0.04
96276,0.12
96277,0.01
96278,0.01
96279,0.04
96280,0.04
96281,0.0
96282,0.01
96283,0.01
96284,0.09
96285,0.03
96286,0.02
96287,0.01
96288,0.03
96289,0.0
96290,0.0
96291,0.05
96292,0.0
96293,0.21
96294,0.0
96295,0.0
96296,0.62
96297,0.09
96298,0.04
96299,0.32
96300,0.04
96301,0.07
96302,0.02
96303,0.03
96304,0.12
96305,0.2
96306,0.01
96307,0.15
96308,0.01
96309,0.0
96310,0.12
96311,0.0
96312,0.01
96313,0.04
96314,0.5
96315,0.0
96316,0.01
96317,0.02
96318,0.0
96319,0.0
96320,0.16
96321,0.0
96322,0.1
96323,0.0
96324,0.08
96325,0.14
96326,0.0
96327,0.1
96328,0.01
96329,0.02
96330,0.0
96331,0.01
96332,0.01
96333,0.0
96334,0.0
96335,0.0
96336,0.11
96337,0.17
96338,0.0
96339,0.0
96340,0.25
96341,0.11
96342,0.01
96343,0.01
96344,0.0
96345,0.12
96346,0.02
96347,0.16
96348,0.01
96349,0.57
96350,0.0
96351,0.0
96352,0.04
96353,0.04
96354,0.14
96355,0.23
96356,0.34
96357,0.0
96358,0.14
96359,0.0
96360,0.14
96361,0.01
96362,0.01
96363,0.0
96364,0.04
96365,0.01
96366,0.04
96367,0.09
96368,0.0
96369,0.0
96370,0.04
96371,0.04
96372,0.14
96373,0.0
96374,0.0
96375,0.04
96376,0.01
96377,0.0
96378,0.35
96379,0.44
96380,0.0
96381,0.02
96382,0.04
96383,0.28
96384,0.15
96385,0.12
96386,0.4
96387,0.07
96388,0.0
96389,0.06
96390,0.0
96391,0.0
96392,0.0
96393,0.02
96394,0.04
96395,0.0
96396,0.09
96397,0.05
96398,0.04
96399,0.57
96400,0.02
96401,0.07
96402,0.04
96403,0.04
96404,0.03
96405,0.2
96406,0.36
96407,0.12
96408,0.0
96409,0.07
96410,0.0
96411,0.1
96412,0.05
96413,0.03
96414,0.01
96415,0.06
96416,0.03
96417,0.03
96418,0.0
96419,0.0
96420,0.01
96421,0.14
96422,0.15
96423,0.0
96424,0.02
96425,0.0
96426,0.0
96427,0.42
96428,0.19
96429,0.1
96430,0.0
96431,0.0
96432,0.03
96433,0.0
96434,0.01
96435,0.02
96436,0.0
96437,0.0
96438,0.02
96439,0.04
96440,0.02
96441,0.02
96442,0.0
96443,0.07
96444,0.0
96445,0.01
96446,0.0
96447,0.01
96448,0.19
96449,0.01
96450,0.23
96451,0.0
96452,0.15
96453,0.02
96454,0.01
96455,0.0
96456,0.03
96457,0.23
96458,0.0
96459,0.0
96460,0.0
96461,0.05
96462,0.0
96463,0.0
96464,0.01
96465,0.0
96466,0.08
96467,0.01
96468,0.01
96469,0.0
96470,0.0
96471,0.0
96472,0.01
96473,0.0
96474,0.0
96475,0.04
96476,0.11
96477,0.0
96478,0.0
96479,0.0
96480,0.09
96481,0.0
96482,0.14
96483,0.2
96484,0.09
96485,0.01
96486,0.01
96487,0.2
96488,0.0
96489,0.01
96490,0.2
96491,0.01
96492,0.5
96493,0.0
96494,0.0
96495,0.01
96496,0.01
96497,0.0
96498,0.0
96499,0.04
96500,0.02
96501,0.01
96502,0.01
96503,0.52
96504,0.01
96505,0.0
96506,0.01
96507,0.0
96508,0.01
96509,0.02
96510,0.21
96511,0.07
96512,0.1
96513,0.0
96514,0.01
96515,0.02
96516,0.07
96517,0.0
96518,0.03
96519,0.09
96520,0.05
96521,0.02
96522,0.0
96523,0.05
96524,0.03
96525,0.03
96526,0.42
96527,0.07
96528,0.17
96529,0.09
96530,0.08
96531,0.12
96532,0.0
96533,0.0
96534,0.08
96535,0.37
96536,0.0
96537,0.0
96538,0.0
96539,0.63
96540,0.0
96541,0.08
96542,0.0
96543,0.0
96544,0.02
96545,0.18
96546,0.0
96547,0.03
96548,0.0
96549,0.01
96550,0.0
96551,0.61
96552,0.01
96553,0.02
96554,0.07
96555,0.06
96556,0.04
96557,0.0
96558,0.24
96559,0.0
96560,0.0
96561,0.0
96562,0.0
96563,0.03
96564,0.05
96565,0.1
96566,0.0
96567,0.03
96568,0.0
96569,0.0
96570,0.02
96571,0.3
96572,0.0
96573,0.12
96574,0.06
96575,0.01
96576,0.01
96577,0.42
96578,0.0
96579,0.24
96580,0.01
96581,0.06
96582,0.67
96583,0.0
96584,0.0
96585,0.0
96586,0.1
96587,0.0
96588,0.24
96589,0.04
96590,0.11
96591,0.01
96592,0.01
96593,0.0
96594,0.0
96595,0.03
96596,0.06
96597,0.01
96598,0.12
96599,0.07
96600,0.05
96601,0.03
96602,0.05
96603,0.01
96604,0.12
96605,0.0
96606,0.0
96607,0.0
96608,0.0
96609,0.04
96610,0.02
96611,0.0
96612,0.12
96613,0.04
96614,0.18
96615,0.02
96616,0.16
96617,0.01
96618,0.0
96619,0.01
96620,0.0
96621,0.48
96622,0.01
96623,0.0
96624,0.05
96625,0.27
96626,0.2
96627,0.7
96628,0.01
96629,0.33
96630,0.01
96631,0.0
96632,0.01
96633,0.68
96634,0.01
96635,0.06
96636,0.22
96637,0.01
96638,0.06
96639,0.48
96640,0.05
96641,0.01
96642,0.01
96643,0.0
96644,0.04
96645,0.03
96646,0.02
96647,0.21
96648,0.0
96649,0.08
96650,0.05
96651,0.0
96652,0.05
96653,0.0
96654,0.07
96655,0.07
96656,0.14
96657,0.0
96658,0.02
96659,0.01
96660,0.0
96661,0.35
96662,0.06
96663,0.01
96664,0.0
96665,0.0
96666,0.0
96667,0.01
96668,0.0
96669,0.16
96670,0.24
96671,0.01
96672,0.01
96673,0.13
96674,0.25
96675,0.05
96676,0.1
96677,0.01
96678,0.0
96679,0.07
96680,0.01
96681,0.01
96682,0.41
96683,0.0
96684,0.07
96685,0.05
96686,0.05
96687,0.04
96688,0.38
96689,0.18
96690,0.04
96691,0.13
96692,0.02
96693,0.01
96694,0.03
96695,0.04
96696,0.04
96697,0.23
96698,0.15
96699,0.0
96700,0.06
96701,0.24
96702,0.32
96703,0.0
96704,0.0
96705,0.0
96706,0.0
96707,0.02
96708,0.02
96709,0.04
96710,0.02
96711,0.04
96712,0.0
96713,0.02
96714,0.01
96715,0.0
96716,0.17
96717,0.19
96718,0.0
96719,0.1
96720,0.26
96721,0.01
96722,0.13
96723,0.09
96724,0.02
96725,0.02
96726,0.05
96727,0.0
96728,0.01
96729,0.26
96730,0.0
96731,0.18
96732,0.09
96733,0.0
96734,0.0
96735,0.09
96736,0.03
96737,0.28
96738,0.04
96739,0.01
96740,0.01
96741,0.01
96742,0.0
96743,0.05
96744,0.06
96745,0.06
96746,0.0
96747,0.02
96748,0.02
96749,0.0
96750,0.06
96751,0.02
96752,0.05
96753,0.03
96754,0.02
96755,0.0
96756,0.18
96757,0.1
96758,0.0
96759,0.01
96760,0.01
96761,0.1
96762,0.06
96763,0.01
96764,0.01
96765,0.0
96766,0.05
96767,0.0
96768,0.49
96769,0.0
96770,0.0
96771,0.09
96772,0.01
96773,0.01
96774,0.01
96775,0.02
96776,0.01
96777,0.01
96778,0.02
96779,0.0
96780,0.01
96781,0.01
96782,0.22
96783,0.04
96784,0.45
96785,0.02
96786,0.0
96787,0.08
96788,0.08
96789,0.0
96790,0.45
96791,0.53
96792,0.03
96793,0.06
96794,0.01
96795,0.03
96796,0.05
96797,0.01
96798,0.4
96799,0.08
96800,0.01
96801,0.0
96802,0.0
96803,0.0
96804,0.56
96805,0.05
96806,0.01
96807,0.01
96808,0.03
96809,0.0
96810,0.0
96811,0.06
96812,0.0
96813,0.49
96814,0.0
96815,0.01
96816,0.0
96817,0.0
96818,0.07
96819,0.07
96820,0.33
96821,0.04
96822,0.0
96823,0.01
96824,0.28
96825,0.0
96826,0.04
96827,0.0
96828,0.0
96829,0.0
96830,0.01
96831,0.03
96832,0.09
96833,0.07
96834,0.0
96835,0.0
96836,0.01
96837,0.37
96838,0.23
96839,0.07
96840,0.0
96841,0.17
96842,0.15
96843,0.09
96844,0.33
96845,0.0
96846,0.0
96847,0.01
96848,0.22
96849,0.0
96850,0.01
96851,0.06
96852,0.0
96853,0.0
96854,0.0
96855,0.01
96856,0.03
96857,0.0
96858,0.11
96859,0.03
96860,0.08
96861,0.07
96862,0.03
96863,0.03
96864,0.16
96865,0.62
96866,0.0
96867,0.04
96868,0.18
96869,0.49
96870,0.01
96871,0.05
96872,0.01
96873,0.06
96874,0.07
96875,0.01
96876,0.01
96877,0.12
96878,0.49
96879,0.26
96880,0.01
96881,0.21
96882,0.03
96883,0.09
96884,0.39
96885,0.0
96886,0.0
96887,0.0
96888,0.01
96889,0.04
96890,0.13
96891,0.03
96892,0.02
96893,0.5
96894,0.02
96895,0.02
96896,0.11
96897,0.0
96898,0.0
96899,0.08
96900,0.2
96901,0.03
96902,0.0
96903,0.02
96904,0.0
96905,0.14
96906,0.04
96907,0.0
96908,0.0
96909,0.04
96910,0.0
96911,0.0
96912,0.01
96913,0.25
96914,0.08
96915,0.03
96916,0.03
96917,0.02
96918,0.0
96919,0.07
96920,0.1
96921,0.09
96922,0.01
96923,0.06
96924,0.19
96925,0.0
96926,0.01
96927,0.02
96928,0.09
96929,0.01
96930,0.0
96931,0.07
96932,0.01
96933,0.0
96934,0.0
96935,0.0
96936,0.21
96937,0.32
96938,0.0
96939,0.0
96940,0.15
96941,0.0
96942,0.32
96943,0.02
96944,0.32
96945,0.0
96946,0.0
96947,0.12
96948,0.01
96949,0.07
96950,0.05
96951,0.33
96952,0.12
96953,0.13
96954,0.03
96955,0.0
96956,0.01
96957,0.15
96958,0.03
96959,0.27
96960,0.02
96961,0.07
96962,0.01
96963,0.0
96964,0.0
96965,0.01
96966,0.02
96967,0.09
96968,0.09
96969,0.03
96970,0.05
96971,0.0
96972,0.06
96973,0.02
96974,0.03
96975,0.01
96976,0.0
96977,0.0
96978,0.0
96979,0.0
96980,0.39
96981,0.36
96982,0.0
96983,0.0
96984,0.37
96985,0.11
96986,0.03
96987,0.18
96988,0.02
96989,0.22
96990,0.02
96991,0.0
96992,0.05
96993,0.0
96994,0.01
96995,0.02
96996,0.1
96997,0.01
96998,0.0
96999,0.0
97000,0.2
97001,0.02
97002,0.0
97003,0.02
97004,0.01
97005,0.0
97006,0.0
97007,0.02
97008,0.35
97009,0.0
97010,0.01
97011,0.01
97012,0.04
97013,0.27
97014,0.24
97015,0.05
97016,0.0
97017,0.1
97018,0.01
97019,0.0
97020,0.0
97021,0.47
97022,0.03
97023,0.01
97024,0.09
97025,0.02
97026,0.0
97027,0.02
97028,0.04
97029,0.12
97030,0.04
97031,0.01
97032,0.02
97033,0.02
97034,0.11
97035,0.01
97036,0.21
97037,0.0
97038,0.09
97039,0.23
97040,0.4
97041,0.51
97042,0.09
97043,0.0
97044,0.0
97045,0.03
97046,0.01
97047,0.0
97048,0.01
97049,0.01
97050,0.28
97051,0.01
97052,0.11
97053,0.01
97054,0.02
97055,0.03
97056,0.04
97057,0.02
97058,0.27
97059,0.0
97060,0.01
97061,0.19
97062,0.0
97063,0.0
97064,0.01
97065,0.08
97066,0.15
97067,0.0
97068,0.01
97069,0.42
97070,0.32
97071,0.0
97072,0.17
97073,0.05
97074,0.0
97075,0.0
97076,0.16
97077,0.04
97078,0.01
97079,0.17
97080,0.0
97081,0.08
97082,0.01
97083,0.23
97084,0.0
97085,0.16
97086,0.0
97087,0.1
97088,0.07
97089,0.0
97090,0.0
97091,0.0
97092,0.05
97093,0.12
97094,0.04
97095,0.0
97096,0.0
97097,0.0
97098,0.0
97099,0.03
97100,0.0
97101,0.0
97102,0.0
97103,0.13
97104,0.06
97105,0.01
97106,0.02
97107,0.09
97108,0.14
97109,0.04
97110,0.03
97111,0.05
97112,0.0
97113,0.01
97114,0.05
97115,0.02
97116,0.25
97117,0.09
97118,0.0
97119,0.0
97120,0.11
97121,0.03
97122,0.0
97123,0.0
97124,0.01
97125,0.4
97126,0.0
97127,0.04
97128,0.41
97129,0.19
97130,0.01
97131,0.02
97132,0.01
97133,0.0
97134,0.01
97135,0.02
97136,0.32
97137,0.0
97138,0.01
97139,0.04
97140,0.0
97141,0.0
97142,0.07
97143,0.01
97144,0.02
97145,0.04
97146,0.0
97147,0.0
97148,0.15
97149,0.0
97150,0.08
97151,0.0
97152,0.04
97153,0.02
97154,0.01
97155,0.01
97156,0.02
97157,0.24
97158,0.02
97159,0.01
97160,0.04
97161,0.15
97162,0.0
97163,0.02
97164,0.02
97165,0.06
97166,0.06
97167,0.0
97168,0.08
97169,0.02
97170,0.0
97171,0.01
97172,0.02
97173,0.01
97174,0.18
97175,0.01
97176,0.03
97177,0.08
97178,0.01
97179,0.02
97180,0.02
97181,0.0
97182,0.0
97183,0.11
97184,0.0
97185,0.35
97186,0.0
97187,0.01
97188,0.0
97189,0.0
97190,0.02
97191,0.06
97192,0.0
97193,0.02
97194,0.02
97195,0.14
97196,0.07
97197,0.54
97198,0.37
97199,0.04
97200,0.13
97201,0.01
97202,0.03
97203,0.37
97204,0.02
97205,0.04
97206,0.17
97207,0.19
97208,0.05
97209,0.0
97210,0.07
97211,0.01
97212,0.0
97213,0.0
97214,0.0
97215,0.0
97216,0.0
97217,0.01
97218,0.38
97219,0.21
97220,0.07
97221,0.02
97222,0.12
97223,0.0
97224,0.01
97225,0.0
97226,0.0
97227,0.02
97228,0.02
97229,0.0
97230,0.38
97231,0.0
97232,0.21
97233,0.01
97234,0.61
97235,0.09
97236,0.09
97237,0.02
97238,0.0
97239,0.09
97240,0.0
97241,0.03
97242,0.03
97243,0.0
97244,0.02
97245,0.38
97246,0.02
97247,0.0
97248,0.36
97249,0.0
97250,0.0
97251,0.04
97252,0.43
97253,0.13
97254,0.0
97255,0.03
97256,0.0
97257,0.24
97258,0.06
97259,0.04
97260,0.06
97261,0.0
97262,0.18
97263,0.01
97264,0.0
97265,0.01
97266,0.0
97267,0.01
97268,0.22
97269,0.02
97270,0.12
97271,0.0
97272,0.02
97273,0.11
97274,0.01
97275,0.02
97276,0.04
97277,0.13
97278,0.44
97279,0.0
97280,0.07
97281,0.0
97282,0.0
97283,0.02
97284,0.02
97285,0.02
97286,0.06
97287,0.46
97288,0.02
97289,0.07
97290,0.01
97291,0.0
97292,0.21
97293,0.17
97294,0.0
97295,0.02
97296,0.05
97297,0.02
97298,0.0
97299,0.18
97300,0.0
97301,0.04
97302,0.0
97303,0.0
97304,0.01
97305,0.12
97306,0.08
97307,0.0
97308,0.0
97309,0.17
97310,0.0
97311,0.09
97312,0.02
97313,0.04
97314,0.03
97315,0.63
97316,0.36
97317,0.02
97318,0.01
97319,0.1
97320,0.01
97321,0.02
97322,0.02
97323,0.01
97324,0.01
97325,0.03
97326,0.04
97327,0.02
97328,0.36
97329,0.55
97330,0.02
97331,0.01
97332,0.0
97333,0.03
97334,0.02
97335,0.07
97336,0.07
97337,0.02
97338,0.0
97339,0.01
97340,0.04
97341,0.02
97342,0.05
97343,0.0
97344,0.01
97345,0.06
97346,0.0
97347,0.03
97348,0.58
97349,0.01
97350,0.0
97351,0.0
97352,0.05
97353,0.07
97354,0.2
97355,0.02
97356,0.01
97357,0.05
97358,0.0
97359,0.04
97360,0.34
97361,0.0
97362,0.04
97363,0.09
97364,0.0
97365,0.02
97366,0.07
97367,0.08
97368,0.16
97369,0.16
97370,0.11
97371,0.0
97372,0.12
97373,0.0
97374,0.01
97375,0.13
97376,0.01
97377,0.0
97378,0.0
97379,0.01
97380,0.01
97381,0.16
97382,0.01
97383,0.05
97384,0.01
97385,0.01
97386,0.14
97387,0.0
97388,0.0
97389,0.0
97390,0.0
97391,0.14
97392,0.0
97393,0.09
97394,0.05
97395,0.04
97396,0.01
97397,0.0
97398,0.0
97399,0.02
97400,0.04
97401,0.07
97402,0.0
97403,0.0
97404,0.0
97405,0.02
97406,0.23
97407,0.02
97408,0.17
97409,0.3
97410,0.02
97411,0.0
97412,0.0
97413,0.04
97414,0.02
97415,0.0
97416,0.12
97417,0.0
97418,0.02
97419,0.03
97420,0.18
97421,0.04
97422,0.02
97423,0.09
97424,0.0
97425,0.0
97426,0.07
97427,0.06
97428,0.06
97429,0.01
97430,0.15
97431,0.07
97432,0.0
97433,0.03
97434,0.01
97435,0.0
97436,0.07
97437,0.14
97438,0.07
97439,0.37
97440,0.01
97441,0.06
97442,0.05
97443,0.4
97444,0.46
97445,0.0
97446,0.0
97447,0.43
97448,0.02
97449,0.0
97450,0.07
97451,0.0
97452,0.0
97453,0.03
97454,0.02
97455,0.08
97456,0.04
97457,0.0
97458,0.25
97459,0.02
97460,0.01
97461,0.05
97462,0.05
97463,0.0
97464,0.06
97465,0.16
97466,0.01
97467,0.08
97468,0.02
97469,0.0
97470,0.0
97471,0.17
97472,0.0
97473,0.03
97474,0.0
97475,0.07
97476,0.12
97477,0.0
97478,0.01
97479,0.01
97480,0.01
97481,0.0
97482,0.0
97483,0.05
97484,0.02
97485,0.05
97486,0.21
97487,0.09
97488,0.08
97489,0.02
97490,0.0
97491,0.15
97492,0.16
97493,0.02
97494,0.42
97495,0.08
97496,0.02
97497,0.06
97498,0.04
97499,0.0
97500,0.03
97501,0.01
97502,0.0
97503,0.01
97504,0.01
97505,0.02
97506,0.45
97507,0.0
97508,0.5
97509,0.0
97510,0.26
97511,0.25
97512,0.12
97513,0.0
97514,0.01
97515,0.02
97516,0.34
97517,0.04
97518,0.02
97519,0.35
97520,0.04
97521,0.01
97522,0.04
97523,0.05
97524,0.27
97525,0.09
97526,0.02
97527,0.06
97528,0.3
97529,0.01
97530,0.0
97531,0.0
97532,0.06
97533,0.01
97534,0.0
97535,0.01
97536,0.0
97537,0.41
97538,0.16
97539,0.0
97540,0.04
97541,0.07
97542,0.1
97543,0.01
97544,0.09
97545,0.02
97546,0.01
97547,0.14
97548,0.0
97549,0.23
97550,0.13
97551,0.42
97552,0.04
97553,0.03
97554,0.05
97555,0.0
97556,0.15
97557,0.06
97558,0.07
97559,0.0
97560,0.22
97561,0.01
97562,0.04
97563,0.01
97564,0.05
97565,0.02
97566,0.01
97567,0.03
97568,0.05
97569,0.07
97570,0.05
97571,0.0
97572,0.04
97573,0.01
97574,0.21
97575,0.08
97576,0.06
97577,0.17
97578,0.04
97579,0.05
97580,0.03
97581,0.0
97582,0.04
97583,0.01
97584,0.0
97585,0.07
97586,0.05
97587,0.03
97588,0.01
97589,0.07
97590,0.38
97591,0.03
97592,0.43
97593,0.0
97594,0.01
97595,0.06
97596,0.0
97597,0.01
97598,0.0
97599,0.1
97600,0.09
97601,0.02
97602,0.04
97603,0.01
97604,0.0
97605,0.0
97606,0.0
97607,0.42
97608,0.0
97609,0.0
97610,0.01
97611,0.0
97612,0.02
97613,0.0
97614,0.01
97615,0.0
97616,0.01
97617,0.4
97618,0.0
97619,0.09
97620,0.02
97621,0.35
97622,0.02
97623,0.02
97624,0.28
97625,0.01
97626,0.01
97627,0.05
97628,0.11
97629,0.26
97630,0.01
97631,0.05
97632,0.06
97633,0.02
97634,0.0
97635,0.01
97636,0.02
97637,0.08
97638,0.14
97639,0.16
97640,0.01
97641,0.01
97642,0.0
97643,0.0
97644,0.0
97645,0.02
97646,0.03
97647,0.02
97648,0.03
97649,0.02
97650,0.0
97651,0.09
97652,0.04
97653,0.04
97654,0.1
97655,0.56
97656,0.0
97657,0.08
97658,0.25
97659,0.02
97660,0.11
97661,0.2
97662,0.0
97663,0.01
97664,0.03
97665,0.07
97666,0.0
97667,0.02
97668,0.57
97669,0.0
97670,0.33
97671,0.05
97672,0.34
97673,0.01
97674,0.0
97675,0.03
97676,0.0
97677,0.03
97678,0.14
97679,0.66
97680,0.31
97681,0.08
97682,0.07
97683,0.07
97684,0.35
97685,0.0
97686,0.09
97687,0.01
97688,0.03
97689,0.0
97690,0.27
97691,0.0
97692,0.09
97693,0.1
97694,0.0
97695,0.04
97696,0.02
97697,0.0
97698,0.02
97699,0.0
97700,0.07
97701,0.07
97702,0.59
97703,0.0
97704,0.03
97705,0.0
97706,0.0
97707,0.0
97708,0.13
97709,0.47
97710,0.09
97711,0.13
97712,0.03
97713,0.0
97714,0.02
97715,0.0
97716,0.08
97717,0.02
97718,0.02
97719,0.0
97720,0.06
97721,0.03
97722,0.07
97723,0.0
97724,0.0
97725,0.02
97726,0.01
97727,0.01
97728,0.04
97729,0.01
97730,0.32
97731,0.01
97732,0.0
97733,0.11
97734,0.05
97735,0.06
97736,0.0
97737,0.04
97738,0.17
97739,0.76
97740,0.0
97741,0.2
97742,0.02
97743,0.0
97744,0.09
97745,0.0
97746,0.01
97747,0.01
97748,0.0
97749,0.03
97750,0.35
97751,0.23
97752,0.04
97753,0.13
97754,0.1
97755,0.04
97756,0.21
97757,0.02
97758,0.03
97759,0.09
97760,0.08
97761,0.0
97762,0.11
97763,0.2
97764,0.0
97765,0.02
97766,0.0
97767,0.01
97768,0.02
97769,0.02
97770,0.0
97771,0.16
97772,0.03
97773,0.04
97774,0.0
97775,0.06
97776,0.0
97777,0.39
97778,0.02
97779,0.09
97780,0.04
97781,0.03
97782,0.03
97783,0.1
97784,0.0
97785,0.01
97786,0.05
97787,0.03
97788,0.1
97789,0.21
97790,0.0
97791,0.01
97792,0.08
97793,0.05
97794,0.01
97795,0.01
97796,0.0
97797,0.11
97798,0.07
97799,0.0
97800,0.08
97801,0.0
97802,0.15
97803,0.01
97804,0.04
97805,0.04
97806,0.12
97807,0.09
97808,0.01
97809,0.42
97810,0.06
97811,0.61
97812,0.01
97813,0.13
97814,0.03
97815,0.24
97816,0.04
97817,0.01
97818,0.08
97819,0.04
97820,0.0
97821,0.19
97822,0.02
97823,0.09
97824,0.09
97825,0.0
97826,0.03
97827,0.0
97828,0.05
97829,0.0
97830,0.79
97831,0.02
97832,0.01
97833,0.01
97834,0.17
97835,0.0
97836,0.0
97837,0.05
97838,0.27
97839,0.0
97840,0.0
97841,0.03
97842,0.02
97843,0.02
97844,0.06
97845,0.0
97846,0.0
97847,0.01
97848,0.04
97849,0.03
97850,0.02
97851,0.06
97852,0.03
97853,0.01
97854,0.01
97855,0.0
97856,0.02
97857,0.08
97858,0.01
97859,0.14
97860,0.01
97861,0.0
97862,0.03
97863,0.07
97864,0.63
97865,0.0
97866,0.11
97867,0.04
97868,0.0
97869,0.0
97870,0.03
97871,0.0
97872,0.07
97873,0.52
97874,0.23
97875,0.03
97876,0.02
97877,0.06
97878,0.42
97879,0.0
97880,0.0
97881,0.03
97882,0.02
97883,0.03
97884,0.01
97885,0.01
97886,0.03
97887,0.01
97888,0.0
97889,0.0
97890,0.02
97891,0.1
97892,0.01
97893,0.0
97894,0.0
97895,0.18
97896,0.02
97897,0.0
97898,0.03
97899,0.02
97900,0.06
97901,0.03
97902,0.0
97903,0.0
97904,0.02
97905,0.1
97906,0.01
97907,0.01
97908,0.0
97909,0.38
97910,0.42
97911,0.0
97912,0.14
97913,0.01
97914,0.01
97915,0.0
97916,0.01
97917,0.0
97918,0.02
97919,0.06
97920,0.09
97921,0.0
97922,0.0
97923,0.0
97924,0.01
97925,0.02
97926,0.04
97927,0.07
97928,0.01
97929,0.14
97930,0.05
97931,0.0
97932,0.15
97933,0.08
97934,0.14
97935,0.0
97936,0.0
97937,0.05
97938,0.01
97939,0.54
97940,0.01
97941,0.0
97942,0.15
97943,0.0
97944,0.0
97945,0.01
97946,0.49
97947,0.03
97948,0.03
97949,0.0
97950,0.19
97951,0.07
97952,0.35
97953,0.01
97954,0.05
97955,0.15
97956,0.0
97957,0.29
97958,0.15
97959,0.85
97960,0.0
97961,0.2
97962,0.66
97963,0.01
97964,0.17
97965,0.25
97966,0.0
97967,0.01
97968,0.05
97969,0.03
97970,0.02
97971,0.0
97972,0.0
97973,0.04
97974,0.02
97975,0.0
97976,0.05
97977,0.0
97978,0.0
97979,0.08
97980,0.0
97981,0.03
97982,0.01
97983,0.01
97984,0.01
97985,0.04
97986,0.05
97987,0.2
97988,0.11
97989,0.0
97990,0.0
97991,0.02
97992,0.01
97993,0.01
97994,0.02
97995,0.0
97996,0.0
97997,0.0
97998,0.01
97999,0.24
98000,0.0
98001,0.11
98002,0.05
98003,0.01
98004,0.0
98005,0.0
98006,0.0
98007,0.0
98008,0.32
98009,0.22
98010,0.06
98011,0.07
98012,0.03
98013,0.0
98014,0.03
98015,0.0
98016,0.17
98017,0.04
98018,0.05
98019,0.01
98020,0.01
98021,0.0
98022,0.02
98023,0.1
98024,0.01
98025,0.0
98026,0.0
98027,0.0
98028,0.03
98029,0.01
98030,0.03
98031,0.0
98032,0.0
98033,0.0
98034,0.0
98035,0.01
98036,0.14
98037,0.0
98038,0.01
98039,0.04
98040,0.01
98041,0.18
98042,0.01
98043,0.34
98044,0.09
98045,0.0
98046,0.01
98047,0.04
98048,0.08
98049,0.05
98050,0.11
98051,0.05
98052,0.0
98053,0.0
98054,0.6
98055,0.0
98056,0.12
98057,0.01
98058,0.03
98059,0.02
98060,0.04
98061,0.09
98062,0.0
98063,0.0
98064,0.06
98065,0.06
98066,0.03
98067,0.0
98068,0.03
98069,0.01
98070,0.02
98071,0.05
98072,0.44
98073,0.03
98074,0.01
98075,0.0
98076,0.02
98077,0.0
98078,0.0
98079,0.03
98080,0.24
98081,0.29
98082,0.0
98083,0.0
98084,0.15
98085,0.01
98086,0.02
98087,0.0
98088,0.0
98089,0.04
98090,0.0
98091,0.0
98092,0.14
98093,0.02
98094,0.07
98095,0.12
98096,0.03
98097,0.01
98098,0.28
98099,0.07
98100,0.21
98101,0.0
98102,0.02
98103,0.03
98104,0.18
98105,0.02
98106,0.12
98107,0.0
98108,0.0
98109,0.07
98110,0.02
98111,0.02
98112,0.05
98113,0.04
98114,0.04
98115,0.02
98116,0.01
98117,0.03
98118,0.0
98119,0.02
98120,0.0
98121,0.14
98122,0.14
98123,0.02
98124,0.03
98125,0.0
98126,0.1
98127,0.04
98128,0.0
98129,0.05
98130,0.5
98131,0.01
98132,0.19
98133,0.0
98134,0.36
98135,0.0
98136,0.4
98137,0.47
98138,0.05
98139,0.57
98140,0.66
98141,0.35
98142,0.01
98143,0.02
98144,0.05
98145,0.01
98146,0.01
98147,0.0
98148,0.03
98149,0.0
98150,0.0
98151,0.0
98152,0.0
98153,0.11
98154,0.01
98155,0.16
98156,0.06
98157,0.0
98158,0.0
98159,0.05
98160,0.0
98161,0.04
98162,0.09
98163,0.03
98164,0.01
98165,0.11
98166,0.0
98167,0.0
98168,0.01
98169,0.05
98170,0.45
98171,0.09
98172,0.04
98173,0.19
98174,0.07
98175,0.0
98176,0.04
98177,0.0
98178,0.19
98179,0.01
98180,0.09
98181,0.3
98182,0.0
98183,0.02
98184,0.3
98185,0.04
98186,0.02
98187,0.05
98188,0.04
98189,0.0
98190,0.03
98191,0.04
98192,0.0
98193,0.02
98194,0.0
98195,0.07
98196,0.09
98197,0.0
98198,0.04
98199,0.01
98200,0.01
98201,0.0
98202,0.0
98203,0.02
98204,0.1
98205,0.11
98206,0.21
98207,0.02
98208,0.04
98209,0.0
98210,0.01
98211,0.0
98212,0.05
98213,0.09
98214,0.03
98215,0.44
98216,0.47
98217,0.01
98218,0.02
98219,0.0
98220,0.0
98221,0.15
98222,0.03
98223,0.12
98224,0.03
98225,0.01
98226,0.18
98227,0.05
98228,0.0
98229,0.31
98230,0.01
98231,0.03
98232,0.01
98233,0.12
98234,0.02
98235,0.12
98236,0.01
98237,0.02
98238,0.38
98239,0.01
98240,0.0
98241,0.01
98242,0.01
98243,0.0
98244,0.01
98245,0.01
98246,0.01
98247,0.0
98248,0.01
98249,0.0
98250,0.0
98251,0.04
98252,0.0
98253,0.01
98254,0.0
98255,0.47
98256,0.05
98257,0.01
98258,0.02
98259,0.01
98260,0.54
98261,0.04
98262,0.02
98263,0.0
98264,0.41
98265,0.0
98266,0.0
98267,0.05
98268,0.01
98269,0.08
98270,0.0
98271,0.07
98272,0.22
98273,0.03
98274,0.57
98275,0.02
98276,0.11
98277,0.09
98278,0.25
98279,0.02
98280,0.0
98281,0.0
98282,0.0
98283,0.0
98284,0.0
98285,0.04
98286,0.01
98287,0.1
98288,0.44
98289,0.02
98290,0.03
98291,0.06
98292,0.08
98293,0.03
98294,0.0
98295,0.02
98296,0.09
98297,0.01
98298,0.39
98299,0.31
98300,0.0
98301,0.49
98302,0.0
98303,0.01
98304,0.0
98305,0.0
98306,0.1
98307,0.03
98308,0.27
98309,0.0
98310,0.05
98311,0.04
98312,0.03
98313,0.0
98314,0.06
98315,0.08
98316,0.02
98317,0.07
98318,0.23
98319,0.02
98320,0.04
98321,0.0
98322,0.0
98323,0.44
98324,0.01
98325,0.0
98326,0.15
98327,0.03
98328,0.0
98329,0.0
98330,0.05
98331,0.0
98332,0.03
98333,0.21
98334,0.23
98335,0.0
98336,0.0
98337,0.08
98338,0.28
98339,0.03
98340,0.01
98341,0.01
98342,0.13
98343,0.0
98344,0.02
98345,0.01
98346,0.05
98347,0.09
98348,0.17
98349,0.04
98350,0.12
98351,0.21
98352,0.17
98353,0.0
98354,0.0
98355,0.02
98356,0.0
98357,0.07
98358,0.01
98359,0.34
98360,0.0
98361,0.0
98362,0.02
98363,0.09
98364,0.09
98365,0.03
98366,0.0
98367,0.0
98368,0.01
98369,0.02
98370,0.09
98371,0.08
98372,0.02
98373,0.23
98374,0.0
98375,0.03
98376,0.0
98377,0.09
98378,0.23
98379,0.01
98380,0.02
98381,0.0
98382,0.06
98383,0.05
98384,0.0
98385,0.06
98386,0.02
98387,0.0
98388,0.16
98389,0.64
98390,0.02
98391,0.05
98392,0.0
98393,0.27
98394,0.01
98395,0.08
98396,0.0
98397,0.31
98398,0.0
98399,0.13
98400,0.01
98401,0.0
98402,0.14
98403,0.0
98404,0.0
98405,0.03
98406,0.0
98407,0.0
98408,0.29
98409,0.02
98410,0.2
98411,0.08
98412,0.12
98413,0.62
98414,0.0
98415,0.15
98416,0.1
98417,0.0
98418,0.0
98419,0.11
98420,0.01
98421,0.04
98422,0.04
98423,0.2
98424,0.01
98425,0.0
98426,0.04
98427,0.0
98428,0.28
98429,0.01
98430,0.0
98431,0.02
98432,0.34
98433,0.1
98434,0.07
98435,0.01
98436,0.08
98437,0.0
98438,0.02
98439,0.01
98440,0.03
98441,0.15
98442,0.01
98443,0.02
98444,0.01
98445,0.0
98446,0.1
98447,0.0
98448,0.0
98449,0.05
98450,0.0
98451,0.03
98452,0.04
98453,0.04
98454,0.01
98455,0.0
98456,0.14
98457,0.15
98458,0.01
98459,0.01
98460,0.01
98461,0.02
98462,0.0
98463,0.0
98464,0.01
98465,0.14
98466,0.03
98467,0.16
98468,0.0
98469,0.06
98470,0.0
98471,0.0
98472,0.01
98473,0.07
98474,0.11
98475,0.01
98476,0.05
98477,0.02
98478,0.17
98479,0.02
98480,0.01
98481,0.16
98482,0.17
98483,0.0
98484,0.05
98485,0.07
98486,0.03
98487,0.0
98488,0.02
98489,0.01
98490,0.34
98491,0.0
98492,0.18
98493,0.04
98494,0.01
98495,0.0
98496,0.04
98497,0.03
98498,0.39
98499,0.13
98500,0.07
98501,0.01
98502,0.0
98503,0.01
98504,0.04
98505,0.02
98506,0.04
98507,0.01
98508,0.01
98509,0.15
98510,0.03
98511,0.04
98512,0.0
98513,0.01
98514,0.15
98515,0.0
98516,0.0
98517,0.0
98518,0.17
98519,0.54
98520,0.22
98521,0.02
98522,0.0
98523,0.0
98524,0.02
98525,0.15
98526,0.01
98527,0.01
98528,0.28
98529,0.03
98530,0.02
98531,0.01
98532,0.0
98533,0.11
98534,0.0
98535,0.0
98536,0.11
98537,0.0
98538,0.23
98539,0.01
98540,0.13
98541,0.25
98542,0.02
98543,0.47
98544,0.05
98545,0.45
98546,0.15
98547,0.09
98548,0.01
98549,0.05
98550,0.02
98551,0.05
98552,0.01
98553,0.01
98554,0.01
98555,0.37
98556,0.01
98557,0.04
98558,0.04
98559,0.02
98560,0.02
98561,0.43
98562,0.08
98563,0.0
98564,0.01
98565,0.01
98566,0.0
98567,0.11
98568,0.38
98569,0.03
98570,0.03
98571,0.14
98572,0.07
98573,0.26
98574,0.03
98575,0.0
98576,0.0
98577,0.0
98578,0.01
98579,0.0
98580,0.18
98581,0.03
98582,0.0
98583,0.0
98584,0.04
98585,0.0
98586,0.19
98587,0.0
98588,0.0
98589,0.28
98590,0.04
98591,0.02
98592,0.08
98593,0.4
98594,0.0
98595,0.01
98596,0.0
98597,0.07
98598,0.03
98599,0.21
98600,0.12
98601,0.03
98602,0.04
98603,0.03
98604,0.01
98605,0.02
98606,0.0
98607,0.04
98608,0.0
98609,0.23
98610,0.12
98611,0.09
98612,0.02
98613,0.03
98614,0.02
98615,0.27
98616,0.03
98617,0.1
98618,0.08
98619,0.02
98620,0.01
98621,0.06
98622,0.04
98623,0.07
98624,0.04
98625,0.1
98626,0.0
98627,0.01
98628,0.01
98629,0.0
98630,0.0
98631,0.02
98632,0.05
98633,0.0
98634,0.01
98635,0.09
98636,0.01
98637,0.06
98638,0.05
98639,0.1
98640,0.15
98641,0.1
98642,0.05
98643,0.01
98644,0.01
98645,0.05
98646,0.14
98647,0.02
98648,0.0
98649,0.0
98650,0.02
98651,0.0
98652,0.0
98653,0.01
98654,0.01
98655,0.0
98656,0.02
98657,0.33
98658,0.01
98659,0.03
98660,0.02
98661,0.17
98662,0.0
98663,0.0
98664,0.01
98665,0.01
98666,0.01
98667,0.01
98668,0.02
98669,0.0
98670,0.08
98671,0.0
98672,0.09
98673,0.05
98674,0.01
98675,0.03
98676,0.07
98677,0.0
98678,0.05
98679,0.03
98680,0.0
98681,0.0
98682,0.03
98683,0.11
98684,0.08
98685,0.03
98686,0.0
98687,0.01
98688,0.22
98689,0.05
98690,0.13
98691,0.05
98692,0.0
98693,0.12
98694,0.4
98695,0.05
98696,0.0
98697,0.03
98698,0.05
98699,0.04
98700,0.0
98701,0.08
98702,0.0
98703,0.24
98704,0.0
98705,0.04
98706,0.02
98707,0.05
98708,0.01
98709,0.15
98710,0.0
98711,0.17
98712,0.0
98713,0.0
98714,0.0
98715,0.04
98716,0.02
98717,0.14
98718,0.26
98719,0.08
98720,0.15
98721,0.07
98722,0.0
98723,0.02
98724,0.0
98725,0.03
98726,0.04
98727,0.05
98728,0.1
98729,0.16
98730,0.03
98731,0.77
98732,0.13
98733,0.32
98734,0.07
98735,0.0
98736,0.25
98737,0.04
98738,0.0
98739,0.08
98740,0.0
98741,0.01
98742,0.08
98743,0.01
98744,0.1
98745,0.14
98746,0.0
98747,0.04
98748,0.01
98749,0.04
98750,0.02
98751,0.0
98752,0.02
98753,0.0
98754,0.04
98755,0.34
98756,0.1
98757,0.0
98758,0.03
98759,0.04
98760,0.03
98761,0.17
98762,0.18
98763,0.03
98764,0.0
98765,0.0
98766,0.18
98767,0.03
98768,0.08
98769,0.0
98770,0.11
98771,0.02
98772,0.0
98773,0.01
98774,0.01
98775,0.06
98776,0.06
98777,0.01
98778,0.02
98779,0.03
98780,0.08
98781,0.0
98782,0.08
98783,0.02
98784,0.02
98785,0.0
98786,0.01
98787,0.01
98788,0.01
98789,0.01
98790,0.0
98791,0.0
98792,0.25
98793,0.07
98794,0.01
98795,0.49
98796,0.01
98797,0.06
98798,0.0
98799,0.05
98800,0.18
98801,0.25
98802,0.01
98803,0.01
98804,0.0
98805,0.21
98806,0.04
98807,0.07
98808,0.03
98809,0.01
98810,0.04
98811,0.0
98812,0.0
98813,0.0
98814,0.02
98815,0.38
98816,0.28
98817,0.07
98818,0.03
98819,0.03
98820,0.04
98821,0.19
98822,0.02
98823,0.0
98824,0.0
98825,0.0
98826,0.0
98827,0.0
98828,0.06
98829,0.05
98830,0.1
98831,0.0
98832,0.01
98833,0.2
98834,0.06
98835,0.01
98836,0.0
98837,0.0
98838,0.08
98839,0.02
98840,0.0
98841,0.11
98842,0.53
98843,0.0
98844,0.02
98845,0.0
98846,0.01
98847,0.12
98848,0.05
98849,0.11
98850,0.01
98851,0.0
98852,0.13
98853,0.0
98854,0.01
98855,0.01
98856,0.01
98857,0.0
98858,0.49
98859,0.15
98860,0.07
98861,0.0
98862,0.0
98863,0.01
98864,0.01
98865,0.01
98866,0.0
98867,0.03
98868,0.01
98869,0.04
98870,0.07
98871,0.0
98872,0.0
98873,0.01
98874,0.0
98875,0.13
98876,0.16
98877,0.02
98878,0.0
98879,0.03
98880,0.0
98881,0.56
98882,0.01
98883,0.0
98884,0.04
98885,0.11
98886,0.32
98887,0.03
98888,0.04
98889,0.0
98890,0.14
98891,0.0
98892,0.51
98893,0.12
98894,0.39
98895,0.17
98896,0.08
98897,0.09
98898,0.01
98899,0.21
98900,0.0
98901,0.01
98902,0.22
98903,0.5
98904,0.09
98905,0.1
98906,0.0
98907,0.01
98908,0.23
98909,0.0
98910,0.09
98911,0.0
98912,0.01
98913,0.51
98914,0.0
98915,0.01
98916,0.0
98917,0.11
98918,0.03
98919,0.09
98920,0.0
98921,0.0
98922,0.4
98923,0.02
98924,0.0
98925,0.0
98926,0.42
98927,0.09
98928,0.01
98929,0.15
98930,0.01
98931,0.03
98932,0.05
98933,0.35
98934,0.0
98935,0.0
98936,0.0
98937,0.08
98938,0.49
98939,0.0
98940,0.41
98941,0.15
98942,0.02
98943,0.05
98944,0.01
98945,0.02
98946,0.37
98947,0.06
98948,0.0
98949,0.5
98950,0.06
98951,0.01
98952,0.01
98953,0.53
98954,0.05
98955,0.01
98956,0.07
98957,0.03
98958,0.0
98959,0.47
98960,0.25
98961,0.0
98962,0.22
98963,0.04
98964,0.03
98965,0.05
98966,0.03
98967,0.23
98968,0.0
98969,0.01
98970,0.08
98971,0.03
98972,0.03
98973,0.02
98974,0.03
98975,0.0
98976,0.01
98977,0.04
98978,0.0
98979,0.1
98980,0.44
98981,0.02
98982,0.0
98983,0.0
98984,0.01
98985,0.09
98986,0.02
98987,0.01
98988,0.23
98989,0.14
98990,0.03
98991,0.18
98992,0.0
98993,0.01
98994,0.05
98995,0.01
98996,0.03
98997,0.03
98998,0.03
98999,0.0
99000,0.01
99001,0.0
99002,0.11
99003,0.0
99004,0.18
99005,0.01
99006,0.01
99007,0.26
99008,0.01
99009,0.04
99010,0.0
99011,0.0
99012,0.03
99013,0.02
99014,0.01
99015,0.01
99016,0.02
99017,0.04
99018,0.27
99019,0.01
99020,0.01
99021,0.01
99022,0.18
99023,0.02
99024,0.08
99025,0.02
99026,0.51
99027,0.02
99028,0.0
99029,0.05
99030,0.0
99031,0.2
99032,0.02
99033,0.07
99034,0.03
99035,0.01
99036,0.49
99037,0.01
99038,0.09
99039,0.04
99040,0.0
99041,0.42
99042,0.0
99043,0.17
99044,0.02
99045,0.0
99046,0.08
99047,0.01
99048,0.01
99049,0.0
99050,0.0
99051,0.01
99052,0.05
99053,0.01
99054,0.01
99055,0.1
99056,0.0
99057,0.01
99058,0.0
99059,0.02
99060,0.01
99061,0.0
99062,0.0
99063,0.01
99064,0.0
99065,0.07
99066,0.01
99067,0.13
99068,0.15
99069,0.01
99070,0.1
99071,0.0
99072,0.02
99073,0.0
99074,0.0
99075,0.0
99076,0.0
99077,0.05
99078,0.02
99079,0.01
99080,0.1
99081,0.0
99082,0.06
99083,0.02
99084,0.07
99085,0.28
99086,0.01
99087,0.0
99088,0.0
99089,0.0
99090,0.0
99091,0.05
99092,0.0
99093,0.06
99094,0.04
99095,0.0
99096,0.01
99097,0.02
99098,0.02
99099,0.12
99100,0.43
99101,0.01
99102,0.02
99103,0.02
99104,0.01
99105,0.0
99106,0.03
99107,0.01
99108,0.06
99109,0.01
99110,0.0
99111,0.0
99112,0.01
99113,0.0
99114,0.01
99115,0.07
99116,0.0
99117,0.01
99118,0.01
99119,0.3
99120,0.07
99121,0.03
99122,0.0
99123,0.0
99124,0.19
99125,0.01
99126,0.31
99127,0.0
99128,0.04
99129,0.0
99130,0.0
99131,0.2
99132,0.02
99133,0.0
99134,0.34
99135,0.0
99136,0.01
99137,0.13
99138,0.01
99139,0.09
99140,0.02
99141,0.22
99142,0.02
99143,0.56
99144,0.33
99145,0.0
99146,0.18
99147,0.02
99148,0.06
99149,0.0
99150,0.16
99151,0.11
99152,0.09
99153,0.01
99154,0.02
99155,0.03
99156,0.15
99157,0.11
99158,0.0
99159,0.08
99160,0.0
99161,0.38
99162,0.11
99163,0.0
99164,0.17
99165,0.22
99166,0.0
99167,0.03
99168,0.0
99169,0.01
99170,0.0
99171,0.04
99172,0.01
99173,0.01
99174,0.0
99175,0.02
99176,0.06
99177,0.04
99178,0.02
99179,0.0
99180,0.0
99181,0.0
99182,0.0
99183,0.14
99184,0.01
99185,0.43
99186,0.01
99187,0.0
99188,0.0
99189,0.02
99190,0.0
99191,0.01
99192,0.09
99193,0.01
99194,0.04
99195,0.3
99196,0.08
99197,0.47
99198,0.18
99199,0.01
99200,0.0
99201,0.01
99202,0.01
99203,0.14
99204,0.0
99205,0.02
99206,0.04
99207,0.01
99208,0.03
99209,0.03
99210,0.0
99211,0.04
99212,0.06
99213,0.31
99214,0.01
99215,0.0
99216,0.19
99217,0.01
99218,0.1
99219,0.24
99220,0.0
99221,0.02
99222,0.0
99223,0.14
99224,0.04
99225,0.04
99226,0.04
99227,0.0
99228,0.06
99229,0.07
99230,0.01
99231,0.01
99232,0.18
99233,0.11
99234,0.26
99235,0.03
99236,0.0
99237,0.05
99238,0.0
99239,0.01
99240,0.01
99241,0.0
99242,0.02
99243,0.13
99244,0.0
99245,0.04
99246,0.07
99247,0.0
99248,0.0
99249,0.0
99250,0.02
99251,0.12
99252,0.02
99253,0.27
99254,0.0
99255,0.0
99256,0.17
99257,0.01
99258,0.19
99259,0.0
99260,0.0
99261,0.0
99262,0.1
99263,0.0
99264,0.0
99265,0.0
99266,0.04
99267,0.0
99268,0.01
99269,0.03
99270,0.01
99271,0.63
99272,0.13
99273,0.0
99274,0.01
99275,0.0
99276,0.03
99277,0.03
99278,0.48
99279,0.0
99280,0.0
99281,0.09
99282,0.0
99283,0.12
99284,0.03
99285,0.01
99286,0.06
99287,0.0
99288,0.05
99289,0.0
99290,0.08
99291,0.02
99292,0.0
99293,0.02
99294,0.0
99295,0.05
99296,0.04
99297,0.13
99298,0.04
99299,0.08
99300,0.0
99301,0.01
99302,0.15
99303,0.09
99304,0.08
99305,0.0
99306,0.23
99307,0.0
99308,0.01
99309,0.17
99310,0.0
99311,0.15
99312,0.19
99313,0.02
99314,0.0
99315,0.28
99316,0.02
99317,0.02
99318,0.01
99319,0.12
99320,0.0
99321,0.05
99322,0.01
99323,0.0
99324,0.08
99325,0.34
99326,0.0
99327,0.02
99328,0.17
99329,0.04
99330,0.15
99331,0.0
99332,0.18
99333,0.0
99334,0.01
99335,0.02
99336,0.09
99337,0.13
99338,0.01
99339,0.29
99340,0.03
99341,0.31
99342,0.01
99343,0.12
99344,0.01
99345,0.04
99346,0.04
99347,0.13
99348,0.24
99349,0.03
99350,0.03
99351,0.25
99352,0.43
99353,0.01
99354,0.05
99355,0.56
99356,0.01
99357,0.0
99358,0.02
99359,0.02
99360,0.02
99361,0.02
99362,0.02
99363,0.06
99364,0.03
99365,0.1
99366,0.02
99367,0.05
99368,0.13
99369,0.0
99370,0.0
99371,0.01
99372,0.02
99373,0.0
99374,0.0
99375,0.0
99376,0.0
99377,0.01
99378,0.0
99379,0.02
99380,0.1
99381,0.22
99382,0.48
99383,0.02
99384,0.02
99385,0.0
99386,0.03
99387,0.0
99388,0.0
99389,0.06
99390,0.22
99391,0.33
99392,0.0
99393,0.47
99394,0.01
99395,0.02
99396,0.0
99397,0.0
99398,0.02
99399,0.04
99400,0.01
99401,0.01
99402,0.0
99403,0.12
99404,0.36
99405,0.02
99406,0.4
99407,0.02
99408,0.17
99409,0.02
99410,0.0
99411,0.04
99412,0.0
99413,0.04
99414,0.01
99415,0.11
99416,0.0
99417,0.01
99418,0.03
99419,0.09
99420,0.56
99421,0.05
99422,0.15
99423,0.0
99424,0.03
99425,0.0
99426,0.24
99427,0.01
99428,0.14
99429,0.01
99430,0.0
99431,0.01
99432,0.0
99433,0.0
99434,0.0
99435,0.01
99436,0.21
99437,0.02
99438,0.02
99439,0.02
99440,0.3
99441,0.07
99442,0.11
99443,0.12
99444,0.05
99445,0.08
99446,0.04
99447,0.01
99448,0.27
99449,0.05
99450,0.18
99451,0.05
99452,0.0
99453,0.0
99454,0.0
99455,0.03
99456,0.02
99457,0.01
99458,0.1
99459,0.0
99460,0.02
99461,0.29
99462,0.07
99463,0.41
99464,0.01
99465,0.05
99466,0.12
99467,0.0
99468,0.1
99469,0.12
99470,0.0
99471,0.05
99472,0.02
99473,0.0
99474,0.39
99475,0.0
99476,0.05
99477,0.14
99478,0.05
99479,0.37
99480,0.17
99481,0.05
99482,0.05
99483,0.02
99484,0.01
99485,0.09
99486,0.0
99487,0.01
99488,0.01
99489,0.0
99490,0.02
99491,0.03
99492,0.06
99493,0.05
99494,0.01
99495,0.32
99496,0.02
99497,0.05
99498,0.0
99499,0.31
99500,0.12
99501,0.1
99502,0.03
99503,0.14
99504,0.02
99505,0.01
99506,0.05
99507,0.25
99508,0.0
99509,0.25
99510,0.0
99511,0.3
99512,0.03
99513,0.0
99514,0.0
99515,0.31
99516,0.06
99517,0.28
99518,0.06
99519,0.12
99520,0.0
99521,0.09
99522,0.0
99523,0.0
99524,0.4
99525,0.13
99526,0.03
99527,0.0
99528,0.03
99529,0.0
99530,0.1
99531,0.08
99532,0.0
99533,0.01
99534,0.06
99535,0.01
99536,0.05
99537,0.0
99538,0.02
99539,0.01
99540,0.0
99541,0.05
99542,0.0
99543,0.12
99544,0.14
99545,0.02
99546,0.0
99547,0.03
99548,0.28
99549,0.0
99550,0.0
99551,0.0
99552,0.02
99553,0.17
99554,0.02
99555,0.14
99556,0.05
99557,0.01
99558,0.0
99559,0.05
99560,0.01
99561,0.02
99562,0.07
99563,0.19
99564,0.44
99565,0.0
99566,0.05
99567,0.02
99568,0.0
99569,0.08
99570,0.2
99571,0.03
99572,0.08
99573,0.01
99574,0.0
99575,0.0
99576,0.01
99577,0.06
99578,0.07
99579,0.23
99580,0.02
99581,0.12
99582,0.02
99583,0.0
99584,0.0
99585,0.0
99586,0.0
99587,0.06
99588,0.0
99589,0.0
99590,0.23
99591,0.01
99592,0.07
99593,0.19
99594,0.0
99595,0.05
99596,0.01
99597,0.2
99598,0.0
99599,0.14
99600,0.43
99601,0.24
99602,0.02
99603,0.17
99604,0.0
99605,0.0
99606,0.0
99607,0.19
99608,0.01
99609,0.01
99610,0.0
99611,0.01
99612,0.0
99613,0.12
99614,0.05
99615,0.01
99616,0.1
99617,0.01
99618,0.34
99619,0.06
99620,0.0
99621,0.09
99622,0.0
99623,0.01
99624,0.04
99625,0.03
99626,0.01
99627,0.0
99628,0.01
99629,0.0
99630,0.01
99631,0.0
99632,0.13
99633,0.09
99634,0.01
99635,0.06
99636,0.02
99637,0.03
99638,0.22
99639,0.02
99640,0.03
99641,0.19
99642,0.02
99643,0.01
99644,0.03
99645,0.2
99646,0.47
99647,0.2
99648,0.27
99649,0.06
99650,0.01
99651,0.01
99652,0.0
99653,0.3
99654,0.02
99655,0.03
99656,0.02
99657,0.31
99658,0.41
99659,0.01
99660,0.07
99661,0.0
99662,0.14
99663,0.02
99664,0.04
99665,0.0
99666,0.2
99667,0.08
99668,0.0
99669,0.0
99670,0.06
99671,0.37
99672,0.07
99673,0.0
99674,0.04
99675,0.01
99676,0.01
99677,0.24
99678,0.05
99679,0.12
99680,0.0
99681,0.4
99682,0.1
99683,0.08
99684,0.04
99685,0.01
99686,0.01
99687,0.0
99688,0.0
99689,0.18
99690,0.03
99691,0.31
99692,0.0
99693,0.0
99694,0.0
99695,0.04
99696,0.15
99697,0.0
99698,0.02
99699,0.6
99700,0.01
99701,0.01
99702,0.01
99703,0.47
99704,0.02
99705,0.07
99706,0.0
99707,0.0
99708,0.05
99709,0.02
99710,0.02
99711,0.0
99712,0.0
99713,0.03
99714,0.15
99715,0.23
99716,0.14
99717,0.05
99718,0.0
99719,0.06
99720,0.04
99721,0.0
99722,0.29
99723,0.0
99724,0.0
99725,0.08
99726,0.31
99727,0.14
99728,0.03
99729,0.07
99730,0.0
99731,0.0
99732,0.04
99733,0.25
99734,0.0
99735,0.01
99736,0.02
99737,0.0
99738,0.36
99739,0.04
99740,0.05
99741,0.05
99742,0.01
99743,0.02
99744,0.02
99745,0.01
99746,0.02
99747,0.12
99748,0.03
99749,0.0
99750,0.02
99751,0.05
99752,0.08
99753,0.03
99754,0.11
99755,0.11
99756,0.04
99757,0.04
99758,0.06
99759,0.06
99760,0.1
99761,0.3
99762,0.0
99763,0.0
99764,0.07
99765,0.12
99766,0.02
99767,0.01
99768,0.01
99769,0.04
99770,0.01
99771,0.2
99772,0.01
99773,0.03
99774,0.06
99775,0.25
99776,0.3
99777,0.14
99778,0.01
99779,0.03
99780,0.01
99781,0.0
99782,0.0
99783,0.12
99784,0.21
99785,0.01
99786,0.28
99787,0.05
99788,0.02
99789,0.1
99790,0.09
99791,0.02
99792,0.0
99793,0.0
99794,0.02
99795,0.01
99796,0.0
99797,0.0
99798,0.0
99799,0.37
99800,0.03
99801,0.0
99802,0.0
99803,0.01
99804,0.02
99805,0.01
99806,0.19
99807,0.21
99808,0.0
99809,0.02
99810,0.13
99811,0.48
99812,0.01
99813,0.07
99814,0.0
99815,0.04
99816,0.01
99817,0.01
99818,0.24
99819,0.04
99820,0.0
99821,0.0
99822,0.45
99823,0.03
99824,0.02
99825,0.0
99826,0.0
99827,0.02
99828,0.06
99829,0.08
99830,0.11
99831,0.0
99832,0.92
99833,0.0
99834,0.12
99835,0.01
99836,0.02
99837,0.02
99838,0.0
99839,0.12
99840,0.01
99841,0.01
99842,0.05
99843,0.04
99844,0.24
99845,0.0
99846,0.11
99847,0.22
99848,0.61
99849,0.48
99850,0.0
99851,0.01
99852,0.09
99853,0.01
99854,0.04
99855,0.05
99856,0.09
99857,0.02
99858,0.01
99859,0.24
99860,0.32
99861,0.0
99862,0.04
99863,0.01
99864,0.0
99865,0.0
99866,0.43
99867,0.0
99868,0.04
99869,0.04
99870,0.0
99871,0.02
99872,0.16
99873,0.0
99874,0.06
99875,0.03
99876,0.01
99877,0.06
99878,0.0
99879,0.05
99880,0.06
99881,0.01
99882,0.02
99883,0.04
99884,0.0
99885,0.22
99886,0.01
99887,0.22
99888,0.02
99889,0.01
99890,0.0
99891,0.0
99892,0.14
99893,0.02
99894,0.23
99895,0.05
99896,0.19
99897,0.02
99898,0.02
99899,0.12
99900,0.13
99901,0.07
99902,0.29
99903,0.08
99904,0.01
99905,0.0
99906,0.0
99907,0.12
99908,0.02
99909,0.0
99910,0.0
99911,0.09
99912,0.0
99913,0.01
99914,0.11
99915,0.13
99916,0.05
99917,0.17
99918,0.08
99919,0.02
99920,0.0
99921,0.0
99922,0.04
99923,0.0
99924,0.1
99925,0.12
99926,0.17
99927,0.01
99928,0.02
99929,0.0
99930,0.07
99931,0.16
99932,0.42
99933,0.15
99934,0.01
99935,0.0
99936,0.0
99937,0.05
99938,0.0
99939,0.04
99940,0.01
99941,0.13
99942,0.11
99943,0.0
99944,0.04
99945,0.01
99946,0.02
99947,0.0
99948,0.14
99949,0.0
99950,0.03
99951,0.01
99952,0.43
99953,0.01
99954,0.12
99955,0.0
99956,0.09
99957,0.11
99958,0.0
99959,0.01
99960,0.08
99961,0.54
99962,0.03
99963,0.37
99964,0.0
99965,0.03
99966,0.02
99967,0.04
99968,0.25
99969,0.01
99970,0.0
99971,0.05
99972,0.16
99973,0.0
99974,0.0
99975,0.0
99976,0.03
99977,0.0
99978,0.01
99979,0.0
99980,0.0
99981,0.17
99982,0.07
99983,0.19
99984,0.0
99985,0.0
99986,0.03
99987,0.06
99988,0.0
99989,0.13
99990,0.02
99991,0.08
99992,0.02
99993,0.01
99994,0.02
99995,0.02
99996,0.0
99997,0.01
99998,0.03
99999,0.04
100000,0.05
100001,0.01
100002,0.1
100003,0.01
100004,0.0
100005,0.08
100006,0.15
100007,0.12
100008,0.16
100009,0.25
100010,0.01
100011,0.03
100012,0.02
100013,0.32
100014,0.06
100015,0.0
100016,0.25
100017,0.01
100018,0.16
100019,0.14
100020,0.01
100021,0.04
100022,0.02
100023,0.05
100024,0.15
100025,0.02
100026,0.04
100027,0.06
100028,0.06
100029,0.06
100030,0.34
100031,0.04
100032,0.15
100033,0.1
100034,0.03
100035,0.0
100036,0.27
100037,0.27
100038,0.02
100039,0.36
100040,0.13
100041,0.2
100042,0.05
100043,0.21
100044,0.02
100045,0.5
100046,0.0
100047,0.14
100048,0.02
100049,0.11
100050,0.02
100051,0.09
100052,0.0
100053,0.56
100054,0.0
100055,0.03
100056,0.2
100057,0.07
100058,0.08
100059,0.01
100060,0.0
100061,0.05
100062,0.0
100063,0.08
100064,0.2
100065,0.12
100066,0.11
100067,0.24
100068,0.01
100069,0.01
100070,0.1
100071,0.01
100072,0.02
100073,0.14
100074,0.03
100075,0.01
100076,0.01
100077,0.04
100078,0.0
100079,0.38
100080,0.0
100081,0.0
100082,0.01
100083,0.02
100084,0.06
100085,0.05
100086,0.0
100087,0.07
100088,0.01
100089,0.0
100090,0.06
100091,0.0
100092,0.05
100093,0.37
100094,0.01
100095,0.09
100096,0.15
100097,0.06
100098,0.06
100099,0.0
100100,0.07
100101,0.0
100102,0.0
100103,0.01
100104,0.01
100105,0.17
100106,0.0
100107,0.0
100108,0.0
100109,0.01
100110,0.0
100111,0.26
100112,0.0
100113,0.39
100114,0.01
100115,0.22
100116,0.0
100117,0.02
100118,0.39
100119,0.0
100120,0.02
100121,0.01
100122,0.0
100123,0.11
100124,0.0
100125,0.03
100126,0.0
100127,0.05
100128,0.11
100129,0.24
100130,0.03
100131,0.09
100132,0.0
100133,0.26
100134,0.08
100135,0.02
100136,0.04
100137,0.0
100138,0.02
100139,0.51
100140,0.0
100141,0.03
100142,0.0
100143,0.0
100144,0.0
100145,0.34
100146,0.0
100147,0.54
100148,0.07
100149,0.0
100150,0.07
100151,0.0
100152,0.02
100153,0.02
100154,0.05
100155,0.01
100156,0.02
100157,0.07
100158,0.1
100159,0.0
100160,0.08
100161,0.0
100162,0.04
100163,0.0
100164,0.01
100165,0.08
100166,0.03
100167,0.15
100168,0.01
100169,0.05
100170,0.06
100171,0.1
100172,0.0
100173,0.0
100174,0.01
100175,0.0
100176,0.07
100177,0.01
100178,0.1
100179,0.0
100180,0.04
100181,0.02
100182,0.0
100183,0.03
100184,0.0
100185,0.0
100186,0.01
100187,0.18
100188,0.03
100189,0.01
100190,0.15
100191,0.0
100192,0.12
100193,0.03
100194,0.31
100195,0.04
100196,0.01
100197,0.0
100198,0.0
100199,0.1
100200,0.01
100201,0.01
100202,0.0
100203,0.0
100204,0.01
100205,0.0
100206,0.01
100207,0.38
100208,0.01
100209,0.0
100210,0.05
100211,0.01
100212,0.01
100213,0.23
100214,0.02
100215,0.0
100216,0.0
100217,0.01
100218,0.02
100219,0.0
100220,0.0
100221,0.03
100222,0.02
100223,0.02
100224,0.06
100225,0.0
100226,0.01
100227,0.03
100228,0.14
100229,0.02
100230,0.2
100231,0.0
100232,0.01
100233,0.04
100234,0.06
100235,0.13
100236,0.01
100237,0.01
100238,0.02
100239,0.0
100240,0.0
100241,0.03
100242,0.03
100243,0.09
100244,0.03
100245,0.1
100246,0.0
100247,0.02
100248,0.02
100249,0.0
100250,0.01
100251,0.0
100252,0.0
100253,0.08
100254,0.0
100255,0.01
100256,0.03
100257,0.04
100258,0.13
100259,0.06
100260,0.0
100261,0.04
100262,0.05
100263,0.0
100264,0.24
100265,0.0
100266,0.1
100267,0.06
100268,0.0
100269,0.16
100270,0.05
100271,0.32
100272,0.02
100273,0.33
100274,0.0
100275,0.0
100276,0.02
100277,0.02
100278,0.05
100279,0.0
100280,0.01
100281,0.27
100282,0.0
100283,0.01
100284,0.09
100285,0.0
100286,0.01
100287,0.01
100288,0.0
100289,0.06
100290,0.06
100291,0.01
100292,0.0
100293,0.0
100294,0.0
100295,0.12
100296,0.16
100297,0.01
100298,0.0
100299,0.72
100300,0.03
100301,0.04
100302,0.0
100303,0.27
100304,0.05
100305,0.02
100306,0.03
100307,0.03
100308,0.0
100309,0.01
100310,0.0
100311,0.04
100312,0.01
100313,0.26
100314,0.02
100315,0.0
100316,0.0
100317,0.03
100318,0.03
100319,0.0
100320,0.03
100321,0.0
100322,0.01
100323,0.03
100324,0.01
100325,0.01
100326,0.33
100327,0.27
100328,0.03
100329,0.29
100330,0.09
100331,0.02
100332,0.0
100333,0.27
100334,0.15
100335,0.06
100336,0.0
100337,0.14
100338,0.0
100339,0.05
100340,0.22
100341,0.06
100342,0.25
100343,0.21
100344,0.02
100345,0.0
100346,0.02
100347,0.36
100348,0.0
100349,0.18
100350,0.0
100351,0.2
100352,0.0
100353,0.0
100354,0.03
100355,0.18
100356,0.28
100357,0.0
100358,0.03
100359,0.05
100360,0.0
100361,0.07
100362,0.05
100363,0.14
100364,0.01
100365,0.0
100366,0.0
100367,0.02
100368,0.03
100369,0.01
100370,0.05
100371,0.03
100372,0.06
100373,0.0
100374,0.0
100375,0.01
100376,0.03
100377,0.0
100378,0.24
100379,0.0
100380,0.01
100381,0.28
100382,0.09
100383,0.15
100384,0.0
100385,0.02
100386,0.34
100387,0.06
100388,0.0
100389,0.09
100390,0.03
100391,0.01
100392,0.06
100393,0.11
100394,0.01
100395,0.04
100396,0.0
100397,0.02
100398,0.02
100399,0.07
100400,0.24
100401,0.01
100402,0.19
100403,0.01
100404,0.01
100405,0.0
100406,0.03
100407,0.16
100408,0.0
100409,0.24
100410,0.01
100411,0.0
100412,0.49
100413,0.01
100414,0.0
100415,0.04
100416,0.0
100417,0.02
100418,0.0
100419,0.37
100420,0.29
100421,0.06
100422,0.26
100423,0.02
100424,0.08
100425,0.02
100426,0.02
100427,0.02
100428,0.09
100429,0.12
100430,0.0
100431,0.03
100432,0.01
100433,0.0
100434,0.01
100435,0.05
100436,0.01
100437,0.04
100438,0.17
100439,0.02
100440,0.0
100441,0.0
100442,0.03
100443,0.03
100444,0.05
100445,0.01
100446,0.64
100447,0.14
100448,0.01
100449,0.02
100450,0.03
100451,0.17
100452,0.01
100453,0.03
100454,0.21
100455,0.04
100456,0.06
100457,0.07
100458,0.0
100459,0.0
100460,0.0
100461,0.01
100462,0.03
100463,0.0
100464,0.07
100465,0.0
100466,0.09
100467,0.01
100468,0.0
100469,0.0
100470,0.28
100471,0.12
100472,0.03
100473,0.0
100474,0.0
100475,0.0
100476,0.0
100477,0.02
100478,0.05
100479,0.07
100480,0.03
100481,0.0
100482,0.02
100483,0.08
100484,0.0
100485,0.03
100486,0.01
100487,0.02
100488,0.0
100489,0.0
100490,0.34
100491,0.0
100492,0.01
100493,0.07
100494,0.01
100495,0.0
100496,0.06
100497,0.03
100498,0.01
100499,0.02
100500,0.0
100501,0.01
100502,0.07
100503,0.18
100504,0.05
100505,0.02
100506,0.27
100507,0.13
100508,0.18
100509,0.03
100510,0.0
100511,0.3
100512,0.07
100513,0.1
100514,0.02
100515,0.12
100516,0.03
100517,0.02
100518,0.04
100519,0.04
100520,0.27
100521,0.01
100522,0.01
100523,0.0
100524,0.0
100525,0.02
100526,0.05
100527,0.03
100528,0.03
100529,0.04
100530,0.0
100531,0.09
100532,0.07
100533,0.01
100534,0.14
100535,0.05
100536,0.1
100537,0.58
100538,0.45
100539,0.03
100540,0.0
100541,0.3
100542,0.14
100543,0.24
100544,0.04
100545,0.03
100546,0.0
100547,0.0
100548,0.04
100549,0.02
100550,0.0
100551,0.27
100552,0.01
100553,0.01
100554,0.0
100555,0.0
100556,0.07
100557,0.01
100558,0.0
100559,0.03
100560,0.09
100561,0.1
100562,0.0
100563,0.27
100564,0.0
100565,0.1
100566,0.09
100567,0.06
100568,0.06
100569,0.18
100570,0.01
100571,0.01
100572,0.0
100573,0.03
100574,0.03
100575,0.03
100576,0.03
100577,0.0
100578,0.08
100579,0.03
100580,0.05
100581,0.3
100582,0.01
100583,0.0
100584,0.07
100585,0.0
100586,0.0
100587,0.04
100588,0.03
100589,0.01
100590,0.01
100591,0.11
100592,0.06
100593,0.04
100594,0.34
100595,0.25
100596,0.02
100597,0.04
100598,0.06
100599,0.01
100600,0.0
100601,0.16
100602,0.04
100603,0.0
100604,0.0
100605,0.09
100606,0.07
100607,0.46
100608,0.43
100609,0.01
100610,0.23
100611,0.0
100612,0.0
100613,0.06
100614,0.0
100615,0.01
100616,0.02
100617,0.02
100618,0.02
100619,0.11
100620,0.03
100621,0.01
100622,0.0
100623,0.04
100624,0.01
100625,0.02
100626,0.15
100627,0.01
100628,0.15
100629,0.0
100630,0.0
100631,0.18
100632,0.0
100633,0.0
100634,0.0
100635,0.47
100636,0.03
100637,0.0
100638,0.03
100639,0.0
100640,0.03
100641,0.62
100642,0.04
100643,0.01
100644,0.0
100645,0.25
100646,0.0
100647,0.01
100648,0.0
100649,0.07
100650,0.0
100651,0.09
100652,0.02
100653,0.05
100654,0.01
100655,0.0
100656,0.06
100657,0.03
100658,0.03
100659,0.03
100660,0.06
100661,0.26
100662,0.04
100663,0.0
100664,0.02
100665,0.03
100666,0.01
100667,0.02
100668,0.0
100669,0.42
100670,0.03
100671,0.0
100672,0.0
100673,0.0
100674,0.39
100675,0.0
100676,0.0
100677,0.0
100678,0.06
100679,0.09
100680,0.19
100681,0.18
100682,0.02
100683,0.03
100684,0.0
100685,0.01
100686,0.03
100687,0.0
100688,0.01
100689,0.07
100690,0.09
100691,0.03
100692,0.13
100693,0.0
100694,0.02
100695,0.26
100696,0.01
100697,0.0
100698,0.0
100699,0.01
100700,0.07
100701,0.06
100702,0.01
100703,0.19
100704,0.03
100705,0.0
100706,0.01
100707,0.01
100708,0.06
100709,0.0
100710,0.41
100711,0.11
100712,0.0
100713,0.0
100714,0.01
100715,0.01
100716,0.27
100717,0.11
100718,0.01
100719,0.64
100720,0.0
100721,0.0
100722,0.0
100723,0.04
100724,0.03
100725,0.01
100726,0.06
100727,0.18
100728,0.07
100729,0.05
100730,0.01
100731,0.0
100732,0.03
100733,0.18
100734,0.25
100735,0.12
100736,0.23
100737,0.0
100738,0.0
100739,0.17
100740,0.05
100741,0.0
100742,0.01
100743,0.24
100744,0.1
100745,0.02
100746,0.01
100747,0.0
100748,0.1
100749,0.0
100750,0.0
100751,0.04
100752,0.04
100753,0.05
100754,0.07
100755,0.33
100756,0.03
100757,0.01
100758,0.33
100759,0.01
100760,0.02
100761,0.28
100762,0.02
100763,0.52
100764,0.0
100765,0.0
100766,0.02
100767,0.03
100768,0.0
100769,0.06
100770,0.11
100771,0.05
100772,0.01
100773,0.02
100774,0.03
100775,0.08
100776,0.01
100777,0.0
100778,0.05
100779,0.01
100780,0.0
100781,0.14
100782,0.01
100783,0.0
100784,0.02
100785,0.0
100786,0.02
100787,0.12
100788,0.09
100789,0.02
100790,0.2
100791,0.0
100792,0.02
100793,0.05
100794,0.02
100795,0.1
100796,0.0
100797,0.42
100798,0.13
100799,0.0
100800,0.06
100801,0.01
100802,0.03
100803,0.08
100804,0.0
100805,0.03
100806,0.18
100807,0.03
100808,0.03
100809,0.02
100810,0.01
100811,0.03
100812,0.0
100813,0.0
100814,0.16
100815,0.12
100816,0.01
100817,0.0
100818,0.18
100819,0.44
100820,0.0
100821,0.03
100822,0.0
100823,0.01
100824,0.11
100825,0.0
100826,0.49
100827,0.03
100828,0.09
100829,0.1
100830,0.0
100831,0.03
100832,0.0
100833,0.05
100834,0.0
100835,0.0
100836,0.22
100837,0.17
100838,0.0
100839,0.01
100840,0.0
100841,0.01
100842,0.0
100843,0.0
100844,0.05
100845,0.0
100846,0.01
100847,0.15
100848,0.08
100849,0.18
100850,0.0
100851,0.04
100852,0.13
100853,0.0
100854,0.0
100855,0.43
100856,0.39
100857,0.0
100858,0.01
100859,0.05
100860,0.02
100861,0.08
100862,0.11
100863,0.25
100864,0.02
100865,0.03
100866,0.35
100867,0.44
100868,0.02
100869,0.06
100870,0.01
100871,0.0
100872,0.03
100873,0.04
100874,0.0
100875,0.01
100876,0.03
100877,0.02
100878,0.11
100879,0.0
100880,0.01
100881,0.0
100882,0.0
100883,0.07
100884,0.48
100885,0.02
100886,0.03
100887,0.01
100888,0.03
100889,0.0
100890,0.0
100891,0.0
100892,0.0
100893,0.01
100894,0.0
100895,0.47
100896,0.02
100897,0.09
100898,0.0
100899,0.0
100900,0.01
100901,0.02
100902,0.04
100903,0.02
100904,0.22
100905,0.2
100906,0.15
100907,0.04
100908,0.0
100909,0.02
100910,0.02
100911,0.02
100912,0.39
100913,0.09
100914,0.01
100915,0.0
100916,0.08
100917,0.43
100918,0.1
100919,0.0
100920,0.0
100921,0.0
100922,0.0
100923,0.01
100924,0.06
100925,0.01
100926,0.0
100927,0.0
100928,0.07
100929,0.07
100930,0.02
100931,0.28
100932,0.01
100933,0.18
100934,0.02
100935,0.0
100936,0.0
100937,0.0
100938,0.25
100939,0.03
100940,0.04
100941,0.04
100942,0.0
100943,0.32
100944,0.01
100945,0.02
100946,0.03
100947,0.08
100948,0.03
100949,0.02
100950,0.47
100951,0.1
100952,0.03
100953,0.28
100954,0.03
100955,0.08
100956,0.05
100957,0.16
100958,0.01
100959,0.01
100960,0.05
100961,0.02
100962,0.01
100963,0.15
100964,0.02
100965,0.05
100966,0.07
100967,0.0
100968,0.03
100969,0.0
100970,0.0
100971,0.14
100972,0.01
100973,0.03
100974,0.04
100975,0.05
100976,0.0
100977,0.0
100978,0.0
100979,0.01
100980,0.0
100981,0.08
100982,0.01
100983,0.04
100984,0.05
100985,0.0
100986,0.62
100987,0.06
100988,0.07
100989,0.02
100990,0.0
100991,0.0
100992,0.0
100993,0.01
100994,0.01
100995,0.0
100996,0.26
100997,0.0
100998,0.02
100999,0.16
101000,0.03
101001,0.01
101002,0.06
101003,0.02
101004,0.08
101005,0.0
101006,0.01
101007,0.07
101008,0.08
101009,0.0
101010,0.04
101011,0.45
101012,0.16
101013,0.01
101014,0.05
101015,0.06
101016,0.02
101017,0.01
101018,0.01
101019,0.03
101020,0.0
101021,0.07
101022,0.03
101023,0.12
101024,0.0
101025,0.3
101026,0.01
101027,0.01
101028,0.0
101029,0.01
101030,0.01
101031,0.17
101032,0.02
101033,0.03
101034,0.13
101035,0.04
101036,0.12
101037,0.06
101038,0.09
101039,0.09
101040,0.61
101041,0.58
101042,0.05
101043,0.0
101044,0.04
101045,0.01
101046,0.0
101047,0.0
101048,0.06
101049,0.05
101050,0.04
101051,0.14
101052,0.0
101053,0.07
101054,0.07
101055,0.07
101056,0.0
101057,0.04
101058,0.02
101059,0.01
101060,0.02
101061,0.04
101062,0.02
101063,0.01
101064,0.48
101065,0.0
101066,0.07
101067,0.02
101068,0.0
101069,0.02
101070,0.0
101071,0.01
101072,0.0
101073,0.01
101074,0.0
101075,0.0
101076,0.4
101077,0.0
101078,0.1
101079,0.01
101080,0.2
101081,0.01
101082,0.07
101083,0.21
101084,0.02
101085,0.0
101086,0.06
101087,0.02
101088,0.07
101089,0.01
101090,0.14
101091,0.03
101092,0.0
101093,0.0
101094,0.03
101095,0.17
101096,0.04
101097,0.11
101098,0.08
101099,0.0
101100,0.05
101101,0.01
101102,0.02
101103,0.4
101104,0.0
101105,0.0
101106,0.03
101107,0.07
101108,0.03
101109,0.15
101110,0.01
101111,0.0
101112,0.05
101113,0.02
101114,0.01
101115,0.11
101116,0.18
101117,0.0
101118,0.0
101119,0.0
101120,0.37
101121,0.01
101122,0.0
101123,0.01
101124,0.0
101125,0.0
101126,0.03
101127,0.05
101128,0.03
101129,0.04
101130,0.0
101131,0.02
101132,0.0
101133,0.02
101134,0.0
101135,0.02
101136,0.0
101137,0.0
101138,0.0
101139,0.07
101140,0.05
101141,0.01
101142,0.0
101143,0.19
101144,0.0
101145,0.2
101146,0.0
101147,0.06
101148,0.0
101149,0.0
101150,0.0
101151,0.06
101152,0.14
101153,0.04
101154,0.59
101155,0.0
101156,0.02
101157,0.1
101158,0.05
101159,0.28
101160,0.0
101161,0.0
101162,0.05
101163,0.1
101164,0.04
101165,0.11
101166,0.09
101167,0.14
101168,0.15
101169,0.02
101170,0.03
101171,0.1
101172,0.0
101173,0.0
101174,0.0
101175,0.34
101176,0.02
101177,0.0
101178,0.0
101179,0.0
101180,0.03
101181,0.72
101182,0.3
101183,0.34
101184,0.08
101185,0.2
101186,0.0
101187,0.02
101188,0.0
101189,0.02
101190,0.02
101191,0.0
101192,0.04
101193,0.01
101194,0.17
101195,0.07
101196,0.0
101197,0.4
101198,0.27
101199,0.0
101200,0.15
101201,0.09
101202,0.0
101203,0.03
101204,0.03
101205,0.0
101206,0.37
101207,0.3
101208,0.19
101209,0.0
101210,0.03
101211,0.02
101212,0.0
101213,0.0
101214,0.2
101215,0.02
101216,0.01
101217,0.01
101218,0.01
101219,0.0
101220,0.02
101221,0.01
101222,0.09
101223,0.07
101224,0.01
101225,0.01
101226,0.14
101227,0.0
101228,0.0
101229,0.68
101230,0.06
101231,0.03
101232,0.07
101233,0.01
101234,0.08
101235,0.0
101236,0.0
101237,0.0
101238,0.31
101239,0.0
101240,0.06
101241,0.53
101242,0.01
101243,0.02
101244,0.05
101245,0.0
101246,0.02
101247,0.16
101248,0.07
101249,0.0
101250,0.04
101251,0.0
101252,0.02
101253,0.02
101254,0.0
101255,0.01
101256,0.34
101257,0.02
101258,0.01
101259,0.59
101260,0.02
101261,0.0
101262,0.01
101263,0.0
101264,0.01
101265,0.01
101266,0.01
101267,0.0
101268,0.03
101269,0.0
101270,0.11
101271,0.13
101272,0.01
101273,0.02
101274,0.16
101275,0.01
101276,0.0
101277,0.0
101278,0.12
101279,0.11
101280,0.08
101281,0.05
101282,0.02
101283,0.05
101284,0.43
101285,0.14
101286,0.03
101287,0.1
101288,0.03
101289,0.09
101290,0.22
101291,0.0
101292,0.06
101293,0.2
101294,0.01
101295,0.04
101296,0.0
101297,0.01
101298,0.05
101299,0.13
101300,0.02
101301,0.06
101302,0.3
101303,0.02
101304,0.04
101305,0.0
101306,0.0
101307,0.24
101308,0.01
101309,0.1
101310,0.09
101311,0.0
101312,0.0
101313,0.06
101314,0.01
101315,0.0
101316,0.04
101317,0.0
101318,0.25
101319,0.41
101320,0.01
101321,0.04
101322,0.01
101323,0.01
101324,0.12
101325,0.0
101326,0.03
101327,0.01
101328,0.11
101329,0.07
101330,0.25
101331,0.01
101332,0.08
101333,0.03
101334,0.07
101335,0.0
101336,0.09
101337,0.25
101338,0.01
101339,0.08
101340,0.03
101341,0.3
101342,0.11
101343,0.0
101344,0.02
101345,0.0
101346,0.02
101347,0.03
101348,0.08
101349,0.08
101350,0.0
101351,0.0
101352,0.07
101353,0.07
101354,0.01
101355,0.02
101356,0.02
101357,0.02
101358,0.05
101359,0.04
101360,0.01
101361,0.15
101362,0.02
101363,0.01
101364,0.02
101365,0.01
101366,0.04
101367,0.0
101368,0.03
101369,0.01
101370,0.04
101371,0.0
101372,0.36
101373,0.02
101374,0.0
101375,0.08
101376,0.09
101377,0.01
101378,0.24
101379,0.01
101380,0.0
101381,0.0
101382,0.01
101383,0.07
101384,0.05
101385,0.08
101386,0.02
101387,0.01
101388,0.01
101389,0.05
101390,0.02
101391,0.01
101392,0.0
101393,0.05
101394,0.32
101395,0.03
101396,0.03
101397,0.13
101398,0.04
101399,0.03
101400,0.04
101401,0.04
101402,0.02
101403,0.0
101404,0.09
101405,0.09
101406,0.02
101407,0.16
101408,0.0
101409,0.02
101410,0.02
101411,0.0
101412,0.0
101413,0.0
101414,0.01
101415,0.0
101416,0.02
101417,0.0
101418,0.01
101419,0.0
101420,0.21
101421,0.0
101422,0.17
101423,0.01
101424,0.07
101425,0.01
101426,0.07
101427,0.0
101428,0.03
101429,0.01
101430,0.0
101431,0.05
101432,0.18
101433,0.0
101434,0.02
101435,0.0
101436,0.04
101437,0.0
101438,0.0
101439,0.0
101440,0.0
101441,0.05
101442,0.0
101443,0.06
101444,0.0
101445,0.15
101446,0.01
101447,0.06
101448,0.03
101449,0.01
101450,0.0
101451,0.04
101452,0.04
101453,0.0
101454,0.08
101455,0.68
101456,0.0
101457,0.0
101458,0.02
101459,0.0
101460,0.04
101461,0.14
101462,0.02
101463,0.0
101464,0.0
101465,0.06
101466,0.0
101467,0.08
101468,0.01
101469,0.0
101470,0.01
101471,0.0
101472,0.0
101473,0.01
101474,0.07
101475,0.01
101476,0.03
101477,0.02
101478,0.0
101479,0.0
101480,0.01
101481,0.01
101482,0.0
101483,0.06
101484,0.01
101485,0.1
101486,0.13
101487,0.0
101488,0.01
101489,0.0
101490,0.02
101491,0.0
101492,0.02
101493,0.07
101494,0.0
101495,0.01
101496,0.28
101497,0.0
101498,0.04
101499,0.26
101500,0.17
101501,0.01
101502,0.03
101503,0.15
101504,0.05
101505,0.34
101506,0.0
101507,0.02
101508,0.18
101509,0.06
101510,0.02
101511,0.32
101512,0.11
101513,0.07
101514,0.0
101515,0.01
101516,0.01
101517,0.09
101518,0.02
101519,0.02
101520,0.0
101521,0.0
101522,0.02
101523,0.04
101524,0.45
101525,0.01
101526,0.09
101527,0.06
101528,0.04
101529,0.0
101530,0.0
101531,0.12
101532,0.07
101533,0.01
101534,0.09
101535,0.03
101536,0.0
101537,0.18
101538,0.09
101539,0.02
101540,0.01
101541,0.34
101542,0.07
101543,0.0
101544,0.0
101545,0.19
101546,0.03
101547,0.0
101548,0.03
101549,0.08
101550,0.0
101551,0.12
101552,0.07
101553,0.04
101554,0.22
101555,0.08
101556,0.58
101557,0.3
101558,0.04
101559,0.12
101560,0.1
101561,0.01
101562,0.0
101563,0.02
101564,0.01
101565,0.01
101566,0.02
101567,0.06
101568,0.0
101569,0.09
101570,0.14
101571,0.03
101572,0.23
101573,0.02
101574,0.14
101575,0.06
101576,0.02
101577,0.01
101578,0.0
101579,0.0
101580,0.0
101581,0.0
101582,0.09
101583,0.05
101584,0.02
101585,0.03
101586,0.14
101587,0.06
101588,0.26
101589,0.04
101590,0.0
101591,0.0
101592,0.01
101593,0.28
101594,0.0
101595,0.03
101596,0.12
101597,0.22
101598,0.01
101599,0.13
101600,0.01
101601,0.09
101602,0.4
101603,0.11
101604,0.01
101605,0.0
101606,0.08
101607,0.02
101608,0.06
101609,0.0
101610,0.0
101611,0.05
101612,0.0
101613,0.0
101614,0.01
101615,0.0
101616,0.12
101617,0.0
101618,0.0
101619,0.07
101620,0.01
101621,0.0
101622,0.01
101623,0.03
101624,0.02
101625,0.6
101626,0.02
101627,0.0
101628,0.01
101629,0.09
101630,0.01
101631,0.01
101632,0.06
101633,0.03
101634,0.0
101635,0.01
101636,0.01
101637,0.56
101638,0.02
101639,0.0
101640,0.0
101641,0.05
101642,0.04
101643,0.21
101644,0.0
101645,0.06
101646,0.0
101647,0.15
101648,0.06
101649,0.04
101650,0.14
101651,0.0
101652,0.41
101653,0.02
101654,0.62
101655,0.01
101656,0.18
101657,0.08
101658,0.0
101659,0.0
101660,0.09
101661,0.02
101662,0.01
101663,0.22
101664,0.01
101665,0.11
101666,0.05
101667,0.01
101668,0.0
101669,0.08
101670,0.02
101671,0.31
101672,0.0
101673,0.42
101674,0.09
101675,0.0
101676,0.13
101677,0.19
101678,0.02
101679,0.2
101680,0.24
101681,0.2
101682,0.04
101683,0.18
101684,0.0
101685,0.0
101686,0.15
101687,0.0
101688,0.05
101689,0.27
101690,0.02
101691,0.03
101692,0.23
101693,0.12
101694,0.29
101695,0.05
101696,0.1
101697,0.02
101698,0.18
101699,0.06
101700,0.01
101701,0.19
101702,0.01
101703,0.19
101704,0.0
101705,0.11
101706,0.08
101707,0.0
101708,0.47
101709,0.0
101710,0.28
101711,0.0
101712,0.0
101713,0.02
101714,0.0
101715,0.12
101716,0.0
101717,0.0
101718,0.55
101719,0.0
101720,0.03
101721,0.04
101722,0.03
101723,0.19
101724,0.05
101725,0.0
101726,0.01
101727,0.02
101728,0.0
101729,0.0
101730,0.0
101731,0.12
101732,0.01
101733,0.07
101734,0.0
101735,0.01
101736,0.04
101737,0.05
101738,0.36
101739,0.04
101740,0.0
101741,0.06
101742,0.0
101743,0.01
101744,0.19
101745,0.0
101746,0.05
101747,0.0
101748,0.09
101749,0.0
101750,0.0
101751,0.22
101752,0.0
101753,0.01
101754,0.11
101755,0.09
101756,0.04
101757,0.0
101758,0.0
101759,0.0
101760,0.0
101761,0.0
101762,0.02
101763,0.09
101764,0.0
101765,0.0
101766,0.0
101767,0.0
101768,0.08
101769,0.0
101770,0.0
101771,0.05
101772,0.0
101773,0.01
101774,0.01
101775,0.0
101776,0.03
101777,0.08
101778,0.0
101779,0.4
101780,0.05
101781,0.0
101782,0.02
101783,0.0
101784,0.03
101785,0.02
101786,0.0
101787,0.0
101788,0.13
101789,0.01
101790,0.16
101791,0.01
101792,0.48
101793,0.0
101794,0.26
101795,0.13
101796,0.03
101797,0.0
101798,0.02
101799,0.0
101800,0.24
101801,0.0
101802,0.0
101803,0.09
101804,0.03
101805,0.06
101806,0.02
101807,0.0
101808,0.1
101809,0.03
101810,0.12
101811,0.0
101812,0.01
101813,0.0
101814,0.0
101815,0.02
101816,0.04
101817,0.05
101818,0.0
101819,0.08
101820,0.03
101821,0.0
101822,0.05
101823,0.05
101824,0.54
101825,0.03
101826,0.35
101827,0.0
101828,0.0
101829,0.04
101830,0.14
101831,0.04
101832,0.1
101833,0.02
101834,0.01
101835,0.07
101836,0.31
101837,0.11
101838,0.0
101839,0.06
101840,0.24
101841,0.01
101842,0.04
101843,0.26
101844,0.07
101845,0.34
101846,0.11
101847,0.12
101848,0.0
101849,0.46
101850,0.11
101851,0.01
101852,0.25
101853,0.0
101854,0.0
101855,0.0
101856,0.03
101857,0.0
101858,0.04
101859,0.0
101860,0.02
101861,0.01
101862,0.01
101863,0.06
101864,0.0
101865,0.14
101866,0.0
101867,0.0
101868,0.11
101869,0.0
101870,0.15
101871,0.04
101872,0.0
101873,0.03
101874,0.0
101875,0.05
101876,0.12
101877,0.01
101878,0.01
101879,0.0
101880,0.0
101881,0.04
101882,0.0
101883,0.01
101884,0.0
101885,0.1
101886,0.0
101887,0.46
101888,0.11
101889,0.31
101890,0.03
101891,0.05
101892,0.13
101893,0.04
101894,0.1
101895,0.0
101896,0.02
101897,0.0
101898,0.0
101899,0.75
101900,0.04
101901,0.02
101902,0.45
101903,0.44
101904,0.08
101905,0.12
101906,0.02
101907,0.04
101908,0.37
101909,0.07
101910,0.03
101911,0.05
101912,0.05
101913,0.23
101914,0.04
101915,0.02
101916,0.02
101917,0.0
101918,0.0
101919,0.05
101920,0.01
101921,0.02
101922,0.35
101923,0.0
101924,0.02
101925,0.0
101926,0.0
101927,0.0
101928,0.01
101929,0.04
101930,0.0
101931,0.14
101932,0.17
101933,0.89
101934,0.05
101935,0.06
101936,0.01
101937,0.12
101938,0.0
101939,0.0
101940,0.02
101941,0.01
101942,0.21
101943,0.04
101944,0.47
101945,0.07
101946,0.25
101947,0.21
101948,0.02
101949,0.0
101950,0.02
101951,0.11
101952,0.02
101953,0.0
101954,0.0
101955,0.03
101956,0.11
101957,0.0
101958,0.05
101959,0.01
101960,0.0
101961,0.0
101962,0.13
101963,0.02
101964,0.0
101965,0.01
101966,0.05
101967,0.22
101968,0.13
101969,0.1
101970,0.08
101971,0.03
101972,0.0
101973,0.0
101974,0.05
101975,0.2
101976,0.22
101977,0.0
101978,0.16
101979,0.0
101980,0.03
101981,0.19
101982,0.04
101983,0.01
101984,0.01
101985,0.13
101986,0.05
101987,0.12
101988,0.06
101989,0.07
101990,0.03
101991,0.01
101992,0.01
101993,0.07
101994,0.0
101995,0.08
101996,0.03
101997,0.06
101998,0.42
101999,0.05
102000,0.01
102001,0.07
102002,0.0
102003,0.01
102004,0.05
102005,0.06
102006,0.13
102007,0.04
102008,0.0
102009,0.03
102010,0.17
102011,0.46
102012,0.1
102013,0.21
102014,0.25
102015,0.01
102016,0.01
102017,0.39
102018,0.0
102019,0.0
102020,0.02
102021,0.2
102022,0.01
102023,0.88
102024,0.03
102025,0.02
102026,0.0
102027,0.0
102028,0.04
102029,0.16
102030,0.05
102031,0.01
102032,0.0
102033,0.0
102034,0.01
102035,0.02
102036,0.2
102037,0.22
102038,0.03
102039,0.01
102040,0.16
102041,0.04
102042,0.13
102043,0.0
102044,0.01
102045,0.0
102046,0.0
102047,0.0
102048,0.0
102049,0.5
102050,0.0
102051,0.02
102052,0.05
102053,0.1
102054,0.41
102055,0.08
102056,0.0
102057,0.01
102058,0.01
102059,0.01
102060,0.0
102061,0.03
102062,0.01
102063,0.04
102064,0.37
102065,0.0
102066,0.08
102067,0.0
102068,0.03
102069,0.03
102070,0.23
102071,0.0
102072,0.1
102073,0.07
102074,0.16
102075,0.0
102076,0.03
102077,0.01
102078,0.05
102079,0.02
102080,0.0
102081,0.09
102082,0.07
102083,0.04
102084,0.08
102085,0.12
102086,0.0
102087,0.06
102088,0.01
102089,0.0
102090,0.23
102091,0.15
102092,0.04
102093,0.01
102094,0.11
102095,0.0
102096,0.0
102097,0.07
102098,0.47
102099,0.09
102100,0.12
102101,0.0
102102,0.0
102103,0.0
102104,0.07
102105,0.03
102106,0.01
102107,0.22
102108,0.14
102109,0.11
102110,0.41
102111,0.18
102112,0.12
102113,0.05
102114,0.0
102115,0.09
102116,0.0
102117,0.0
102118,0.0
102119,0.01
102120,0.1
102121,0.03
102122,0.47
102123,0.01
102124,0.0
102125,0.1
102126,0.0
102127,0.04
102128,0.02
102129,0.04
102130,0.08
102131,0.1
102132,0.0
102133,0.0
102134,0.0
102135,0.01
102136,0.02
102137,0.0
102138,0.43
102139,0.0
102140,0.04
102141,0.05
102142,0.0
102143,0.02
102144,0.0
102145,0.0
102146,0.05
102147,0.09
102148,0.01
102149,0.12
102150,0.0
102151,0.07
102152,0.0
102153,0.0
102154,0.0
102155,0.0
102156,0.3
102157,0.0
102158,0.02
102159,0.01
102160,0.09
102161,0.01
102162,0.06
102163,0.06
102164,0.06
102165,0.02
102166,0.13
102167,0.0
102168,0.02
102169,0.01
102170,0.05
102171,0.01
102172,0.06
102173,0.01
102174,0.03
102175,0.01
102176,0.03
102177,0.0
102178,0.0
102179,0.01
102180,0.0
102181,0.3
102182,0.07
102183,0.0
102184,0.0
102185,0.06
102186,0.11
102187,0.06
102188,0.17
102189,0.17
102190,0.01
102191,0.24
102192,0.2
102193,0.05
102194,0.02
102195,0.12
102196,0.02
102197,0.05
102198,0.29
102199,0.05
102200,0.01
102201,0.25
102202,0.2
102203,0.04
102204,0.04
102205,0.07
102206,0.07
102207,0.08
102208,0.17
102209,0.01
102210,0.0
102211,0.66
102212,0.16
102213,0.92
102214,0.08
102215,0.05
102216,0.27
102217,0.01
102218,0.18
102219,0.06
102220,0.0
102221,0.03
102222,0.01
102223,0.02
102224,0.0
102225,0.0
102226,0.38
102227,0.0
102228,0.41
102229,0.08
102230,0.0
102231,0.01
102232,0.01
102233,0.01
102234,0.0
102235,0.29
102236,0.03
102237,0.09
102238,0.13
102239,0.0
102240,0.0
102241,0.06
102242,0.07
102243,0.01
102244,0.01
102245,0.03
102246,0.03
102247,0.04
102248,0.04
102249,0.04
102250,0.02
102251,0.0
102252,0.11
102253,0.36
102254,0.01
102255,0.3
102256,0.06
102257,0.12
102258,0.08
102259,0.04
102260,0.04
102261,0.0
102262,0.02
102263,0.02
102264,0.01
102265,0.03
102266,0.03
102267,0.0
102268,0.27
102269,0.05
102270,0.03
102271,0.0
102272,0.0
102273,0.15
102274,0.45
102275,0.0
102276,0.0
102277,0.08
102278,0.01
102279,0.01
102280,0.01
102281,0.07
102282,0.01
102283,0.01
102284,0.0
102285,0.0
102286,0.0
102287,0.07
102288,0.0
102289,0.0
102290,0.0
102291,0.04
102292,0.01
102293,0.03
102294,0.01
102295,0.02
102296,0.03
102297,0.09
102298,0.16
102299,0.5
102300,0.01
102301,0.0
102302,0.01
102303,0.0
102304,0.0
102305,0.0
102306,0.59
102307,0.01
102308,0.14
102309,0.02
102310,0.0
102311,0.16
102312,0.0
102313,0.05
102314,0.11
102315,0.05
102316,0.01
102317,0.01
102318,0.03
102319,0.0
102320,0.05
102321,0.03
102322,0.0
102323,0.0
102324,0.02
102325,0.01
102326,0.03
102327,0.02
102328,0.17
102329,0.0
102330,0.09
102331,0.0
102332,0.05
102333,0.01
102334,0.65
102335,0.19
102336,0.0
102337,0.01
102338,0.04
102339,0.0
102340,0.0
102341,0.07
102342,0.0
102343,0.17
102344,0.13
102345,0.0
102346,0.1
102347,0.06
102348,0.1
102349,0.0
102350,0.45
102351,0.0
102352,0.0
102353,0.49
102354,0.07
102355,0.09
102356,0.01
102357,0.06
102358,0.11
102359,0.02
102360,0.12
102361,0.0
102362,0.0
102363,0.01
102364,0.03
102365,0.02
102366,0.01
102367,0.03
102368,0.0
102369,0.0
102370,0.0
102371,0.0
102372,0.48
102373,0.0
102374,0.0
102375,0.04
102376,0.0
102377,0.07
102378,0.0
102379,0.0
102380,0.04
102381,0.19
102382,0.15
102383,0.03
102384,0.01
102385,0.0
102386,0.0
102387,0.0
102388,0.0
102389,0.03
102390,0.0
102391,0.03
102392,0.46
102393,0.0
102394,0.0
102395,0.03
102396,0.23
102397,0.34
102398,0.33
102399,0.1
102400,0.01
102401,0.12
102402,0.0
102403,0.01
102404,0.12
102405,0.25
102406,0.11
102407,0.0
102408,0.05
102409,0.01
102410,0.19
102411,0.01
102412,0.0
102413,0.0
102414,0.01
102415,0.01
102416,0.0
102417,0.0
102418,0.0
102419,0.16
102420,0.17
102421,0.0
102422,0.0
102423,0.0
102424,0.0
102425,0.02
102426,0.01
102427,0.01
102428,0.0
102429,0.01
102430,0.02
102431,0.0
102432,0.04
102433,0.02
102434,0.08
102435,0.0
102436,0.0
102437,0.01
102438,0.01
102439,0.18
102440,0.04
102441,0.09
102442,0.0
102443,0.41
102444,0.02
102445,0.19
102446,0.04
102447,0.01
102448,0.04
102449,0.0
102450,0.04
102451,0.0
102452,0.09
102453,0.0
102454,0.08
102455,0.55
102456,0.01
102457,0.01
102458,0.11
102459,0.09
102460,0.0
102461,0.02
102462,0.01
102463,0.03
102464,0.12
102465,0.04
102466,0.03
102467,0.04
102468,0.18
102469,0.35
102470,0.0
102471,0.01
102472,0.03
102473,0.05
102474,0.01
102475,0.02
102476,0.02
102477,0.0
102478,0.26
102479,0.09
102480,0.0
102481,0.08
102482,0.47
102483,0.01
102484,0.0
102485,0.0
102486,0.06
102487,0.06
102488,0.19
102489,0.0
102490,0.06
102491,0.35
102492,0.02
102493,0.01
102494,0.14
102495,0.06
102496,0.0
102497,0.23
102498,0.0
102499,0.04
102500,0.0
102501,0.04
102502,0.14
102503,0.14
102504,0.29
102505,0.16
102506,0.3
102507,0.0
102508,0.0
102509,0.04
102510,0.69
102511,0.0
102512,0.56
102513,0.07
102514,0.01
102515,0.09
102516,0.02
102517,0.0
102518,0.0
102519,0.02
102520,0.0
102521,0.0
102522,0.33
102523,0.02
102524,0.16
102525,0.03
102526,0.02
102527,0.01
102528,0.0
102529,0.09
102530,0.46
102531,0.09
102532,0.01
102533,0.01
102534,0.05
102535,0.02
102536,0.02
102537,0.06
102538,0.33
102539,0.49
102540,0.26
102541,0.0
102542,0.02
102543,0.04
102544,0.0
102545,0.4
102546,0.12
102547,0.01
102548,0.2
102549,0.0
102550,0.06
102551,0.3
102552,0.01
102553,0.06
102554,0.16
102555,0.04
102556,0.06
102557,0.01
102558,0.09
102559,0.01
102560,0.0
102561,0.03
102562,0.04
102563,0.05
102564,0.01
102565,0.0
102566,0.05
102567,0.51
102568,0.03
102569,0.43
102570,0.56
102571,0.19
102572,0.04
102573,0.11
102574,0.1
102575,0.0
102576,0.02
102577,0.0
102578,0.02
102579,0.0
102580,0.07
102581,0.01
102582,0.03
102583,0.01
102584,0.0
102585,0.01
102586,0.0
102587,0.05
102588,0.01
102589,0.0
102590,0.0
102591,0.09
102592,0.01
102593,0.02
102594,0.24
102595,0.02
102596,0.05
102597,0.04
102598,0.0
102599,0.06
102600,0.03
102601,0.06
102602,0.04
102603,0.01
102604,0.02
102605,0.27
102606,0.0
102607,0.41
102608,0.0
102609,0.03
102610,0.4
102611,0.08
102612,0.01
102613,0.01
102614,0.11
102615,0.0
102616,0.16
102617,0.06
102618,0.01
102619,0.29
102620,0.01
102621,0.28
102622,0.02
102623,0.02
102624,0.02
102625,0.03
102626,0.72
102627,0.23
102628,0.0
102629,0.04
102630,0.67
102631,0.04
102632,0.1
102633,0.02
102634,0.01
102635,0.05
102636,0.03
102637,0.0
102638,0.03
102639,0.01
102640,0.02
102641,0.25
102642,0.0
102643,0.01
102644,0.0
102645,0.02
102646,0.04
102647,0.1
102648,0.02
102649,0.01
102650,0.02
102651,0.07
102652,0.04
102653,0.47
102654,0.07
102655,0.01
102656,0.0
102657,0.0
102658,0.0
102659,0.01
102660,0.0
102661,0.04
102662,0.0
102663,0.32
102664,0.03
102665,0.02
102666,0.1
102667,0.01
102668,0.13
102669,0.0
102670,0.49
102671,0.0
102672,0.0
102673,0.05
102674,0.37
102675,0.21
102676,0.52
102677,0.01
102678,0.11
102679,0.03
102680,0.29
102681,0.0
102682,0.01
102683,0.15
102684,0.0
102685,0.01
102686,0.0
102687,0.43
102688,0.0
102689,0.0
102690,0.02
102691,0.11
102692,0.0
102693,0.16
102694,0.0
102695,0.0
102696,0.02
102697,0.01
102698,0.33
102699,0.02
102700,0.02
102701,0.13
102702,0.02
102703,0.0
102704,0.19
102705,0.01
102706,0.07
102707,0.03
102708,0.0
102709,0.03
102710,0.09
102711,0.0
102712,0.01
102713,0.07
102714,0.13
102715,0.04
102716,0.01
102717,0.02
102718,0.01
102719,0.28
102720,0.0
102721,0.04
102722,0.0
102723,0.06
102724,0.02
102725,0.04
102726,0.0
102727,0.03
102728,0.01
102729,0.0
102730,0.01
102731,0.05
102732,0.03
102733,0.12
102734,0.04
102735,0.02
102736,0.13
102737,0.01
102738,0.01
102739,0.0
102740,0.18
102741,0.01
102742,0.0
102743,0.05
102744,0.03
102745,0.05
102746,0.04
102747,0.05
102748,0.01
102749,0.01
102750,0.0
102751,0.0
102752,0.22
102753,0.0
102754,0.12
102755,0.0
102756,0.07
102757,0.2
102758,0.45
102759,0.0
102760,0.09
102761,0.08
102762,0.05
102763,0.04
102764,0.09
102765,0.07
102766,0.0
102767,0.12
102768,0.01
102769,0.09
102770,0.01
102771,0.01
102772,0.01
102773,0.02
102774,0.14
102775,0.13
102776,0.01
102777,0.0
102778,0.01
102779,0.01
102780,0.0
102781,0.0
102782,0.03
102783,0.01
102784,0.01
102785,0.45
102786,0.18
102787,0.03
102788,0.0
102789,0.02
102790,0.0
102791,0.01
102792,0.18
102793,0.01
102794,0.0
102795,0.06
102796,0.0
102797,0.02
102798,0.01
102799,0.0
102800,0.05
102801,0.36
102802,0.08
102803,0.0
102804,0.0
102805,0.27
102806,0.01
102807,0.01
102808,0.48
102809,0.0
102810,0.41
102811,0.0
102812,0.01
102813,0.0
102814,0.06
102815,0.01
102816,0.01
102817,0.01
102818,0.04
102819,0.09
102820,0.34
102821,0.13
102822,0.16
102823,0.0
102824,0.2
102825,0.07
102826,0.0
102827,0.07
102828,0.05
102829,0.0
102830,0.08
102831,0.12
102832,0.0
102833,0.02
102834,0.02
102835,0.0
102836,0.01
102837,0.03
102838,0.0
102839,0.11
102840,0.01
102841,0.04
102842,0.0
102843,0.0
102844,0.0
102845,0.03
102846,0.04
102847,0.0
102848,0.1
102849,0.53
102850,0.02
102851,0.04
102852,0.02
102853,0.03
102854,0.07
102855,0.0
102856,0.01
102857,0.03
102858,0.05
102859,0.0
102860,0.02
102861,0.0
102862,0.01
102863,0.0
102864,0.0
102865,0.01
102866,0.02
102867,0.0
102868,0.0
102869,0.0
102870,0.02
102871,0.21
102872,0.32
102873,0.02
102874,0.0
102875,0.0
102876,0.0
102877,0.02
102878,0.0
102879,0.01
102880,0.17
102881,0.02
102882,0.15
102883,0.02
102884,0.0
102885,0.45
102886,0.0
102887,0.04
102888,0.08
102889,0.01
102890,0.01
102891,0.16
102892,0.06
102893,0.34
102894,0.03
102895,0.05
102896,0.1
102897,0.39
102898,0.27
102899,0.0
102900,0.02
102901,0.06
102902,0.0
102903,0.01
102904,0.0
102905,0.0
102906,0.05
102907,0.21
102908,0.01
102909,0.04
102910,0.09
102911,0.02
102912,0.0
102913,0.09
102914,0.11
102915,0.12
102916,0.04
102917,0.0
102918,0.0
102919,0.0
102920,0.01
102921,0.02
102922,0.34
102923,0.03
102924,0.05
102925,0.11
102926,0.0
102927,0.0
102928,0.0
102929,0.29
102930,0.06
102931,0.05
102932,0.01
102933,0.41
102934,0.02
102935,0.09
102936,0.14
102937,0.0
102938,0.0
102939,0.34
102940,0.01
102941,0.05
102942,0.48
102943,0.01
102944,0.03
102945,0.48
102946,0.01
102947,0.01
102948,0.06
102949,0.03
102950,0.01
102951,0.01
102952,0.09
102953,0.01
102954,0.12
102955,0.01
102956,0.0
102957,0.0
102958,0.01
102959,0.01
102960,0.07
102961,0.06
102962,0.24
102963,0.01
102964,0.01
102965,0.04
102966,0.07
102967,0.0
102968,0.02
102969,0.02
102970,0.03
102971,0.03
102972,0.05
102973,0.03
102974,0.01
102975,0.05
102976,0.47
102977,0.0
102978,0.01
102979,0.0
102980,0.0
102981,0.02
102982,0.1
102983,0.01
102984,0.09
102985,0.0
102986,0.02
102987,0.0
102988,0.55
102989,0.03
102990,0.05
102991,0.07
102992,0.0
102993,0.01
102994,0.0
102995,0.04
102996,0.03
102997,0.0
102998,0.02
102999,0.0
103000,0.43
103001,0.0
103002,0.01
103003,0.02
103004,0.01
103005,0.01
103006,0.15
103007,0.05
103008,0.01
103009,0.0
103010,0.13
103011,0.0
103012,0.0
103013,0.03
103014,0.11
103015,0.0
103016,0.02
103017,0.0
103018,0.35
103019,0.11
103020,0.01
103021,0.0
103022,0.13
103023,0.0
103024,0.01
103025,0.0
103026,0.1
103027,0.07
103028,0.25
103029,0.02
103030,0.01
103031,0.25
103032,0.03
103033,0.0
103034,0.01
103035,0.02
103036,0.07
103037,0.2
103038,0.29
103039,0.01
103040,0.0
103041,0.0
103042,0.01
103043,0.04
103044,0.0
103045,0.0
103046,0.02
103047,0.0
103048,0.0
103049,0.04
103050,0.1
103051,0.01
103052,0.31
103053,0.04
103054,0.07
103055,0.01
103056,0.0
103057,0.0
103058,0.01
103059,0.29
103060,0.01
103061,0.05
103062,0.0
103063,0.04
103064,0.18
103065,0.18
103066,0.0
103067,0.0
103068,0.03
103069,0.22
103070,0.06
103071,0.0
103072,0.06
103073,0.14
103074,0.08
103075,0.0
103076,0.11
103077,0.05
103078,0.01
103079,0.31
103080,0.09
103081,0.04
103082,0.45
103083,0.0
103084,0.03
103085,0.0
103086,0.03
103087,0.18
103088,0.03
103089,0.03
103090,0.0
103091,0.14
103092,0.03
103093,0.0
103094,0.01
103095,0.26
103096,0.0
103097,0.1
103098,0.0
103099,0.01
103100,0.01
103101,0.01
103102,0.02
103103,0.01
103104,0.02
103105,0.01
103106,0.47
103107,0.0
103108,0.0
103109,0.11
103110,0.01
103111,0.03
103112,0.05
103113,0.0
103114,0.0
103115,0.13
103116,0.05
103117,0.0
103118,0.03
103119,0.03
103120,0.01
103121,0.07
103122,0.07
103123,0.02
103124,0.02
103125,0.3
103126,0.25
103127,0.0
103128,0.31
103129,0.29
103130,0.01
103131,0.0
103132,0.0
103133,0.0
103134,0.07
103135,0.06
103136,0.0
103137,0.0
103138,0.05
103139,0.01
103140,0.04
103141,0.3
103142,0.05
103143,0.01
103144,0.27
103145,0.16
103146,0.05
103147,0.0
103148,0.0
103149,0.37
103150,0.04
103151,0.14
103152,0.02
103153,0.16
103154,0.04
103155,0.0
103156,0.0
103157,0.01
103158,0.04
103159,0.18
103160,0.04
103161,0.02
103162,0.06
103163,0.02
103164,0.01
103165,0.03
103166,0.0
103167,0.0
103168,0.0
103169,0.0
103170,0.01
103171,0.09
103172,0.0
103173,0.14
103174,0.03
103175,0.0
103176,0.05
103177,0.04
103178,0.47
103179,0.02
103180,0.04
103181,0.0
103182,0.0
103183,0.0
103184,0.0
103185,0.85
103186,0.0
103187,0.03
103188,0.02
103189,0.0
103190,0.02
103191,0.0
103192,0.16
103193,0.02
103194,0.14
103195,0.02
103196,0.0
103197,0.01
103198,0.0
103199,0.07
103200,0.14
103201,0.01
103202,0.01
103203,0.0
103204,0.05
103205,0.06
103206,0.01
103207,0.04
103208,0.0
103209,0.19
103210,0.0
103211,0.0
103212,0.01
103213,0.01
103214,0.0
103215,0.0
103216,0.0
103217,0.06
103218,0.01
103219,0.07
103220,0.05
103221,0.2
103222,0.22
103223,0.01
103224,0.07
103225,0.2
103226,0.03
103227,0.04
103228,0.05
103229,0.09
103230,0.1
103231,0.1
103232,0.05
103233,0.02
103234,0.01
103235,0.24
103236,0.0
103237,0.03
103238,0.01
103239,0.0
103240,0.01
103241,0.1
103242,0.06
103243,0.01
103244,0.0
103245,0.04
103246,0.03
103247,0.03
103248,0.04
103249,0.03
103250,0.07
103251,0.0
103252,0.05
103253,0.02
103254,0.2
103255,0.0
103256,0.08
103257,0.0
103258,0.11
103259,0.09
103260,0.09
103261,0.01
103262,0.0
103263,0.0
103264,0.06
103265,0.0
103266,0.02
103267,0.01
103268,0.01
103269,0.1
103270,0.17
103271,0.0
103272,0.0
103273,0.05
103274,0.04
103275,0.03
103276,0.01
103277,0.01
103278,0.54
103279,0.0
103280,0.01
103281,0.0
103282,0.0
103283,0.0
103284,0.03
103285,0.29
103286,0.0
103287,0.03
103288,0.01
103289,0.0
103290,0.0
103291,0.03
103292,0.03
103293,0.1
103294,0.46
103295,0.24
103296,0.34
103297,0.0
103298,0.02
103299,0.13
103300,0.23
103301,0.0
103302,0.04
103303,0.02
103304,0.0
103305,0.11
103306,0.01
103307,0.0
103308,0.29
103309,0.0
103310,0.0
103311,0.1
103312,0.0
103313,0.06
103314,0.0
103315,0.01
103316,0.02
103317,0.03
103318,0.04
103319,0.07
103320,0.01
103321,0.01
103322,0.0
103323,0.0
103324,0.0
103325,0.0
103326,0.08
103327,0.29
103328,0.25
103329,0.07
103330,0.06
103331,0.02
103332,0.0
103333,0.07
103334,0.01
103335,0.07
103336,0.02
103337,0.01
103338,0.0
103339,0.18
103340,0.0
103341,0.1
103342,0.09
103343,0.51
103344,0.05
103345,0.0
103346,0.01
103347,0.0
103348,0.0
103349,0.03
103350,0.01
103351,0.47
103352,0.01
103353,0.45
103354,0.04
103355,0.01
103356,0.0
103357,0.0
103358,0.0
103359,0.01
103360,0.02
103361,0.16
103362,0.02
103363,0.01
103364,0.0
103365,0.0
103366,0.01
103367,0.07
103368,0.0
103369,0.2
103370,0.01
103371,0.09
103372,0.0
103373,0.0
103374,0.0
103375,0.0
103376,0.03
103377,0.0
103378,0.0
103379,0.02
103380,0.05
103381,0.12
103382,0.02
103383,0.01
103384,0.03
103385,0.05
103386,0.16
103387,0.48
103388,0.0
103389,0.03
103390,0.0
103391,0.06
103392,0.06
103393,0.01
103394,0.02
103395,0.32
103396,0.31
103397,0.01
103398,0.01
103399,0.0
103400,0.11
103401,0.03
103402,0.0
103403,0.26
103404,0.0
103405,0.66
103406,0.01
103407,0.03
103408,0.08
103409,0.45
103410,0.06
103411,0.49
103412,0.02
103413,0.02
103414,0.04
103415,0.1
103416,0.01
103417,0.0
103418,0.18
103419,0.21
103420,0.03
103421,0.0
103422,0.0
103423,0.01
103424,0.08
103425,0.01
103426,0.28
103427,0.0
103428,0.17
103429,0.0
103430,0.0
103431,0.0
103432,0.0
103433,0.06
103434,0.01
103435,0.0
103436,0.25
103437,0.16
103438,0.13
103439,0.01
103440,0.03
103441,0.18
103442,0.03
103443,0.01
103444,0.02
103445,0.0
103446,0.04
103447,0.2
103448,0.4
103449,0.06
103450,0.01
103451,0.03
103452,0.04
103453,0.01
103454,0.0
103455,0.05
103456,0.2
103457,0.0
103458,0.71
103459,0.0
103460,0.52
103461,0.02
103462,0.03
103463,0.01
103464,0.01
103465,0.0
103466,0.56
103467,0.06
103468,0.03
103469,0.41
103470,0.0
103471,0.04
103472,0.0
103473,0.04
103474,0.0
103475,0.0
103476,0.02
103477,0.02
103478,0.0
103479,0.46
103480,0.48
103481,0.0
103482,0.0
103483,0.07
103484,0.1
103485,0.04
103486,0.22
103487,0.06
103488,0.05
103489,0.02
103490,0.03
103491,0.38
103492,0.01
103493,0.03
103494,0.0
103495,0.09
103496,0.24
103497,0.04
103498,0.03
103499,0.05
103500,0.02
103501,0.0
103502,0.01
103503,0.07
103504,0.23
103505,0.0
103506,0.22
103507,0.15
103508,0.0
103509,0.0
103510,0.08
103511,0.23
103512,0.06
103513,0.0
103514,0.29
103515,0.04
103516,0.04
103517,0.0
103518,0.01
103519,0.01
103520,0.08
103521,0.5
103522,0.07
103523,0.01
103524,0.14
103525,0.04
103526,0.01
103527,0.07
103528,0.11
103529,0.0
103530,0.04
103531,0.0
103532,0.51
103533,0.0
103534,0.09
103535,0.1
103536,0.01
103537,0.0
103538,0.01
103539,0.03
103540,0.0
103541,0.01
103542,0.0
103543,0.01
103544,0.03
103545,0.01
103546,0.12
103547,0.01
103548,0.05
103549,0.0
103550,0.03
103551,0.06
103552,0.15
103553,0.02
103554,0.0
103555,0.08
103556,0.0
103557,0.02
103558,0.02
103559,0.0
103560,0.0
103561,0.0
103562,0.05
103563,0.0
103564,0.02
103565,0.08
103566,0.02
103567,0.0
103568,0.03
103569,0.0
103570,0.03
103571,0.04
103572,0.01
103573,0.04
103574,0.0
103575,0.01
103576,0.04
103577,0.0
103578,0.0
103579,0.01
103580,0.06
103581,0.0
103582,0.11
103583,0.13
103584,0.17
103585,0.61
103586,0.26
103587,0.08
103588,0.04
103589,0.0
103590,0.0
103591,0.33
103592,0.01
103593,0.0
103594,0.17
103595,0.41
103596,0.01
103597,0.0
103598,0.0
103599,0.0
103600,0.0
103601,0.03
103602,0.0
103603,0.02
103604,0.01
103605,0.02
103606,0.0
103607,0.0
103608,0.06
103609,0.06
103610,0.01
103611,0.56
103612,0.07
103613,0.07
103614,0.04
103615,0.02
103616,0.57
103617,0.0
103618,0.07
103619,0.04
103620,0.03
103621,0.46
103622,0.01
103623,0.0
103624,0.01
103625,0.15
103626,0.01
103627,0.01
103628,0.0
103629,0.03
103630,0.02
103631,0.05
103632,0.26
103633,0.04
103634,0.0
103635,0.01
103636,0.01
103637,0.0
103638,0.0
103639,0.01
103640,0.0
103641,0.0
103642,0.0
103643,0.07
103644,0.02
103645,0.01
103646,0.05
103647,0.29
103648,0.1
103649,0.02
103650,0.11
103651,0.01
103652,0.0
103653,0.01
103654,0.0
103655,0.01
103656,0.03
103657,0.01
103658,0.01
103659,0.13
103660,0.0
103661,0.13
103662,0.02
103663,0.0
103664,0.0
103665,0.06
103666,0.06
103667,0.01
103668,0.0
103669,0.08
103670,0.0
103671,0.0
103672,0.01
103673,0.02
103674,0.0
103675,0.46
103676,0.19
103677,0.03
103678,0.1
103679,0.05
103680,0.01
103681,0.0
103682,0.02
103683,0.0
103684,0.42
103685,0.04
103686,0.02
103687,0.07
103688,0.0
103689,0.02
103690,0.04
103691,0.05
103692,0.0
103693,0.07
103694,0.48
103695,0.34
103696,0.0
103697,0.0
103698,0.01
103699,0.04
103700,0.02
103701,0.0
103702,0.0
103703,0.0
103704,0.04
103705,0.49
103706,0.01
103707,0.01
103708,0.03
103709,0.37
103710,0.04
103711,0.03
103712,0.17
103713,0.26
103714,0.01
103715,0.0
103716,0.03
103717,0.06
103718,0.02
103719,0.0
103720,0.02
103721,0.0
103722,0.01
103723,0.09
103724,0.0
103725,0.06
103726,0.0
103727,0.01
103728,0.01
103729,0.04
103730,0.29
103731,0.1
103732,0.02
103733,0.11
103734,0.02
103735,0.4
103736,0.16
103737,0.0
103738,0.04
103739,0.0
103740,0.04
103741,0.01
103742,0.03
103743,0.09
103744,0.0
103745,0.06
103746,0.07
103747,0.0
103748,0.0
103749,0.03
103750,0.01
103751,0.06
103752,0.31
103753,0.01
103754,0.02
103755,0.08
103756,0.36
103757,0.13
103758,0.01
103759,0.0
103760,0.01
103761,0.01
103762,0.02
103763,0.0
103764,0.02
103765,0.02
103766,0.03
103767,0.04
103768,0.0
103769,0.02
103770,0.13
103771,0.02
103772,0.12
103773,0.07
103774,0.05
103775,0.08
103776,0.02
103777,0.58
103778,0.0
103779,0.08
103780,0.04
103781,0.03
103782,0.01
103783,0.1
103784,0.0
103785,0.17
103786,0.02
103787,0.0
103788,0.01
103789,0.02
103790,0.0
103791,0.0
103792,0.07
103793,0.0
103794,0.04
103795,0.01
103796,0.07
103797,0.08
103798,0.08
103799,0.11
103800,0.0
103801,0.01
103802,0.01
103803,0.06
103804,0.13
103805,0.1
103806,0.02
103807,0.01
103808,0.0
103809,0.12
103810,0.01
103811,0.01
103812,0.01
103813,0.01
103814,0.02
103815,0.21
103816,0.02
103817,0.4
103818,0.01
103819,0.03
103820,0.31
103821,0.01
103822,0.01
103823,0.08
103824,0.01
103825,0.0
103826,0.24
103827,0.01
103828,0.03
103829,0.02
103830,0.0
103831,0.04
103832,0.1
103833,0.03
103834,0.0
103835,0.08
103836,0.05
103837,0.11
103838,0.0
103839,0.04
103840,0.68
103841,0.08
103842,0.0
103843,0.04
103844,0.41
103845,0.1
103846,0.59
103847,0.02
103848,0.11
103849,0.01
103850,0.0
103851,0.0
103852,0.07
103853,0.31
103854,0.03
103855,0.0
103856,0.0
103857,0.15
103858,0.38
103859,0.0
103860,0.05
103861,0.09
103862,0.06
103863,0.06
103864,0.02
103865,0.02
103866,0.51
103867,0.0
103868,0.12
103869,0.04
103870,0.13
103871,0.0
103872,0.0
103873,0.0
103874,0.01
103875,0.16
103876,0.0
103877,0.03
103878,0.01
103879,0.0
103880,0.08
103881,0.01
103882,0.01
103883,0.03
103884,0.01
103885,0.0
103886,0.02
103887,0.01
103888,0.0
103889,0.0
103890,0.0
103891,0.02
103892,0.0
103893,0.07
103894,0.0
103895,0.01
103896,0.0
103897,0.0
103898,0.02
103899,0.49
103900,0.07
103901,0.02
103902,0.11
103903,0.04
103904,0.07
103905,0.16
103906,0.07
103907,0.01
103908,0.04
103909,0.21
103910,0.02
103911,0.04
103912,0.05
103913,0.04
103914,0.13
103915,0.04
103916,0.32
103917,0.19
103918,0.06
103919,0.11
103920,0.15
103921,0.21
103922,0.02
103923,0.0
103924,0.0
103925,0.04
103926,0.0
103927,0.03
103928,0.07
103929,0.01
103930,0.0
103931,0.0
103932,0.02
103933,0.0
103934,0.01
103935,0.01
103936,0.11
103937,0.01
103938,0.0
103939,0.0
103940,0.0
103941,0.07
103942,0.04
103943,0.01
103944,0.02
103945,0.12
103946,0.06
103947,0.03
103948,0.04
103949,0.02
103950,0.0
103951,0.11
103952,0.01
103953,0.08
103954,0.0
103955,0.02
103956,0.0
103957,0.0
103958,0.01
103959,0.02
103960,0.02
103961,0.06
103962,0.0
103963,0.0
103964,0.05
103965,0.05
103966,0.0
103967,0.0
103968,0.01
103969,0.0
103970,0.02
103971,0.07
103972,0.0
103973,0.04
103974,0.12
103975,0.06
103976,0.03
103977,0.01
103978,0.02
103979,0.0
103980,0.01
103981,0.05
103982,0.05
103983,0.02
103984,0.08
103985,0.05
103986,0.18
103987,0.0
103988,0.13
103989,0.0
103990,0.04
103991,0.01
103992,0.0
103993,0.04
103994,0.04
103995,0.03
103996,0.01
103997,0.04
103998,0.02
103999,0.0
104000,0.04
104001,0.06
104002,0.0
104003,0.11
104004,0.0
104005,0.01
104006,0.02
104007,0.04
104008,0.03
104009,0.45
104010,0.42
104011,0.26
104012,0.02
104013,0.0
104014,0.0
104015,0.04
104016,0.02
104017,0.03
104018,0.11
104019,0.0
104020,0.17
104021,0.05
104022,0.01
104023,0.03
104024,0.05
104025,0.07
104026,0.5
104027,0.0
104028,0.08
104029,0.04
104030,0.22
104031,0.1
104032,0.04
104033,0.64
104034,0.01
104035,0.01
104036,0.0
104037,0.0
104038,0.0
104039,0.05
104040,0.03
104041,0.02
104042,0.01
104043,0.0
104044,0.14
104045,0.03
104046,0.09
104047,0.06
104048,0.02
104049,0.2
104050,0.0
104051,0.13
104052,0.0
104053,0.04
104054,0.2
104055,0.08
104056,0.03
104057,0.02
104058,0.0
104059,0.09
104060,0.0
104061,0.01
104062,0.31
104063,0.0
104064,0.02
104065,0.01
104066,0.47
104067,0.04
104068,0.04
104069,0.0
104070,0.05
104071,0.02
104072,0.06
104073,0.05
104074,0.04
104075,0.15
104076,0.01
104077,0.12
104078,0.07
104079,0.0
104080,0.01
104081,0.0
104082,0.17
104083,0.18
104084,0.0
104085,0.03
104086,0.31
104087,0.05
104088,0.0
104089,0.0
104090,0.0
104091,0.04
104092,0.01
104093,0.0
104094,0.04
104095,0.1
104096,0.05
104097,0.07
104098,0.07
104099,0.04
104100,0.0
104101,0.01
104102,0.0
104103,0.01
104104,0.01
104105,0.16
104106,0.04
104107,0.0
104108,0.0
104109,0.28
104110,0.03
104111,0.02
104112,0.02
104113,0.05
104114,0.07
104115,0.05
104116,0.0
104117,0.22
104118,0.49
104119,0.02
104120,0.03
104121,0.01
104122,0.04
104123,0.01
104124,0.01
104125,0.05
104126,0.03
104127,0.31
104128,0.0
104129,0.15
104130,0.05
104131,0.03
104132,0.0
104133,0.02
104134,0.0
104135,0.01
104136,0.01
104137,0.01
104138,0.11
104139,0.27
104140,0.07
104141,0.02
104142,0.19
104143,0.0
104144,0.0
104145,0.03
104146,0.03
104147,0.03
104148,0.09
104149,0.07
104150,0.01
104151,0.04
104152,0.01
104153,0.01
104154,0.15
104155,0.08
104156,0.0
104157,0.06
104158,0.01
104159,0.0
104160,0.0
104161,0.42
104162,0.21
104163,0.01
104164,0.6
104165,0.06
104166,0.01
104167,0.0
104168,0.0
104169,0.02
104170,0.02
104171,0.05
104172,0.17
104173,0.21
104174,0.08
104175,0.02
104176,0.0
104177,0.51
104178,0.32
104179,0.15
104180,0.0
104181,0.11
104182,0.03
104183,0.54
104184,0.0
104185,0.02
104186,0.05
104187,0.01
104188,0.0
104189,0.02
104190,0.06
104191,0.01
104192,0.05
104193,0.07
104194,0.08
104195,0.06
104196,0.06
104197,0.55
104198,0.28
104199,0.01
104200,0.04
104201,0.0
104202,0.01
104203,0.02
104204,0.06
104205,0.02
104206,0.0
104207,0.0
104208,0.17
104209,0.0
104210,0.0
104211,0.0
104212,0.04
104213,0.04
104214,0.0
104215,0.02
104216,0.05
104217,0.01
104218,0.1
104219,0.02
104220,0.0
104221,0.0
104222,0.02
104223,0.02
104224,0.02
104225,0.04
104226,0.02
104227,0.65
104228,0.03
104229,0.04
104230,0.03
104231,0.0
104232,0.25
104233,0.36
104234,0.0
104235,0.02
104236,0.03
104237,0.0
104238,0.13
104239,0.18
104240,0.09
104241,0.03
104242,0.0
104243,0.01
104244,0.03
104245,0.03
104246,0.02
104247,0.04
104248,0.07
104249,0.0
104250,0.0
104251,0.01
104252,0.2
104253,0.02
104254,0.04
104255,0.01
104256,0.16
104257,0.08
104258,0.31
104259,0.2
104260,0.0
104261,0.0
104262,0.0
104263,0.03
104264,0.22
104265,0.12
104266,0.08
104267,0.04
104268,0.07
104269,0.02
104270,0.0
104271,0.02
104272,0.02
104273,0.03
104274,0.0
104275,0.01
104276,0.01
104277,0.07
104278,0.01
104279,0.0
104280,0.05
104281,0.01
104282,0.0
104283,0.02
104284,0.0
104285,0.03
104286,0.01
104287,0.06
104288,0.0
104289,0.0
104290,0.0
104291,0.01
104292,0.14
104293,0.0
104294,0.23
104295,0.01
104296,0.0
104297,0.0
104298,0.02
104299,0.0
104300,0.16
104301,0.06
104302,0.08
104303,0.0
104304,0.04
104305,0.88
104306,0.03
104307,0.2
104308,0.25
104309,0.02
104310,0.09
104311,0.0
104312,0.0
104313,0.05
104314,0.0
104315,0.0
104316,0.03
104317,0.38
104318,0.0
104319,0.4
104320,0.0
104321,0.02
104322,0.01
104323,0.02
104324,0.0
104325,0.0
104326,0.0
104327,0.0
104328,0.27
104329,0.02
104330,0.06
104331,0.01
104332,0.0
104333,0.14
104334,0.02
104335,0.33
104336,0.0
104337,0.0
104338,0.04
104339,0.02
104340,0.01
104341,0.04
104342,0.0
104343,0.0
104344,0.56
104345,0.22
104346,0.08
104347,0.0
104348,0.01
104349,0.04
104350,0.05
104351,0.0
104352,0.0
104353,0.24
104354,0.38
104355,0.0
104356,0.01
104357,0.01
104358,0.0
104359,0.02
104360,0.02
104361,0.18
104362,0.0
104363,0.14
104364,0.04
104365,0.09
104366,0.28
104367,0.04
104368,0.0
104369,0.18
104370,0.01
104371,0.0
104372,0.24
104373,0.41
104374,0.02
104375,0.01
104376,0.02
104377,0.01
104378,0.01
104379,0.0
104380,0.01
104381,0.02
104382,0.0
104383,0.0
104384,0.0
104385,0.09
104386,0.34
104387,0.0
104388,0.02
104389,0.01
104390,0.11
104391,0.02
104392,0.02
104393,0.06
104394,0.0
104395,0.01
104396,0.09
104397,0.12
104398,0.21
104399,0.0
104400,0.0
104401,0.23
104402,0.09
104403,0.15
104404,0.01
104405,0.0
104406,0.0
104407,0.0
104408,0.02
104409,0.14
104410,0.01
104411,0.05
104412,0.01
104413,0.06
104414,0.12
104415,0.0
104416,0.0
104417,0.01
104418,0.0
104419,0.02
104420,0.12
104421,0.01
104422,0.19
104423,0.0
104424,0.01
104425,0.06
104426,0.15
104427,0.0
104428,0.02
104429,0.0
104430,0.0
104431,0.06
104432,0.0
104433,0.01
104434,0.0
104435,0.29
104436,0.0
104437,0.27
104438,0.24
104439,0.02
104440,0.02
104441,0.02
104442,0.08
104443,0.02
104444,0.0
104445,0.06
104446,0.0
104447,0.0
104448,0.02
104449,0.48
104450,0.02
104451,0.0
104452,0.0
104453,0.05
104454,0.38
104455,0.0
104456,0.5
104457,0.11
104458,0.01
104459,0.01
104460,0.05
104461,0.04
104462,0.02
104463,0.0
104464,0.0
104465,0.03
104466,0.01
104467,0.06
104468,0.04
104469,0.02
104470,0.02
104471,0.0
104472,0.05
104473,0.03
104474,0.03
104475,0.0
104476,0.1
104477,0.28
104478,0.21
104479,0.03
104480,0.01
104481,0.01
104482,0.12
104483,0.06
104484,0.07
104485,0.01
104486,0.0
104487,0.0
104488,0.0
104489,0.07
104490,0.03
104491,0.03
104492,0.03
104493,0.0
104494,0.13
104495,0.26
104496,0.01
104497,0.07
104498,0.05
104499,0.02
104500,0.0
104501,0.08
104502,0.02
104503,0.01
104504,0.0
104505,0.05
104506,0.0
104507,0.05
104508,0.0
104509,0.05
104510,0.01
104511,0.04
104512,0.0
104513,0.02
104514,0.02
104515,0.5
104516,0.12
104517,0.37
104518,0.2
104519,0.02
104520,0.05
104521,0.01
104522,0.17
104523,0.01
104524,0.04
104525,0.04
104526,0.13
104527,0.01
104528,0.0
104529,0.09
104530,0.05
104531,0.0
104532,0.05
104533,0.0
104534,0.0
104535,0.04
104536,0.37
104537,0.01
104538,0.39
104539,0.09
104540,0.0
104541,0.01
104542,0.01
104543,0.33
104544,0.13
104545,0.02
104546,0.02
104547,0.0
104548,0.35
104549,0.0
104550,0.15
104551,0.36
104552,0.0
104553,0.12
104554,0.02
104555,0.02
104556,0.1
104557,0.0
104558,0.02
104559,0.38
104560,0.03
104561,0.0
104562,0.09
104563,0.0
104564,0.0
104565,0.01
104566,0.02
104567,0.07
104568,0.03
104569,0.1
104570,0.05
104571,0.0
104572,0.05
104573,0.04
104574,0.08
104575,0.03
104576,0.01
104577,0.02
104578,0.29
104579,0.0
104580,0.0
104581,0.0
104582,0.04
104583,0.29
104584,0.0
104585,0.2
104586,0.12
104587,0.0
104588,0.1
104589,0.01
104590,0.41
104591,0.03
104592,0.5
104593,0.56
104594,0.5
104595,0.02
104596,0.03
104597,0.22
104598,0.07
104599,0.0
104600,0.24
104601,0.26
104602,0.41
104603,0.02
104604,0.1
104605,0.02
104606,0.09
104607,0.07
104608,0.35
104609,0.23
104610,0.0
104611,0.12
104612,0.02
104613,0.12
104614,0.0
104615,0.1
104616,0.02
104617,0.28
104618,0.0
104619,0.01
104620,0.16
104621,0.0
104622,0.21
104623,0.0
104624,0.01
104625,0.2
104626,0.04
104627,0.37
104628,0.04
104629,0.0
104630,0.26
104631,0.16
104632,0.03
104633,0.01
104634,0.07
104635,0.0
104636,0.19
104637,0.06
104638,0.02
104639,0.09
104640,0.15
104641,0.0
104642,0.0
104643,0.01
104644,0.01
104645,0.04
104646,0.07
104647,0.0
104648,0.0
104649,0.08
104650,0.02
104651,0.06
104652,0.08
104653,0.0
104654,0.02
104655,0.04
104656,0.03
104657,0.37
104658,0.0
104659,0.0
104660,0.0
104661,0.0
104662,0.0
104663,0.43
104664,0.04
104665,0.03
104666,0.0
104667,0.06
104668,0.09
104669,0.0
104670,0.04
104671,0.0
104672,0.0
104673,0.06
104674,0.1
104675,0.0
104676,0.1
104677,0.03
104678,0.2
104679,0.0
104680,0.14
104681,0.02
104682,0.09
104683,0.01
104684,0.17
104685,0.0
104686,0.05
104687,0.3
104688,0.0
104689,0.08
104690,0.0
104691,0.05
104692,0.0
104693,0.02
104694,0.05
104695,0.01
104696,0.0
104697,0.0
104698,0.04
104699,0.0
104700,0.05
104701,0.18
104702,0.0
104703,0.0
104704,0.06
104705,0.04
104706,0.02
104707,0.04
104708,0.35
104709,0.0
104710,0.17
104711,0.15
104712,0.03
104713,0.0
104714,0.01
104715,0.13
104716,0.01
104717,0.04
104718,0.04
104719,0.1
104720,0.36
104721,0.06
104722,0.0
104723,0.03
104724,0.02
104725,0.02
104726,0.06
104727,0.02
104728,0.06
104729,0.03
104730,0.01
104731,0.0
104732,0.01
104733,0.0
104734,0.06
104735,0.01
104736,0.0
104737,0.03
104738,0.03
104739,0.03
104740,0.04
104741,0.01
104742,0.0
104743,0.0
104744,0.01
104745,0.12
104746,0.02
104747,0.04
104748,0.0
104749,0.06
104750,0.01
104751,0.09
104752,0.01
104753,0.02
104754,0.04
104755,0.01
104756,0.59
104757,0.02
104758,0.07
104759,0.0
104760,0.05
104761,0.27
104762,0.09
104763,0.11
104764,0.0
104765,0.12
104766,0.0
104767,0.02
104768,0.0
104769,0.48
104770,0.0
104771,0.0
104772,0.09
104773,0.01
104774,0.08
104775,0.0
104776,0.04
104777,0.02
104778,0.08
104779,0.03
104780,0.01
104781,0.0
104782,0.07
104783,0.0
104784,0.02
104785,0.04
104786,0.24
104787,0.0
104788,0.01
104789,0.67
104790,0.0
104791,0.0
104792,0.14
104793,0.0
104794,0.04
104795,0.18
104796,0.02
104797,0.0
104798,0.13
104799,0.03
104800,0.0
104801,0.0
104802,0.02
104803,0.0
104804,0.0
104805,0.38
104806,0.0
104807,0.03
104808,0.0
104809,0.01
104810,0.01
104811,0.13
104812,0.01
104813,0.17
104814,0.0
104815,0.01
104816,0.0
104817,0.0
104818,0.06
104819,0.0
104820,0.08
104821,0.06
104822,0.0
104823,0.23
104824,0.02
104825,0.02
104826,0.03
104827,0.06
104828,0.1
104829,0.0
104830,0.05
104831,0.03
104832,0.3
104833,0.2
104834,0.05
104835,0.0
104836,0.08
104837,0.0
104838,0.02
104839,0.0
104840,0.12
104841,0.23
104842,0.06
104843,0.09
104844,0.2
104845,0.03
104846,0.16
104847,0.01
104848,0.1
104849,0.05
104850,0.0
104851,0.08
104852,0.09
104853,0.0
104854,0.01
104855,0.0
104856,0.0
104857,0.02
104858,0.11
104859,0.0
104860,0.02
104861,0.03
104862,0.17
104863,0.11
104864,0.04
104865,0.02
104866,0.0
104867,0.0
104868,0.01
104869,0.04
104870,0.02
104871,0.01
104872,0.0
104873,0.0
104874,0.13
104875,0.03
104876,0.03
104877,0.0
104878,0.01
104879,0.05
104880,0.03
104881,0.0
104882,0.06
104883,0.0
104884,0.0
104885,0.04
104886,0.04
104887,0.21
104888,0.04
104889,0.0
104890,0.16
104891,0.07
104892,0.02
104893,0.08
104894,0.01
104895,0.0
104896,0.0
104897,0.03
104898,0.01
104899,0.02
104900,0.06
104901,0.05
104902,0.01
104903,0.15
104904,0.13
104905,0.38
104906,0.02
104907,0.02
104908,0.0
104909,0.03
104910,0.0
104911,0.13
104912,0.01
104913,0.04
104914,0.06
104915,0.02
104916,0.0
104917,0.0
104918,0.04
104919,0.0
104920,0.04
104921,0.27
104922,0.0
104923,0.3
104924,0.04
104925,0.1
104926,0.03
104927,0.56
104928,0.01
104929,0.05
104930,0.0
104931,0.05
104932,0.03
104933,0.05
104934,0.23
104935,0.02
104936,0.0
104937,0.01
104938,0.03
104939,0.01
104940,0.01
104941,0.0
104942,0.0
104943,0.01
104944,0.04
104945,0.0
104946,0.01
104947,0.02
104948,0.03
104949,0.01
104950,0.01
104951,0.01
104952,0.23
104953,0.03
104954,0.0
104955,0.0
104956,0.01
104957,0.26
104958,0.03
104959,0.18
104960,0.03
104961,0.0
104962,0.1
104963,0.12
104964,0.0
104965,0.01
104966,0.03
104967,0.01
104968,0.0
104969,0.05
104970,0.02
104971,0.06
104972,0.0
104973,0.0
104974,0.1
104975,0.0
104976,0.0
104977,0.1
104978,0.04
104979,0.06
104980,0.0
104981,0.0
104982,0.0
104983,0.0
104984,0.0
104985,0.08
104986,0.02
104987,0.01
104988,0.0
104989,0.01
104990,0.02
104991,0.0
104992,0.02
104993,0.0
104994,0.06
104995,0.2
104996,0.11
104997,0.04
104998,0.03
104999,0.05
105000,0.08
105001,0.06
105002,0.01
105003,0.04
105004,0.24
105005,0.0
105006,0.01
105007,0.03
105008,0.0
105009,0.09
105010,0.0
105011,0.01
105012,0.0
105013,0.45
105014,0.13
105015,0.72
105016,0.0
105017,0.0
105018,0.0
105019,0.03
105020,0.0
105021,0.0
105022,0.01
105023,0.2
105024,0.17
105025,0.0
105026,0.41
105027,0.0
105028,0.07
105029,0.01
105030,0.0
105031,0.04
105032,0.06
105033,0.58
105034,0.01
105035,0.05
105036,0.03
105037,0.04
105038,0.28
105039,0.11
105040,0.09
105041,0.0
105042,0.37
105043,0.02
105044,0.18
105045,0.0
105046,0.11
105047,0.11
105048,0.03
105049,0.01
105050,0.06
105051,0.27
105052,0.19
105053,0.0
105054,0.02
105055,0.05
105056,0.06
105057,0.15
105058,0.06
105059,0.03
105060,0.0
105061,0.15
105062,0.04
105063,0.02
105064,0.09
105065,0.07
105066,0.01
105067,0.02
105068,0.0
105069,0.01
105070,0.27
105071,0.03
105072,0.4
105073,0.01
105074,0.08
105075,0.01
105076,0.07
105077,0.02
105078,0.0
105079,0.1
105080,0.04
105081,0.01
105082,0.01
105083,0.03
105084,0.0
105085,0.04
105086,0.03
105087,0.02
105088,0.03
105089,0.0
105090,0.0
105091,0.0
105092,0.08
105093,0.02
105094,0.17
105095,0.14
105096,0.01
105097,0.0
105098,0.01
105099,0.1
105100,0.0
105101,0.08
105102,0.18
105103,0.0
105104,0.01
105105,0.07
105106,0.06
105107,0.01
105108,0.13
105109,0.25
105110,0.1
105111,0.01
105112,0.69
105113,0.02
105114,0.08
105115,0.0
105116,0.01
105117,0.0
105118,0.09
105119,0.07
105120,0.04
105121,0.16
105122,0.19
105123,0.03
105124,0.0
105125,0.01
105126,0.37
105127,0.26
105128,0.05
105129,0.03
105130,0.0
105131,0.02
105132,0.05
105133,0.0
105134,0.02
105135,0.0
105136,0.0
105137,0.03
105138,0.0
105139,0.64
105140,0.0
105141,0.13
105142,0.0
105143,0.01
105144,0.06
105145,0.01
105146,0.02
105147,0.01
105148,0.53
105149,0.0
105150,0.09
105151,0.12
105152,0.02
105153,0.05
105154,0.6
105155,0.17
105156,0.03
105157,0.05
105158,0.01
105159,0.09
105160,0.05
105161,0.0
105162,0.06
105163,0.04
105164,0.03
105165,0.11
105166,0.01
105167,0.0
105168,0.19
105169,0.03
105170,0.0
105171,0.02
105172,0.02
105173,0.01
105174,0.03
105175,0.33
105176,0.01
105177,0.01
105178,0.0
105179,0.0
105180,0.02
105181,0.21
105182,0.0
105183,0.01
105184,0.01
105185,0.06
105186,0.0
105187,0.01
105188,0.04
105189,0.04
105190,0.0
105191,0.03
105192,0.13
105193,0.0
105194,0.0
105195,0.01
105196,0.17
105197,0.06
105198,0.28
105199,0.01
105200,0.16
105201,0.44
105202,0.04
105203,0.0
105204,0.13
105205,0.05
105206,0.01
105207,0.05
105208,0.05
105209,0.0
105210,0.0
105211,0.19
105212,0.03
105213,0.0
105214,0.1
105215,0.0
105216,0.01
105217,0.02
105218,0.0
105219,0.37
105220,0.18
105221,0.14
105222,0.3
105223,0.02
105224,0.12
105225,0.0
105226,0.11
105227,0.0
105228,0.03
105229,0.2
105230,0.02
105231,0.02
105232,0.0
105233,0.18
105234,0.0
105235,0.0
105236,0.0
105237,0.0
105238,0.09
105239,0.03
105240,0.02
105241,0.02
105242,0.0
105243,0.3
105244,0.01
105245,0.03
105246,0.0
105247,0.09
105248,0.09
105249,0.0
105250,0.09
105251,0.0
105252,0.04
105253,0.01
105254,0.14
105255,0.0
105256,0.01
105257,0.04
105258,0.0
105259,0.0
105260,0.14
105261,0.01
105262,0.12
105263,0.03
105264,0.05
105265,0.01
105266,0.04
105267,0.14
105268,0.0
105269,0.0
105270,0.09
105271,0.24
105272,0.4
105273,0.06
105274,0.01
105275,0.09
105276,0.0
105277,0.07
105278,0.0
105279,0.02
105280,0.02
105281,0.33
105282,0.02
105283,0.0
105284,0.0
105285,0.04
105286,0.02
105287,0.6
105288,0.0
105289,0.2
105290,0.01
105291,0.17
105292,0.02
105293,0.05
105294,0.27
105295,0.28
105296,0.03
105297,0.26
105298,0.1
105299,0.0
105300,0.57
105301,0.2
105302,0.22
105303,0.01
105304,0.01
105305,0.01
105306,0.08
105307,0.13
105308,0.05
105309,0.0
105310,0.02
105311,0.01
105312,0.04
105313,0.0
105314,0.08
105315,0.03
105316,0.0
105317,0.12
105318,0.03
105319,0.0
105320,0.33
105321,0.05
105322,0.15
105323,0.04
105324,0.0
105325,0.03
105326,0.01
105327,0.02
105328,0.05
105329,0.0
105330,0.13
105331,0.09
105332,0.0
105333,0.0
105334,0.09
105335,0.0
105336,0.01
105337,0.0
105338,0.03
105339,0.01
105340,0.0
105341,0.0
105342,0.16
105343,0.07
105344,0.01
105345,0.03
105346,0.0
105347,0.0
105348,0.02
105349,0.02
105350,0.18
105351,0.13
105352,0.0
105353,0.35
105354,0.0
105355,0.11
105356,0.08
105357,0.01
105358,0.11
105359,0.16
105360,0.01
105361,0.09
105362,0.03
105363,0.0
105364,0.0
105365,0.45
105366,0.0
105367,0.02
105368,0.02
105369,0.01
105370,0.03
105371,0.04
105372,0.0
105373,0.0
105374,0.04
105375,0.0
105376,0.04
105377,0.21
105378,0.05
105379,0.0
105380,0.02
105381,0.0
105382,0.0
105383,0.04
105384,0.07
105385,0.33
105386,0.26
105387,0.03
105388,0.01
105389,0.06
105390,0.01
105391,0.01
105392,0.0
105393,0.02
105394,0.0
105395,0.01
105396,0.02
105397,0.2
105398,0.0
105399,0.01
105400,0.0
105401,0.0
105402,0.01
105403,0.13
105404,0.0
105405,0.02
105406,0.14
105407,0.21
105408,0.02
105409,0.09
105410,0.0
105411,0.01
105412,0.0
105413,0.28
105414,0.07
105415,0.04
105416,0.0
105417,0.02
105418,0.27
105419,0.02
105420,0.05
105421,0.0
105422,0.01
105423,0.1
105424,0.0
105425,0.19
105426,0.71
105427,0.06
105428,0.0
105429,0.05
105430,0.02
105431,0.0
105432,0.03
105433,0.04
105434,0.12
105435,0.01
105436,0.02
105437,0.05
105438,0.02
105439,0.0
105440,0.04
105441,0.42
105442,0.0
105443,0.0
105444,0.05
105445,0.0
105446,0.06
105447,0.08
105448,0.02
105449,0.0
105450,0.0
105451,0.09
105452,0.01
105453,0.02
105454,0.04
105455,0.01
105456,0.01
105457,0.06
105458,0.0
105459,0.05
105460,0.01
105461,0.13
105462,0.0
105463,0.14
105464,0.0
105465,0.0
105466,0.01
105467,0.03
105468,0.0
105469,0.03
105470,0.01
105471,0.01
105472,0.0
105473,0.0
105474,0.0
105475,0.15
105476,0.0
105477,0.0
105478,0.03
105479,0.2
105480,0.01
105481,0.1
105482,0.0
105483,0.01
105484,0.0
105485,0.0
105486,0.02
105487,0.01
105488,0.05
105489,0.02
105490,0.05
105491,0.02
105492,0.07
105493,0.0
105494,0.25
105495,0.04
105496,0.37
105497,0.02
105498,0.03
105499,0.01
105500,0.0
105501,0.01
105502,0.0
105503,0.24
105504,0.06
105505,0.0
105506,0.26
105507,0.05
105508,0.12
105509,0.03
105510,0.01
105511,0.0
105512,0.07
105513,0.03
105514,0.0
105515,0.01
105516,0.0
105517,0.02
105518,0.0
105519,0.01
105520,0.0
105521,0.0
105522,0.02
105523,0.0
105524,0.0
105525,0.3
105526,0.02
105527,0.01
105528,0.0
105529,0.01
105530,0.19
105531,0.42
105532,0.02
105533,0.0
105534,0.07
105535,0.07
105536,0.0
105537,0.3
105538,0.0
105539,0.11
105540,0.0
105541,0.03
105542,0.0
105543,0.0
105544,0.0
105545,0.02
105546,0.0
105547,0.18
105548,0.17
105549,0.1
105550,0.47
105551,0.0
105552,0.0
105553,0.07
105554,0.0
105555,0.02
105556,0.03
105557,0.04
105558,0.0
105559,0.05
105560,0.01
105561,0.3
105562,0.01
105563,0.2
105564,0.01
105565,0.3
105566,0.03
105567,0.15
105568,0.01
105569,0.2
105570,0.42
105571,0.15
105572,0.0
105573,0.0
105574,0.0
105575,0.01
105576,0.0
105577,0.01
105578,0.03
105579,0.14
105580,0.01
105581,0.04
105582,0.0
105583,0.0
105584,0.03
105585,0.0
105586,0.09
105587,0.09
105588,0.01
105589,0.01
105590,0.05
105591,0.02
105592,0.03
105593,0.01
105594,0.01
105595,0.0
105596,0.0
105597,0.06
105598,0.13
105599,0.01
105600,0.06
105601,0.03
105602,0.0
105603,0.01
105604,0.02
105605,0.05
105606,0.03
105607,0.07
105608,0.04
105609,0.03
105610,0.0
105611,0.04
105612,0.02
105613,0.0
105614,0.12
105615,0.55
105616,0.0
105617,0.03
105618,0.01
105619,0.04
105620,0.0
105621,0.07
105622,0.03
105623,0.19
105624,0.0
105625,0.0
105626,0.0
105627,0.0
105628,0.01
105629,0.06
105630,0.3
105631,0.03
105632,0.01
105633,0.04
105634,0.59
105635,0.02
105636,0.07
105637,0.03
105638,0.01
105639,0.32
105640,0.14
105641,0.46
105642,0.17
105643,0.04
105644,0.01
105645,0.01
105646,0.06
105647,0.09
105648,0.07
105649,0.01
105650,0.0
105651,0.04
105652,0.05
105653,0.46
105654,0.03
105655,0.03
105656,0.0
105657,0.19
105658,0.05
105659,0.07
105660,0.01
105661,0.0
105662,0.0
105663,0.0
105664,0.04
105665,0.18
105666,0.16
105667,0.0
105668,0.0
105669,0.01
105670,0.29
105671,0.12
105672,0.38
105673,0.02
105674,0.37
105675,0.2
105676,0.0
105677,0.07
105678,0.06
105679,0.05
105680,0.03
105681,0.01
105682,0.14
105683,0.08
105684,0.17
105685,0.05
105686,0.0
105687,0.6
105688,0.0
105689,0.04
105690,0.01
105691,0.1
105692,0.01
105693,0.0
105694,0.23
105695,0.06
105696,0.0
105697,0.04
105698,0.04
105699,0.0
105700,0.04
105701,0.0
105702,0.68
105703,0.0
105704,0.0
105705,0.0
105706,0.11
105707,0.25
105708,0.0
105709,0.01
105710,0.13
105711,0.01
105712,0.12
105713,0.0
105714,0.04
105715,0.04
105716,0.02
105717,0.51
105718,0.0
105719,0.03
105720,0.0
105721,0.13
105722,0.01
105723,0.19
105724,0.19
105725,0.04
105726,0.07
105727,0.21
105728,0.08
105729,0.13
105730,0.03
105731,0.07
105732,0.22
105733,0.02
105734,0.04
105735,0.01
105736,0.22
105737,0.14
105738,0.0
105739,0.13
105740,0.26
105741,0.14
105742,0.0
105743,0.01
105744,0.0
105745,0.44
105746,0.0
105747,0.0
105748,0.02
105749,0.02
105750,0.07
105751,0.0
105752,0.0
105753,0.08
105754,0.01
105755,0.0
105756,0.01
105757,0.0
105758,0.03
105759,0.01
105760,0.01
105761,0.11
105762,0.08
105763,0.06
105764,0.01
105765,0.04
105766,0.03
105767,0.0
105768,0.24
105769,0.08
105770,0.01
105771,0.05
105772,0.0
105773,0.14
105774,0.15
105775,0.01
105776,0.0
105777,0.01
105778,0.0
105779,0.15
105780,0.0
105781,0.11
105782,0.01
105783,0.01
105784,0.0
105785,0.04
105786,0.01
105787,0.04
105788,0.05
105789,0.0
105790,0.12
105791,0.0
105792,0.09
105793,0.01
105794,0.04
105795,0.15
105796,0.0
105797,0.27
105798,0.02
105799,0.0
105800,0.04
105801,0.02
105802,0.02
105803,0.12
105804,0.04
105805,0.02
105806,0.03
105807,0.01
105808,0.02
105809,0.02
105810,0.04
105811,0.33
105812,0.0
105813,0.21
105814,0.07
105815,0.02
105816,0.01
105817,0.0
105818,0.08
105819,0.0
105820,0.09
105821,0.02
105822,0.0
105823,0.03
105824,0.02
105825,0.02
105826,0.08
105827,0.01
105828,0.02
105829,0.14
105830,0.0
105831,0.09
105832,0.19
105833,0.01
105834,0.01
105835,0.01
105836,0.03
105837,0.13
105838,0.0
105839,0.0
105840,0.02
105841,0.04
105842,0.02
105843,0.0
105844,0.0
105845,0.01
105846,0.0
105847,0.0
105848,0.0
105849,0.0
105850,0.01
105851,0.06
105852,0.26
105853,0.0
105854,0.17
105855,0.03
105856,0.04
105857,0.0
105858,0.01
105859,0.25
105860,0.03
105861,0.03
105862,0.05
105863,0.28
105864,0.17
105865,0.0
105866,0.11
105867,0.04
105868,0.29
105869,0.0
105870,0.0
105871,0.0
105872,0.07
105873,0.03
105874,0.24
105875,0.0
105876,0.0
105877,0.0
105878,0.18
105879,0.01
105880,0.22
105881,0.0
105882,0.02
105883,0.15
105884,0.0
105885,0.0
105886,0.02
105887,0.09
105888,0.01
105889,0.02
105890,0.03
105891,0.16
105892,0.09
105893,0.0
105894,0.19
105895,0.06
105896,0.0
105897,0.75
105898,0.0
105899,0.09
105900,0.08
105901,0.0
105902,0.0
105903,0.08
105904,0.0
105905,0.0
105906,0.08
105907,0.02
105908,0.24
105909,0.0
105910,0.01
105911,0.1
105912,0.07
105913,0.0
105914,0.16
105915,0.05
105916,0.71
105917,0.21
105918,0.02
105919,0.18
105920,0.39
105921,0.02
105922,0.23
105923,0.17
105924,0.06
105925,0.01
105926,0.33
105927,0.01
105928,0.0
105929,0.01
105930,0.28
105931,0.21
105932,0.0
105933,0.01
105934,0.01
105935,0.0
105936,0.08
105937,0.37
105938,0.05
105939,0.11
105940,0.01
105941,0.08
105942,0.01
105943,0.06
105944,0.0
105945,0.11
105946,0.04
105947,0.05
105948,0.06
105949,0.0
105950,0.02
105951,0.13
105952,0.06
105953,0.0
105954,0.0
105955,0.0
105956,0.06
105957,0.52
105958,0.05
105959,0.0
105960,0.02
105961,0.07
105962,0.27
105963,0.02
105964,0.46
105965,0.05
105966,0.07
105967,0.04
105968,0.14
105969,0.03
105970,0.01
105971,0.32
105972,0.12
105973,0.0
105974,0.01
105975,0.18
105976,0.0
105977,0.02
105978,0.0
105979,0.06
105980,0.0
105981,0.39
105982,0.08
105983,0.0
105984,0.2
105985,0.13
105986,0.0
105987,0.0
105988,0.02
105989,0.0
105990,0.08
105991,0.01
105992,0.05
105993,0.04
105994,0.03
105995,0.01
105996,0.02
105997,0.16
105998,0.01
105999,0.03
106000,0.02
106001,0.0
106002,0.03
106003,0.0
106004,0.0
106005,0.06
106006,0.08
106007,0.14
106008,0.01
106009,0.0
106010,0.02
106011,0.0
106012,0.0
106013,0.52
106014,0.61
106015,0.23
106016,0.0
106017,0.0
106018,0.03
106019,0.0
106020,0.01
106021,0.02
106022,0.09
106023,0.0
106024,0.26
106025,0.06
106026,0.51
106027,0.05
106028,0.0
106029,0.03
106030,0.35
106031,0.0
106032,0.0
106033,0.11
106034,0.16
106035,0.04
106036,0.06
106037,0.05
106038,0.18
106039,0.0
106040,0.0
106041,0.08
106042,0.0
106043,0.06
106044,0.1
106045,0.05
106046,0.02
106047,0.0
106048,0.0
106049,0.0
106050,0.04
106051,0.11
106052,0.03
106053,0.03
106054,0.0
106055,0.0
106056,0.0
106057,0.04
106058,0.4
106059,0.15
106060,0.06
106061,0.0
106062,0.01
106063,0.04
106064,0.31
106065,0.1
106066,0.02
106067,0.47
106068,0.0
106069,0.04
106070,0.0
106071,0.11
106072,0.04
106073,0.02
106074,0.0
106075,0.04
106076,0.08
106077,0.0
106078,0.04
106079,0.09
106080,0.13
106081,0.0
106082,0.0
106083,0.68
106084,0.02
106085,0.05
106086,0.0
106087,0.14
106088,0.0
106089,0.0
106090,0.29
106091,0.03
106092,0.05
106093,0.0
106094,0.04
106095,0.09
106096,0.0
106097,0.0
106098,0.28
106099,0.03
106100,0.01
106101,0.17
106102,0.0
106103,0.03
106104,0.0
106105,0.0
106106,0.02
106107,0.02
106108,0.02
106109,0.04
106110,0.04
106111,0.01
106112,0.0
106113,0.06
106114,0.1
106115,0.0
106116,0.0
106117,0.28
106118,0.0
106119,0.02
106120,0.24
106121,0.0
106122,0.0
106123,0.0
106124,0.05
106125,0.03
106126,0.26
106127,0.04
106128,0.38
106129,0.1
106130,0.0
106131,0.01
106132,0.0
106133,0.0
106134,0.0
106135,0.0
106136,0.0
106137,0.03
106138,0.01
106139,0.0
106140,0.05
106141,0.0
106142,0.0
106143,0.02
106144,0.02
106145,0.03
106146,0.01
106147,0.01
106148,0.03
106149,0.06
106150,0.11
106151,0.01
106152,0.02
106153,0.16
106154,0.1
106155,0.55
106156,0.05
106157,0.0
106158,0.0
106159,0.0
106160,0.03
106161,0.0
106162,0.04
106163,0.17
106164,0.2
106165,0.44
106166,0.0
106167,0.02
106168,0.06
106169,0.0
106170,0.0
106171,0.07
106172,0.01
106173,0.06
106174,0.1
106175,0.02
106176,0.02
106177,0.0
106178,0.06
106179,0.0
106180,0.02
106181,0.0
106182,0.03
106183,0.0
106184,0.01
106185,0.09
106186,0.09
106187,0.0
106188,0.02
106189,0.02
106190,0.01
106191,0.01
106192,0.78
106193,0.03
106194,0.0
106195,0.34
106196,0.0
106197,0.03
106198,0.02
106199,0.0
106200,0.01
106201,0.05
106202,0.01
106203,0.0
106204,0.3
106205,0.03
106206,0.37
106207,0.0
106208,0.0
106209,0.0
106210,0.0
106211,0.52
106212,0.1
106213,0.06
106214,0.0
106215,0.07
106216,0.0
106217,0.0
106218,0.01
106219,0.04
106220,0.2
106221,0.04
106222,0.02
106223,0.0
106224,0.13
106225,0.02
106226,0.0
106227,0.01
106228,0.04
106229,0.0
106230,0.01
106231,0.12
106232,0.0
106233,0.0
106234,0.24
106235,0.01
106236,0.04
106237,0.03
106238,0.03
106239,0.03
106240,0.01
106241,0.0
106242,0.02
106243,0.04
106244,0.04
106245,0.02
106246,0.0
106247,0.19
106248,0.12
106249,0.06
106250,0.11
106251,0.04
106252,0.08
106253,0.31
106254,0.01
106255,0.02
106256,0.11
106257,0.0
106258,0.03
106259,0.0
106260,0.0
106261,0.01
106262,0.41
106263,0.01
106264,0.0
106265,0.0
106266,0.11
106267,0.02
106268,0.04
106269,0.66
106270,0.13
106271,0.05
106272,0.02
106273,0.02
106274,0.02
106275,0.04
106276,0.52
106277,0.11
106278,0.01
106279,0.0
106280,0.0
106281,0.24
106282,0.0
106283,0.01
106284,0.22
106285,0.51
106286,0.21
106287,0.0
106288,0.0
106289,0.01
106290,0.37
106291,0.0
106292,0.0
106293,0.2
106294,0.56
106295,0.01
106296,0.09
106297,0.44
106298,0.01
106299,0.01
106300,0.07
106301,0.01
106302,0.26
106303,0.0
106304,0.0
106305,0.0
106306,0.0
106307,0.2
106308,0.0
106309,0.19
106310,0.02
106311,0.11
106312,0.0
106313,0.15
106314,0.01
106315,0.25
106316,0.07
106317,0.3
106318,0.15
106319,0.0
106320,0.0
106321,0.08
106322,0.09
106323,0.18
106324,0.0
106325,0.2
106326,0.06
106327,0.0
106328,0.61
106329,0.0
106330,0.0
106331,0.17
106332,0.02
106333,0.21
106334,0.01
106335,0.01
106336,0.02
106337,0.13
106338,0.01
106339,0.42
106340,0.0
106341,0.11
106342,0.0
106343,0.0
106344,0.02
106345,0.0
106346,0.0
106347,0.02
106348,0.01
106349,0.01
106350,0.0
106351,0.02
106352,0.31
106353,0.0
106354,0.0
106355,0.05
106356,0.22
106357,0.08
106358,0.03
106359,0.05
106360,0.04
106361,0.16
106362,0.0
106363,0.06
106364,0.04
106365,0.02
106366,0.0
106367,0.0
106368,0.01
106369,0.0
106370,0.03
106371,0.05
106372,0.03
106373,0.07
106374,0.02
106375,0.02
106376,0.05
106377,0.08
106378,0.09
106379,0.06
106380,0.35
106381,0.36
106382,0.07
106383,0.09
106384,0.4
106385,0.32
106386,0.09
106387,0.02
106388,0.01
106389,0.0
106390,0.18
106391,0.01
106392,0.01
106393,0.0
106394,0.09
106395,0.25
106396,0.04
106397,0.01
106398,0.3
106399,0.0
106400,0.0
106401,0.02
106402,0.01
106403,0.11
106404,0.0
106405,0.07
106406,0.09
106407,0.0
106408,0.0
106409,0.0
106410,0.19
106411,0.17
106412,0.0
106413,0.16
106414,0.0
106415,0.11
106416,0.21
106417,0.0
106418,0.0
106419,0.04
106420,0.05
106421,0.17
106422,0.0
106423,0.05
106424,0.02
106425,0.0
106426,0.0
106427,0.04
106428,0.0
106429,0.0
106430,0.09
106431,0.07
106432,0.01
106433,0.0
106434,0.33
106435,0.02
106436,0.03
106437,0.01
106438,0.06
106439,0.01
106440,0.07
106441,0.04
106442,0.0
106443,0.01
106444,0.0
106445,0.06
106446,0.0
106447,0.13
106448,0.09
106449,0.02
106450,0.01
106451,0.11
106452,0.1
106453,0.03
106454,0.0
106455,0.03
106456,0.01
106457,0.06
106458,0.0
106459,0.11
106460,0.15
106461,0.02
106462,0.07
106463,0.07
106464,0.01
106465,0.01
106466,0.01
106467,0.0
106468,0.06
106469,0.17
106470,0.09
106471,0.01
106472,0.0
106473,0.23
106474,0.04
106475,0.08
106476,0.03
106477,0.0
106478,0.03
106479,0.02
106480,0.06
106481,0.04
106482,0.02
106483,0.03
106484,0.71
106485,0.0
106486,0.34
106487,0.03
106488,0.0
106489,0.0
106490,0.04
106491,0.03
106492,0.0
106493,0.0
106494,0.08
106495,0.03
106496,0.0
106497,0.03
106498,0.02
106499,0.0
106500,0.2
106501,0.0
106502,0.27
106503,0.05
106504,0.07
106505,0.0
106506,0.0
106507,0.01
106508,0.02
106509,0.01
106510,0.1
106511,0.0
106512,0.1
106513,0.01
106514,0.0
106515,0.02
106516,0.01
106517,0.42
106518,0.02
106519,0.02
106520,0.08
106521,0.04
106522,0.03
106523,0.18
106524,0.0
106525,0.02
106526,0.01
106527,0.0
106528,0.15
106529,0.06
106530,0.04
106531,0.04
106532,0.0
106533,0.07
106534,0.0
106535,0.01
106536,0.02
106537,0.0
106538,0.02
106539,0.03
106540,0.04
106541,0.45
106542,0.0
106543,0.02
106544,0.0
106545,0.0
106546,0.02
106547,0.2
106548,0.04
106549,0.24
106550,0.0
106551,0.02
106552,0.09
106553,0.12
106554,0.16
106555,0.52
106556,0.0
106557,0.01
106558,0.02
106559,0.0
106560,0.19
106561,0.05
106562,0.03
106563,0.34
106564,0.03
106565,0.0
106566,0.01
106567,0.04
106568,0.03
106569,0.01
106570,0.29
106571,0.21
106572,0.05
106573,0.02
106574,0.01
106575,0.06
106576,0.01
106577,0.01
106578,0.0
106579,0.04
106580,0.15
106581,0.01
106582,0.05
106583,0.0
106584,0.04
106585,0.0
106586,0.09
106587,0.0
106588,0.0
106589,0.1
106590,0.0
106591,0.0
106592,0.03
106593,0.0
106594,0.0
106595,0.02
106596,0.06
106597,0.14
106598,0.0
106599,0.42
106600,0.03
106601,0.01
106602,0.01
106603,0.12
106604,0.05
106605,0.0
106606,0.33
106607,0.05
106608,0.13
106609,0.0
106610,0.09
106611,0.02
106612,0.05
106613,0.13
106614,0.02
106615,0.01
106616,0.25
106617,0.0
106618,0.0
106619,0.0
106620,0.16
106621,0.01
106622,0.02
106623,0.0
106624,0.63
106625,0.57
106626,0.26
106627,0.02
106628,0.0
106629,0.03
106630,0.36
106631,0.08
106632,0.05
106633,0.36
106634,0.11
106635,0.0
106636,0.0
106637,0.26
106638,0.02
106639,0.02
106640,0.0
106641,0.29
106642,0.17
106643,0.0
106644,0.49
106645,0.03
106646,0.17
106647,0.2
106648,0.0
106649,0.07
106650,0.3
106651,0.03
106652,0.1
106653,0.01
106654,0.0
106655,0.06
106656,0.0
106657,0.06
106658,0.02
106659,0.21
106660,0.06
106661,0.0
106662,0.0
106663,0.02
106664,0.1
106665,0.03
106666,0.0
106667,0.02
106668,0.37
106669,0.04
106670,0.01
106671,0.06
106672,0.02
106673,0.07
106674,0.04
106675,0.04
106676,0.02
106677,0.06
106678,0.06
106679,0.04
106680,0.05
106681,0.32
106682,0.1
106683,0.06
106684,0.0
106685,0.05
106686,0.0
106687,0.01
106688,0.0
106689,0.35
106690,0.08
106691,0.01
106692,0.0
106693,0.0
106694,0.09
106695,0.0
106696,0.04
106697,0.0
106698,0.0
106699,0.0
106700,0.01
106701,0.0
106702,0.0
106703,0.02
106704,0.07
106705,0.0
106706,0.0
106707,0.15
106708,0.01
106709,0.0
106710,0.04
106711,0.17
106712,0.06
106713,0.02
106714,0.15
106715,0.0
106716,0.1
106717,0.03
106718,0.25
106719,0.06
106720,0.94
106721,0.0
106722,0.1
106723,0.07
106724,0.0
106725,0.17
106726,0.01
106727,0.09
106728,0.05
106729,0.25
106730,0.51
106731,0.0
106732,0.0
106733,0.06
106734,0.01
106735,0.09
106736,0.07
106737,0.4
106738,0.05
106739,0.14
106740,0.34
106741,0.01
106742,0.0
106743,0.0
106744,0.0
106745,0.0
106746,0.0
106747,0.0
106748,0.03
106749,0.45
106750,0.15
106751,0.04
106752,0.01
106753,0.08
106754,0.12
106755,0.0
106756,0.0
106757,0.0
106758,0.0
106759,0.02
106760,0.19
106761,0.09
106762,0.53
106763,0.36
106764,0.03
106765,0.14
106766,0.16
106767,0.03
106768,0.0
106769,0.0
106770,0.07
106771,0.0
106772,0.02
106773,0.01
106774,0.06
106775,0.03
106776,0.42
106777,0.04
106778,0.05
106779,0.26
106780,0.53
106781,0.0
106782,0.08
106783,0.15
106784,0.0
106785,0.21
106786,0.0
106787,0.07
106788,0.0
106789,0.1
106790,0.32
106791,0.04
106792,0.02
106793,0.0
106794,0.01
106795,0.01
106796,0.01
106797,0.32
106798,0.05
106799,0.0
106800,0.09
106801,0.15
106802,0.0
106803,0.03
106804,0.0
106805,0.01
106806,0.15
106807,0.02
106808,0.13
106809,0.05
106810,0.0
106811,0.0
106812,0.02
106813,0.11
106814,0.02
106815,0.0
106816,0.03
106817,0.01
106818,0.07
106819,0.01
106820,0.0
106821,0.58
106822,0.19
106823,0.03
106824,0.0
106825,0.02
106826,0.16
106827,0.02
106828,0.0
106829,0.0
106830,0.03
106831,0.04
106832,0.01
106833,0.0
106834,0.0
106835,0.0
106836,0.01
106837,0.21
106838,0.02
106839,0.01
106840,0.01
106841,0.18
106842,0.0
106843,0.34
106844,0.0
106845,0.03
106846,0.04
106847,0.6
106848,0.0
106849,0.07
106850,0.0
106851,0.06
106852,0.0
106853,0.0
106854,0.03
106855,0.01
106856,0.0
106857,0.16
106858,0.02
106859,0.01
106860,0.04
106861,0.23
106862,0.01
106863,0.0
106864,0.06
106865,0.04
106866,0.09
106867,0.04
106868,0.0
106869,0.02
106870,0.08
106871,0.0
106872,0.0
106873,0.0
106874,0.12
106875,0.04
106876,0.02
106877,0.14
106878,0.0
106879,0.22
106880,0.13
106881,0.16
106882,0.01
106883,0.06
106884,0.05
106885,0.02
106886,0.01
106887,0.17
106888,0.0
106889,0.14
106890,0.08
106891,0.03
106892,0.31
106893,0.27
106894,0.0
106895,0.28
106896,0.02
106897,0.55
106898,0.0
106899,0.0
106900,0.06
106901,0.07
106902,0.07
106903,0.17
106904,0.07
106905,0.01
106906,0.0
106907,0.0
106908,0.12
106909,0.0
106910,0.01
106911,0.12
106912,0.0
106913,0.15
106914,0.0
106915,0.01
106916,0.06
106917,0.0
106918,0.02
106919,0.02
106920,0.0
106921,0.0
106922,0.09
106923,0.07
106924,0.0
106925,0.12
106926,0.16
106927,0.0
106928,0.13
106929,0.03
106930,0.05
106931,0.0
106932,0.02
106933,0.0
106934,0.01
106935,0.0
106936,0.02
106937,0.12
106938,0.04
106939,0.05
106940,0.0
106941,0.08
106942,0.01
106943,0.0
106944,0.0
106945,0.0
106946,0.06
106947,0.0
106948,0.0
106949,0.58
106950,0.07
106951,0.08
106952,0.0
106953,0.02
106954,0.04
106955,0.02
106956,0.01
106957,0.09
106958,0.01
106959,0.05
106960,0.01
106961,0.0
106962,0.04
106963,0.01
106964,0.03
106965,0.08
106966,0.11
106967,0.03
106968,0.0
106969,0.05
106970,0.03
106971,0.07
106972,0.23
106973,0.0
106974,0.03
106975,0.0
106976,0.02
106977,0.13
106978,0.01
106979,0.0
106980,0.01
106981,0.03
106982,0.0
106983,0.06
106984,0.07
106985,0.02
106986,0.0
106987,0.0
106988,0.01
106989,0.0
106990,0.02
106991,0.03
106992,0.01
106993,0.02
106994,0.0
106995,0.0
106996,0.14
106997,0.02
106998,0.0
106999,0.07
107000,0.07
107001,0.0
107002,0.02
107003,0.01
107004,0.05
107005,0.01
107006,0.0
107007,0.0
107008,0.0
107009,0.0
107010,0.18
107011,0.0
107012,0.01
107013,0.15
107014,0.02
107015,0.18
107016,0.0
107017,0.04
107018,0.02
107019,0.05
107020,0.01
107021,0.42
107022,0.01
107023,0.0
107024,0.03
107025,0.0
107026,0.02
107027,0.42
107028,0.03
107029,0.0
107030,0.0
107031,0.01
107032,0.05
107033,0.02
107034,0.01
107035,0.01
107036,0.0
107037,0.01
107038,0.34
107039,0.0
107040,0.01
107041,0.0
107042,0.16
107043,0.13
107044,0.07
107045,0.01
107046,0.0
107047,0.02
107048,0.0
107049,0.0
107050,0.01
107051,0.05
107052,0.02
107053,0.0
107054,0.02
107055,0.0
107056,0.49
107057,0.01
107058,0.0
107059,0.0
107060,0.01
107061,0.0
107062,0.02
107063,0.06
107064,0.03
107065,0.0
107066,0.03
107067,0.02
107068,0.01
107069,0.0
107070,0.0
107071,0.39
107072,0.01
107073,0.02
107074,0.04
107075,0.09
107076,0.02
107077,0.0
107078,0.08
107079,0.2
107080,0.0
107081,0.09
107082,0.0
107083,0.0
107084,0.03
107085,0.09
107086,0.0
107087,0.01
107088,0.62
107089,0.02
107090,0.03
107091,0.09
107092,0.15
107093,0.01
107094,0.0
107095,0.43
107096,0.0
107097,0.11
107098,0.07
107099,0.0
107100,0.02
107101,0.03
107102,0.0
107103,0.06
107104,0.01
107105,0.02
107106,0.0
107107,0.31
107108,0.01
107109,0.15
107110,0.0
107111,0.01
107112,0.04
107113,0.18
107114,0.29
107115,0.07
107116,0.0
107117,0.03
107118,0.03
107119,0.0
107120,0.07
107121,0.06
107122,0.03
107123,0.03
107124,0.05
107125,0.0
107126,0.01
107127,0.01
107128,0.19
107129,0.03
107130,0.07
107131,0.01
107132,0.0
107133,0.08
107134,0.0
107135,0.0
107136,0.02
107137,0.09
107138,0.0
107139,0.01
107140,0.02
107141,0.02
107142,0.0
107143,0.0
107144,0.0
107145,0.07
107146,0.18
107147,0.0
107148,0.08
107149,0.12
107150,0.03
107151,0.01
107152,0.05
107153,0.01
107154,0.03
107155,0.02
107156,0.0
107157,0.04
107158,0.0
107159,0.41
107160,0.03
107161,0.03
107162,0.01
107163,0.01
107164,0.03
107165,0.05
107166,0.01
107167,0.03
107168,0.3
107169,0.01
107170,0.02
107171,0.1
107172,0.31
107173,0.04
107174,0.29
107175,0.08
107176,0.03
107177,0.15
107178,0.06
107179,0.01
107180,0.54
107181,0.0
107182,0.03
107183,0.43
107184,0.0
107185,0.01
107186,0.0
107187,0.01
107188,0.05
107189,0.02
107190,0.04
107191,0.0
107192,0.0
107193,0.49
107194,0.18
107195,0.56
107196,0.29
107197,0.04
107198,0.01
107199,0.0
107200,0.0
107201,0.07
107202,0.1
107203,0.17
107204,0.0
107205,0.0
107206,0.01
107207,0.04
107208,0.0
107209,0.0
107210,0.02
107211,0.15
107212,0.02
107213,0.34
107214,0.05
107215,0.02
107216,0.0
107217,0.02
107218,0.0
107219,0.06
107220,0.02
107221,0.01
107222,0.0
107223,0.01
107224,0.0
107225,0.0
107226,0.12
107227,0.03
107228,0.09
107229,0.0
107230,0.4
107231,0.01
107232,0.0
107233,0.81
107234,0.0
107235,0.09
107236,0.03
107237,0.13
107238,0.1
107239,0.0
107240,0.0
107241,0.02
107242,0.12
107243,0.27
107244,0.0
107245,0.0
107246,0.03
107247,0.29
107248,0.0
107249,0.03
107250,0.16
107251,0.18
107252,0.0
107253,0.08
107254,0.0
107255,0.02
107256,0.09
107257,0.0
107258,0.0
107259,0.02
107260,0.0
107261,0.0
107262,0.01
107263,0.05
107264,0.02
107265,0.0
107266,0.01
107267,0.01
107268,0.0
107269,0.13
107270,0.01
107271,0.0
107272,0.31
107273,0.05
107274,0.09
107275,0.0
107276,0.02
107277,0.05
107278,0.12
107279,0.0
107280,0.26
107281,0.0
107282,0.03
107283,0.09
107284,0.13
107285,0.0
107286,0.51
107287,0.0
107288,0.0
107289,0.02
107290,0.0
107291,0.0
107292,0.11
107293,0.05
107294,0.0
107295,0.11
107296,0.0
107297,0.01
107298,0.11
107299,0.2
107300,0.01
107301,0.16
107302,0.0
107303,0.01
107304,0.0
107305,0.02
107306,0.34
107307,0.02
107308,0.08
107309,0.0
107310,0.01
107311,0.14
107312,0.0
107313,0.0
107314,0.0
107315,0.0
107316,0.16
107317,0.0
107318,0.02
107319,0.02
107320,0.09
107321,0.0
107322,0.05
107323,0.01
107324,0.05
107325,0.01
107326,0.03
107327,0.05
107328,0.03
107329,0.13
107330,0.23
107331,0.01
107332,0.01
107333,0.1
107334,0.01
107335,0.0
107336,0.0
107337,0.34
107338,0.0
107339,0.01
107340,0.05
107341,0.02
107342,0.09
107343,0.02
107344,0.6
107345,0.18
107346,0.0
107347,0.15
107348,0.04
107349,0.0
107350,0.0
107351,0.0
107352,0.22
107353,0.0
107354,0.0
107355,0.03
107356,0.0
107357,0.01
107358,0.07
107359,0.01
107360,0.35
107361,0.0
107362,0.0
107363,0.03
107364,0.09
107365,0.03
107366,0.01
107367,0.01
107368,0.0
107369,0.01
107370,0.0
107371,0.0
107372,0.01
107373,0.26
107374,0.06
107375,0.16
107376,0.0
107377,0.17
107378,0.0
107379,0.01
107380,0.06
107381,0.0
107382,0.0
107383,0.04
107384,0.44
107385,0.0
107386,0.03
107387,0.04
107388,0.08
107389,0.31
107390,0.07
107391,0.08
107392,0.34
107393,0.12
107394,0.0
107395,0.01
107396,0.03
107397,0.3
107398,0.47
107399,0.04
107400,0.04
107401,0.0
107402,0.66
107403,0.02
107404,0.09
107405,0.0
107406,0.0
107407,0.18
107408,0.0
107409,0.03
107410,0.05
107411,0.01
107412,0.06
107413,0.01
107414,0.09
107415,0.05
107416,0.0
107417,0.0
107418,0.1
107419,0.02
107420,0.0
107421,0.18
107422,0.0
107423,0.0
107424,0.03
107425,0.0
107426,0.08
107427,0.0
107428,0.02
107429,0.01
107430,0.0
107431,0.0
107432,0.06
107433,0.01
107434,0.35
107435,0.0
107436,0.0
107437,0.0
107438,0.0
107439,0.02
107440,0.0
107441,0.01
107442,0.08
107443,0.01
107444,0.1
107445,0.04
107446,0.02
107447,0.12
107448,0.03
107449,0.04
107450,0.02
107451,0.0
107452,0.01
107453,0.0
107454,0.01
107455,0.0
107456,0.0
107457,0.01
107458,0.02
107459,0.0
107460,0.0
107461,0.01
107462,0.0
107463,0.04
107464,0.24
107465,0.3
107466,0.02
107467,0.13
107468,0.01
107469,0.0
107470,0.04
107471,0.68
107472,0.01
107473,0.0
107474,0.32
107475,0.05
107476,0.0
107477,0.01
107478,0.51
107479,0.4
107480,0.01
107481,0.03
107482,0.21
107483,0.01
107484,0.0
107485,0.01
107486,0.01
107487,0.02
107488,0.09
107489,0.0
107490,0.03
107491,0.32
107492,0.0
107493,0.0
107494,0.0
107495,0.02
107496,0.03
107497,0.0
107498,0.0
107499,0.14
107500,0.0
107501,0.15
107502,0.06
107503,0.54
107504,0.42
107505,0.0
107506,0.0
107507,0.03
107508,0.02
107509,0.01
107510,0.01
107511,0.0
107512,0.02
107513,0.11
107514,0.01
107515,0.0
107516,0.0
107517,0.0
107518,0.03
107519,0.0
107520,0.01
107521,0.03
107522,0.18
107523,0.0
107524,0.18
107525,0.2
107526,0.15
107527,0.01
107528,0.0
107529,0.02
107530,0.33
107531,0.01
107532,0.01
107533,0.02
107534,0.01
107535,0.05
107536,0.0
107537,0.04
107538,0.01
107539,0.27
107540,0.01
107541,0.0
107542,0.0
107543,0.03
107544,0.0
107545,0.0
107546,0.18
107547,0.14
107548,0.01
107549,0.11
107550,0.13
107551,0.04
107552,0.0
107553,0.68
107554,0.58
107555,0.37
107556,0.02
107557,0.16
107558,0.01
107559,0.0
107560,0.03
107561,0.0
107562,0.91
107563,0.03
107564,0.01
107565,0.44
107566,0.08
107567,0.0
107568,0.15
107569,0.01
107570,0.02
107571,0.02
107572,0.02
107573,0.0
107574,0.0
107575,0.01
107576,0.16
107577,0.2
107578,0.04
107579,0.05
107580,0.09
107581,0.0
107582,0.03
107583,0.0
107584,0.0
107585,0.0
107586,0.01
107587,0.07
107588,0.01
107589,0.0
107590,0.21
107591,0.18
107592,0.0
107593,0.0
107594,0.01
107595,0.01
107596,0.37
107597,0.01
107598,0.0
107599,0.01
107600,0.03
107601,0.03
107602,0.0
107603,0.03
107604,0.0
107605,0.05
107606,0.29
107607,0.01
107608,0.03
107609,0.0
107610,0.0
107611,0.11
107612,0.04
107613,0.09
107614,0.0
107615,0.45
107616,0.02
107617,0.0
107618,0.02
107619,0.02
107620,0.05
107621,0.0
107622,0.03
107623,0.48
107624,0.0
107625,0.02
107626,0.11
107627,0.03
107628,0.0
107629,0.01
107630,0.02
107631,0.12
107632,0.03
107633,0.5
107634,0.14
107635,0.07
107636,0.02
107637,0.0
107638,0.0
107639,0.09
107640,0.03
107641,0.04
107642,0.33
107643,0.01
107644,0.32
107645,0.02
107646,0.0
107647,0.02
107648,0.02
107649,0.07
107650,0.03
107651,0.0
107652,0.16
107653,0.0
107654,0.09
107655,0.0
107656,0.01
107657,0.15
107658,0.01
107659,0.0
107660,0.0
107661,0.01
107662,0.46
107663,0.0
107664,0.0
107665,0.02
107666,0.01
107667,0.01
107668,0.02
107669,0.0
107670,0.02
107671,0.0
107672,0.04
107673,0.08
107674,0.02
107675,0.02
107676,0.05
107677,0.0
107678,0.03
107679,0.55
107680,0.0
107681,0.05
107682,0.02
107683,0.03
107684,0.0
107685,0.0
107686,0.03
107687,0.03
107688,0.09
107689,0.04
107690,0.03
107691,0.33
107692,0.02
107693,0.0
107694,0.0
107695,0.0
107696,0.01
107697,0.0
107698,0.23
107699,0.52
107700,0.18
107701,0.01
107702,0.11
107703,0.03
107704,0.11
107705,0.12
107706,0.5
107707,0.0
107708,0.0
107709,0.03
107710,0.33
107711,0.04
107712,0.0
107713,0.01
107714,0.03
107715,0.11
107716,0.05
107717,0.0
107718,0.0
107719,0.05
107720,0.23
107721,0.0
107722,0.04
107723,0.03
107724,0.01
107725,0.0
107726,0.0
107727,0.01
107728,0.04
107729,0.0
107730,0.0
107731,0.0
107732,0.02
107733,0.02
107734,0.12
107735,0.01
107736,0.02
107737,0.01
107738,0.0
107739,0.03
107740,0.03
107741,0.01
107742,0.1
107743,0.0
107744,0.0
107745,0.33
107746,0.16
107747,0.54
107748,0.0
107749,0.15
107750,0.07
107751,0.01
107752,0.16
107753,0.01
107754,0.0
107755,0.0
107756,0.01
107757,0.01
107758,0.0
107759,0.0
107760,0.01
107761,0.01
107762,0.33
107763,0.12
107764,0.05
107765,0.14
107766,0.13
107767,0.01
107768,0.03
107769,0.04
107770,0.0
107771,0.0
107772,0.01
107773,0.32
107774,0.06
107775,0.01
107776,0.0
107777,0.05
107778,0.02
107779,0.06
107780,0.08
107781,0.06
107782,0.0
107783,0.0
107784,0.02
107785,0.03
107786,0.0
107787,0.06
107788,0.0
107789,0.15
107790,0.0
107791,0.21
107792,0.45
107793,0.05
107794,0.64
107795,0.01
107796,0.52
107797,0.03
107798,0.03
107799,0.02
107800,0.03
107801,0.04
107802,0.0
107803,0.09
107804,0.0
107805,0.05
107806,0.01
107807,0.02
107808,0.0
107809,0.19
107810,0.18
107811,0.01
107812,0.01
107813,0.02
107814,0.04
107815,0.06
107816,0.04
107817,0.66
107818,0.03
107819,0.42
107820,0.02
107821,0.0
107822,0.0
107823,0.03
107824,0.08
107825,0.05
107826,0.0
107827,0.05
107828,0.0
107829,0.0
107830,0.1
107831,0.0
107832,0.01
107833,0.0
107834,0.0
107835,0.02
107836,0.07
107837,0.04
107838,0.15
107839,0.0
107840,0.07
107841,0.05
107842,0.01
107843,0.21
107844,0.52
107845,0.0
107846,0.0
107847,0.01
107848,0.01
107849,0.06
107850,0.0
107851,0.0
107852,0.0
107853,0.0
107854,0.04
107855,0.01
107856,0.0
107857,0.0
107858,0.0
107859,0.08
107860,0.44
107861,0.01
107862,0.05
107863,0.01
107864,0.0
107865,0.07
107866,0.03
107867,0.01
107868,0.09
107869,0.02
107870,0.2
107871,0.0
107872,0.0
107873,0.01
107874,0.02
107875,0.01
107876,0.01
107877,0.0
107878,0.0
107879,0.0
107880,0.07
107881,0.05
107882,0.0
107883,0.0
107884,0.01
107885,0.0
107886,0.03
107887,0.01
107888,0.1
107889,0.0
107890,0.0
107891,0.2
107892,0.01
107893,0.02
107894,0.09
107895,0.03
107896,0.28
107897,0.02
107898,0.12
107899,0.03
107900,0.22
107901,0.0
107902,0.2
107903,0.54
107904,0.0
107905,0.04
107906,0.0
107907,0.05
107908,0.16
107909,0.5
107910,0.02
107911,0.0
107912,0.04
107913,0.0
107914,0.03
107915,0.01
107916,0.08
107917,0.03
107918,0.05
107919,0.04
107920,0.09
107921,0.37
107922,0.01
107923,0.02
107924,0.17
107925,0.0
107926,0.0
107927,0.16
107928,0.01
107929,0.0
107930,0.0
107931,0.07
107932,0.06
107933,0.0
107934,0.02
107935,0.0
107936,0.01
107937,0.01
107938,0.05
107939,0.01
107940,0.3
107941,0.07
107942,0.07
107943,0.04
107944,0.01
107945,0.01
107946,0.0
107947,0.18
107948,0.03
107949,0.17
107950,0.26
107951,0.51
107952,0.03
107953,0.02
107954,0.01
107955,0.29
107956,0.05
107957,0.13
107958,0.02
107959,0.02
107960,0.01
107961,0.02
107962,0.0
107963,0.01
107964,0.01
107965,0.04
107966,0.1
107967,0.03
107968,0.03
107969,0.01
107970,0.0
107971,0.05
107972,0.0
107973,0.01
107974,0.05
107975,0.01
107976,0.0
107977,0.05
107978,0.02
107979,0.04
107980,0.46
107981,0.0
107982,0.01
107983,0.13
107984,0.3
107985,0.17
107986,0.05
107987,0.16
107988,0.02
107989,0.07
107990,0.03
107991,0.0
107992,0.0
107993,0.04
107994,0.07
107995,0.03
107996,0.05
107997,0.02
107998,0.01
107999,0.0
108000,0.01
108001,0.0
108002,0.01
108003,0.03
108004,0.02
108005,0.16
108006,0.03
108007,0.0
108008,0.0
108009,0.0
108010,0.0
108011,0.36
108012,0.0
108013,0.01
108014,0.29
108015,0.0
108016,0.01
108017,0.02
108018,0.01
108019,0.03
108020,0.33
108021,0.0
108022,0.1
108023,0.02
108024,0.21
108025,0.02
108026,0.0
108027,0.12
108028,0.02
108029,0.0
108030,0.07
108031,0.07
108032,0.02
108033,0.0
108034,0.0
108035,0.47
108036,0.14
108037,0.64
108038,0.13
108039,0.1
108040,0.03
108041,0.03
108042,0.0
108043,0.01
108044,0.12
108045,0.0
108046,0.01
108047,0.0
108048,0.05
108049,0.0
108050,0.02
108051,0.07
108052,0.04
108053,0.0
108054,0.01
108055,0.04
108056,0.01
108057,0.0
108058,0.0
108059,0.0
108060,0.01
108061,0.39
108062,0.05
108063,0.25
108064,0.01
108065,0.0
108066,0.02
108067,0.0
108068,0.03
108069,0.24
108070,0.01
108071,0.0
108072,0.02
108073,0.02
108074,0.05
108075,0.01
108076,0.06
108077,0.06
108078,0.0
108079,0.03
108080,0.42
108081,0.4
108082,0.07
108083,0.46
108084,0.02
108085,0.02
108086,0.0
108087,0.02
108088,0.03
108089,0.42
108090,0.03
108091,0.09
108092,0.01
108093,0.0
108094,0.03
108095,0.22
108096,0.0
108097,0.0
108098,0.05
108099,0.04
108100,0.06
108101,0.0
108102,0.0
108103,0.15
108104,0.0
108105,0.0
108106,0.42
108107,0.01
108108,0.0
108109,0.01
108110,0.03
108111,0.03
108112,0.0
108113,0.01
108114,0.02
108115,0.1
108116,0.04
108117,0.13
108118,0.0
108119,0.0
108120,0.07
108121,0.02
108122,0.02
108123,0.0
108124,0.0
108125,0.13
108126,0.15
108127,0.01
108128,0.01
108129,0.02
108130,0.02
108131,0.0
108132,0.0
108133,0.01
108134,0.01
108135,0.03
108136,0.0
108137,0.17
108138,0.02
108139,0.0
108140,0.06
108141,0.13
108142,0.03
108143,0.14
108144,0.0
108145,0.1
108146,0.01
108147,0.18
108148,0.18
108149,0.0
108150,0.04
108151,0.0
108152,0.06
108153,0.04
108154,0.01
108155,0.06
108156,0.0
108157,0.11
108158,0.19
108159,0.03
108160,0.11
108161,0.01
108162,0.0
108163,0.03
108164,0.03
108165,0.07
108166,0.0
108167,0.0
108168,0.14
108169,0.16
108170,0.01
108171,0.0
108172,0.22
108173,0.1
108174,0.0
108175,0.0
108176,0.02
108177,0.06
108178,0.02
108179,0.01
108180,0.02
108181,0.01
108182,0.0
108183,0.06
108184,0.0
108185,0.0
108186,0.02
108187,0.0
108188,0.05
108189,0.05
108190,0.0
108191,0.12
108192,0.0
108193,0.01
108194,0.0
108195,0.0
108196,0.04
108197,0.2
108198,0.02
108199,0.02
108200,0.12
108201,0.04
108202,0.03
108203,0.06
108204,0.04
108205,0.39
108206,0.07
108207,0.04
108208,0.01
108209,0.0
108210,0.03
108211,0.0
108212,0.0
108213,0.02
108214,0.07
108215,0.02
108216,0.67
108217,0.01
108218,0.0
108219,0.08
108220,0.07
108221,0.05
108222,0.0
108223,0.03
108224,0.27
108225,0.02
108226,0.02
108227,0.01
108228,0.0
108229,0.03
108230,0.01
108231,0.01
108232,0.59
108233,0.08
108234,0.07
108235,0.07
108236,0.02
108237,0.11
108238,0.23
108239,0.0
108240,0.0
108241,0.0
108242,0.34
108243,0.01
108244,0.02
108245,0.0
108246,0.01
108247,0.0
108248,0.0
108249,0.43
108250,0.0
108251,0.36
108252,0.02
108253,0.01
108254,0.19
108255,0.08
108256,0.0
108257,0.01
108258,0.1
108259,0.06
108260,0.03
108261,0.0
108262,0.0
108263,0.01
108264,0.02
108265,0.03
108266,0.12
108267,0.0
108268,0.05
108269,0.0
108270,0.01
108271,0.03
108272,0.07
108273,0.57
108274,0.13
108275,0.07
108276,0.06
108277,0.0
108278,0.0
108279,0.15
108280,0.01
108281,0.04
108282,0.01
108283,0.0
108284,0.65
108285,0.0
108286,0.0
108287,0.0
108288,0.0
108289,0.0
108290,0.01
108291,0.01
108292,0.11
108293,0.48
108294,0.05
108295,0.02
108296,0.0
108297,0.01
108298,0.0
108299,0.18
108300,0.14
108301,0.0
108302,0.0
108303,0.39
108304,0.03
108305,0.27
108306,0.25
108307,0.73
108308,0.04
108309,0.06
108310,0.01
108311,0.02
108312,0.14
108313,0.11
108314,0.01
108315,0.0
108316,0.01
108317,0.01
108318,0.03
108319,0.0
108320,0.0
108321,0.0
108322,0.02
108323,0.0
108324,0.03
108325,0.04
108326,0.05
108327,0.11
108328,0.0
108329,0.02
108330,0.07
108331,0.06
108332,0.0
108333,0.03
108334,0.07
108335,0.0
108336,0.05
108337,0.01
108338,0.03
108339,0.01
108340,0.01
108341,0.13
108342,0.1
108343,0.0
108344,0.0
108345,0.01
108346,0.17
108347,0.09
108348,0.01
108349,0.09
108350,0.0
108351,0.02
108352,0.01
108353,0.19
108354,0.14
108355,0.05
108356,0.0
108357,0.03
108358,0.01
108359,0.02
108360,0.0
108361,0.0
108362,0.02
108363,0.0
108364,0.01
108365,0.0
108366,0.0
108367,0.05
108368,0.01
108369,0.29
108370,0.0
108371,0.09
108372,0.1
108373,0.0
108374,0.03
108375,0.03
108376,0.06
108377,0.0
108378,0.01
108379,0.01
108380,0.0
108381,0.0
108382,0.18
108383,0.03
108384,0.02
108385,0.02
108386,0.02
108387,0.05
108388,0.02
108389,0.04
108390,0.42
108391,0.0
108392,0.02
108393,0.25
108394,0.01
108395,0.0
108396,0.17
108397,0.0
108398,0.02
108399,0.0
108400,0.02
108401,0.57
108402,0.01
108403,0.0
108404,0.0
108405,0.1
108406,0.0
108407,0.02
108408,0.01
108409,0.03
108410,0.01
108411,0.07
108412,0.09
108413,0.01
108414,0.0
108415,0.19
108416,0.06
108417,0.17
108418,0.08
108419,0.0
108420,0.0
108421,0.03
108422,0.11
108423,0.11
108424,0.02
108425,0.0
108426,0.1
108427,0.0
108428,0.05
108429,0.0
108430,0.04
108431,0.01
108432,0.04
108433,0.0
108434,0.02
108435,0.01
108436,0.06
108437,0.18
108438,0.34
108439,0.01
108440,0.12
108441,0.0
108442,0.0
108443,0.0
108444,0.04
108445,0.0
108446,0.01
108447,0.01
108448,0.01
108449,0.01
108450,0.0
108451,0.03
108452,0.01
108453,0.02
108454,0.0
108455,0.09
108456,0.02
108457,0.0
108458,0.0
108459,0.0
108460,0.25
108461,0.0
108462,0.0
108463,0.01
108464,0.03
108465,0.01
108466,0.0
108467,0.0
108468,0.11
108469,0.0
108470,0.01
108471,0.33
108472,0.05
108473,0.1
108474,0.0
108475,0.02
108476,0.01
108477,0.4
108478,0.01
108479,0.02
108480,0.07
108481,0.02
108482,0.02
108483,0.02
108484,0.0
108485,0.03
108486,0.2
108487,0.01
108488,0.0
108489,0.18
108490,0.0
108491,0.23
108492,0.0
108493,0.01
108494,0.08
108495,0.12
108496,0.23
108497,0.01
108498,0.15
108499,0.01
108500,0.02
108501,0.07
108502,0.07
108503,0.01
108504,0.33
108505,0.05
108506,0.03
108507,0.02
108508,0.18
108509,0.01
108510,0.19
108511,0.02
108512,0.09
108513,0.01
108514,0.05
108515,0.0
108516,0.17
108517,0.22
108518,0.0
108519,0.02
108520,0.01
108521,0.29
108522,0.13
108523,0.0
108524,0.26
108525,0.02
108526,0.08
108527,0.02
108528,0.11
108529,0.03
108530,0.33
108531,0.0
108532,0.17
108533,0.01
108534,0.07
108535,0.01
108536,0.0
108537,0.03
108538,0.03
108539,0.02
108540,0.02
108541,0.0
108542,0.0
108543,0.01
108544,0.06
108545,0.0
108546,0.03
108547,0.03
108548,0.05
108549,0.05
108550,0.02
108551,0.26
108552,0.25
108553,0.0
108554,0.57
108555,0.01
108556,0.05
108557,0.0
108558,0.08
108559,0.0
108560,0.0
108561,0.04
108562,0.25
108563,0.02
108564,0.0
108565,0.01
108566,0.02
108567,0.02
108568,0.09
108569,0.01
108570,0.01
108571,0.07
108572,0.05
108573,0.06
108574,0.05
108575,0.1
108576,0.01
108577,0.03
108578,0.12
108579,0.11
108580,0.48
108581,0.01
108582,0.08
108583,0.01
108584,0.0
108585,0.08
108586,0.14
108587,0.0
108588,0.0
108589,0.13
108590,0.0
108591,0.14
108592,0.03
108593,0.45
108594,0.04
108595,0.16
108596,0.77
108597,0.18
108598,0.0
108599,0.0
108600,0.02
108601,0.01
108602,0.01
108603,0.41
108604,0.04
108605,0.07
108606,0.07
108607,0.36
108608,0.0
108609,0.0
108610,0.04
108611,0.01
108612,0.0
108613,0.01
108614,0.05
108615,0.03
108616,0.05
108617,0.02
108618,0.01
108619,0.0
108620,0.04
108621,0.0
108622,0.08
108623,0.05
108624,0.01
108625,0.16
108626,0.03
108627,0.0
108628,0.01
108629,0.0
108630,0.0
108631,0.0
108632,0.4
108633,0.0
108634,0.08
108635,0.0
108636,0.0
108637,0.05
108638,0.25
108639,0.01
108640,0.0
108641,0.0
108642,0.1
108643,0.0
108644,0.39
108645,0.07
108646,0.0
108647,0.01
108648,0.55
108649,0.02
108650,0.06
108651,0.13
108652,0.0
108653,0.16
108654,0.0
108655,0.0
108656,0.1
108657,0.06
108658,0.19
108659,0.0
108660,0.05
108661,0.02
108662,0.2
108663,0.0
108664,0.0
108665,0.0
108666,0.0
108667,0.0
108668,0.0
108669,0.0
108670,0.12
108671,0.02
108672,0.01
108673,0.02
108674,0.03
108675,0.0
108676,0.02
108677,0.02
108678,0.03
108679,0.0
108680,0.3
108681,0.08
108682,0.0
108683,0.28
108684,0.03
108685,0.04
108686,0.0
108687,0.0
108688,0.02
108689,0.09
108690,0.0
108691,0.04
108692,0.0
108693,0.1
108694,0.08
108695,0.16
108696,0.0
108697,0.02
108698,0.05
108699,0.09
108700,0.0
108701,0.0
108702,0.0
108703,0.13
108704,0.0
108705,0.0
108706,0.12
108707,0.06
108708,0.12
108709,0.0
108710,0.17
108711,0.03
108712,0.25
108713,0.05
108714,0.17
108715,0.02
108716,0.0
108717,0.01
108718,0.0
108719,0.01
108720,0.16
108721,0.03
108722,0.06
108723,0.0
108724,0.12
108725,0.05
108726,0.02
108727,0.72
108728,0.0
108729,0.02
108730,0.01
108731,0.07
108732,0.27
108733,0.0
108734,0.0
108735,0.06
108736,0.47
108737,0.01
108738,0.12
108739,0.02
108740,0.36
108741,0.05
108742,0.02
108743,0.02
108744,0.0
108745,0.08
108746,0.0
108747,0.0
108748,0.1
108749,0.04
108750,0.0
108751,0.02
108752,0.55
108753,0.1
108754,0.05
108755,0.0
108756,0.01
108757,0.16
108758,0.0
108759,0.17
108760,0.01
108761,0.02
108762,0.0
108763,0.3
108764,0.04
108765,0.03
108766,0.01
108767,0.03
108768,0.18
108769,0.08
108770,0.05
108771,0.24
108772,0.0
108773,0.07
108774,0.03
108775,0.09
108776,0.04
108777,0.01
108778,0.0
108779,0.09
108780,0.02
108781,0.07
108782,0.0
108783,0.01
108784,0.01
108785,0.01
108786,0.02
108787,0.04
108788,0.0
108789,0.01
108790,0.08
108791,0.02
108792,0.17
108793,0.25
108794,0.09
108795,0.01
108796,0.0
108797,0.0
108798,0.0
108799,0.02
108800,0.06
108801,0.02
108802,0.01
108803,0.05
108804,0.0
108805,0.0
108806,0.0
108807,0.09
108808,0.17
108809,0.0
108810,0.05
108811,0.04
108812,0.18
108813,0.18
108814,0.03
108815,0.08
108816,0.01
108817,0.03
108818,0.15
108819,0.36
108820,0.01
108821,0.0
108822,0.03
108823,0.01
108824,0.01
108825,0.01
108826,0.15
108827,0.15
108828,0.0
108829,0.0
108830,0.0
108831,0.03
108832,0.07
108833,0.01
108834,0.0
108835,0.46
108836,0.0
108837,0.0
108838,0.0
108839,0.0
108840,0.06
108841,0.01
108842,0.13
108843,0.34
108844,0.14
108845,0.39
108846,0.16
108847,0.08
108848,0.0
108849,0.19
108850,0.03
108851,0.0
108852,0.06
108853,0.0
108854,0.04
108855,0.04
108856,0.0
108857,0.07
108858,0.08
108859,0.0
108860,0.48
108861,0.02
108862,0.01
108863,0.05
108864,0.02
108865,0.06
108866,0.02
108867,0.02
108868,0.22
108869,0.0
108870,0.01
108871,0.27
108872,0.0
108873,0.0
108874,0.04
108875,0.02
108876,0.02
108877,0.0
108878,0.05
108879,0.01
108880,0.09
108881,0.16
108882,0.02
108883,0.0
108884,0.01
108885,0.08
108886,0.04
108887,0.04
108888,0.03
108889,0.01
108890,0.04
108891,0.01
108892,0.01
108893,0.24
108894,0.04
108895,0.03
108896,0.0
108897,0.01
108898,0.05
108899,0.45
108900,0.01
108901,0.0
108902,0.07
108903,0.0
108904,0.3
108905,0.0
108906,0.0
108907,0.17
108908,0.0
108909,0.12
108910,0.0
108911,0.0
108912,0.07
108913,0.08
108914,0.03
108915,0.12
108916,0.04
108917,0.17
108918,0.0
108919,0.02
108920,0.0
108921,0.01
108922,0.04
108923,0.09
108924,0.06
108925,0.0
108926,0.21
108927,0.36
108928,0.05
108929,0.14
108930,0.13
108931,0.13
108932,0.02
108933,0.08
108934,0.0
108935,0.03
108936,0.0
108937,0.05
108938,0.03
108939,0.02
108940,0.12
108941,0.0
108942,0.0
108943,0.0
108944,0.06
108945,0.12
108946,0.0
108947,0.04
108948,0.0
108949,0.0
108950,0.45
108951,0.01
108952,0.69
108953,0.04
108954,0.69
108955,0.06
108956,0.0
108957,0.03
108958,0.09
108959,0.08
108960,0.02
108961,0.0
108962,0.01
108963,0.0
108964,0.0
108965,0.05
108966,0.0
108967,0.04
108968,0.0
108969,0.0
108970,0.43
108971,0.1
108972,0.03
108973,0.0
108974,0.01
108975,0.0
108976,0.47
108977,0.03
108978,0.05
108979,0.02
108980,0.01
108981,0.03
108982,0.01
108983,0.0
108984,0.0
108985,0.01
108986,0.01
108987,0.04
108988,0.01
108989,0.02
108990,0.04
108991,0.03
108992,0.0
108993,0.2
108994,0.32
108995,0.08
108996,0.56
108997,0.06
108998,0.12
108999,0.07
109000,0.03
109001,0.01
109002,0.0
109003,0.02
109004,0.18
109005,0.0
109006,0.03
109007,0.02
109008,0.0
109009,0.01
109010,0.04
109011,0.01
109012,0.25
109013,0.02
109014,0.0
109015,0.0
109016,0.13
109017,0.14
109018,0.17
109019,0.02
109020,0.02
109021,0.03
109022,0.01
109023,0.02
109024,0.0
109025,0.0
109026,0.14
109027,0.26
109028,0.01
109029,0.0
109030,0.0
109031,0.0
109032,0.36
109033,0.18
109034,0.01
109035,0.0
109036,0.01
109037,0.01
109038,0.01
109039,0.0
109040,0.11
109041,0.58
109042,0.01
109043,0.01
109044,0.43
109045,0.01
109046,0.02
109047,0.02
109048,0.05
109049,0.01
109050,0.06
109051,0.17
109052,0.03
109053,0.06
109054,0.11
109055,0.0
109056,0.22
109057,0.01
109058,0.03
109059,0.04
109060,0.01
109061,0.01
109062,0.04
109063,0.18
109064,0.01
109065,0.0
109066,0.01
109067,0.11
109068,0.0
109069,0.05
109070,0.14
109071,0.06
109072,0.0
109073,0.03
109074,0.01
109075,0.01
109076,0.1
109077,0.0
109078,0.28
109079,0.04
109080,0.0
109081,0.0
109082,0.01
109083,0.02
109084,0.0
109085,0.04
109086,0.0
109087,0.0
109088,0.04
109089,0.04
109090,0.01
109091,0.56
109092,0.0
109093,0.0
109094,0.07
109095,0.24
109096,0.58
109097,0.03
109098,0.0
109099,0.0
109100,0.0
109101,0.04
109102,0.0
109103,0.01
109104,0.0
109105,0.01
109106,0.02
109107,0.0
109108,0.08
109109,0.13
109110,0.0
109111,0.02
109112,0.01
109113,0.2
109114,0.01
109115,0.09
109116,0.01
109117,0.08
109118,0.02
109119,0.0
109120,0.02
109121,0.22
109122,0.18
109123,0.12
109124,0.01
109125,0.0
109126,0.05
109127,0.29
109128,0.01
109129,0.01
109130,0.59
109131,0.11
109132,0.19
109133,0.1
109134,0.09
109135,0.09
109136,0.01
109137,0.18
109138,0.01
109139,0.01
109140,0.01
109141,0.0
109142,0.0
109143,0.0
109144,0.09
109145,0.0
109146,0.01
109147,0.0
109148,0.34
109149,0.02
109150,0.0
109151,0.09
109152,0.0
109153,0.01
109154,0.01
109155,0.0
109156,0.07
109157,0.02
109158,0.05
109159,0.0
109160,0.03
109161,0.25
109162,0.02
109163,0.03
109164,0.03
109165,0.0
109166,0.0
109167,0.26
109168,0.0
109169,0.02
109170,0.04
109171,0.02
109172,0.0
109173,0.02
109174,0.12
109175,0.28
109176,0.0
109177,0.04
109178,0.0
109179,0.0
109180,0.31
109181,0.0
109182,0.01
109183,0.02
109184,0.02
109185,0.01
109186,0.02
109187,0.03
109188,0.03
109189,0.01
109190,0.21
109191,0.08
109192,0.01
109193,0.06
109194,0.61
109195,0.04
109196,0.01
109197,0.14
109198,0.0
109199,0.48
109200,0.0
109201,0.08
109202,0.04
109203,0.0
109204,0.0
109205,0.0
109206,0.0
109207,0.02
109208,0.0
109209,0.47
109210,0.02
109211,0.28
109212,0.39
109213,0.0
109214,0.0
109215,0.04
109216,0.14
109217,0.04
109218,0.01
109219,0.0
109220,0.14
109221,0.24
109222,0.06
109223,0.0
109224,0.0
109225,0.06
109226,0.01
109227,0.02
109228,0.0
109229,0.05
109230,0.0
109231,0.03
109232,0.01
109233,0.01
109234,0.01
109235,0.06
109236,0.02
109237,0.01
109238,0.0
109239,0.0
109240,0.0
109241,0.36
109242,0.69
109243,0.0
109244,0.01
109245,0.0
109246,0.62
109247,0.0
109248,0.11
109249,0.0
109250,0.09
109251,0.03
109252,0.01
109253,0.01
109254,0.02
109255,0.06
109256,0.08
109257,0.02
109258,0.12
109259,0.01
109260,0.13
109261,0.18
109262,0.01
109263,0.0
109264,0.0
109265,0.6
109266,0.01
109267,0.01
109268,0.01
109269,0.04
109270,0.1
109271,0.04
109272,0.01
109273,0.07
109274,0.0
109275,0.04
109276,0.13
109277,0.01
109278,0.18
109279,0.24
109280,0.19
109281,0.04
109282,0.11
109283,0.0
109284,0.0
109285,0.44
109286,0.0
109287,0.03
109288,0.17
109289,0.0
109290,0.02
109291,0.0
109292,0.01
109293,0.0
109294,0.31
109295,0.0
109296,0.07
109297,0.07
109298,0.2
109299,0.0
109300,0.02
109301,0.06
109302,0.15
109303,0.04
109304,0.05
109305,0.06
109306,0.02
109307,0.2
109308,0.04
109309,0.15
109310,0.14
109311,0.0
109312,0.03
109313,0.01
109314,0.39
109315,0.01
109316,0.01
109317,0.01
109318,0.12
109319,0.01
109320,0.03
109321,0.0
109322,0.0
109323,0.03
109324,0.13
109325,0.14
109326,0.07
109327,0.0
109328,0.09
109329,0.12
109330,0.0
109331,0.0
109332,0.04
109333,0.08
109334,0.01
109335,0.03
109336,0.13
109337,0.01
109338,0.0
109339,0.0
109340,0.38
109341,0.0
109342,0.02
109343,0.01
109344,0.14
109345,0.01
109346,0.0
109347,0.03
109348,0.02
109349,0.2
109350,0.02
109351,0.0
109352,0.0
109353,0.07
109354,0.0
109355,0.02
109356,0.0
109357,0.02
109358,0.0
109359,0.3
109360,0.06
109361,0.31
109362,0.0
109363,0.0
109364,0.01
109365,0.03
109366,0.01
109367,0.02
109368,0.0
109369,0.42
109370,0.0
109371,0.0
109372,0.3
109373,0.0
109374,0.16
109375,0.11
109376,0.0
109377,0.01
109378,0.0
109379,0.42
109380,0.0
109381,0.0
109382,0.03
109383,0.0
109384,0.0
109385,0.0
109386,0.02
109387,0.01
109388,0.01
109389,0.03
109390,0.08
109391,0.03
109392,0.0
109393,0.11
109394,0.02
109395,0.0
109396,0.1
109397,0.0
109398,0.0
109399,0.02
109400,0.01
109401,0.19
109402,0.0
109403,0.54
109404,0.12
109405,0.0
109406,0.13
109407,0.11
109408,0.0
109409,0.04
109410,0.02
109411,0.08
109412,0.38
109413,0.09
109414,0.03
109415,0.0
109416,0.01
109417,0.06
109418,0.09
109419,0.3
109420,0.0
109421,0.01
109422,0.11
109423,0.0
109424,0.0
109425,0.0
109426,0.07
109427,0.01
109428,0.03
109429,0.0
109430,0.16
109431,0.0
109432,0.01
109433,0.0
109434,0.0
109435,0.04
109436,0.24
109437,0.0
109438,0.09
109439,0.03
109440,0.0
109441,0.01
109442,0.15
109443,0.01
109444,0.0
109445,0.02
109446,0.02
109447,0.02
109448,0.06
109449,0.0
109450,0.07
109451,0.0
109452,0.11
109453,0.02
109454,0.01
109455,0.52
109456,0.14
109457,0.05
109458,0.02
109459,0.0
109460,0.0
109461,0.08
109462,0.43
109463,0.12
109464,0.0
109465,0.01
109466,0.01
109467,0.01
109468,0.05
109469,0.03
109470,0.05
109471,0.03
109472,0.0
109473,0.02
109474,0.01
109475,0.13
109476,0.02
109477,0.05
109478,0.05
109479,0.01
109480,0.0
109481,0.08
109482,0.07
109483,0.09
109484,0.0
109485,0.01
109486,0.0
109487,0.02
109488,0.11
109489,0.03
109490,0.0
109491,0.03
109492,0.0
109493,0.01
109494,0.0
109495,0.01
109496,0.1
109497,0.18
109498,0.0
109499,0.07
109500,0.03
109501,0.02
109502,0.01
109503,0.01
109504,0.01
109505,0.0
109506,0.1
109507,0.19
109508,0.03
109509,0.12
109510,0.03
109511,0.17
109512,0.0
109513,0.01
109514,0.05
109515,0.33
109516,0.18
109517,0.0
109518,0.01
109519,0.01
109520,0.0
109521,0.0
109522,0.03
109523,0.09
109524,0.04
109525,0.18
109526,0.02
109527,0.01
109528,0.03
109529,0.0
109530,0.04
109531,0.3
109532,0.04
109533,0.02
109534,0.48
109535,0.01
109536,0.07
109537,0.03
109538,0.45
109539,0.0
109540,0.03
109541,0.14
109542,0.0
109543,0.0
109544,0.1
109545,0.0
109546,0.12
109547,0.03
109548,0.05
109549,0.0
109550,0.0
109551,0.0
109552,0.0
109553,0.02
109554,0.0
109555,0.37
109556,0.0
109557,0.33
109558,0.18
109559,0.03
109560,0.13
109561,0.0
109562,0.0
109563,0.1
109564,0.07
109565,0.0
109566,0.01
109567,0.0
109568,0.03
109569,0.19
109570,0.2
109571,0.53
109572,0.0
109573,0.01
109574,0.07
109575,0.01
109576,0.08
109577,0.0
109578,0.01
109579,0.35
109580,0.07
109581,0.03
109582,0.0
109583,0.03
109584,0.33
109585,0.03
109586,0.05
109587,0.0
109588,0.05
109589,0.02
109590,0.0
109591,0.0
109592,0.03
109593,0.07
109594,0.0
109595,0.01
109596,0.02
109597,0.2
109598,0.02
109599,0.0
109600,0.08
109601,0.0
109602,0.02
109603,0.0
109604,0.02
109605,0.01
109606,0.16
109607,0.1
109608,0.08
109609,0.01
109610,0.0
109611,0.0
109612,0.13
109613,0.06
109614,0.0
109615,0.01
109616,0.05
109617,0.22
109618,0.07
109619,0.0
109620,0.0
109621,0.01
109622,0.02
109623,0.0
109624,0.01
109625,0.03
109626,0.01
109627,0.56
109628,0.0
109629,0.0
109630,0.05
109631,0.11
109632,0.02
109633,0.17
109634,0.01
109635,0.11
109636,0.0
109637,0.1
109638,0.04
109639,0.02
109640,0.01
109641,0.02
109642,0.08
109643,0.01
109644,0.02
109645,0.06
109646,0.0
109647,0.0
109648,0.04
109649,0.04
109650,0.0
109651,0.0
109652,0.01
109653,0.01
109654,0.52
109655,0.03
109656,0.01
109657,0.02
109658,0.1
109659,0.05
109660,0.33
109661,0.02
109662,0.02
109663,0.0
109664,0.0
109665,0.0
109666,0.0
109667,0.03
109668,0.0
109669,0.02
109670,0.04
109671,0.01
109672,0.0
109673,0.01
109674,0.11
109675,0.0
109676,0.0
109677,0.0
109678,0.05
109679,0.12
109680,0.08
109681,0.07
109682,0.01
109683,0.0
109684,0.0
109685,0.0
109686,0.02
109687,0.13
109688,0.04
109689,0.0
109690,0.07
109691,0.57
109692,0.0
109693,0.0
109694,0.01
109695,0.07
109696,0.01
109697,0.0
109698,0.11
109699,0.04
109700,0.0
109701,0.03
109702,0.0
109703,0.01
109704,0.07
109705,0.01
109706,0.01
109707,0.01
109708,0.02
109709,0.01
109710,0.0
109711,0.01
109712,0.0
109713,0.05
109714,0.07
109715,0.0
109716,0.0
109717,0.02
109718,0.26
109719,0.05
109720,0.01
109721,0.02
109722,0.01
109723,0.24
109724,0.0
109725,0.0
109726,0.01
109727,0.0
109728,0.01
109729,0.03
109730,0.05
109731,0.0
109732,0.0
109733,0.05
109734,0.15
109735,0.0
109736,0.02
109737,0.24
109738,0.0
109739,0.2
109740,0.18
109741,0.03
109742,0.0
109743,0.02
109744,0.01
109745,0.04
109746,0.16
109747,0.02
109748,0.0
109749,0.07
109750,0.0
109751,0.29
109752,0.0
109753,0.14
109754,0.02
109755,0.0
109756,0.28
109757,0.14
109758,0.05
109759,0.08
109760,0.03
109761,0.01
109762,0.11
109763,0.09
109764,0.01
109765,0.02
109766,0.01
109767,0.0
109768,0.0
109769,0.01
109770,0.64
109771,0.01
109772,0.0
109773,0.0
109774,0.02
109775,0.0
109776,0.01
109777,0.24
109778,0.0
109779,0.0
109780,0.05
109781,0.05
109782,0.04
109783,0.02
109784,0.0
109785,0.0
109786,0.01
109787,0.22
109788,0.04
109789,0.03
109790,0.0
109791,0.0
109792,0.01
109793,0.04
109794,0.05
109795,0.12
109796,0.02
109797,0.01
109798,0.34
109799,0.0
109800,0.0
109801,0.06
109802,0.0
109803,0.06
109804,0.09
109805,0.11
109806,0.0
109807,0.05
109808,0.0
109809,0.01
109810,0.03
109811,0.03
109812,0.0
109813,0.0
109814,0.26
109815,0.44
109816,0.02
109817,0.0
109818,0.02
109819,0.02
109820,0.09
109821,0.02
109822,0.05
109823,0.06
109824,0.07
109825,0.06
109826,0.34
109827,0.14
109828,0.0
109829,0.01
109830,0.12
109831,0.0
109832,0.03
109833,0.55
109834,0.18
109835,0.05
109836,0.01
109837,0.02
109838,0.0
109839,0.02
109840,0.49
109841,0.07
109842,0.02
109843,0.0
109844,0.05
109845,0.15
109846,0.0
109847,0.0
109848,0.03
109849,0.02
109850,0.02
109851,0.05
109852,0.42
109853,0.14
109854,0.05
109855,0.14
109856,0.48
109857,0.07
109858,0.07
109859,0.02
109860,0.03
109861,0.43
109862,0.16
109863,0.0
109864,0.01
109865,0.03
109866,0.05
109867,0.08
109868,0.34
109869,0.01
109870,0.15
109871,0.08
109872,0.06
109873,0.05
109874,0.13
109875,0.0
109876,0.06
109877,0.03
109878,0.27
109879,0.05
109880,0.25
109881,0.01
109882,0.03
109883,0.08
109884,0.53
109885,0.03
109886,0.0
109887,0.13
109888,0.02
109889,0.0
109890,0.17
109891,0.0
109892,0.02
109893,0.16
109894,0.0
109895,0.15
109896,0.1
109897,0.01
109898,0.0
109899,0.13
109900,0.22
109901,0.0
109902,0.0
109903,0.16
109904,0.02
109905,0.0
109906,0.03
109907,0.1
109908,0.0
109909,0.01
109910,0.0
109911,0.01
109912,0.01
109913,0.01
109914,0.0
109915,0.01
109916,0.1
109917,0.31
109918,0.04
109919,0.0
109920,0.01
109921,0.1
109922,0.0
109923,0.08
109924,0.15
109925,0.05
109926,0.12
109927,0.05
109928,0.23
109929,0.01
109930,0.15
109931,0.03
109932,0.07
109933,0.0
109934,0.04
109935,0.01
109936,0.0
109937,0.02
109938,0.07
109939,0.57
109940,0.07
109941,0.17
109942,0.12
109943,0.0
109944,0.04
109945,0.0
109946,0.11
109947,0.07
109948,0.03
109949,0.0
109950,0.39
109951,0.0
109952,0.05
109953,0.0
109954,0.11
109955,0.14
109956,0.02
109957,0.72
109958,0.02
109959,0.01
109960,0.02
109961,0.04
109962,0.03
109963,0.0
109964,0.0
109965,0.0
109966,0.02
109967,0.0
109968,0.02
109969,0.05
109970,0.14
109971,0.0
109972,0.01
109973,0.26
109974,0.03
109975,0.03
109976,0.0
109977,0.01
109978,0.13
109979,0.36
109980,0.09
109981,0.05
109982,0.01
109983,0.05
109984,0.02
109985,0.03
109986,0.05
109987,0.0
109988,0.0
109989,0.03
109990,0.06
109991,0.0
109992,0.02
109993,0.0
109994,0.01
109995,0.02
109996,0.13
109997,0.26
109998,0.01
109999,0.0
110000,0.0
110001,0.01
110002,0.0
110003,0.05
110004,0.03
110005,0.01
110006,0.02
110007,0.01
110008,0.04
110009,0.07
110010,0.03
110011,0.02
110012,0.11
110013,0.0
110014,0.0
110015,0.04
110016,0.01
110017,0.0
110018,0.68
110019,0.02
110020,0.03
110021,0.01
110022,0.03
110023,0.03
110024,0.03
110025,0.0
110026,0.02
110027,0.54
110028,0.0
110029,0.0
110030,0.01
110031,0.54
110032,0.18
110033,0.24
110034,0.01
110035,0.0
110036,0.03
110037,0.0
110038,0.0
110039,0.0
110040,0.03
110041,0.16
110042,0.01
110043,0.14
110044,0.07
110045,0.01
110046,0.13
110047,0.02
110048,0.15
110049,0.0
110050,0.03
110051,0.0
110052,0.01
110053,0.03
110054,0.02
110055,0.0
110056,0.06
110057,0.02
110058,0.01
110059,0.04
110060,0.03
110061,0.0
110062,0.0
110063,0.57
110064,0.06
110065,0.04
110066,0.0
110067,0.11
110068,0.03
110069,0.01
110070,0.02
110071,0.14
110072,0.0
110073,0.04
110074,0.0
110075,0.0
110076,0.0
110077,0.25
110078,0.15
110079,0.0
110080,0.01
110081,0.33
110082,0.1
110083,0.0
110084,0.09
110085,0.0
110086,0.02
110087,0.0
110088,0.01
110089,0.05
110090,0.02
110091,0.01
110092,0.01
110093,0.0
110094,0.02
110095,0.03
110096,0.05
110097,0.0
110098,0.0
110099,0.0
110100,0.0
110101,0.02
110102,0.01
110103,0.17
110104,0.01
110105,0.0
110106,0.02
110107,0.03
110108,0.01
110109,0.01
110110,0.0
110111,0.04
110112,0.17
110113,0.02
110114,0.04
110115,0.0
110116,0.0
110117,0.11
110118,0.02
110119,0.05
110120,0.01
110121,0.35
110122,0.01
110123,0.29
110124,0.09
110125,0.0
110126,0.11
110127,0.03
110128,0.15
110129,0.05
110130,0.34
110131,0.27
110132,0.05
110133,0.0
110134,0.0
110135,0.0
110136,0.04
110137,0.0
110138,0.25
110139,0.0
110140,0.01
110141,0.02
110142,0.36
110143,0.0
110144,0.01
110145,0.02
110146,0.0
110147,0.37
110148,0.0
110149,0.0
110150,0.02
110151,0.0
110152,0.01
110153,0.0
110154,0.26
110155,0.01
110156,0.0
110157,0.0
110158,0.13
110159,0.0
110160,0.39
110161,0.03
110162,0.07
110163,0.03
110164,0.04
110165,0.0
110166,0.05
110167,0.25
110168,0.05
110169,0.0
110170,0.01
110171,0.0
110172,0.03
110173,0.0
110174,0.01
110175,0.25
110176,0.34
110177,0.08
110178,0.03
110179,0.01
110180,0.01
110181,0.04
110182,0.05
110183,0.1
110184,0.02
110185,0.02
110186,0.02
110187,0.0
110188,0.0
110189,0.01
110190,0.01
110191,0.01
110192,0.14
110193,0.33
110194,0.0
110195,0.01
110196,0.09
110197,0.01
110198,0.03
110199,0.04
110200,0.02
110201,0.0
110202,0.3
110203,0.0
110204,0.01
110205,0.0
110206,0.32
110207,0.0
110208,0.0
110209,0.01
110210,0.0
110211,0.07
110212,0.01
110213,0.04
110214,0.01
110215,0.3
110216,0.0
110217,0.09
110218,0.01
110219,0.05
110220,0.03
110221,0.05
110222,0.01
110223,0.0
110224,0.01
110225,0.0
110226,0.0
110227,0.01
110228,0.74
110229,0.0
110230,0.04
110231,0.01
110232,0.05
110233,0.02
110234,0.0
110235,0.15
110236,0.0
110237,0.04
110238,0.05
110239,0.0
110240,0.01
110241,0.04
110242,0.02
110243,0.02
110244,0.03
110245,0.01
110246,0.35
110247,0.1
110248,0.14
110249,0.27
110250,0.02
110251,0.13
110252,0.0
110253,0.0
110254,0.09
110255,0.01
110256,0.0
110257,0.0
110258,0.15
110259,0.0
110260,0.02
110261,0.0
110262,0.01
110263,0.35
110264,0.01
110265,0.09
110266,0.2
110267,0.03
110268,0.04
110269,0.01
110270,0.22
110271,0.77
110272,0.06
110273,0.02
110274,0.11
110275,0.0
110276,0.22
110277,0.61
110278,0.0
110279,0.03
110280,0.16
110281,0.01
110282,0.0
110283,0.36
110284,0.02
110285,0.04
110286,0.03
110287,0.0
110288,0.04
110289,0.0
110290,0.02
110291,0.0
110292,0.11
110293,0.0
110294,0.0
110295,0.0
110296,0.15
110297,0.0
110298,0.0
110299,0.58
110300,0.0
110301,0.1
110302,0.05
110303,0.02
110304,0.02
110305,0.0
110306,0.06
110307,0.0
110308,0.2
110309,0.0
110310,0.01
110311,0.11
110312,0.0
110313,0.09
110314,0.04
110315,0.39
110316,0.03
110317,0.07
110318,0.28
110319,0.24
110320,0.0
110321,0.0
110322,0.0
110323,0.02
110324,0.0
110325,0.0
110326,0.0
110327,0.48
110328,0.0
110329,0.02
110330,0.0
110331,0.03
110332,0.62
110333,0.02
110334,0.02
110335,0.04
110336,0.02
110337,0.0
110338,0.01
110339,0.05
110340,0.13
110341,0.05
110342,0.0
110343,0.07
110344,0.01
110345,0.01
110346,0.11
110347,0.05
110348,0.02
110349,0.39
110350,0.47
110351,0.28
110352,0.02
110353,0.0
110354,0.04
110355,0.38
110356,0.03
110357,0.01
110358,0.03
110359,0.05
110360,0.21
110361,0.05
110362,0.03
110363,0.0
110364,0.27
110365,0.02
110366,0.09
110367,0.04
110368,0.01
110369,0.04
110370,0.0
110371,0.09
110372,0.0
110373,0.0
110374,0.03
110375,0.0
110376,0.36
110377,0.11
110378,0.54
110379,0.07
110380,0.03
110381,0.11
110382,0.29
110383,0.02
110384,0.02
110385,0.0
110386,0.0
110387,0.0
110388,0.01
110389,0.02
110390,0.37
110391,0.03
110392,0.2
110393,0.02
110394,0.25
110395,0.07
110396,0.0
110397,0.13
110398,0.01
110399,0.01
110400,0.07
110401,0.13
110402,0.08
110403,0.05
110404,0.32
110405,0.05
110406,0.01
110407,0.0
110408,0.0
110409,0.65
110410,0.0
110411,0.11
110412,0.04
110413,0.0
110414,0.09
110415,0.01
110416,0.0
110417,0.01
110418,0.0
110419,0.0
110420,0.39
110421,0.0
110422,0.04
110423,0.0
110424,0.07
110425,0.03
110426,0.01
110427,0.05
110428,0.17
110429,0.01
110430,0.03
110431,0.05
110432,0.19
110433,0.01
110434,0.01
110435,0.04
110436,0.2
110437,0.01
110438,0.0
110439,0.04
110440,0.03
110441,0.14
110442,0.0
110443,0.01
110444,0.0
110445,0.7
110446,0.06
110447,0.06
110448,0.01
110449,0.0
110450,0.08
110451,0.0
110452,0.0
110453,0.0
110454,0.14
110455,0.02
110456,0.07
110457,0.02
110458,0.0
110459,0.26
110460,0.0
110461,0.0
110462,0.04
110463,0.08
110464,0.06
110465,0.01
110466,0.0
110467,0.01
110468,0.09
110469,0.09
110470,0.04
110471,0.02
110472,0.03
110473,0.06
110474,0.4
110475,0.01
110476,0.04
110477,0.0
110478,0.49
110479,0.0
110480,0.1
110481,0.0
110482,0.01
110483,0.08
110484,0.01
110485,0.0
110486,0.01
110487,0.02
110488,0.18
110489,0.0
110490,0.1
110491,0.0
110492,0.12
110493,0.05
110494,0.06
110495,0.01
110496,0.2
110497,0.0
110498,0.03
110499,0.0
110500,0.01
110501,0.02
110502,0.0
110503,0.03
110504,0.04
110505,0.06
110506,0.03
110507,0.01
110508,0.01
110509,0.0
110510,0.0
110511,0.02
110512,0.01
110513,0.09
110514,0.17
110515,0.0
110516,0.0
110517,0.0
110518,0.01
110519,0.11
110520,0.04
110521,0.01
110522,0.0
110523,0.01
110524,0.05
110525,0.08
110526,0.05
110527,0.06
110528,0.09
110529,0.0
110530,0.01
110531,0.06
110532,0.02
110533,0.02
110534,0.05
110535,0.02
110536,0.05
110537,0.0
110538,0.02
110539,0.02
110540,0.0
110541,0.05
110542,0.01
110543,0.02
110544,0.0
110545,0.07
110546,0.0
110547,0.04
110548,0.0
110549,0.02
110550,0.0
110551,0.02
110552,0.01
110553,0.01
110554,0.0
110555,0.02
110556,0.3
110557,0.04
110558,0.0
110559,0.02
110560,0.04
110561,0.02
110562,0.0
110563,0.31
110564,0.0
110565,0.0
110566,0.01
110567,0.34
110568,0.21
110569,0.0
110570,0.12
110571,0.0
110572,0.08
110573,0.01
110574,0.0
110575,0.01
110576,0.0
110577,0.0
110578,0.0
110579,0.01
110580,0.05
110581,0.01
110582,0.21
110583,0.04
110584,0.06
110585,0.01
110586,0.0
110587,0.01
110588,0.01
110589,0.0
110590,0.0
110591,0.0
110592,0.11
110593,0.0
110594,0.02
110595,0.01
110596,0.0
110597,0.0
110598,0.04
110599,0.03
110600,0.05
110601,0.07
110602,0.09
110603,0.01
110604,0.02
110605,0.01
110606,0.03
110607,0.02
110608,0.01
110609,0.02
110610,0.01
110611,0.01
110612,0.0
110613,0.08
110614,0.12
110615,0.0
110616,0.0
110617,0.02
110618,0.0
110619,0.01
110620,0.03
110621,0.03
110622,0.26
110623,0.0
110624,0.08
110625,0.02
110626,0.11
110627,0.04
110628,0.04
110629,0.06
110630,0.02
110631,0.06
110632,0.0
110633,0.09
110634,0.01
110635,0.02
110636,0.01
110637,0.0
110638,0.0
110639,0.11
110640,0.06
110641,0.0
110642,0.46
110643,0.02
110644,0.02
110645,0.0
110646,0.05
110647,0.06
110648,0.01
110649,0.07
110650,0.01
110651,0.0
110652,0.01
110653,0.49
110654,0.09
110655,0.19
110656,0.01
110657,0.0
110658,0.02
110659,0.26
110660,0.0
110661,0.0
110662,0.13
110663,0.03
110664,0.05
110665,0.18
110666,0.0
110667,0.06
110668,0.19
110669,0.07
110670,0.02
110671,0.15
110672,0.07
110673,0.01
110674,0.0
110675,0.05
110676,0.05
110677,0.02
110678,0.22
110679,0.01
110680,0.01
110681,0.18
110682,0.03
110683,0.0
110684,0.01
110685,0.02
110686,0.01
110687,0.07
110688,0.0
110689,0.0
110690,0.03
110691,0.04
110692,0.01
110693,0.15
110694,0.04
110695,0.14
110696,0.04
110697,0.05
110698,0.02
110699,0.02
110700,0.0
110701,0.05
110702,0.0
110703,0.24
110704,0.07
110705,0.42
110706,0.0
110707,0.02
110708,0.07
110709,0.03
110710,0.22
110711,0.0
110712,0.0
110713,0.01
110714,0.02
110715,0.0
110716,0.11
110717,0.0
110718,0.02
110719,0.11
110720,0.01
110721,0.1
110722,0.04
110723,0.29
110724,0.06
110725,0.0
110726,0.01
110727,0.07
110728,0.0
110729,0.0
110730,0.0
110731,0.08
110732,0.19
110733,0.03
110734,0.43
110735,0.57
110736,0.02
110737,0.0
110738,0.02
110739,0.04
110740,0.01
110741,0.54
110742,0.09
110743,0.07
110744,0.01
110745,0.08
110746,0.0
110747,0.17
110748,0.01
110749,0.04
110750,0.0
110751,0.05
110752,0.0
110753,0.14
110754,0.0
110755,0.01
110756,0.07
110757,0.05
110758,0.02
110759,0.02
110760,0.02
110761,0.0
110762,0.1
110763,0.0
110764,0.0
110765,0.02
110766,0.05
110767,0.03
110768,0.04
110769,0.02
110770,0.29
110771,0.0
110772,0.04
110773,0.16
110774,0.0
110775,0.04
110776,0.04
110777,0.01
110778,0.02
110779,0.24
110780,0.19
110781,0.01
110782,0.21
110783,0.51
110784,0.02
110785,0.0
110786,0.09
110787,0.03
110788,0.05
110789,0.2
110790,0.11
110791,0.0
110792,0.01
110793,0.21
110794,0.55
110795,0.02
110796,0.07
110797,0.44
110798,0.02
110799,0.0
110800,0.0
110801,0.01
110802,0.32
110803,0.06
110804,0.0
110805,0.21
110806,0.0
110807,0.0
110808,0.0
110809,0.64
110810,0.08
110811,0.01
110812,0.01
110813,0.5
110814,0.07
110815,0.02
110816,0.0
110817,0.02
110818,0.0
110819,0.03
110820,0.25
110821,0.01
110822,0.0
110823,0.01
110824,0.05
110825,0.2
110826,0.01
110827,0.14
110828,0.0
110829,0.0
110830,0.02
110831,0.01
110832,0.08
110833,0.0
110834,0.06
110835,0.05
110836,0.03
110837,0.03
110838,0.03
110839,0.22
110840,0.08
110841,0.25
110842,0.11
110843,0.0
110844,0.09
110845,0.06
110846,0.18
110847,0.0
110848,0.01
110849,0.08
110850,0.18
110851,0.05
110852,0.01
110853,0.0
110854,0.03
110855,0.04
110856,0.1
110857,0.0
110858,0.21
110859,0.01
110860,0.52
110861,0.01
110862,0.03
110863,0.12
110864,0.06
110865,0.0
110866,0.01
110867,0.17
110868,0.01
110869,0.02
110870,0.0
110871,0.08
110872,0.02
110873,0.0
110874,0.01
110875,0.01
110876,0.01
110877,0.05
110878,0.02
110879,0.38
110880,0.0
110881,0.63
110882,0.01
110883,0.01
110884,0.0
110885,0.07
110886,0.04
110887,0.04
110888,0.07
110889,0.01
110890,0.0
110891,0.03
110892,0.13
110893,0.0
110894,0.0
110895,0.1
110896,0.01
110897,0.03
110898,0.0
110899,0.03
110900,0.0
110901,0.01
110902,0.0
110903,0.03
110904,0.27
110905,0.09
110906,0.0
110907,0.01
110908,0.0
110909,0.05
110910,0.0
110911,0.08
110912,0.0
110913,0.0
110914,0.07
110915,0.01
110916,0.05
110917,0.03
110918,0.38
110919,0.16
110920,0.26
110921,0.03
110922,0.07
110923,0.27
110924,0.01
110925,0.05
110926,0.05
110927,0.02
110928,0.03
110929,0.37
110930,0.03
110931,0.03
110932,0.02
110933,0.01
110934,0.1
110935,0.08
110936,0.0
110937,0.0
110938,0.01
110939,0.03
110940,0.0
110941,0.13
110942,0.07
110943,0.01
110944,0.0
110945,0.03
110946,0.02
110947,0.03
110948,0.32
110949,0.0
110950,0.02
110951,0.0
110952,0.39
110953,0.02
110954,0.0
110955,0.0
110956,0.03
110957,0.01
110958,0.06
110959,0.0
110960,0.03
110961,0.01
110962,0.01
110963,0.07
110964,0.35
110965,0.33
110966,0.06
110967,0.0
110968,0.01
110969,0.01
110970,0.02
110971,0.03
110972,0.01
110973,0.05
110974,0.02
110975,0.0
110976,0.04
110977,0.01
110978,0.13
110979,0.1
110980,0.0
110981,0.03
110982,0.09
110983,0.05
110984,0.05
110985,0.0
110986,0.0
110987,0.09
110988,0.35
110989,0.0
110990,0.0
110991,0.03
110992,0.18
110993,0.06
110994,0.0
110995,0.0
110996,0.08
110997,0.06
110998,0.41
110999,0.03
111000,0.01
111001,0.08
111002,0.02
111003,0.01
111004,0.14
111005,0.0
111006,0.01
111007,0.0
111008,0.04
111009,0.12
111010,0.14
111011,0.03
111012,0.01
111013,0.1
111014,0.02
111015,0.02
111016,0.07
111017,0.04
111018,0.22
111019,0.0
111020,0.03
111021,0.0
111022,0.04
111023,0.25
111024,0.01
111025,0.02
111026,0.01
111027,0.0
111028,0.15
111029,0.08
111030,0.0
111031,0.01
111032,0.01
111033,0.03
111034,0.0
111035,0.04
111036,0.09
111037,0.03
111038,0.08
111039,0.01
111040,0.27
111041,0.02
111042,0.0
111043,0.15
111044,0.05
111045,0.15
111046,0.0
111047,0.04
111048,0.01
111049,0.0
111050,0.01
111051,0.06
111052,0.0
111053,0.0
111054,0.0
111055,0.08
111056,0.0
111057,0.09
111058,0.04
111059,0.01
111060,0.01
111061,0.21
111062,0.0
111063,0.0
111064,0.05
111065,0.0
111066,0.13
111067,0.0
111068,0.15
111069,0.07
111070,0.03
111071,0.08
111072,0.2
111073,0.12
111074,0.09
111075,0.01
111076,0.0
111077,0.0
111078,0.02
111079,0.0
111080,0.0
111081,0.01
111082,0.06
111083,0.13
111084,0.29
111085,0.0
111086,0.06
111087,0.04
111088,0.0
111089,0.13
111090,0.01
111091,0.0
111092,0.02
111093,0.06
111094,0.0
111095,0.05
111096,0.03
111097,0.02
111098,0.02
111099,0.06
111100,0.06
111101,0.13
111102,0.0
111103,0.07
111104,0.43
111105,0.04
111106,0.14
111107,0.0
111108,0.01
111109,0.01
111110,0.12
111111,0.0
111112,0.02
111113,0.03
111114,0.0
111115,0.03
111116,0.0
111117,0.0
111118,0.01
111119,0.05
111120,0.0
111121,0.15
111122,0.04
111123,0.04
111124,0.2
111125,0.53
111126,0.03
111127,0.01
111128,0.06
111129,0.07
111130,0.08
111131,0.07
111132,0.27
111133,0.0
111134,0.01
111135,0.07
111136,0.04
111137,0.18
111138,0.02
111139,0.01
111140,0.04
111141,0.07
111142,0.05
111143,0.0
111144,0.02
111145,0.01
111146,0.21
111147,0.02
111148,0.0
111149,0.01
111150,0.06
111151,0.12
111152,0.04
111153,0.03
111154,0.22
111155,0.07
111156,0.0
111157,0.01
111158,0.3
111159,0.07
111160,0.02
111161,0.06
111162,0.15
111163,0.02
111164,0.0
111165,0.33
111166,0.0
111167,0.02
111168,0.14
111169,0.06
111170,0.0
111171,0.35
111172,0.87
111173,0.36
111174,0.04
111175,0.02
111176,0.01
111177,0.01
111178,0.02
111179,0.0
111180,0.01
111181,0.0
111182,0.0
111183,0.01
111184,0.12
111185,0.02
111186,0.0
111187,0.08
111188,0.06
111189,0.19
111190,0.0
111191,0.0
111192,0.33
111193,0.01
111194,0.01
111195,0.07
111196,0.0
111197,0.02
111198,0.0
111199,0.05
111200,0.04
111201,0.23
111202,0.01
111203,0.02
111204,0.0
111205,0.11
111206,0.01
111207,0.08
111208,0.11
111209,0.35
111210,0.01
111211,0.06
111212,0.35
111213,0.0
111214,0.0
111215,0.0
111216,0.52
111217,0.01
111218,0.0
111219,0.01
111220,0.01
111221,0.0
111222,0.0
111223,0.0
111224,0.32
111225,0.11
111226,0.05
111227,0.11
111228,0.07
111229,0.0
111230,0.26
111231,0.01
111232,0.01
111233,0.02
111234,0.04
111235,0.0
111236,0.04
111237,0.04
111238,0.09
111239,0.08
111240,0.01
111241,0.16
111242,0.0
111243,0.0
111244,0.03
111245,0.02
111246,0.03
111247,0.3
111248,0.0
111249,0.0
111250,0.02
111251,0.03
111252,0.03
111253,0.01
111254,0.0
111255,0.0
111256,0.01
111257,0.48
111258,0.09
111259,0.01
111260,0.05
111261,0.0
111262,0.17
111263,0.04
111264,0.15
111265,0.0
111266,0.05
111267,0.0
111268,0.17
111269,0.0
111270,0.01
111271,0.01
111272,0.01
111273,0.03
111274,0.0
111275,0.01
111276,0.1
111277,0.19
111278,0.01
111279,0.0
111280,0.0
111281,0.03
111282,0.53
111283,0.03
111284,0.24
111285,0.09
111286,0.03
111287,0.01
111288,0.0
111289,0.05
111290,0.11
111291,0.29
111292,0.53
111293,0.0
111294,0.11
111295,0.33
111296,0.0
111297,0.08
111298,0.01
111299,0.0
111300,0.04
111301,0.05
111302,0.0
111303,0.07
111304,0.04
111305,0.03
111306,0.08
111307,0.09
111308,0.03
111309,0.07
111310,0.06
111311,0.01
111312,0.03
111313,0.04
111314,0.77
111315,0.0
111316,0.02
111317,0.01
111318,0.01
111319,0.23
111320,0.0
111321,0.0
111322,0.01
111323,0.08
111324,0.0
111325,0.02
111326,0.0
111327,0.0
111328,0.0
111329,0.0
111330,0.03
111331,0.03
111332,0.08
111333,0.0
111334,0.0
111335,0.01
111336,0.06
111337,0.01
111338,0.0
111339,0.11
111340,0.03
111341,0.06
111342,0.01
111343,0.02
111344,0.1
111345,0.03
111346,0.15
111347,0.31
111348,0.11
111349,0.04
111350,0.0
111351,0.0
111352,0.05
111353,0.07
111354,0.02
111355,0.26
111356,0.02
111357,0.0
111358,0.0
111359,0.0
111360,0.01
111361,0.01
111362,0.06
111363,0.1
111364,0.0
111365,0.08
111366,0.01
111367,0.0
111368,0.0
111369,0.0
111370,0.15
111371,0.01
111372,0.02
111373,0.0
111374,0.0
111375,0.05
111376,0.0
111377,0.02
111378,0.0
111379,0.05
111380,0.03
111381,0.0
111382,0.02
111383,0.01
111384,0.07
111385,0.21
111386,0.0
111387,0.37
111388,0.02
111389,0.01
111390,0.0
111391,0.01
111392,0.0
111393,0.0
111394,0.19
111395,0.0
111396,0.04
111397,0.04
111398,0.02
111399,0.11
111400,0.05
111401,0.25
111402,0.0
111403,0.03
111404,0.02
111405,0.15
111406,0.0
111407,0.08
111408,0.03
111409,0.01
111410,0.09
111411,0.0
111412,0.06
111413,0.13
111414,0.02
111415,0.2
111416,0.01
111417,0.0
111418,0.03
111419,0.0
111420,0.0
111421,0.04
111422,0.0
111423,0.0
111424,0.02
111425,0.0
111426,0.0
111427,0.0
111428,0.09
111429,0.01
111430,0.18
111431,0.05
111432,0.07
111433,0.05
111434,0.02
111435,0.0
111436,0.12
111437,0.14
111438,0.02
111439,0.02
111440,0.32
111441,0.0
111442,0.07
111443,0.02
111444,0.05
111445,0.08
111446,0.04
111447,0.08
111448,0.0
111449,0.05
111450,0.5
111451,0.04
111452,0.01
111453,0.24
111454,0.03
111455,0.14
111456,0.09
111457,0.08
111458,0.01
111459,0.02
111460,0.01
111461,0.03
111462,0.0
111463,0.03
111464,0.03
111465,0.0
111466,0.0
111467,0.04
111468,0.0
111469,0.02
111470,0.01
111471,0.27
111472,0.0
111473,0.0
111474,0.15
111475,0.0
111476,0.07
111477,0.09
111478,0.0
111479,0.09
111480,0.29
111481,0.15
111482,0.06
111483,0.08
111484,0.0
111485,0.0
111486,0.01
111487,0.02
111488,0.0
111489,0.0
111490,0.0
111491,0.01
111492,0.0
111493,0.12
111494,0.01
111495,0.02
111496,0.03
111497,0.0
111498,0.19
111499,0.0
111500,0.0
111501,0.01
111502,0.0
111503,0.0
111504,0.0
111505,0.06
111506,0.01
111507,0.06
111508,0.04
111509,0.0
111510,0.0
111511,0.1
111512,0.01
111513,0.0
111514,0.0
111515,0.05
111516,0.26
111517,0.0
111518,0.01
111519,0.07
111520,0.02
111521,0.0
111522,0.01
111523,0.01
111524,0.0
111525,0.31
111526,0.18
111527,0.17
111528,0.0
111529,0.0
111530,0.23
111531,0.0
111532,0.0
111533,0.0
111534,0.11
111535,0.04
111536,0.0
111537,0.04
111538,0.14
111539,0.04
111540,0.0
111541,0.07
111542,0.11
111543,0.0
111544,0.0
111545,0.11
111546,0.01
111547,0.01
111548,0.01
111549,0.02
111550,0.0
111551,0.13
111552,0.53
111553,0.06
111554,0.21
111555,0.0
111556,0.23
111557,0.02
111558,0.04
111559,0.03
111560,0.0
111561,0.07
111562,0.0
111563,0.07
111564,0.01
111565,0.03
111566,0.03
111567,0.0
111568,0.03
111569,0.0
111570,0.05
111571,0.1
111572,0.0
111573,0.07
111574,0.25
111575,0.01
111576,0.07
111577,0.0
111578,0.0
111579,0.01
111580,0.01
111581,0.04
111582,0.03
111583,0.06
111584,0.04
111585,0.0
111586,0.0
111587,0.01
111588,0.17
111589,0.1
111590,0.0
111591,0.0
111592,0.0
111593,0.11
111594,0.11
111595,0.0
111596,0.05
111597,0.06
111598,0.01
111599,0.08
111600,0.02
111601,0.41
111602,0.01
111603,0.01
111604,0.02
111605,0.01
111606,0.06
111607,0.12
111608,0.03
111609,0.25
111610,0.03
111611,0.01
111612,0.16
111613,0.02
111614,0.0
111615,0.01
111616,0.04
111617,0.07
111618,0.01
111619,0.01
111620,0.06
111621,0.1
111622,0.0
111623,0.03
111624,0.0
111625,0.29
111626,0.13
111627,0.05
111628,0.05
111629,0.27
111630,0.03
111631,0.08
111632,0.02
111633,0.04
111634,0.0
111635,0.02
111636,0.03
111637,0.01
111638,0.0
111639,0.0
111640,0.17
111641,0.0
111642,0.02
111643,0.02
111644,0.03
111645,0.04
111646,0.1
111647,0.29
111648,0.07
111649,0.01
111650,0.07
111651,0.03
111652,0.02
111653,0.01
111654,0.08
111655,0.0
111656,0.0
111657,0.02
111658,0.0
111659,0.13
111660,0.0
111661,0.0
111662,0.25
111663,0.0
111664,0.05
111665,0.49
111666,0.02
111667,0.48
111668,0.1
111669,0.01
111670,0.1
111671,0.11
111672,0.22
111673,0.01
111674,0.01
111675,0.0
111676,0.04
111677,0.03
111678,0.0
111679,0.05
111680,0.0
111681,0.0
111682,0.01
111683,0.0
111684,0.03
111685,0.02
111686,0.05
111687,0.0
111688,0.0
111689,0.02
111690,0.0
111691,0.0
111692,0.05
111693,0.0
111694,0.0
111695,0.02
111696,0.0
111697,0.13
111698,0.18
111699,0.0
111700,0.02
111701,0.0
111702,0.01
111703,0.07
111704,0.02
111705,0.01
111706,0.02
111707,0.0
111708,0.04
111709,0.03
111710,0.02
111711,0.05
111712,0.13
111713,0.41
111714,0.11
111715,0.04
111716,0.01
111717,0.01
111718,0.0
111719,0.24
111720,0.0
111721,0.0
111722,0.17
111723,0.0
111724,0.19
111725,0.0
111726,0.02
111727,0.13
111728,0.02
111729,0.0
111730,0.0
111731,0.05
111732,0.14
111733,0.0
111734,0.04
111735,0.06
111736,0.04
111737,0.06
111738,0.0
111739,0.0
111740,0.28
111741,0.02
111742,0.01
111743,0.02
111744,0.28
111745,0.05
111746,0.01
111747,0.0
111748,0.13
111749,0.04
111750,0.19
111751,0.21
111752,0.04
111753,0.27
111754,0.01
111755,0.0
111756,0.0
111757,0.06
111758,0.0
111759,0.18
111760,0.01
111761,0.01
111762,0.59
111763,0.03
111764,0.12
111765,0.03
111766,0.02
111767,0.45
111768,0.32
111769,0.06
111770,0.11
111771,0.0
111772,0.07
111773,0.02
111774,0.26
111775,0.04
111776,0.0
111777,0.01
111778,0.23
111779,0.02
111780,0.0
111781,0.04
111782,0.03
111783,0.0
111784,0.17
111785,0.03
111786,0.05
111787,0.07
111788,0.0
111789,0.0
111790,0.11
111791,0.13
111792,0.21
111793,0.03
111794,0.06
111795,0.03
111796,0.0
111797,0.0
111798,0.0
111799,0.06
111800,0.01
111801,0.05
111802,0.03
111803,0.22
111804,0.05
111805,0.01
111806,0.02
111807,0.02
111808,0.39
111809,0.0
111810,0.0
111811,0.01
111812,0.0
111813,0.05
111814,0.04
111815,0.23
111816,0.02
111817,0.0
111818,0.03
111819,0.0
111820,0.11
111821,0.27
111822,0.0
111823,0.08
111824,0.1
111825,0.01
111826,0.02
111827,0.0
111828,0.01
111829,0.0
111830,0.21
111831,0.02
111832,0.08
111833,0.02
111834,0.21
111835,0.03
111836,0.38
111837,0.01
111838,0.0
111839,0.05
111840,0.0
111841,0.01
111842,0.03
111843,0.0
111844,0.02
111845,0.06
111846,0.26
111847,0.0
111848,0.0
111849,0.12
111850,0.07
111851,0.01
111852,0.01
111853,0.0
111854,0.0
111855,0.04
111856,0.15
111857,0.01
111858,0.13
111859,0.0
111860,0.03
111861,0.04
111862,0.0
111863,0.02
111864,0.11
111865,0.0
111866,0.0
111867,0.15
111868,0.0
111869,0.0
111870,0.02
111871,0.03
111872,0.01
111873,0.13
111874,0.08
111875,0.02
111876,0.04
111877,0.02
111878,0.03
111879,0.03
111880,0.0
111881,0.09
111882,0.01
111883,0.28
111884,0.0
111885,0.01
111886,0.02
111887,0.12
111888,0.16
111889,0.05
111890,0.0
111891,0.0
111892,0.0
111893,0.44
111894,0.0
111895,0.51
111896,0.0
111897,0.18
111898,0.01
111899,0.0
111900,0.05
111901,0.0
111902,0.02
111903,0.01
111904,0.04
111905,0.02
111906,0.02
111907,0.0
111908,0.69
111909,0.0
111910,0.33
111911,0.0
111912,0.02
111913,0.0
111914,0.11
111915,0.24
111916,0.03
111917,0.15
111918,0.01
111919,0.0
111920,0.3
111921,0.0
111922,0.07
111923,0.03
111924,0.02
111925,0.01
111926,0.0
111927,0.12
111928,0.14
111929,0.0
111930,0.0
111931,0.02
111932,0.05
111933,0.06
111934,0.0
111935,0.0
111936,0.04
111937,0.0
111938,0.0
111939,0.0
111940,0.0
111941,0.39
111942,0.02
111943,0.45
111944,0.1
111945,0.01
111946,0.02
111947,0.0
111948,0.26
111949,0.07
111950,0.03
111951,0.02
111952,0.0
111953,0.02
111954,0.15
111955,0.27
111956,0.0
111957,0.19
111958,0.0
111959,0.25
111960,0.08
111961,0.05
111962,0.02
111963,0.01
111964,0.0
111965,0.0
111966,0.14
111967,0.03
111968,0.58
111969,0.2
111970,0.22
111971,0.06
111972,0.22
111973,0.13
111974,0.0
111975,0.32
111976,0.01
111977,0.0
111978,0.02
111979,0.0
111980,0.01
111981,0.69
111982,0.02
111983,0.12
111984,0.01
111985,0.02
111986,0.02
111987,0.12
111988,0.12
111989,0.0
111990,0.16
111991,0.0
111992,0.0
111993,0.02
111994,0.09
111995,0.2
111996,0.06
111997,0.0
111998,0.11
111999,0.0
112000,0.01
112001,0.03
112002,0.42
112003,0.0
112004,0.02
112005,0.01
112006,0.13
112007,0.17
112008,0.1
112009,0.01
112010,0.0
112011,0.0
112012,0.03
112013,0.01
112014,0.02
112015,0.0
112016,0.0
112017,0.0
112018,0.01
112019,0.0
112020,0.22
112021,0.01
112022,0.03
112023,0.0
112024,0.03
112025,0.0
112026,0.0
112027,0.02
112028,0.0
112029,0.04
112030,0.03
112031,0.01
112032,0.02
112033,0.0
112034,0.11
112035,0.02
112036,0.01
112037,0.06
112038,0.0
112039,0.04
112040,0.18
112041,0.0
112042,0.09
112043,0.03
112044,0.03
112045,0.15
112046,0.0
112047,0.0
112048,0.36
112049,0.0
112050,0.04
112051,0.04
112052,0.26
112053,0.01
112054,0.14
112055,0.0
112056,0.15
112057,0.03
112058,0.0
112059,0.04
112060,0.02
112061,0.09
112062,0.0
112063,0.0
112064,0.12
112065,0.05
112066,0.02
112067,0.02
112068,0.0
112069,0.04
112070,0.02
112071,0.11
112072,0.01
112073,0.01
112074,0.0
112075,0.01
112076,0.01
112077,0.27
112078,0.01
112079,0.05
112080,0.0
112081,0.12
112082,0.0
112083,0.03
112084,0.03
112085,0.07
112086,0.0
112087,0.06
112088,0.0
112089,0.0
112090,0.03
112091,0.0
112092,0.0
112093,0.0
112094,0.01
112095,0.56
112096,0.03
112097,0.03
112098,0.0
112099,0.01
112100,0.01
112101,0.03
112102,0.02
112103,0.04
112104,0.1
112105,0.09
112106,0.0
112107,0.01
112108,0.1
112109,0.01
112110,0.0
112111,0.01
112112,0.05
112113,0.0
112114,0.04
112115,0.01
112116,0.0
112117,0.05
112118,0.12
112119,0.23
112120,0.0
112121,0.19
112122,0.01
112123,0.06
112124,0.01
112125,0.05
112126,0.02
112127,0.0
112128,0.07
112129,0.02
112130,0.01
112131,0.1
112132,0.05
112133,0.18
112134,0.08
112135,0.25
112136,0.01
112137,0.04
112138,0.0
112139,0.27
112140,0.0
112141,0.05
112142,0.02
112143,0.01
112144,0.22
112145,0.0
112146,0.01
112147,0.12
112148,0.2
112149,0.0
112150,0.0
112151,0.04
112152,0.05
112153,0.0
112154,0.02
112155,0.18
112156,0.0
112157,0.01
112158,0.07
112159,0.0
112160,0.0
112161,0.01
112162,0.0
112163,0.0
112164,0.04
112165,0.25
112166,0.01
112167,0.01
112168,0.12
112169,0.06
112170,0.03
112171,0.0
112172,0.07
112173,0.03
112174,0.07
112175,0.16
112176,0.0
112177,0.16
112178,0.0
112179,0.0
112180,0.0
112181,0.0
112182,0.0
112183,0.02
112184,0.66
112185,0.01
112186,0.08
112187,0.56
112188,0.03
112189,0.01
112190,0.01
112191,0.11
112192,0.02
112193,0.01
112194,0.05
112195,0.0
112196,0.03
112197,0.0
112198,0.02
112199,0.0
112200,0.2
112201,0.05
112202,0.01
112203,0.21
112204,0.0
112205,0.11
112206,0.08
112207,0.07
112208,0.09
112209,0.02
112210,0.0
112211,0.0
112212,0.47
112213,0.01
112214,0.03
112215,0.0
112216,0.01
112217,0.02
112218,0.01
112219,0.0
112220,0.03
112221,0.03
112222,0.02
112223,0.02
112224,0.0
112225,0.0
112226,0.08
112227,0.36
112228,0.04
112229,0.0
112230,0.08
112231,0.25
112232,0.08
112233,0.11
112234,0.0
112235,0.25
112236,0.02
112237,0.05
112238,0.62
112239,0.09
112240,0.02
112241,0.08
112242,0.15
112243,0.02
112244,0.09
112245,0.05
112246,0.05
112247,0.01
112248,0.02
112249,0.06
112250,0.0
112251,0.0
112252,0.21
112253,0.0
112254,0.0
112255,0.0
112256,0.0
112257,0.04
112258,0.0
112259,0.0
112260,0.29
112261,0.08
112262,0.09
112263,0.03
112264,0.04
112265,0.0
112266,0.0
112267,0.0
112268,0.0
112269,0.34
112270,0.02
112271,0.03
112272,0.09
112273,0.06
112274,0.08
112275,0.08
112276,0.43
112277,0.17
112278,0.07
112279,0.32
112280,0.01
112281,0.0
112282,0.0
112283,0.01
112284,0.23
112285,0.01
112286,0.06
112287,0.08
112288,0.04
112289,0.01
112290,0.1
112291,0.03
112292,0.01
112293,0.02
112294,0.0
112295,0.02
112296,0.0
112297,0.03
112298,0.11
112299,0.0
112300,0.07
112301,0.0
112302,0.0
112303,0.0
112304,0.04
112305,0.0
112306,0.04
112307,0.0
112308,0.08
112309,0.02
112310,0.0
112311,0.09
112312,0.0
112313,0.0
112314,0.03
112315,0.04
112316,0.09
112317,0.03
112318,0.03
112319,0.01
112320,0.02
112321,0.0
112322,0.01
112323,0.0
112324,0.02
112325,0.0
112326,0.12
112327,0.02
112328,0.44
112329,0.03
112330,0.0
112331,0.02
112332,0.0
112333,0.04
112334,0.07
112335,0.01
112336,0.1
112337,0.0
112338,0.0
112339,0.17
112340,0.02
112341,0.0
112342,0.02
112343,0.01
112344,0.0
112345,0.16
112346,0.0
112347,0.12
112348,0.25
112349,0.03
112350,0.04
112351,0.02
112352,0.02
112353,0.36
112354,0.0
112355,0.04
112356,0.12
112357,0.0
112358,0.01
112359,0.14
112360,0.0
112361,0.01
112362,0.0
112363,0.11
112364,0.02
112365,0.01
112366,0.0
112367,0.0
112368,0.01
112369,0.0
112370,0.0
112371,0.09
112372,0.06
112373,0.07
112374,0.02
112375,0.01
112376,0.03
112377,0.0
112378,0.01
112379,0.01
112380,0.03
112381,0.29
112382,0.04
112383,0.01
112384,0.64
112385,0.01
112386,0.09
112387,0.03
112388,0.01
112389,0.0
112390,0.12
112391,0.0
112392,0.0
112393,0.08
112394,0.0
112395,0.01
112396,0.0
112397,0.05
112398,0.02
112399,0.06
112400,0.02
112401,0.02
112402,0.02
112403,0.01
112404,0.02
112405,0.01
112406,0.01
112407,0.04
112408,0.02
112409,0.11
112410,0.02
112411,0.04
112412,0.0
112413,0.0
112414,0.11
112415,0.0
112416,0.03
112417,0.12
112418,0.01
112419,0.03
112420,0.57
112421,0.05
112422,0.02
112423,0.06
112424,0.13
112425,0.03
112426,0.02
112427,0.0
112428,0.01
112429,0.01
112430,0.01
112431,0.0
112432,0.0
112433,0.0
112434,0.02
112435,0.06
112436,0.41
112437,0.02
112438,0.0
112439,0.07
112440,0.0
112441,0.01
112442,0.52
112443,0.0
112444,0.09
112445,0.0
112446,0.0
112447,0.02
112448,0.01
112449,0.01
112450,0.0
112451,0.17
112452,0.03
112453,0.01
112454,0.07
112455,0.01
112456,0.04
112457,0.16
112458,0.01
112459,0.0
112460,0.28
112461,0.02
112462,0.0
112463,0.08
112464,0.01
112465,0.01
112466,0.01
112467,0.0
112468,0.01
112469,0.3
112470,0.19
112471,0.01
112472,0.02
112473,0.23
112474,0.12
112475,0.01
112476,0.0
112477,0.02
112478,0.34
112479,0.44
112480,0.04
112481,0.01
112482,0.02
112483,0.0
112484,0.05
112485,0.12
112486,0.04
112487,0.11
112488,0.0
112489,0.0
112490,0.54
112491,0.0
112492,0.03
112493,0.07
112494,0.4
112495,0.01
112496,0.03
112497,0.02
112498,0.01
112499,0.01
112500,0.11
112501,0.0
112502,0.02
112503,0.03
112504,0.15
112505,0.05
112506,0.02
112507,0.01
112508,0.04
112509,0.07
112510,0.02
112511,0.0
112512,0.02
112513,0.01
112514,0.4
112515,0.08
112516,0.0
112517,0.02
112518,0.01
112519,0.22
112520,0.02
112521,0.02
112522,0.06
112523,0.0
112524,0.21
112525,0.09
112526,0.03
112527,0.01
112528,0.05
112529,0.01
112530,0.14
112531,0.02
112532,0.0
112533,0.01
112534,0.26
112535,0.05
112536,0.0
112537,0.01
112538,0.77
112539,0.06
112540,0.03
112541,0.0
112542,0.0
112543,0.0
112544,0.1
112545,0.11
112546,0.08
112547,0.02
112548,0.04
112549,0.01
112550,0.08
112551,0.09
112552,0.02
112553,0.03
112554,0.0
112555,0.05
112556,0.5
112557,0.0
112558,0.01
112559,0.22
112560,0.0
112561,0.0
112562,0.03
112563,0.05
112564,0.0
112565,0.35
112566,0.09
112567,0.0
112568,0.02
112569,0.07
112570,0.17
112571,0.08
112572,0.0
112573,0.02
112574,0.65
112575,0.0
112576,0.53
112577,0.02
112578,0.05
112579,0.2
112580,0.0
112581,0.02
112582,0.01
112583,0.0
112584,0.02
112585,0.03
112586,0.0
112587,0.01
112588,0.0
112589,0.05
112590,0.02
112591,0.51
112592,0.0
112593,0.02
112594,0.0
112595,0.34
112596,0.0
112597,0.01
112598,0.0
112599,0.0
112600,0.04
112601,0.03
112602,0.03
112603,0.15
112604,0.07
112605,0.02
112606,0.03
112607,0.02
112608,0.08
112609,0.0
112610,0.12
112611,0.0
112612,0.12
112613,0.0
112614,0.12
112615,0.01
112616,0.02
112617,0.04
112618,0.04
112619,0.0
112620,0.2
112621,0.41
112622,0.02
112623,0.0
112624,0.01
112625,0.13
112626,0.02
112627,0.18
112628,0.0
112629,0.01
112630,0.13
112631,0.0
112632,0.05
112633,0.03
112634,0.0
112635,0.0
112636,0.1
112637,0.02
112638,0.07
112639,0.0
112640,0.01
112641,0.0
112642,0.01
112643,0.05
112644,0.13
112645,0.04
112646,0.01
112647,0.03
112648,0.0
112649,0.16
112650,0.17
112651,0.14
112652,0.02
112653,0.0
112654,0.22
112655,0.01
112656,0.0
112657,0.09
112658,0.02
112659,0.01
112660,0.01
112661,0.17
112662,0.26
112663,0.0
112664,0.02
112665,0.0
112666,0.04
112667,0.21
112668,0.01
112669,0.06
112670,0.19
112671,0.18
112672,0.08
112673,0.05
112674,0.03
112675,0.04
112676,0.0
112677,0.04
112678,0.0
112679,0.02
112680,0.02
112681,0.0
112682,0.0
112683,0.07
112684,0.0
112685,0.1
112686,0.02
112687,0.01
112688,0.14
112689,0.0
112690,0.0
112691,0.04
112692,0.02
112693,0.0
112694,0.02
112695,0.02
112696,0.11
112697,0.11
112698,0.03
112699,0.11
112700,0.12
112701,0.04
112702,0.0
112703,0.03
112704,0.05
112705,0.19
112706,0.02
112707,0.0
112708,0.04
112709,0.03
112710,0.0
112711,0.02
112712,0.17
112713,0.03
112714,0.01
112715,0.38
112716,0.2
112717,0.11
112718,0.0
112719,0.0
112720,0.05
112721,0.01
112722,0.2
112723,0.01
112724,0.02
112725,0.0
112726,0.07
112727,0.06
112728,0.02
112729,0.01
112730,0.0
112731,0.0
112732,0.3
112733,0.0
112734,0.23
112735,0.01
112736,0.01
112737,0.0
112738,0.22
112739,0.04
112740,0.03
112741,0.0
112742,0.47
112743,0.01
112744,0.13
112745,0.0
112746,0.03
112747,0.02
112748,0.0
112749,0.26
112750,0.05
112751,0.0
112752,0.02
112753,0.2
112754,0.0
112755,0.03
112756,0.21
112757,0.03
112758,0.0
112759,0.02
112760,0.24
112761,0.0
112762,0.01
112763,0.0
112764,0.14
112765,0.17
112766,0.0
112767,0.0
112768,0.18
112769,0.01
112770,0.01
112771,0.04
112772,0.0
112773,0.0
112774,0.0
112775,0.0
112776,0.02
112777,0.03
112778,0.01
112779,0.15
112780,0.0
112781,0.0
112782,0.44
112783,0.2
112784,0.06
112785,0.0
112786,0.22
112787,0.03
112788,0.02
112789,0.0
112790,0.05
112791,0.07
112792,0.04
112793,0.0
112794,0.0
112795,0.14
112796,0.12
112797,0.21
112798,0.03
112799,0.04
112800,0.36
112801,0.0
112802,0.0
112803,0.02
112804,0.01
112805,0.02
112806,0.02
112807,0.02
112808,0.0
112809,0.02
112810,0.02
112811,0.11
112812,0.01
112813,0.0
112814,0.16
112815,0.0
112816,0.01
112817,0.2
112818,0.0
112819,0.0
112820,0.01
112821,0.08
112822,0.0
112823,0.08
112824,0.12
112825,0.02
112826,0.18
112827,0.1
112828,0.0
112829,0.01
112830,0.06
112831,0.06
112832,0.0
112833,0.0
112834,0.07
112835,0.0
112836,0.2
112837,0.08
112838,0.09
112839,0.02
112840,0.58
112841,0.05
112842,0.0
112843,0.0
112844,0.06
112845,0.01
112846,0.03
112847,0.01
112848,0.03
112849,0.31
112850,0.0
112851,0.0
112852,0.0
112853,0.0
112854,0.03
112855,0.01
112856,0.12
112857,0.01
112858,0.01
112859,0.0
112860,0.34
112861,0.0
112862,0.03
112863,0.2
112864,0.07
112865,0.01
112866,0.0
112867,0.02
112868,0.0
112869,0.0
112870,0.0
112871,0.04
112872,0.1
112873,0.0
112874,0.0
112875,0.0
112876,0.84
112877,0.0
112878,0.05
112879,0.07
112880,0.02
112881,0.0
112882,0.0
112883,0.02
112884,0.04
112885,0.0
112886,0.01
112887,0.03
112888,0.02
112889,0.01
112890,0.02
112891,0.03
112892,0.01
112893,0.0
112894,0.08
112895,0.16
112896,0.31
112897,0.02
112898,0.0
112899,0.1
112900,0.02
112901,0.13
112902,0.09
112903,0.22
112904,0.03
112905,0.12
112906,0.01
112907,0.05
112908,0.21
112909,0.01
112910,0.09
112911,0.09
112912,0.0
112913,0.01
112914,0.03
112915,0.01
112916,0.02
112917,0.01
112918,0.25
112919,0.04
112920,0.07
112921,0.06
112922,0.08
112923,0.0
112924,0.0
112925,0.0
112926,0.01
112927,0.0
112928,0.04
112929,0.01
112930,0.05
112931,0.01
112932,0.03
112933,0.0
112934,0.39
112935,0.0
112936,0.12
112937,0.0
112938,0.03
112939,0.01
112940,0.03
112941,0.03
112942,0.09
112943,0.06
112944,0.0
112945,0.0
112946,0.0
112947,0.05
112948,0.24
112949,0.0
112950,0.0
112951,0.0
112952,0.07
112953,0.06
112954,0.0
112955,0.39
112956,0.0
112957,0.07
112958,0.07
112959,0.01
112960,0.05
112961,0.02
112962,0.03
112963,0.07
112964,0.12
112965,0.01
112966,0.17
112967,0.02
112968,0.03
112969,0.05
112970,0.0
112971,0.48
112972,0.02
112973,0.0
112974,0.0
112975,0.04
112976,0.0
112977,0.01
112978,0.07
112979,0.0
112980,0.18
112981,0.06
112982,0.02
112983,0.04
112984,0.01
112985,0.31
112986,0.02
112987,0.0
112988,0.0
112989,0.02
112990,0.1
112991,0.03
112992,0.02
112993,0.0
112994,0.0
112995,0.09
112996,0.06
112997,0.11
112998,0.29
112999,0.14
113000,0.07
113001,0.02
113002,0.0
113003,0.18
113004,0.05
113005,0.04
113006,0.1
113007,0.44
113008,0.02
113009,0.0
113010,0.05
113011,0.02
113012,0.06
113013,0.0
113014,0.01
113015,0.0
113016,0.05
113017,0.08
113018,0.0
113019,0.1
113020,0.01
113021,0.0
113022,0.03
113023,0.0
113024,0.06
113025,0.02
113026,0.0
113027,0.03
113028,0.44
113029,0.06
113030,0.03
113031,0.0
113032,0.56
113033,0.0
113034,0.03
113035,0.0
113036,0.03
113037,0.56
113038,0.03
113039,0.15
113040,0.01
113041,0.0
113042,0.0
113043,0.06
113044,0.02
113045,0.12
113046,0.0
113047,0.0
113048,0.21
113049,0.49
113050,0.02
113051,0.02
113052,0.3
113053,0.0
113054,0.02
113055,0.0
113056,0.0
113057,0.01
113058,0.0
113059,0.02
113060,0.23
113061,0.03
113062,0.22
113063,0.02
113064,0.0
113065,0.23
113066,0.05
113067,0.17
113068,0.01
113069,0.25
113070,0.02
113071,0.0
113072,0.0
113073,0.02
113074,0.0
113075,0.0
113076,0.01
113077,0.51
113078,0.13
113079,0.0
113080,0.03
113081,0.17
113082,0.19
113083,0.0
113084,0.02
113085,0.33
113086,0.03
113087,0.21
113088,0.0
113089,0.17
113090,0.21
113091,0.0
113092,0.03
113093,0.0
113094,0.0
113095,0.0
113096,0.0
113097,0.06
113098,0.27
113099,0.01
113100,0.02
113101,0.03
113102,0.0
113103,0.03
113104,0.05
113105,0.03
113106,0.0
113107,0.0
113108,0.0
113109,0.01
113110,0.0
113111,0.17
113112,0.54
113113,0.0
113114,0.02
113115,0.01
113116,0.0
113117,0.02
113118,0.36
113119,0.02
113120,0.22
113121,0.15
113122,0.0
113123,0.02
113124,0.02
113125,0.04
113126,0.0
113127,0.03
113128,0.0
113129,0.01
113130,0.08
113131,0.06
113132,0.0
113133,0.03
113134,0.03
113135,0.01
113136,0.17
113137,0.03
113138,0.0
113139,0.07
113140,0.0
113141,0.07
113142,0.15
113143,0.03
113144,0.0
113145,0.0
113146,0.08
113147,0.04
113148,0.19
113149,0.07
113150,0.0
113151,0.3
113152,0.01
113153,0.0
113154,0.02
113155,0.0
113156,0.17
113157,0.0
113158,0.02
113159,0.14
113160,0.02
113161,0.47
113162,0.0
113163,0.43
113164,0.08
113165,0.13
113166,0.04
113167,0.18
113168,0.84
113169,0.15
113170,0.16
113171,0.0
113172,0.05
113173,0.0
113174,0.0
113175,0.05
113176,0.01
113177,0.01
113178,0.0
113179,0.03
113180,0.03
113181,0.0
113182,0.48
113183,0.08
113184,0.21
113185,0.01
113186,0.01
113187,0.06
113188,0.01
113189,0.02
113190,0.1
113191,0.02
113192,0.04
113193,0.03
113194,0.0
113195,0.0
113196,0.0
113197,0.03
113198,0.0
113199,0.05
113200,0.15
113201,0.0
113202,0.38
113203,0.05
113204,0.31
113205,0.0
113206,0.0
113207,0.0
113208,0.02
113209,0.05
113210,0.0
113211,0.0
113212,0.03
113213,0.18
113214,0.03
113215,0.15
113216,0.03
113217,0.03
113218,0.01
113219,0.01
113220,0.02
113221,0.0
113222,0.02
113223,0.02
113224,0.09
113225,0.0
113226,0.24
113227,0.01
113228,0.03
113229,0.11
113230,0.03
113231,0.0
113232,0.05
113233,0.21
113234,0.01
113235,0.02
113236,0.09
113237,0.0
113238,0.02
113239,0.0
113240,0.04
113241,0.05
113242,0.22
113243,0.0
113244,0.37
113245,0.07
113246,0.0
113247,0.01
113248,0.01
113249,0.06
113250,0.02
113251,0.06
113252,0.06
113253,0.24
113254,0.02
113255,0.0
113256,0.18
113257,0.04
113258,0.0
113259,0.03
113260,0.03
113261,0.07
113262,0.0
113263,0.02
113264,0.02
113265,0.05
113266,0.02
113267,0.13
113268,0.03
113269,0.08
113270,0.02
113271,0.06
113272,0.09
113273,0.0
113274,0.09
113275,0.14
113276,0.0
113277,0.0
113278,0.01
113279,0.0
113280,0.0
113281,0.07
113282,0.0
113283,0.01
113284,0.01
113285,0.12
113286,0.0
113287,0.18
113288,0.2
113289,0.02
113290,0.03
113291,0.0
113292,0.17
113293,0.09
113294,0.02
113295,0.32
113296,0.37
113297,0.01
113298,0.14
113299,0.01
113300,0.05
113301,0.01
113302,0.1
113303,0.23
113304,0.01
113305,0.02
113306,0.05
113307,0.03
113308,0.05
113309,0.18
113310,0.03
113311,0.0
113312,0.06
113313,0.04
113314,0.03
113315,0.02
113316,0.11
113317,0.0
113318,0.0
113319,0.01
113320,0.05
113321,0.0
113322,0.03
113323,0.01
113324,0.05
113325,0.12
113326,0.0
113327,0.04
113328,0.02
113329,0.0
113330,0.05
113331,0.03
113332,0.0
113333,0.0
113334,0.04
113335,0.07
113336,0.01
113337,0.0
113338,0.11
113339,0.12
113340,0.01
113341,0.0
113342,0.01
113343,0.0
113344,0.02
113345,0.0
113346,0.03
113347,0.06
113348,0.0
113349,0.04
113350,0.23
113351,0.0
113352,0.0
113353,0.01
113354,0.06
113355,0.1
113356,0.09
113357,0.01
113358,0.02
113359,0.01
113360,0.0
113361,0.04
113362,0.0
113363,0.14
113364,0.01
113365,0.01
113366,0.12
113367,0.07
113368,0.36
113369,0.01
113370,0.01
113371,0.0
113372,0.17
113373,0.02
113374,0.0
113375,0.0
113376,0.01
113377,0.04
113378,0.03
113379,0.15
113380,0.06
113381,0.03
113382,0.0
113383,0.0
113384,0.02
113385,0.02
113386,0.02
113387,0.03
113388,0.03
113389,0.08
113390,0.01
113391,0.04
113392,0.06
113393,0.08
113394,0.0
113395,0.05
113396,0.0
113397,0.03
113398,0.03
113399,0.26
113400,0.04
113401,0.08
113402,0.03
113403,0.16
113404,0.0
113405,0.0
113406,0.07
113407,0.03
113408,0.06
113409,0.06
113410,0.02
113411,0.04
113412,0.4
113413,0.08
113414,0.0
113415,0.01
113416,0.23
113417,0.03
113418,0.01
113419,0.02
113420,0.13
113421,0.04
113422,0.17
113423,0.0
113424,0.0
113425,0.09
113426,0.02
113427,0.04
113428,0.1
113429,0.16
113430,0.04
113431,0.0
113432,0.14
113433,0.0
113434,0.02
113435,0.04
113436,0.06
113437,0.01
113438,0.53
113439,0.33
113440,0.07
113441,0.0
113442,0.0
113443,0.78
113444,0.0
113445,0.0
113446,0.01
113447,0.03
113448,0.04
113449,0.19
113450,0.02
113451,0.0
113452,0.0
113453,0.06
113454,0.0
113455,0.08
113456,0.53
113457,0.05
113458,0.08
113459,0.0
113460,0.02
113461,0.24
113462,0.0
113463,0.01
113464,0.42
113465,0.15
113466,0.03
113467,0.03
113468,0.36
113469,0.0
113470,0.16
113471,0.04
113472,0.56
113473,0.15
113474,0.1
113475,0.27
113476,0.0
113477,0.01
113478,0.04
113479,0.04
113480,0.01
113481,0.0
113482,0.02
113483,0.0
113484,0.31
113485,0.19
113486,0.1
113487,0.0
113488,0.0
113489,0.03
113490,0.0
113491,0.22
113492,0.02
113493,0.06
113494,0.03
113495,0.05
113496,0.09
113497,0.02
113498,0.27
113499,0.04
113500,0.0
113501,0.06
113502,0.03
113503,0.01
113504,0.0
113505,0.03
113506,0.03
113507,0.18
113508,0.23
113509,0.04
113510,0.0
113511,0.03
113512,0.01
113513,0.0
113514,0.03
113515,0.0
113516,0.29
113517,0.01
113518,0.01
113519,0.0
113520,0.06
113521,0.07
113522,0.02
113523,0.0
113524,0.01
113525,0.22
113526,0.02
113527,0.63
113528,0.01
113529,0.0
113530,0.04
113531,0.0
113532,0.0
113533,0.03
113534,0.15
113535,0.0
113536,0.0
113537,0.0
113538,0.02
113539,0.03
113540,0.0
113541,0.0
113542,0.01
113543,0.04
113544,0.11
113545,0.02
113546,0.16
113547,0.01
113548,0.08
113549,0.04
113550,0.0
113551,0.02
113552,0.0
113553,0.02
113554,0.04
113555,0.24
113556,0.04
113557,0.01
113558,0.24
113559,0.07
113560,0.27
113561,0.0
113562,0.01
113563,0.19
113564,0.06
113565,0.02
113566,0.38
113567,0.01
113568,0.0
113569,0.0
113570,0.0
113571,0.01
113572,0.0
113573,0.15
113574,0.11
113575,0.0
113576,0.0
113577,0.14
113578,0.26
113579,0.02
113580,0.01
113581,0.0
113582,0.03
113583,0.08
113584,0.1
113585,0.12
113586,0.0
113587,0.38
113588,0.04
113589,0.02
113590,0.01
113591,0.01
113592,0.0
113593,0.0
113594,0.0
113595,0.63
113596,0.0
113597,0.0
113598,0.01
113599,0.04
113600,0.03
113601,0.09
113602,0.03
113603,0.0
113604,0.02
113605,0.07
113606,0.01
113607,0.04
113608,0.06
113609,0.0
113610,0.0
113611,0.35
113612,0.0
113613,0.21
113614,0.52
113615,0.21
113616,0.0
113617,0.08
113618,0.08
113619,0.01
113620,0.1
113621,0.47
113622,0.63
113623,0.01
113624,0.0
113625,0.18
113626,0.0
113627,0.0
113628,0.13
113629,0.03
113630,0.03
113631,0.01
113632,0.03
113633,0.05
113634,0.13
113635,0.01
113636,0.03
113637,0.05
113638,0.04
113639,0.08
113640,0.03
113641,0.02
113642,0.01
113643,0.41
113644,0.02
113645,0.32
113646,0.39
113647,0.0
113648,0.0
113649,0.0
113650,0.0
113651,0.2
113652,0.09
113653,0.48
113654,0.01
113655,0.0
113656,0.0
113657,0.04
113658,0.01
113659,0.0
113660,0.27
113661,0.45
113662,0.02
113663,0.0
113664,0.08
113665,0.1
113666,0.05
113667,0.08
113668,0.02
113669,0.03
113670,0.0
113671,0.05
113672,0.1
113673,0.07
113674,0.01
113675,0.07
113676,0.0
113677,0.02
113678,0.23
113679,0.0
113680,0.06
113681,0.0
113682,0.0
113683,0.0
113684,0.02
113685,0.35
113686,0.01
113687,0.0
113688,0.06
113689,0.02
113690,0.12
113691,0.19
113692,0.0
113693,0.0
113694,0.02
113695,0.01
113696,0.01
113697,0.0
113698,0.11
113699,0.01
113700,0.03
113701,0.09
113702,0.0
113703,0.03
113704,0.26
113705,0.07
113706,0.16
113707,0.04
113708,0.14
113709,0.05
113710,0.01
113711,0.0
113712,0.0
113713,0.19
113714,0.0
113715,0.13
113716,0.06
113717,0.0
113718,0.0
113719,0.02
113720,0.02
113721,0.42
113722,0.07
113723,0.0
113724,0.11
113725,0.01
113726,0.01
113727,0.16
113728,0.0
113729,0.06
113730,0.0
113731,0.03
113732,0.01
113733,0.04
113734,0.15
113735,0.07
113736,0.0
113737,0.01
113738,0.05
113739,0.0
113740,0.02
113741,0.02
113742,0.0
113743,0.05
113744,0.07
113745,0.0
113746,0.05
113747,0.04
113748,0.0
113749,0.0
113750,0.08
113751,0.49
113752,0.03
113753,0.08
113754,0.08
113755,0.05
113756,0.03
113757,0.0
113758,0.04
113759,0.07
113760,0.03
113761,0.02
113762,0.01
113763,0.02
113764,0.0
113765,0.03
113766,0.0
113767,0.0
113768,0.0
113769,0.02
113770,0.05
113771,0.06
113772,0.0
113773,0.01
113774,0.01
113775,0.16
113776,0.01
113777,0.03
113778,0.02
113779,0.08
113780,0.02
113781,0.02
113782,0.01
113783,0.08
113784,0.52
113785,0.01
113786,0.0
113787,0.01
113788,0.0
113789,0.01
113790,0.0
113791,0.51
113792,0.04
113793,0.04
113794,0.06
113795,0.11
113796,0.18
113797,0.0
113798,0.0
113799,0.0
113800,0.0
113801,0.15
113802,0.05
113803,0.05
113804,0.01
113805,0.0
113806,0.0
113807,0.02
113808,0.0
113809,0.01
113810,0.06
113811,0.15
113812,0.0
113813,0.65
113814,0.32
113815,0.05
113816,0.08
113817,0.06
113818,0.01
113819,0.0
113820,0.01
113821,0.13
113822,0.27
113823,0.0
113824,0.1
113825,0.35
113826,0.0
113827,0.01
113828,0.23
113829,0.36
113830,0.01
113831,0.05
113832,0.03
113833,0.0
113834,0.04
113835,0.15
113836,0.0
113837,0.0
113838,0.0
113839,0.01
113840,0.03
113841,0.03
113842,0.03
113843,0.0
113844,0.0
113845,0.01
113846,0.01
113847,0.0
113848,0.02
113849,0.01
113850,0.03
113851,0.01
113852,0.25
113853,0.03
113854,0.0
113855,0.04
113856,0.05
113857,0.16
113858,0.35
113859,0.31
113860,0.03
113861,0.01
113862,0.1
113863,0.16
113864,0.1
113865,0.2
113866,0.01
113867,0.3
113868,0.0
113869,0.02
113870,0.21
113871,0.35
113872,0.0
113873,0.01
113874,0.06
113875,0.0
113876,0.82
113877,0.09
113878,0.06
113879,0.08
113880,0.01
113881,0.04
113882,0.02
113883,0.06
113884,0.03
113885,0.09
113886,0.01
113887,0.12
113888,0.0
113889,0.45
113890,0.15
113891,0.03
113892,0.49
113893,0.34
113894,0.01
113895,0.02
113896,0.0
113897,0.01
113898,0.0
113899,0.0
113900,0.47
113901,0.08
113902,0.04
113903,0.02
113904,0.03
113905,0.12
113906,0.0
113907,0.04
113908,0.02
113909,0.02
113910,0.07
113911,0.02
113912,0.0
113913,0.02
113914,0.05
113915,0.02
113916,0.04
113917,0.04
113918,0.07
113919,0.0
113920,0.0
113921,0.01
113922,0.0
113923,0.02
113924,0.0
113925,0.03
113926,0.42
113927,0.12
113928,0.01
113929,0.04
113930,0.25
113931,0.06
113932,0.13
113933,0.39
113934,0.34
113935,0.04
113936,0.0
113937,0.01
113938,0.01
113939,0.01
113940,0.02
113941,0.02
113942,0.02
113943,0.06
113944,0.12
113945,0.01
113946,0.0
113947,0.02
113948,0.03
113949,0.0
113950,0.42
113951,0.3
113952,0.53
113953,0.01
113954,0.21
113955,0.0
113956,0.03
113957,0.0
113958,0.0
113959,0.15
113960,0.17
113961,0.05
113962,0.03
113963,0.02
113964,0.0
113965,0.0
113966,0.0
113967,0.05
113968,0.0
113969,0.08
113970,0.01
113971,0.05
113972,0.0
113973,0.01
113974,0.4
113975,0.0
113976,0.01
113977,0.01
113978,0.0
113979,0.02
113980,0.19
113981,0.07
113982,0.35
113983,0.1
113984,0.03
113985,0.04
113986,0.06
113987,0.0
113988,0.27
113989,0.04
113990,0.03
113991,0.39
113992,0.13
113993,0.37
113994,0.0
113995,0.01
113996,0.07
113997,0.0
113998,0.07
113999,0.03
114000,0.0
114001,0.04
114002,0.0
114003,0.0
114004,0.01
114005,0.03
114006,0.0
114007,0.04
114008,0.05
114009,0.01
114010,0.0
114011,0.0
114012,0.1
114013,0.65
114014,0.01
114015,0.01
114016,0.01
114017,0.0
114018,0.01
114019,0.0
114020,0.09
114021,0.23
114022,0.0
114023,0.37
114024,0.01
114025,0.05
114026,0.52
114027,0.07
114028,0.16
114029,0.05
114030,0.12
114031,0.58
114032,0.0
114033,0.05
114034,0.09
114035,0.04
114036,0.05
114037,0.0
114038,0.05
114039,0.03
114040,0.22
114041,0.03
114042,0.11
114043,0.0
114044,0.01
114045,0.0
114046,0.0
114047,0.01
114048,0.02
114049,0.24
114050,0.04
114051,0.01
114052,0.06
114053,0.0
114054,0.21
114055,0.04
114056,0.04
114057,0.06
114058,0.02
114059,0.0
114060,0.08
114061,0.05
114062,0.07
114063,0.0
114064,0.01
114065,0.01
114066,0.08
114067,0.0
114068,0.06
114069,0.27
114070,0.2
114071,0.11
114072,0.05
114073,0.37
114074,0.0
114075,0.0
114076,0.01
114077,0.01
114078,0.45
114079,0.08
114080,0.07
114081,0.03
114082,0.21
114083,0.07
114084,0.0
114085,0.0
114086,0.41
114087,0.03
114088,0.08
114089,0.16
114090,0.15
114091,0.03
114092,0.06
114093,0.0
114094,0.08
114095,0.01
114096,0.0
114097,0.01
114098,0.03
114099,0.0
114100,0.0
114101,0.01
114102,0.02
114103,0.0
114104,0.33
114105,0.01
114106,0.03
114107,0.01
114108,0.01
114109,0.0
114110,0.05
114111,0.02
114112,0.0
114113,0.14
114114,0.0
114115,0.01
114116,0.07
114117,0.0
114118,0.4
114119,0.01
114120,0.0
114121,0.26
114122,0.0
114123,0.03
114124,0.0
114125,0.08
114126,0.02
114127,0.01
114128,0.0
114129,0.0
114130,0.04
114131,0.03
114132,0.0
114133,0.0
114134,0.14
114135,0.0
114136,0.06
114137,0.0
114138,0.01
114139,0.0
114140,0.01
114141,0.09
114142,0.0
114143,0.03
114144,0.06
114145,0.0
114146,0.0
114147,0.01
114148,0.01
114149,0.07
114150,0.02
114151,0.0
114152,0.0
114153,0.61
114154,0.0
114155,0.01
114156,0.0
114157,0.09
114158,0.19
114159,0.04
114160,0.0
114161,0.06
114162,0.03
114163,0.02
114164,0.21
114165,0.14
114166,0.5
114167,0.0
114168,0.15
114169,0.02
114170,0.01
114171,0.0
114172,0.14
114173,0.0
114174,0.0
114175,0.05
114176,0.16
114177,0.04
114178,0.04
114179,0.0
114180,0.16
114181,0.06
114182,0.01
114183,0.06
114184,0.09
114185,0.0
114186,0.0
114187,0.0
114188,0.03
114189,0.02
114190,0.01
114191,0.03
114192,0.14
114193,0.0
114194,0.01
114195,0.01
114196,0.14
114197,0.0
114198,0.02
114199,0.06
114200,0.06
114201,0.53
114202,0.11
114203,0.04
114204,0.01
114205,0.52
114206,0.0
114207,0.03
114208,0.01
114209,0.05
114210,0.13
114211,0.0
114212,0.04
114213,0.0
114214,0.0
114215,0.02
114216,0.0
114217,0.07
114218,0.05
114219,0.0
114220,0.02
114221,0.0
114222,0.01
114223,0.09
114224,0.19
114225,0.17
114226,0.03
114227,0.02
114228,0.0
114229,0.03
114230,0.0
114231,0.0
114232,0.03
114233,0.01
114234,0.0
114235,0.04
114236,0.0
114237,0.13
114238,0.45
114239,0.06
114240,0.01
114241,0.05
114242,0.38
114243,0.09
114244,0.08
114245,0.0
114246,0.0
114247,0.01
114248,0.0
114249,0.07
114250,0.02
114251,0.29
114252,0.31
114253,0.0
114254,0.0
114255,0.19
114256,0.34
114257,0.19
114258,0.03
114259,0.02
114260,0.0
114261,0.05
114262,0.01
114263,0.0
114264,0.0
114265,0.24
114266,0.0
114267,0.03
114268,0.02
114269,0.02
114270,0.0
114271,0.03
114272,0.0
114273,0.0
114274,0.01
114275,0.03
114276,0.0
114277,0.0
114278,0.03
114279,0.0
114280,0.0
114281,0.02
114282,0.03
114283,0.0
114284,0.02
114285,0.6
114286,0.06
114287,0.0
114288,0.0
114289,0.2
114290,0.01
114291,0.0
114292,0.01
114293,0.07
114294,0.17
114295,0.0
114296,0.0
114297,0.0
114298,0.5
114299,0.03
114300,0.62
114301,0.06
114302,0.05
114303,0.05
114304,0.02
114305,0.03
114306,0.07
114307,0.03
114308,0.0
114309,0.05
114310,0.06
114311,0.12
114312,0.39
114313,0.47
114314,0.01
114315,0.19
114316,0.0
114317,0.0
114318,0.15
114319,0.01
114320,0.03
114321,0.01
114322,0.01
114323,0.0
114324,0.01
114325,0.01
114326,0.0
114327,0.02
114328,0.0
114329,0.03
114330,0.1
114331,0.03
114332,0.04
114333,0.0
114334,0.04
114335,0.02
114336,0.09
114337,0.0
114338,0.02
114339,0.02
114340,0.18
114341,0.07
114342,0.0
114343,0.02
114344,0.0
114345,0.0
114346,0.01
114347,0.04
114348,0.07
114349,0.0
114350,0.0
114351,0.02
114352,0.06
114353,0.29
114354,0.03
114355,0.0
114356,0.12
114357,0.25
114358,0.0
114359,0.03
114360,0.48
114361,0.0
114362,0.03
114363,0.0
114364,0.09
114365,0.02
114366,0.0
114367,0.12
114368,0.0
114369,0.02
114370,0.0
114371,0.0
114372,0.0
114373,0.05
114374,0.03
114375,0.08
114376,0.08
114377,0.0
114378,0.1
114379,0.01
114380,0.17
114381,0.02
114382,0.0
114383,0.28
114384,0.01
114385,0.65
114386,0.0
114387,0.0
114388,0.01
114389,0.02
114390,0.15
114391,0.13
114392,0.0
114393,0.61
114394,0.0
114395,0.02
114396,0.1
114397,0.01
114398,0.01
114399,0.0
114400,0.86
114401,0.02
114402,0.04
114403,0.08
114404,0.0
114405,0.0
114406,0.4
114407,0.0
114408,0.01
114409,0.1
114410,0.0
114411,0.01
114412,0.12
114413,0.03
114414,0.14
114415,0.03
114416,0.06
114417,0.13
114418,0.01
114419,0.01
114420,0.13
114421,0.26
114422,0.0
114423,0.0
114424,0.04
114425,0.1
114426,0.33
114427,0.02
114428,0.0
114429,0.03
114430,0.04
114431,0.16
114432,0.26
114433,0.0
114434,0.0
114435,0.01
114436,0.17
114437,0.03
114438,0.02
114439,0.0
114440,0.02
114441,0.06
114442,0.21
114443,0.0
114444,0.12
114445,0.0
114446,0.0
114447,0.0
114448,0.0
114449,0.1
114450,0.06
114451,0.39
114452,0.0
114453,0.04
114454,0.04
114455,0.01
114456,0.05
114457,0.02
114458,0.0
114459,0.24
114460,0.06
114461,0.09
114462,0.33
114463,0.0
114464,0.0
114465,0.0
114466,0.06
114467,0.04
114468,0.01
114469,0.0
114470,0.19
114471,0.05
114472,0.0
114473,0.0
114474,0.02
114475,0.01
114476,0.01
114477,0.01
114478,0.0
114479,0.05
114480,0.06
114481,0.01
114482,0.01
114483,0.0
114484,0.02
114485,0.05
114486,0.06
114487,0.0
114488,0.0
114489,0.0
114490,0.0
114491,0.01
114492,0.01
114493,0.03
114494,0.1
114495,0.0
114496,0.33
114497,0.02
114498,0.02
114499,0.0
114500,0.03
114501,0.01
114502,0.02
114503,0.0
114504,0.14
114505,0.0
114506,0.0
114507,0.09
114508,0.01
114509,0.0
114510,0.02
114511,0.0
114512,0.04
114513,0.0
114514,0.03
114515,0.0
114516,0.01
114517,0.2
114518,0.58
114519,0.09
114520,0.0
114521,0.0
114522,0.04
114523,0.31
114524,0.0
114525,0.0
114526,0.09
114527,0.02
114528,0.0
114529,0.0
114530,0.03
114531,0.02
114532,0.0
114533,0.06
114534,0.03
114535,0.01
114536,0.05
114537,0.02
114538,0.05
114539,0.1
114540,0.0
114541,0.33
114542,0.01
114543,0.02
114544,0.0
114545,0.0
114546,0.01
114547,0.24
114548,0.03
114549,0.0
114550,0.03
114551,0.81
114552,0.0
114553,0.04
114554,0.0
114555,0.09
114556,0.1
114557,0.06
114558,0.08
114559,0.01
114560,0.0
114561,0.2
114562,0.0
114563,0.0
114564,0.02
114565,0.44
114566,0.04
114567,0.02
114568,0.01
114569,0.01
114570,0.03
114571,0.04
114572,0.03
114573,0.03
114574,0.05
114575,0.0
114576,0.16
114577,0.32
114578,0.0
114579,0.03
114580,0.05
114581,0.02
114582,0.13
114583,0.02
114584,0.04
114585,0.12
114586,0.0
114587,0.05
114588,0.0
114589,0.01
114590,0.08
114591,0.0
114592,0.01
114593,0.03
114594,0.0
114595,0.1
114596,0.07
114597,0.27
114598,0.11
114599,0.02
114600,0.0
114601,0.02
114602,0.01
114603,0.1
114604,0.0
114605,0.25
114606,0.0
114607,0.0
114608,0.0
114609,0.11
114610,0.02
114611,0.23
114612,0.0
114613,0.01
114614,0.01
114615,0.28
114616,0.02
114617,0.03
114618,0.0
114619,0.34
114620,0.01
114621,0.02
114622,0.0
114623,0.0
114624,0.07
114625,0.0
114626,0.0
114627,0.07
114628,0.05
114629,0.35
114630,0.12
114631,0.01
114632,0.11
114633,0.03
114634,0.03
114635,0.0
114636,0.15
114637,0.51
114638,0.0
114639,0.0
114640,0.0
114641,0.07
114642,0.01
114643,0.28
114644,0.01
114645,0.04
114646,0.03
114647,0.02
114648,0.08
114649,0.19
114650,0.0
114651,0.0
114652,0.03
114653,0.01
114654,0.01
114655,0.03
114656,0.09
114657,0.01
114658,0.06
114659,0.0
114660,0.01
114661,0.0
114662,0.02
114663,0.03
114664,0.03
114665,0.0
114666,0.01
114667,0.07
114668,0.02
114669,0.1
114670,0.03
114671,0.28
114672,0.17
114673,0.02
114674,0.34
114675,0.0
114676,0.0
114677,0.0
114678,0.0
114679,0.01
114680,0.03
114681,0.02
114682,0.0
114683,0.04
114684,0.0
114685,0.01
114686,0.32
114687,0.0
114688,0.0
114689,0.04
114690,0.03
114691,0.0
114692,0.04
114693,0.05
114694,0.01
114695,0.0
114696,0.04
114697,0.04
114698,0.0
114699,0.02
114700,0.39
114701,0.0
114702,0.0
114703,0.0
114704,0.0
114705,0.02
114706,0.01
114707,0.06
114708,0.04
114709,0.08
114710,0.0
114711,0.23
114712,0.0
114713,0.36
114714,0.01
114715,0.04
114716,0.08
114717,0.22
114718,0.0
114719,0.03
114720,0.0
114721,0.01
114722,0.0
114723,0.0
114724,0.01
114725,0.02
114726,0.01
114727,0.08
114728,0.08
114729,0.19
114730,0.04
114731,0.08
114732,0.03
114733,0.01
114734,0.06
114735,0.1
114736,0.0
114737,0.07
114738,0.03
114739,0.09
114740,0.32
114741,0.01
114742,0.05
114743,0.0
114744,0.65
114745,0.01
114746,0.08
114747,0.01
114748,0.0
114749,0.0
114750,0.01
114751,0.01
114752,0.0
114753,0.16
114754,0.15
114755,0.1
114756,0.01
114757,0.01
114758,0.01
114759,0.15
114760,0.08
114761,0.01
114762,0.0
114763,0.01
114764,0.04
114765,0.0
114766,0.02
114767,0.06
114768,0.08
114769,0.0
114770,0.02
114771,0.0
114772,0.17
114773,0.04
114774,0.01
114775,0.0
114776,0.47
114777,0.0
114778,0.02
114779,0.0
114780,0.0
114781,0.25
114782,0.0
114783,0.06
114784,0.01
114785,0.11
114786,0.02
114787,0.12
114788,0.08
114789,0.54
114790,0.01
114791,0.02
114792,0.11
114793,0.19
114794,0.02
114795,0.04
114796,0.0
114797,0.16
114798,0.0
114799,0.0
114800,0.01
114801,0.04
114802,0.0
114803,0.01
114804,0.04
114805,0.01
114806,0.01
114807,0.38
114808,0.0
114809,0.01
114810,0.27
114811,0.01
114812,0.01
114813,0.0
114814,0.11
114815,0.02
114816,0.02
114817,0.6
114818,0.01
114819,0.0
114820,0.0
114821,0.11
114822,0.19
114823,0.31
114824,0.01
114825,0.08
114826,0.0
114827,0.01
114828,0.01
114829,0.01
114830,0.0
114831,0.04
114832,0.0
114833,0.01
114834,0.0
114835,0.35
114836,0.17
114837,0.02
114838,0.02
114839,0.01
114840,0.0
114841,0.01
114842,0.0
114843,0.01
114844,0.0
114845,0.15
114846,0.37
114847,0.04
114848,0.0
114849,0.19
114850,0.0
114851,0.12
114852,0.0
114853,0.14
114854,0.01
114855,0.01
114856,0.0
114857,0.09
114858,0.04
114859,0.0
114860,0.46
114861,0.28
114862,0.01
114863,0.01
114864,0.32
114865,0.0
114866,0.08
114867,0.02
114868,0.05
114869,0.24
114870,0.46
114871,0.0
114872,0.04
114873,0.12
114874,0.08
114875,0.01
114876,0.0
114877,0.06
114878,0.04
114879,0.12
114880,0.04
114881,0.18
114882,0.0
114883,0.52
114884,0.0
114885,0.06
114886,0.14
114887,0.07
114888,0.0
114889,0.14
114890,0.17
114891,0.02
114892,0.04
114893,0.02
114894,0.07
114895,0.01
114896,0.08
114897,0.3
114898,0.0
114899,0.04
114900,0.0
114901,0.08
114902,0.03
114903,0.0
114904,0.05
114905,0.0
114906,0.02
114907,0.01
114908,0.07
114909,0.0
114910,0.21
114911,0.02
114912,0.16
114913,0.0
114914,0.03
114915,0.0
114916,0.31
114917,0.05
114918,0.0
114919,0.01
114920,0.01
114921,0.0
114922,0.47
114923,0.1
114924,0.0
114925,0.02
114926,0.01
114927,0.07
114928,0.08
114929,0.01
114930,0.0
114931,0.06
114932,0.0
114933,0.14
114934,0.0
114935,0.05
114936,0.74
114937,0.0
114938,0.0
114939,0.02
114940,0.17
114941,0.05
114942,0.0
114943,0.02
114944,0.0
114945,0.01
114946,0.06
114947,0.03
114948,0.0
114949,0.11
114950,0.11
114951,0.0
114952,0.03
114953,0.07
114954,0.01
114955,0.0
114956,0.01
114957,0.06
114958,0.47
114959,0.04
114960,0.06
114961,0.33
114962,0.0
114963,0.13
114964,0.0
114965,0.06
114966,0.01
114967,0.01
114968,0.04
114969,0.08
114970,0.05
114971,0.01
114972,0.0
114973,0.01
114974,0.3
114975,0.12
114976,0.33
114977,0.05
114978,0.0
114979,0.1
114980,0.08
114981,0.11
114982,0.01
114983,0.01
114984,0.0
114985,0.07
114986,0.12
114987,0.18
114988,0.14
114989,0.0
114990,0.02
114991,0.46
114992,0.17
114993,0.12
114994,0.02
114995,0.1
114996,0.0
114997,0.33
114998,0.01
114999,0.12
115000,0.01
115001,0.03
115002,0.0
115003,0.12
115004,0.0
115005,0.0
115006,0.0
115007,0.18
115008,0.02
115009,0.08
115010,0.35
115011,0.02
115012,0.05
115013,0.01
115014,0.0
115015,0.01
115016,0.01
115017,0.01
115018,0.0
115019,0.03
115020,0.01
115021,0.02
115022,0.04
115023,0.18
115024,0.05
115025,0.01
115026,0.19
115027,0.05
115028,0.13
115029,0.01
115030,0.05
115031,0.07
115032,0.19
115033,0.05
115034,0.01
115035,0.0
115036,0.0
115037,0.51
115038,0.61
115039,0.04
115040,0.02
115041,0.03
115042,0.1
115043,0.09
115044,0.02
115045,0.27
115046,0.19
115047,0.02
115048,0.0
115049,0.02
115050,0.3
115051,0.01
115052,0.01
115053,0.01
115054,0.01
115055,0.03
115056,0.03
115057,0.0
115058,0.02
115059,0.06
115060,0.16
115061,0.01
115062,0.0
115063,0.02
115064,0.02
115065,0.13
115066,0.01
115067,0.02
115068,0.08
115069,0.0
115070,0.0
115071,0.02
115072,0.01
115073,0.19
115074,0.04
115075,0.07
115076,0.32
115077,0.13
115078,0.01
115079,0.36
115080,0.01
115081,0.01
115082,0.06
115083,0.05
115084,0.31
115085,0.0
115086,0.02
115087,0.02
115088,0.12
115089,0.09
115090,0.0
115091,0.03
115092,0.04
115093,0.02
115094,0.06
115095,0.05
115096,0.02
115097,0.11
115098,0.01
115099,0.05
115100,0.01
115101,0.06
115102,0.02
115103,0.28
115104,0.03
115105,0.03
115106,0.07
115107,0.09
115108,0.01
115109,0.13
115110,0.0
115111,0.51
115112,0.0
115113,0.0
115114,0.0
115115,0.0
115116,0.02
115117,0.0
115118,0.1
115119,0.01
115120,0.09
115121,0.0
115122,0.08
115123,0.21
115124,0.0
115125,0.06
115126,0.02
115127,0.01
115128,0.0
115129,0.15
115130,0.01
115131,0.0
115132,0.01
115133,0.21
115134,0.0
115135,0.0
115136,0.01
115137,0.0
115138,0.07
115139,0.0
115140,0.0
115141,0.03
115142,0.26
115143,0.16
115144,0.0
115145,0.12
115146,0.01
115147,0.0
115148,0.1
115149,0.0
115150,0.02
115151,0.01
115152,0.01
115153,0.0
115154,0.0
115155,0.05
115156,0.06
115157,0.01
115158,0.29
115159,0.01
115160,0.06
115161,0.3
115162,0.0
115163,0.01
115164,0.16
115165,0.01
115166,0.18
115167,0.01
115168,0.14
115169,0.37
115170,0.1
115171,0.05
115172,0.0
115173,0.01
115174,0.38
115175,0.54
115176,0.0
115177,0.05
115178,0.0
115179,0.0
115180,0.0
115181,0.13
115182,0.1
115183,0.0
115184,0.06
115185,0.07
115186,0.01
115187,0.03
115188,0.03
115189,0.05
115190,0.0
115191,0.0
115192,0.18
115193,0.09
115194,0.03
115195,0.35
115196,0.06
115197,0.0
115198,0.48
115199,0.01
115200,0.0
115201,0.01
115202,0.0
115203,0.0
115204,0.43
115205,0.05
115206,0.03
115207,0.0
115208,0.07
115209,0.03
115210,0.0
115211,0.0
115212,0.0
115213,0.05
115214,0.0
115215,0.02
115216,0.17
115217,0.03
115218,0.01
115219,0.12
115220,0.21
115221,0.0
115222,0.04
115223,0.0
115224,0.0
115225,0.04
115226,0.24
115227,0.03
115228,0.02
115229,0.06
115230,0.0
115231,0.68
115232,0.0
115233,0.02
115234,0.24
115235,0.08
115236,0.03
115237,0.05
115238,0.0
115239,0.0
115240,0.07
115241,0.04
115242,0.01
115243,0.02
115244,0.18
115245,0.04
115246,0.0
115247,0.04
115248,0.0
115249,0.16
115250,0.32
115251,0.01
115252,0.03
115253,0.02
115254,0.06
115255,0.09
115256,0.11
115257,0.07
115258,0.0
115259,0.59
115260,0.0
115261,0.0
115262,0.0
115263,0.53
115264,0.27
115265,0.0
115266,0.0
115267,0.01
115268,0.18
115269,0.03
115270,0.08
115271,0.0
115272,0.0
115273,0.08
115274,0.68
115275,0.13
115276,0.01
115277,0.08
115278,0.01
115279,0.06
115280,0.0
115281,0.03
115282,0.03
115283,0.03
115284,0.07
115285,0.02
115286,0.0
115287,0.23
115288,0.04
115289,0.01
115290,0.0
115291,0.41
115292,0.0
115293,0.09
115294,0.0
115295,0.0
115296,0.0
115297,0.01
115298,0.12
115299,0.05
115300,0.14
115301,0.02
115302,0.0
115303,0.06
115304,0.0
115305,0.01
115306,0.34
115307,0.11
115308,0.33
115309,0.0
115310,0.01
115311,0.03
115312,0.0
115313,0.16
115314,0.0
115315,0.0
115316,0.0
115317,0.12
115318,0.12
115319,0.0
115320,0.06
115321,0.2
115322,0.05
115323,0.01
115324,0.06
115325,0.05
115326,0.1
115327,0.34
115328,0.01
115329,0.5
115330,0.05
115331,0.04
115332,0.03
115333,0.05
115334,0.01
115335,0.25
115336,0.13
115337,0.0
115338,0.0
115339,0.0
115340,0.0
115341,0.0
115342,0.0
115343,0.05
115344,0.0
115345,0.0
115346,0.02
115347,0.01
115348,0.07
115349,0.08
115350,0.0
115351,0.0
115352,0.02
115353,0.04
115354,0.01
115355,0.04
115356,0.12
115357,0.0
115358,0.02
115359,0.07
115360,0.31
115361,0.0
115362,0.0
115363,0.02
115364,0.0
115365,0.01
115366,0.02
115367,0.3
115368,0.45
115369,0.03
115370,0.27
115371,0.09
115372,0.1
115373,0.01
115374,0.03
115375,0.08
115376,0.0
115377,0.02
115378,0.02
115379,0.0
115380,0.0
115381,0.0
115382,0.01
115383,0.09
115384,0.03
115385,0.0
115386,0.02
115387,0.07
115388,0.01
115389,0.05
115390,0.57
115391,0.02
115392,0.02
115393,0.01
115394,0.01
115395,0.05
115396,0.01
115397,0.06
115398,0.01
115399,0.01
115400,0.06
115401,0.06
115402,0.06
115403,0.0
115404,0.06
115405,0.02
115406,0.15
115407,0.06
115408,0.0
115409,0.0
115410,0.02
115411,0.02
115412,0.06
115413,0.0
115414,0.06
115415,0.02
115416,0.03
115417,0.0
115418,0.04
115419,0.07
115420,0.02
115421,0.0
115422,0.02
115423,0.01
115424,0.02
115425,0.18
115426,0.05
115427,0.0
115428,0.03
115429,0.01
115430,0.01
115431,0.0
115432,0.04
115433,0.02
115434,0.01
115435,0.09
115436,0.0
115437,0.3
115438,0.0
115439,0.07
115440,0.0
115441,0.05
115442,0.05
115443,0.07
115444,0.0
115445,0.0
115446,0.0
115447,0.22
115448,0.08
115449,0.02
115450,0.04
115451,0.15
115452,0.0
115453,0.0
115454,0.04
115455,0.0
115456,0.01
115457,0.12
115458,0.05
115459,0.01
115460,0.07
115461,0.04
115462,0.12
115463,0.34
115464,0.0
115465,0.07
115466,0.27
115467,0.04
115468,0.0
115469,0.3
115470,0.22
115471,0.0
115472,0.0
115473,0.13
115474,0.03
115475,0.0
115476,0.07
115477,0.06
115478,0.34
115479,0.04
115480,0.02
115481,0.02
115482,0.01
115483,0.15
115484,0.02
115485,0.18
115486,0.03
115487,0.0
115488,0.0
115489,0.56
115490,0.01
115491,0.05
115492,0.03
115493,0.01
115494,0.02
115495,0.41
115496,0.0
115497,0.0
115498,0.09
115499,0.02
115500,0.01
115501,0.49
115502,0.0
115503,0.04
115504,0.1
115505,0.0
115506,0.18
115507,0.01
115508,0.01
115509,0.01
115510,0.01
115511,0.0
115512,0.0
115513,0.36
115514,0.0
115515,0.03
115516,0.0
115517,0.12
115518,0.01
115519,0.0
115520,0.75
115521,0.07
115522,0.36
115523,0.01
115524,0.06
115525,0.02
115526,0.06
115527,0.01
115528,0.11
115529,0.0
115530,0.0
115531,0.02
115532,0.0
115533,0.18
115534,0.03
115535,0.01
115536,0.0
115537,0.0
115538,0.02
115539,0.01
115540,0.0
115541,0.03
115542,0.02
115543,0.01
115544,0.06
115545,0.02
115546,0.08
115547,0.35
115548,0.03
115549,0.0
115550,0.5
115551,0.09
115552,0.05
115553,0.01
115554,0.01
115555,0.03
115556,0.02
115557,0.04
115558,0.03
115559,0.0
115560,0.04
115561,0.15
115562,0.01
115563,0.17
115564,0.0
115565,0.05
115566,0.07
115567,0.0
115568,0.03
115569,0.25
115570,0.0
115571,0.18
115572,0.06
115573,0.0
115574,0.04
115575,0.0
115576,0.0
115577,0.0
115578,0.18
115579,0.02
115580,0.0
115581,0.03
115582,0.01
115583,0.01
115584,0.02
115585,0.11
115586,0.03
115587,0.38
115588,0.0
115589,0.04
115590,0.0
115591,0.0
115592,0.16
115593,0.54
115594,0.0
115595,0.01
115596,0.05
115597,0.0
115598,0.0
115599,0.03
115600,0.01
115601,0.05
115602,0.19
115603,0.0
115604,0.0
115605,0.33
115606,0.07
115607,0.0
115608,0.01
115609,0.0
115610,0.05
115611,0.07
115612,0.02
115613,0.04
115614,0.11
115615,0.03
115616,0.0
115617,0.0
115618,0.0
115619,0.09
115620,0.06
115621,0.04
115622,0.05
115623,0.06
115624,0.01
115625,0.02
115626,0.02
115627,0.0
115628,0.11
115629,0.02
115630,0.0
115631,0.0
115632,0.1
115633,0.04
115634,0.0
115635,0.14
115636,0.0
115637,0.19
115638,0.0
115639,0.0
115640,0.0
115641,0.01
115642,0.0
115643,0.04
115644,0.0
115645,0.04
115646,0.04
115647,0.3
115648,0.03
115649,0.01
115650,0.06
115651,0.13
115652,0.01
115653,0.22
115654,0.2
115655,0.02
115656,0.04
115657,0.05
115658,0.06
115659,0.26
115660,0.07
115661,0.01
115662,0.03
115663,0.01
115664,0.02
115665,0.23
115666,0.04
115667,0.02
115668,0.01
115669,0.0
115670,0.02
115671,0.0
115672,0.01
115673,0.11
115674,0.04
115675,0.01
115676,0.0
115677,0.11
115678,0.14
115679,0.04
115680,0.01
115681,0.0
115682,0.01
115683,0.01
115684,0.01
115685,0.01
115686,0.01
115687,0.0
115688,0.08
115689,0.04
115690,0.64
115691,0.04
115692,0.2
115693,0.01
115694,0.45
115695,0.01
115696,0.04
115697,0.05
115698,0.03
115699,0.04
115700,0.13
115701,0.0
115702,0.01
115703,0.0
115704,0.06
115705,0.24
115706,0.0
115707,0.04
115708,0.0
115709,0.04
115710,0.01
115711,0.0
115712,0.01
115713,0.48
115714,0.01
115715,0.0
115716,0.35
115717,0.0
115718,0.03
115719,0.13
115720,0.04
115721,0.0
115722,0.02
115723,0.01
115724,0.0
115725,0.01
115726,0.02
115727,0.01
115728,0.1
115729,0.08
115730,0.04
115731,0.03
115732,0.02
115733,0.13
115734,0.09
115735,0.02
115736,0.02
115737,0.0
115738,0.0
115739,0.0
115740,0.07
115741,0.06
115742,0.0
115743,0.07
115744,0.03
115745,0.0
115746,0.0
115747,0.38
115748,0.32
115749,0.0
115750,0.0
115751,0.21
115752,0.11
115753,0.18
115754,0.04
115755,0.14
115756,0.49
115757,0.01
115758,0.0
115759,0.11
115760,0.02
115761,0.01
115762,0.03
115763,0.04
115764,0.03
115765,0.05
115766,0.06
115767,0.28
115768,0.0
115769,0.0
115770,0.04
115771,0.04
115772,0.0
115773,0.01
115774,0.01
115775,0.0
115776,0.01
115777,0.0
115778,0.0
115779,0.0
115780,0.18
115781,0.04
115782,0.11
115783,0.13
115784,0.0
115785,0.01
115786,0.08
115787,0.0
115788,0.01
115789,0.02
115790,0.04
115791,0.03
115792,0.0
115793,0.0
115794,0.0
115795,0.04
115796,0.0
115797,0.0
115798,0.0
115799,0.07
115800,0.02
115801,0.15
115802,0.03
115803,0.12
115804,0.61
115805,0.01
115806,0.12
115807,0.0
115808,0.01
115809,0.02
115810,0.12
115811,0.04
115812,0.18
115813,0.0
115814,0.01
115815,0.01
115816,0.3
115817,0.0
115818,0.03
115819,0.05
115820,0.03
115821,0.1
115822,0.01
115823,0.08
115824,0.05
115825,0.13
115826,0.02
115827,0.42
115828,0.03
115829,0.0
115830,0.04
115831,0.03
115832,0.01
115833,0.0
115834,0.0
115835,0.07
115836,0.0
115837,0.38
115838,0.09
115839,0.0
115840,0.0
115841,0.05
115842,0.12
115843,0.22
115844,0.01
115845,0.01
115846,0.01
115847,0.01
115848,0.02
115849,0.12
115850,0.14
115851,0.24
115852,0.01
115853,0.02
115854,0.02
115855,0.03
115856,0.11
115857,0.41
115858,0.06
115859,0.01
115860,0.0
115861,0.05
115862,0.0
115863,0.02
115864,0.48
115865,0.0
115866,0.0
115867,0.21
115868,0.04
115869,0.01
115870,0.02
115871,0.01
115872,0.0
115873,0.16
115874,0.11
115875,0.0
115876,0.0
115877,0.09
115878,0.06
115879,0.07
115880,0.11
115881,0.03
115882,0.08
115883,0.0
115884,0.03
115885,0.04
115886,0.18
115887,0.16
115888,0.0
115889,0.26
115890,0.0
115891,0.01
115892,0.02
115893,0.22
115894,0.13
115895,0.04
115896,0.0
115897,0.03
115898,0.51
115899,0.0
115900,0.05
115901,0.0
115902,0.15
115903,0.08
115904,0.02
115905,0.07
115906,0.0
115907,0.01
115908,0.02
115909,0.02
115910,0.05
115911,0.0
115912,0.15
115913,0.21
115914,0.0
115915,0.02
115916,0.04
115917,0.01
115918,0.01
115919,0.0
115920,0.01
115921,0.0
115922,0.0
115923,0.0
115924,0.05
115925,0.07
115926,0.0
115927,0.06
115928,0.54
115929,0.18
115930,0.0
115931,0.04
115932,0.0
115933,0.01
115934,0.02
115935,0.23
115936,0.0
115937,0.0
115938,0.0
115939,0.0
115940,0.06
115941,0.4
115942,0.03
115943,0.27
115944,0.12
115945,0.04
115946,0.05
115947,0.12
115948,0.01
115949,0.01
115950,0.38
115951,0.0
115952,0.16
115953,0.0
115954,0.04
115955,0.0
115956,0.0
115957,0.0
115958,0.09
115959,0.01
115960,0.1
115961,0.0
115962,0.11
115963,0.01
115964,0.0
115965,0.0
115966,0.02
115967,0.03
115968,0.11
115969,0.05
115970,0.07
115971,0.02
115972,0.0
115973,0.0
115974,0.31
115975,0.03
115976,0.72
115977,0.01
115978,0.13
115979,0.02
115980,0.03
115981,0.01
115982,0.0
115983,0.0
115984,0.03
115985,0.0
115986,0.0
115987,0.0
115988,0.0
115989,0.0
115990,0.01
115991,0.12
115992,0.03
115993,0.01
115994,0.16
115995,0.0
115996,0.08
115997,0.1
115998,0.01
115999,0.0
116000,0.06
116001,0.21
116002,0.02
116003,0.02
116004,0.0
116005,0.07
116006,0.47
116007,0.3
116008,0.03
116009,0.45
116010,0.02
116011,0.53
116012,0.08
116013,0.04
116014,0.05
116015,0.07
116016,0.18
116017,0.0
116018,0.28
116019,0.0
116020,0.05
116021,0.18
116022,0.01
116023,0.4
116024,0.23
116025,0.0
116026,0.05
116027,0.2
116028,0.01
116029,0.19
116030,0.1
116031,0.1
116032,0.01
116033,0.03
116034,0.02
116035,0.18
116036,0.03
116037,0.0
116038,0.05
116039,0.06
116040,0.15
116041,0.04
116042,0.0
116043,0.34
116044,0.02
116045,0.07
116046,0.01
116047,0.0
116048,0.0
116049,0.0
116050,0.13
116051,0.14
116052,0.02
116053,0.0
116054,0.02
116055,0.0
116056,0.01
116057,0.0
116058,0.03
116059,0.01
116060,0.23
116061,0.01
116062,0.0
116063,0.01
116064,0.0
116065,0.12
116066,0.07
116067,0.14
116068,0.04
116069,0.06
116070,0.02
116071,0.04
116072,0.0
116073,0.02
116074,0.01
116075,0.0
116076,0.12
116077,0.03
116078,0.06
116079,0.01
116080,0.0
116081,0.24
116082,0.03
116083,0.15
116084,0.0
116085,0.0
116086,0.29
116087,0.0
116088,0.01
116089,0.04
116090,0.02
116091,0.04
116092,0.02
116093,0.05
116094,0.03
116095,0.01
116096,0.03
116097,0.0
116098,0.01
116099,0.01
116100,0.03
116101,0.16
116102,0.11
116103,0.04
116104,0.0
116105,0.02
116106,0.03
116107,0.15
116108,0.47
116109,0.14
116110,0.11
116111,0.03
116112,0.01
116113,0.11
116114,0.0
116115,0.01
116116,0.0
116117,0.0
116118,0.0
116119,0.13
116120,0.0
116121,0.03
116122,0.05
116123,0.05
116124,0.03
116125,0.0
116126,0.0
116127,0.0
116128,0.0
116129,0.09
116130,0.04
116131,0.0
116132,0.06
116133,0.0
116134,0.09
116135,0.36
116136,0.07
116137,0.01
116138,0.02
116139,0.0
116140,0.01
116141,0.01
116142,0.0
116143,0.09
116144,0.01
116145,0.32
116146,0.07
116147,0.03
116148,0.0
116149,0.05
116150,0.0
116151,0.12
116152,0.05
116153,0.33
116154,0.33
116155,0.01
116156,0.0
116157,0.29
116158,0.04
116159,0.03
116160,0.0
116161,0.01
116162,0.51
116163,0.11
116164,0.06
116165,0.02
116166,0.0
116167,0.03
116168,0.02
116169,0.0
116170,0.07
116171,0.33
116172,0.0
116173,0.01
116174,0.04
116175,0.15
116176,0.0
116177,0.01
116178,0.01
116179,0.05
116180,0.0
116181,0.01
116182,0.01
116183,0.01
116184,0.0
116185,0.0
116186,0.11
116187,0.0
116188,0.02
116189,0.0
116190,0.02
116191,0.34
116192,0.24
116193,0.24
116194,0.32
116195,0.01
116196,0.09
116197,0.17
116198,0.0
116199,0.4
116200,0.03
116201,0.26
116202,0.03
116203,0.47
116204,0.0
116205,0.01
116206,0.02
116207,0.01
116208,0.2
116209,0.03
116210,0.63
116211,0.01
116212,0.02
116213,0.0
116214,0.26
116215,0.01
116216,0.09
116217,0.04
116218,0.16
116219,0.01
116220,0.0
116221,0.05
116222,0.01
116223,0.04
116224,0.06
116225,0.02
116226,0.01
116227,0.0
116228,0.0
116229,0.06
116230,0.3
116231,0.03
116232,0.0
116233,0.0
116234,0.0
116235,0.01
116236,0.02
116237,0.0
116238,0.0
116239,0.18
116240,0.21
116241,0.07
116242,0.02
116243,0.07
116244,0.0
116245,0.0
116246,0.0
116247,0.0
116248,0.0
116249,0.0
116250,0.03
116251,0.09
116252,0.01
116253,0.03
116254,0.01
116255,0.42
116256,0.07
116257,0.17
116258,0.01
116259,0.05
116260,0.29
116261,0.02
116262,0.03
116263,0.0
116264,0.02
116265,0.0
116266,0.1
116267,0.06
116268,0.02
116269,0.01
116270,0.11
116271,0.0
116272,0.0
116273,0.05
116274,0.01
116275,0.16
116276,0.0
116277,0.03
116278,0.0
116279,0.01
116280,0.37
116281,0.0
116282,0.0
116283,0.26
116284,0.01
116285,0.02
116286,0.02
116287,0.03
116288,0.01
116289,0.02
116290,0.39
116291,0.02
116292,0.13
116293,0.04
116294,0.01
116295,0.2
116296,0.04
116297,0.69
116298,0.03
116299,0.01
116300,0.01
116301,0.03
116302,0.0
116303,0.05
116304,0.37
116305,0.01
116306,0.0
116307,0.01
116308,0.0
116309,0.0
116310,0.0
116311,0.11
116312,0.0
116313,0.0
116314,0.01
116315,0.0
116316,0.1
116317,0.0
116318,0.01
116319,0.0
116320,0.04
116321,0.02
116322,0.01
116323,0.0
116324,0.03
116325,0.0
116326,0.06
116327,0.34
116328,0.02
116329,0.52
116330,0.09
116331,0.11
116332,0.06
116333,0.0
116334,0.36
116335,0.29
116336,0.03
116337,0.05
116338,0.25
116339,0.01
116340,0.04
116341,0.03
116342,0.33
116343,0.48
116344,0.07
116345,0.01
116346,0.29
116347,0.08
116348,0.02
116349,0.0
116350,0.17
116351,0.59
116352,0.05
116353,0.0
116354,0.47
116355,0.04
116356,0.0
116357,0.03
116358,0.03
116359,0.0
116360,0.03
116361,0.06
116362,0.03
116363,0.12
116364,0.11
116365,0.03
116366,0.01
116367,0.08
116368,0.47
116369,0.03
116370,0.0
116371,0.02
116372,0.03
116373,0.05
116374,0.07
116375,0.0
116376,0.21
116377,0.55
116378,0.02
116379,0.03
116380,0.0
116381,0.0
116382,0.33
116383,0.03
116384,0.11
116385,0.01
116386,0.05
116387,0.02
116388,0.07
116389,0.0
116390,0.03
116391,0.03
116392,0.03
116393,0.02
116394,0.06
116395,0.05
116396,0.08
116397,0.02
116398,0.01
116399,0.38
116400,0.0
116401,0.0
116402,0.04
116403,0.06
116404,0.0
116405,0.1
116406,0.0
116407,0.01
116408,0.03
116409,0.01
116410,0.21
116411,0.2
116412,0.01
116413,0.38
116414,0.04
116415,0.01
116416,0.32
116417,0.01
116418,0.0
116419,0.05
116420,0.05
116421,0.01
116422,0.0
116423,0.03
116424,0.0
116425,0.42
116426,0.01
116427,0.07
116428,0.14
116429,0.02
116430,0.0
116431,0.12
116432,0.1
116433,0.01
116434,0.01
116435,0.03
116436,0.35
116437,0.02
116438,0.07
116439,0.07
116440,0.01
116441,0.0
116442,0.05
116443,0.28
116444,0.01
116445,0.01
116446,0.01
116447,0.04
116448,0.01
116449,0.0
116450,0.05
116451,0.01
116452,0.03
116453,0.01
116454,0.28
116455,0.0
116456,0.04
116457,0.01
116458,0.0
116459,0.09
116460,0.0
116461,0.04
116462,0.05
116463,0.19
116464,0.03
116465,0.08
116466,0.05
116467,0.06
116468,0.01
116469,0.16
116470,0.21
116471,0.04
116472,0.0
116473,0.13
116474,0.03
116475,0.0
116476,0.12
116477,0.0
116478,0.0
116479,0.0
116480,0.02
116481,0.07
116482,0.01
116483,0.08
116484,0.0
116485,0.01
116486,0.07
116487,0.0
116488,0.02
116489,0.1
116490,0.0
116491,0.02
116492,0.07
116493,0.1
116494,0.2
116495,0.07
116496,0.02
116497,0.01
116498,0.05
116499,0.12
116500,0.0
116501,0.0
116502,0.0
116503,0.0
116504,0.0
116505,0.47
116506,0.0
116507,0.06
116508,0.7
116509,0.03
116510,0.1
116511,0.02
116512,0.08
116513,0.01
116514,0.01
116515,0.01
116516,0.1
116517,0.09
116518,0.01
116519,0.0
116520,0.17
116521,0.01
116522,0.01
116523,0.01
116524,0.08
116525,0.24
116526,0.04
116527,0.06
116528,0.53
116529,0.14
116530,0.12
116531,0.14
116532,0.0
116533,0.11
116534,0.24
116535,0.13
116536,0.06
116537,0.04
116538,0.0
116539,0.0
116540,0.01
116541,0.01
116542,0.06
116543,0.34
116544,0.04
116545,0.03
116546,0.12
116547,0.09
116548,0.01
116549,0.01
116550,0.04
116551,0.0
116552,0.0
116553,0.01
116554,0.0
116555,0.26
116556,0.07
116557,0.01
116558,0.15
116559,0.03
116560,0.17
116561,0.24
116562,0.0
116563,0.01
116564,0.06
116565,0.02
116566,0.09
116567,0.03
116568,0.01
116569,0.0
116570,0.09
116571,0.08
116572,0.03
116573,0.4
116574,0.11
116575,0.13
116576,0.0
116577,0.05
116578,0.13
116579,0.0
116580,0.03
116581,0.02
116582,0.0
116583,0.12
116584,0.0
116585,0.0
116586,0.09
116587,0.0
116588,0.03
116589,0.0
116590,0.05
116591,0.0
116592,0.0
116593,0.01
116594,0.15
116595,0.09
116596,0.0
116597,0.14
116598,0.3
116599,0.05
116600,0.0
116601,0.42
116602,0.05
116603,0.09
116604,0.0
116605,0.04
116606,0.0
116607,0.03
116608,0.02
116609,0.16
116610,0.0
116611,0.49
116612,0.0
116613,0.0
116614,0.01
116615,0.0
116616,0.06
116617,0.08
116618,0.01
116619,0.0
116620,0.05
116621,0.0
116622,0.03
116623,0.0
116624,0.0
116625,0.02
116626,0.17
116627,0.09
116628,0.04
116629,0.01
116630,0.05
116631,0.01
116632,0.01
116633,0.21
116634,0.23
116635,0.06
116636,0.01
116637,0.0
116638,0.01
116639,0.04
116640,0.0
116641,0.17
116642,0.06
116643,0.0
116644,0.12
116645,0.0
116646,0.3
116647,0.01
116648,0.12
116649,0.0
116650,0.0
116651,0.27
116652,0.0
116653,0.0
116654,0.04
116655,0.07
116656,0.05
116657,0.06
116658,0.0
116659,0.02
116660,0.01
116661,0.01
116662,0.04
116663,0.11
116664,0.05
116665,0.02
116666,0.0
116667,0.28
116668,0.0
116669,0.0
116670,0.0
116671,0.16
116672,0.04
116673,0.02
116674,0.0
116675,0.08
116676,0.03
116677,0.0
116678,0.0
116679,0.05
116680,0.0
116681,0.06
116682,0.13
116683,0.03
116684,0.03
116685,0.0
116686,0.1
116687,0.12
116688,0.01
116689,0.03
116690,0.02
116691,0.55
116692,0.03
116693,0.02
116694,0.01
116695,0.0
116696,0.05
116697,0.02
116698,0.14
116699,0.35
116700,0.11
116701,0.14
116702,0.04
116703,0.0
116704,0.02
116705,0.03
116706,0.06
116707,0.02
116708,0.0
116709,0.05
116710,0.03
116711,0.02
116712,0.01
116713,0.05
116714,0.09
116715,0.08
116716,0.27
116717,0.17
116718,0.14
116719,0.57
116720,0.03
116721,0.01
116722,0.01
116723,0.46
116724,0.08
116725,0.1
116726,0.14
116727,0.02
116728,0.34
116729,0.0
116730,0.0
116731,0.0
116732,0.0
116733,0.01
116734,0.0
116735,0.34
116736,0.42
116737,0.03
116738,0.14
116739,0.04
116740,0.06
116741,0.0
116742,0.31
116743,0.02
116744,0.03
116745,0.25
116746,0.0
116747,0.01
116748,0.0
116749,0.0
116750,0.13
116751,0.02
116752,0.03
116753,0.02
116754,0.02
116755,0.02
116756,0.0
116757,0.0
116758,0.03
116759,0.03
116760,0.32
116761,0.04
116762,0.0
116763,0.1
116764,0.01
116765,0.06
116766,0.01
116767,0.22
116768,0.44
116769,0.29
116770,0.01
116771,0.04
116772,0.24
116773,0.29
116774,0.04
116775,0.03
116776,0.0
116777,0.01
116778,0.23
116779,0.03
116780,0.03
116781,0.0
116782,0.33
116783,0.05
116784,0.01
116785,0.75
116786,0.04
116787,0.0
116788,0.44
116789,0.05
116790,0.0
116791,0.07
116792,0.01
116793,0.06
116794,0.0
116795,0.0
116796,0.03
116797,0.54
116798,0.0
116799,0.22
116800,0.09
116801,0.0
116802,0.01
116803,0.05
116804,0.23
116805,0.04
116806,0.01
116807,0.01
116808,0.05
116809,0.06
116810,0.0
116811,0.06
116812,0.0
116813,0.0
116814,0.03
116815,0.02
116816,0.01
116817,0.0
116818,0.01
116819,0.37
116820,0.02
116821,0.01
116822,0.08
116823,0.24
116824,0.32
116825,0.35
116826,0.0
116827,0.0
116828,0.01
116829,0.27
116830,0.01
116831,0.15
116832,0.04
116833,0.0
116834,0.08
116835,0.0
116836,0.01
116837,0.0
116838,0.01
116839,0.04
116840,0.07
116841,0.5
116842,0.01
116843,0.01
116844,0.08
116845,0.05
116846,0.03
116847,0.02
116848,0.0
116849,0.06
116850,0.33
116851,0.0
116852,0.02
116853,0.18
116854,0.0
116855,0.03
116856,0.01
116857,0.02
116858,0.08
116859,0.04
116860,0.29
116861,0.14
116862,0.0
116863,0.07
116864,0.0
116865,0.0
116866,0.0
116867,0.0
116868,0.13
116869,0.11
116870,0.11
116871,0.01
116872,0.02
116873,0.01
116874,0.01
116875,0.1
116876,0.03
116877,0.0
116878,0.0
116879,0.0
116880,0.09
116881,0.07
116882,0.08
116883,0.01
116884,0.04
116885,0.0
116886,0.07
116887,0.0
116888,0.29
116889,0.02
116890,0.28
116891,0.0
116892,0.07
116893,0.18
116894,0.01
116895,0.01
116896,0.1
116897,0.02
116898,0.02
116899,0.01
116900,0.0
116901,0.01
116902,0.06
116903,0.71
116904,0.11
116905,0.27
116906,0.28
116907,0.0
116908,0.18
116909,0.01
116910,0.01
116911,0.0
116912,0.0
116913,0.21
116914,0.01
116915,0.23
116916,0.01
116917,0.0
116918,0.0
116919,0.04
116920,0.04
116921,0.05
116922,0.0
116923,0.03
116924,0.04
116925,0.0
116926,0.03
116927,0.3
116928,0.01
116929,0.01
116930,0.01
116931,0.0
116932,0.08
116933,0.03
116934,0.0
116935,0.03
116936,0.0
116937,0.02
116938,0.0
116939,0.42
116940,0.44
116941,0.0
116942,0.11
116943,0.01
116944,0.06
116945,0.05
116946,0.01
116947,0.0
116948,0.12
116949,0.0
116950,0.0
116951,0.07
116952,0.11
116953,0.01
116954,0.03
116955,0.05
116956,0.13
116957,0.08
116958,0.0
116959,0.19
116960,0.01
116961,0.02
116962,0.0
116963,0.05
116964,0.11
116965,0.01
116966,0.02
116967,0.0
116968,0.02
116969,0.09
116970,0.02
116971,0.01
116972,0.02
116973,0.01
116974,0.08
116975,0.0
116976,0.05
116977,0.01
116978,0.0
116979,0.3
116980,0.0
116981,0.0
116982,0.05
116983,0.1
116984,0.02
116985,0.0
116986,0.01
116987,0.19
116988,0.0
116989,0.2
116990,0.0
116991,0.19
116992,0.15
116993,0.39
116994,0.05
116995,0.02
116996,0.0
116997,0.0
116998,0.04
116999,0.03
117000,0.05
117001,0.1
117002,0.08
117003,0.06
117004,0.03
117005,0.03
117006,0.0
117007,0.01
117008,0.02
117009,0.05
117010,0.51
117011,0.16
117012,0.1
117013,0.03
117014,0.04
117015,0.01
117016,0.1
117017,0.0
117018,0.03
117019,0.01
117020,0.0
117021,0.01
117022,0.01
117023,0.01
117024,0.07
117025,0.0
117026,0.1
117027,0.0
117028,0.0
117029,0.13
117030,0.0
117031,0.09
117032,0.01
117033,0.0
117034,0.0
117035,0.06
117036,0.09
117037,0.04
117038,0.0
117039,0.3
117040,0.0
117041,0.11
117042,0.42
117043,0.47
117044,0.01
117045,0.0
117046,0.03
117047,0.0
117048,0.0
117049,0.01
117050,0.0
117051,0.0
117052,0.05
117053,0.03
117054,0.02
117055,0.0
117056,0.0
117057,0.02
117058,0.02
117059,0.04
117060,0.08
117061,0.32
117062,0.11
117063,0.01
117064,0.06
117065,0.3
117066,0.01
117067,0.0
117068,0.0
117069,0.1
117070,0.0
117071,0.0
117072,0.02
117073,0.0
117074,0.01
117075,0.0
117076,0.05
117077,0.01
117078,0.0
117079,0.01
117080,0.0
117081,0.2
117082,0.01
117083,0.13
117084,0.08
117085,0.0
117086,0.05
117087,0.06
117088,0.02
117089,0.0
117090,0.42
117091,0.0
117092,0.0
117093,0.33
117094,0.04
117095,0.04
117096,0.0
117097,0.06
117098,0.0
117099,0.01
117100,0.05
117101,0.01
117102,0.0
117103,0.04
117104,0.05
117105,0.05
117106,0.0
117107,0.0
117108,0.02
117109,0.02
117110,0.0
117111,0.51
117112,0.0
117113,0.0
117114,0.03
117115,0.0
117116,0.02
117117,0.0
117118,0.05
117119,0.02
117120,0.01
117121,0.0
117122,0.0
117123,0.03
117124,0.05
117125,0.31
117126,0.05
117127,0.0
117128,0.0
117129,0.04
117130,0.04
117131,0.53
117132,0.01
117133,0.03
117134,0.14
117135,0.41
117136,0.1
117137,0.0
117138,0.29
117139,0.03
117140,0.22
117141,0.0
117142,0.0
117143,0.33
117144,0.01
117145,0.06
117146,0.08
117147,0.0
117148,0.0
117149,0.04
117150,0.06
117151,0.0
117152,0.09
117153,0.17
117154,0.01
117155,0.01
117156,0.0
117157,0.21
117158,0.0
117159,0.0
117160,0.17
117161,0.56
117162,0.0
117163,0.0
117164,0.0
117165,0.02
117166,0.01
117167,0.0
117168,0.09
117169,0.03
117170,0.08
117171,0.02
117172,0.24
117173,0.01
117174,0.0
117175,0.12
117176,0.02
117177,0.13
117178,0.12
117179,0.03
117180,0.05
117181,0.0
117182,0.3
117183,0.02
117184,0.06
117185,0.15
117186,0.0
117187,0.07
117188,0.0
117189,0.02
117190,0.0
117191,0.14
117192,0.08
117193,0.0
117194,0.12
117195,0.0
117196,0.47
117197,0.0
117198,0.0
117199,0.01
117200,0.04
117201,0.0
117202,0.01
117203,0.5
117204,0.0
117205,0.01
117206,0.0
117207,0.01
117208,0.0
117209,0.06
117210,0.01
117211,0.02
117212,0.0
117213,0.17
117214,0.0
117215,0.0
117216,0.08
117217,0.0
117218,0.0
117219,0.07
117220,0.0
117221,0.0
117222,0.03
117223,0.05
117224,0.33
117225,0.02
117226,0.18
117227,0.03
117228,0.31
117229,0.0
117230,0.08
117231,0.09
117232,0.21
117233,0.0
117234,0.03
117235,0.04
117236,0.01
117237,0.03
117238,0.05
117239,0.01
117240,0.0
117241,0.16
117242,0.39
117243,0.01
117244,0.0
117245,0.0
117246,0.08
117247,0.29
117248,0.01
117249,0.05
117250,0.01
117251,0.0
117252,0.0
117253,0.3
117254,0.37
117255,0.23
117256,0.11
117257,0.2
117258,0.0
117259,0.11
117260,0.06
117261,0.01
117262,0.29
117263,0.0
117264,0.02
117265,0.21
117266,0.08
117267,0.0
117268,0.0
117269,0.0
117270,0.01
117271,0.01
117272,0.0
117273,0.0
117274,0.0
117275,0.04
117276,0.0
117277,0.04
117278,0.02
117279,0.0
117280,0.07
117281,0.0
117282,0.0
117283,0.02
117284,0.0
117285,0.02
117286,0.04
117287,0.03
117288,0.01
117289,0.18
117290,0.03
117291,0.51
117292,0.01
117293,0.01
117294,0.01
117295,0.03
117296,0.08
117297,0.01
117298,0.0
117299,0.02
117300,0.04
117301,0.48
117302,0.02
117303,0.0
117304,0.01
117305,0.01
117306,0.09
117307,0.0
117308,0.03
117309,0.04
117310,0.01
117311,0.0
117312,0.0
117313,0.01
117314,0.07
117315,0.08
117316,0.0
117317,0.15
117318,0.0
117319,0.01
117320,0.01
117321,0.0
117322,0.14
117323,0.06
117324,0.04
117325,0.0
117326,0.01
117327,0.03
117328,0.01
117329,0.1
117330,0.01
117331,0.59
117332,0.06
117333,0.39
117334,0.02
117335,0.0
117336,0.0
117337,0.09
117338,0.18
117339,0.0
117340,0.34
117341,0.21
117342,0.0
117343,0.0
117344,0.19
117345,0.0
117346,0.54
117347,0.0
117348,0.61
117349,0.0
117350,0.15
117351,0.0
117352,0.05
117353,0.0
117354,0.05
117355,0.0
117356,0.06
117357,0.02
117358,0.34
117359,0.13
117360,0.0
117361,0.01
117362,0.01
117363,0.0
117364,0.11
117365,0.0
117366,0.0
117367,0.0
117368,0.0
117369,0.3
117370,0.0
117371,0.03
117372,0.01
117373,0.02
117374,0.04
117375,0.0
117376,0.28
117377,0.03
117378,0.03
117379,0.18
117380,0.23
117381,0.0
117382,0.02
117383,0.1
117384,0.07
117385,0.21
117386,0.01
117387,0.01
117388,0.01
117389,0.0
117390,0.03
117391,0.01
117392,0.0
117393,0.02
117394,0.0
117395,0.0
117396,0.02
117397,0.0
117398,0.03
117399,0.13
117400,0.01
117401,0.03
117402,0.51
117403,0.32
117404,0.21
117405,0.0
117406,0.07
117407,0.01
117408,0.01
117409,0.06
117410,0.23
117411,0.0
117412,0.18
117413,0.03
117414,0.02
117415,0.01
117416,0.0
117417,0.02
117418,0.17
117419,0.05
117420,0.06
117421,0.06
117422,0.02
117423,0.0
117424,0.0
117425,0.0
117426,0.04
117427,0.0
117428,0.0
117429,0.03
117430,0.43
117431,0.01
117432,0.0
117433,0.01
117434,0.0
117435,0.0
117436,0.46
117437,0.01
117438,0.02
117439,0.02
117440,0.01
117441,0.0
117442,0.03
117443,0.21
117444,0.16
117445,0.0
117446,0.01
117447,0.02
117448,0.0
117449,0.02
117450,0.0
117451,0.0
117452,0.32
117453,0.0
117454,0.03
117455,0.34
117456,0.02
117457,0.01
117458,0.11
117459,0.07
117460,0.0
117461,0.03
117462,0.01
117463,0.0
117464,0.01
117465,0.02
117466,0.0
117467,0.18
117468,0.02
117469,0.05
117470,0.05
117471,0.05
117472,0.13
117473,0.0
117474,0.06
117475,0.0
117476,0.0
117477,0.0
117478,0.03
117479,0.02
117480,0.0
117481,0.01
117482,0.04
117483,0.33
117484,0.0
117485,0.0
117486,0.05
117487,0.0
117488,0.16
117489,0.01
117490,0.03
117491,0.01
117492,0.08
117493,0.02
117494,0.65
117495,0.21
117496,0.41
117497,0.03
117498,0.01
117499,0.05
117500,0.02
117501,0.0
117502,0.51
117503,0.02
117504,0.0
117505,0.0
117506,0.0
117507,0.0
117508,0.0
117509,0.03
117510,0.0
117511,0.36
117512,0.09
117513,0.38
117514,0.06
117515,0.07
117516,0.0
117517,0.04
117518,0.1
117519,0.05
117520,0.1
117521,0.34
117522,0.0
117523,0.04
117524,0.06
117525,0.01
117526,0.09
117527,0.01
117528,0.07
117529,0.0
117530,0.0
117531,0.0
117532,0.08
117533,0.0
117534,0.04
117535,0.01
117536,0.0
117537,0.0
117538,0.56
117539,0.01
117540,0.01
117541,0.08
117542,0.01
117543,0.0
117544,0.29
117545,0.0
117546,0.01
117547,0.0
117548,0.0
117549,0.01
117550,0.01
117551,0.03
117552,0.33
117553,0.03
117554,0.25
117555,0.1
117556,0.04
117557,0.0
117558,0.0
117559,0.01
117560,0.1
117561,0.0
117562,0.26
117563,0.04
117564,0.03
117565,0.07
117566,0.0
117567,0.02
117568,0.0
117569,0.02
117570,0.01
117571,0.05
117572,0.0
117573,0.01
117574,0.0
117575,0.0
117576,0.01
117577,0.56
117578,0.09
117579,0.03
117580,0.01
117581,0.01
117582,0.11
117583,0.01
117584,0.25
117585,0.02
117586,0.01
117587,0.22
117588,0.01
117589,0.28
117590,0.16
117591,0.29
117592,0.03
117593,0.07
117594,0.03
117595,0.01
117596,0.03
117597,0.64
117598,0.0
117599,0.07
117600,0.02
117601,0.01
117602,0.4
117603,0.0
117604,0.09
117605,0.06
117606,0.0
117607,0.01
117608,0.0
117609,0.0
117610,0.0
117611,0.05
117612,0.01
117613,0.03
117614,0.01
117615,0.04
117616,0.06
117617,0.05
117618,0.04
117619,0.0
117620,0.0
117621,0.0
117622,0.14
117623,0.21
117624,0.06
117625,0.06
117626,0.01
117627,0.01
117628,0.33
117629,0.04
117630,0.07
117631,0.04
117632,0.04
117633,0.01
117634,0.01
117635,0.02
117636,0.03
117637,0.02
117638,0.0
117639,0.27
117640,0.01
117641,0.09
117642,0.08
117643,0.34
117644,0.2
117645,0.05
117646,0.55
117647,0.04
117648,0.03
117649,0.09
117650,0.0
117651,0.03
117652,0.01
117653,0.01
117654,0.13
117655,0.04
117656,0.12
117657,0.02
117658,0.01
117659,0.0
117660,0.11
117661,0.0
117662,0.0
117663,0.01
117664,0.06
117665,0.01
117666,0.27
117667,0.01
117668,0.01
117669,0.0
117670,0.25
117671,0.12
117672,0.01
117673,0.0
117674,0.08
117675,0.16
117676,0.13
117677,0.01
117678,0.0
117679,0.0
117680,0.02
117681,0.23
117682,0.01
117683,0.05
117684,0.06
117685,0.02
117686,0.0
117687,0.03
117688,0.05
117689,0.0
117690,0.0
117691,0.02
117692,0.03
117693,0.02
117694,0.01
117695,0.92
117696,0.04
117697,0.0
117698,0.0
117699,0.01
117700,0.0
117701,0.0
117702,0.0
117703,0.15
117704,0.17
117705,0.01
117706,0.0
117707,0.01
117708,0.0
117709,0.0
117710,0.0
117711,0.0
117712,0.0
117713,0.0
117714,0.01
117715,0.36
117716,0.14
117717,0.09
117718,0.01
117719,0.02
117720,0.15
117721,0.36
117722,0.04
117723,0.01
117724,0.0
117725,0.11
117726,0.0
117727,0.03
117728,0.01
117729,0.04
117730,0.0
117731,0.33
117732,0.0
117733,0.07
117734,0.01
117735,0.06
117736,0.41
117737,0.0
117738,0.0
117739,0.1
117740,0.02
117741,0.33
117742,0.0
117743,0.15
117744,0.0
117745,0.48
117746,0.0
117747,0.0
117748,0.06
117749,0.02
117750,0.0
117751,0.0
117752,0.0
117753,0.0
117754,0.0
117755,0.0
117756,0.02
117757,0.42
117758,0.11
117759,0.05
117760,0.05
117761,0.0
117762,0.0
117763,0.02
117764,0.01
117765,0.0
117766,0.02
117767,0.34
117768,0.02
117769,0.06
117770,0.0
117771,0.08
117772,0.22
117773,0.0
117774,0.0
117775,0.02
117776,0.04
117777,0.22
117778,0.02
117779,0.05
117780,0.0
117781,0.02
117782,0.01
117783,0.01
117784,0.09
117785,0.15
117786,0.05
117787,0.06
117788,0.0
117789,0.03
117790,0.3
117791,0.0
117792,0.45
117793,0.08
117794,0.0
117795,0.0
117796,0.0
117797,0.25
117798,0.0
117799,0.08
117800,0.0
117801,0.03
117802,0.01
117803,0.01
117804,0.2
117805,0.01
117806,0.01
117807,0.09
117808,0.0
117809,0.0
117810,0.04
117811,0.03
117812,0.01
117813,0.19
117814,0.0
117815,0.41
117816,0.16
117817,0.0
117818,0.06
117819,0.08
117820,0.01
117821,0.01
117822,0.0
117823,0.09
117824,0.14
117825,0.04
117826,0.0
117827,0.01
117828,0.11
117829,0.35
117830,0.13
117831,0.0
117832,0.02
117833,0.01
117834,0.09
117835,0.0
117836,0.0
117837,0.01
117838,0.0
117839,0.01
117840,0.02
117841,0.0
117842,0.34
117843,0.03
117844,0.0
117845,0.0
117846,0.11
117847,0.38
117848,0.03
117849,0.07
117850,0.01
117851,0.03
117852,0.0
117853,0.05
117854,0.0
117855,0.01
117856,0.05
117857,0.38
117858,0.03
117859,0.16
117860,0.0
117861,0.0
117862,0.03
117863,0.06
117864,0.03
117865,0.02
117866,0.0
117867,0.0
117868,0.01
117869,0.09
117870,0.04
117871,0.01
117872,0.18
117873,0.04
117874,0.0
117875,0.01
117876,0.01
117877,0.0
117878,0.1
117879,0.0
117880,0.05
117881,0.05
117882,0.02
117883,0.09
117884,0.02
117885,0.02
117886,0.07
117887,0.01
117888,0.12
117889,0.02
117890,0.36
117891,0.34
117892,0.0
117893,0.02
117894,0.1
117895,0.03
117896,0.0
117897,0.0
117898,0.0
117899,0.01
117900,0.03
117901,0.0
117902,0.05
117903,0.1
117904,0.03
117905,0.43
117906,0.0
117907,0.02
117908,0.02
117909,0.07
117910,0.0
117911,0.03
117912,0.01
117913,0.01
117914,0.0
117915,0.25
117916,0.22
117917,0.0
117918,0.0
117919,0.23
117920,0.0
117921,0.09
117922,0.04
117923,0.05
117924,0.13
117925,0.09
117926,0.07
117927,0.0
117928,0.1
117929,0.01
117930,0.04
117931,0.0
117932,0.18
117933,0.02
117934,0.06
117935,0.0
117936,0.01
117937,0.0
117938,0.05
117939,0.03
117940,0.02
117941,0.04
117942,0.01
117943,0.32
117944,0.04
117945,0.06
117946,0.23
117947,0.22
117948,0.0
117949,0.01
117950,0.05
117951,0.38
117952,0.11
117953,0.01
117954,0.4
117955,0.01
117956,0.01
117957,0.05
117958,0.02
117959,0.33
117960,0.04
117961,0.01
117962,0.0
117963,0.34
117964,0.0
117965,0.02
117966,0.05
117967,0.02
117968,0.0
117969,0.1
117970,0.03
117971,0.0
117972,0.48
117973,0.0
117974,0.0
117975,0.01
117976,0.07
117977,0.2
117978,0.0
117979,0.01
117980,0.0
117981,0.04
117982,0.39
117983,0.08
117984,0.09
117985,0.09
117986,0.09
117987,0.01
117988,0.05
117989,0.08
117990,0.25
117991,0.01
117992,0.0
117993,0.02
117994,0.32
117995,0.02
117996,0.0
117997,0.02
117998,0.0
117999,0.0
118000,0.01
118001,0.0
118002,0.07
118003,0.02
118004,0.0
118005,0.03
118006,0.0
118007,0.36
118008,0.0
118009,0.03
118010,0.02
118011,0.51
118012,0.0
118013,0.01
118014,0.0
118015,0.03
118016,0.06
118017,0.01
118018,0.02
118019,0.1
118020,0.02
118021,0.36
118022,0.01
118023,0.0
118024,0.09
118025,0.09
118026,0.03
118027,0.06
118028,0.02
118029,0.08
118030,0.01
118031,0.18
118032,0.0
118033,0.02
118034,0.0
118035,0.01
118036,0.0
118037,0.01
118038,0.07
118039,0.19
118040,0.17
118041,0.13
118042,0.0
118043,0.0
118044,0.12
118045,0.02
118046,0.09
118047,0.0
118048,0.02
118049,0.03
118050,0.06
118051,0.0
118052,0.04
118053,0.14
118054,0.03
118055,0.07
118056,0.01
118057,0.11
118058,0.04
118059,0.12
118060,0.01
118061,0.01
118062,0.07
118063,0.03
118064,0.07
118065,0.08
118066,0.08
118067,0.22
118068,0.25
118069,0.01
118070,0.01
118071,0.04
118072,0.17
118073,0.31
118074,0.05
118075,0.36
118076,0.02
118077,0.05
118078,0.44
118079,0.24
118080,0.09
118081,0.21
118082,0.04
118083,0.04
118084,0.01
118085,0.0
118086,0.03
118087,0.15
118088,0.0
118089,0.41
118090,0.04
118091,0.01
118092,0.06
118093,0.46
118094,0.05
118095,0.05
118096,0.1
118097,0.06
118098,0.02
118099,0.15
118100,0.02
118101,0.0
118102,0.07
118103,0.05
118104,0.06
118105,0.01
118106,0.12
118107,0.01
118108,0.01
118109,0.0
118110,0.02
118111,0.0
118112,0.12
118113,0.07
118114,0.32
118115,0.0
118116,0.0
118117,0.11
118118,0.02
118119,0.0
118120,0.5
118121,0.01
118122,0.0
118123,0.0
118124,0.01
118125,0.0
118126,0.03
118127,0.01
118128,0.12
118129,0.0
118130,0.0
118131,0.02
118132,0.02
118133,0.15
118134,0.12
118135,0.07
118136,0.0
118137,0.03
118138,0.56
118139,0.0
118140,0.0
118141,0.08
118142,0.04
118143,0.03
118144,0.05
118145,0.02
118146,0.09
118147,0.46
118148,0.01
118149,0.0
118150,0.03
118151,0.17
118152,0.02
118153,0.01
118154,0.02
118155,0.01
118156,0.09
118157,0.22
118158,0.0
118159,0.06
118160,0.02
118161,0.13
118162,0.03
118163,0.01
118164,0.02
118165,0.32
118166,0.08
118167,0.44
118168,0.01
118169,0.16
118170,0.01
118171,0.39
118172,0.41
118173,0.12
118174,0.04
118175,0.02
118176,0.25
118177,0.02
118178,0.0
118179,0.03
118180,0.1
118181,0.05
118182,0.01
118183,0.01
118184,0.01
118185,0.02
118186,0.02
118187,0.36
118188,0.0
118189,0.04
118190,0.07
118191,0.02
118192,0.6
118193,0.03
118194,0.0
118195,0.0
118196,0.0
118197,0.14
118198,0.03
118199,0.22
118200,0.03
118201,0.01
118202,0.01
118203,0.16
118204,0.0
118205,0.64
118206,0.0
118207,0.24
118208,0.0
118209,0.2
118210,0.02
118211,0.24
118212,0.0
118213,0.04
118214,0.41
118215,0.2
118216,0.0
118217,0.0
118218,0.05
118219,0.04
118220,0.18
118221,0.05
118222,0.2
118223,0.15
118224,0.01
118225,0.0
118226,0.02
118227,0.15
118228,0.03
118229,0.01
118230,0.02
118231,0.04
118232,0.0
118233,0.06
118234,0.08
118235,0.0
118236,0.19
118237,0.0
118238,0.34
118239,0.03
118240,0.04
118241,0.0
118242,0.04
118243,0.27
118244,0.03
118245,0.67
118246,0.11
118247,0.05
118248,0.01
118249,0.0
118250,0.0
118251,0.02
118252,0.25
118253,0.0
118254,0.04
118255,0.01
118256,0.0
118257,0.05
118258,0.01
118259,0.29
118260,0.02
118261,0.0
118262,0.11
118263,0.04
118264,0.03
118265,0.04
118266,0.0
118267,0.01
118268,0.03
118269,0.0
118270,0.0
118271,0.02
118272,0.0
118273,0.2
118274,0.01
118275,0.36
118276,0.07
118277,0.05
118278,0.58
118279,0.03
118280,0.01
118281,0.01
118282,0.0
118283,0.16
118284,0.06
118285,0.01
118286,0.11
118287,0.05
118288,0.01
118289,0.0
118290,0.0
118291,0.02
118292,0.42
118293,0.0
118294,0.06
118295,0.11
118296,0.02
118297,0.0
118298,0.01
118299,0.07
118300,0.0
118301,0.06
118302,0.0
118303,0.04
118304,0.0
118305,0.02
118306,0.05
118307,0.13
118308,0.03
118309,0.01
118310,0.16
118311,0.21
118312,0.47
118313,0.0
118314,0.11
118315,0.12
118316,0.05
118317,0.04
118318,0.0
118319,0.02
118320,0.01
118321,0.0
118322,0.29
118323,0.0
118324,0.33
118325,0.02
118326,0.05
118327,0.0
118328,0.0
118329,0.0
118330,0.0
118331,0.05
118332,0.0
118333,0.01
118334,0.01
118335,0.0
118336,0.22
118337,0.02
118338,0.03
118339,0.19
118340,0.0
118341,0.02
118342,0.0
118343,0.02
118344,0.0
118345,0.0
118346,0.05
118347,0.01
118348,0.0
118349,0.0
118350,0.01
118351,0.06
118352,0.01
118353,0.05
118354,0.02
118355,0.03
118356,0.04
118357,0.08
118358,0.1
118359,0.02
118360,0.0
118361,0.05
118362,0.14
118363,0.02
118364,0.03
118365,0.0
118366,0.02
118367,0.0
118368,0.0
118369,0.0
118370,0.0
118371,0.0
118372,0.0
118373,0.0
118374,0.0
118375,0.27
118376,0.07
118377,0.14
118378,0.0
118379,0.0
118380,0.12
118381,0.09
118382,0.05
118383,0.54
118384,0.04
118385,0.02
118386,0.09
118387,0.0
118388,0.02
118389,0.02
118390,0.0
118391,0.0
118392,0.02
118393,0.03
118394,0.01
118395,0.62
118396,0.23
118397,0.05
118398,0.05
118399,0.49
118400,0.0
118401,0.1
118402,0.07
118403,0.15
118404,0.04
118405,0.0
118406,0.03
118407,0.03
118408,0.02
118409,0.02
118410,0.3
118411,0.0
118412,0.09
118413,0.0
118414,0.02
118415,0.12
118416,0.01
118417,0.03
118418,0.0
118419,0.02
118420,0.0
118421,0.08
118422,0.51
118423,0.03
118424,0.0
118425,0.01
118426,0.31
118427,0.02
118428,0.07
118429,0.01
118430,0.16
118431,0.0
118432,0.02
118433,0.09
118434,0.06
118435,0.01
118436,0.0
118437,0.02
118438,0.02
118439,0.0
118440,0.07
118441,0.01
118442,0.01
118443,0.01
118444,0.02
118445,0.06
118446,0.0
118447,0.05
118448,0.08
118449,0.03
118450,0.0
118451,0.05
118452,0.1
118453,0.1
118454,0.03
118455,0.17
118456,0.07
118457,0.37
118458,0.03
118459,0.0
118460,0.19
118461,0.0
118462,0.04
118463,0.21
118464,0.01
118465,0.0
118466,0.42
118467,0.0
118468,0.1
118469,0.01
118470,0.01
118471,0.19
118472,0.58
118473,0.0
118474,0.0
118475,0.36
118476,0.02
118477,0.09
118478,0.0
118479,0.32
118480,0.01
118481,0.0
118482,0.0
118483,0.16
118484,0.0
118485,0.02
118486,0.08
118487,0.03
118488,0.0
118489,0.07
118490,0.05
118491,0.13
118492,0.01
118493,0.26
118494,0.19
118495,0.01
118496,0.67
118497,0.01
118498,0.35
118499,0.02
118500,0.0
118501,0.01
118502,0.02
118503,0.01
118504,0.37
118505,0.22
118506,0.0
118507,0.01
118508,0.33
118509,0.01
118510,0.22
118511,0.16
118512,0.12
118513,0.0
118514,0.0
118515,0.2
118516,0.01
118517,0.08
118518,0.05
118519,0.04
118520,0.01
118521,0.01
118522,0.03
118523,0.03
118524,0.02
118525,0.01
118526,0.05
118527,0.01
118528,0.02
118529,0.0
118530,0.0
118531,0.01
118532,0.05
118533,0.02
118534,0.17
118535,0.0
118536,0.08
118537,0.0
118538,0.07
118539,0.03
118540,0.01
118541,0.02
118542,0.02
118543,0.01
118544,0.02
118545,0.0
118546,0.27
118547,0.01
118548,0.0
118549,0.12
118550,0.02
118551,0.08
118552,0.01
118553,0.0
118554,0.31
118555,0.17
118556,0.03
118557,0.06
118558,0.0
118559,0.01
118560,0.0
118561,0.04
118562,0.02
118563,0.01
118564,0.06
118565,0.22
118566,0.0
118567,0.0
118568,0.01
118569,0.03
118570,0.18
118571,0.03
118572,0.0
118573,0.02
118574,0.04
118575,0.02
118576,0.01
118577,0.62
118578,0.0
118579,0.0
118580,0.0
118581,0.33
118582,0.01
118583,0.01
118584,0.04
118585,0.09
118586,0.0
118587,0.39
118588,0.03
118589,0.0
118590,0.0
118591,0.16
118592,0.03
118593,0.52
118594,0.0
118595,0.15
118596,0.01
118597,0.02
118598,0.0
118599,0.02
118600,0.01
118601,0.0
118602,0.04
118603,0.0
118604,0.07
118605,0.44
118606,0.04
118607,0.03
118608,0.05
118609,0.0
118610,0.18
118611,0.04
118612,0.1
118613,0.0
118614,0.07
118615,0.01
118616,0.0
118617,0.02
118618,0.05
118619,0.05
118620,0.0
118621,0.08
118622,0.0
118623,0.0
118624,0.01
118625,0.02
118626,0.0
118627,0.01
118628,0.01
118629,0.0
118630,0.0
118631,0.03
118632,0.04
118633,0.05
118634,0.04
118635,0.0
118636,0.0
118637,0.06
118638,0.06
118639,0.0
118640,0.12
118641,0.37
118642,0.04
118643,0.55
118644,0.08
118645,0.01
118646,0.02
118647,0.01
118648,0.0
118649,0.01
118650,0.02
118651,0.07
118652,0.04
118653,0.01
118654,0.02
118655,0.02
118656,0.13
118657,0.0
118658,0.22
118659,0.04
118660,0.0
118661,0.17
118662,0.01
118663,0.02
118664,0.0
118665,0.28
118666,0.0
118667,0.14
118668,0.0
118669,0.01
118670,0.51
118671,0.0
118672,0.47
118673,0.01
118674,0.54
118675,0.01
118676,0.05
118677,0.06
118678,0.01
118679,0.06
118680,0.02
118681,0.01
118682,0.11
118683,0.06
118684,0.05
118685,0.02
118686,0.11
118687,0.0
118688,0.0
118689,0.01
118690,0.06
118691,0.06
118692,0.01
118693,0.01
118694,0.0
118695,0.05
118696,0.09
118697,0.1
118698,0.0
118699,0.0
118700,0.0
118701,0.02
118702,0.01
118703,0.14
118704,0.07
118705,0.0
118706,0.09
118707,0.01
118708,0.0
118709,0.03
118710,0.0
118711,0.02
118712,0.18
118713,0.61
118714,0.1
118715,0.1
118716,0.08
118717,0.05
118718,0.21
118719,0.03
118720,0.14
118721,0.0
118722,0.02
118723,0.02
118724,0.0
118725,0.0
118726,0.3
118727,0.11
118728,0.02
118729,0.0
118730,0.02
118731,0.0
118732,0.01
118733,0.03
118734,0.01
118735,0.02
118736,0.38
118737,0.01
118738,0.08
118739,0.15
118740,0.01
118741,0.01
118742,0.06
118743,0.11
118744,0.16
118745,0.0
118746,0.0
118747,0.02
118748,0.03
118749,0.03
118750,0.01
118751,0.0
118752,0.04
118753,0.02
118754,0.03
118755,0.0
118756,0.08
118757,0.0
118758,0.05
118759,0.0
118760,0.06
118761,0.0
118762,0.01
118763,0.01
118764,0.13
118765,0.02
118766,0.01
118767,0.03
118768,0.01
118769,0.0
118770,0.01
118771,0.01
118772,0.02
118773,0.01
118774,0.07
118775,0.03
118776,0.0
118777,0.0
118778,0.0
118779,0.01
118780,0.0
118781,0.01
118782,0.34
118783,0.18
118784,0.03
118785,0.04
118786,0.02
118787,0.0
118788,0.26
118789,0.01
118790,0.18
118791,0.05
118792,0.0
118793,0.0
118794,0.3
118795,0.02
118796,0.01
118797,0.0
118798,0.01
118799,0.07
118800,0.05
118801,0.17
118802,0.13
118803,0.0
118804,0.01
118805,0.0
118806,0.0
118807,0.0
118808,0.01
118809,0.0
118810,0.02
118811,0.08
118812,0.14
118813,0.01
118814,0.04
118815,0.07
118816,0.0
118817,0.02
118818,0.0
118819,0.02
118820,0.0
118821,0.57
118822,0.1
118823,0.01
118824,0.01
118825,0.42
118826,0.0
118827,0.03
118828,0.08
118829,0.0
118830,0.21
118831,0.0
118832,0.04
118833,0.38
118834,0.04
118835,0.0
118836,0.03
118837,0.03
118838,0.0
118839,0.04
118840,0.01
118841,0.0
118842,0.25
118843,0.1
118844,0.0
118845,0.09
118846,0.27
118847,0.12
118848,0.54
118849,0.0
118850,0.07
118851,0.09
118852,0.1
118853,0.37
118854,0.25
118855,0.27
118856,0.02
118857,0.13
118858,0.1
118859,0.12
118860,0.0
118861,0.0
118862,0.12
118863,0.0
118864,0.07
118865,0.01
118866,0.0
118867,0.07
118868,0.04
118869,0.0
118870,0.02
118871,0.04
118872,0.26
118873,0.03
118874,0.0
118875,0.07
118876,0.0
118877,0.0
118878,0.15
118879,0.0
118880,0.08
118881,0.0
118882,0.06
118883,0.62
118884,0.04
118885,0.02
118886,0.05
118887,0.1
118888,0.01
118889,0.05
118890,0.04
118891,0.08
118892,0.0
118893,0.01
118894,0.03
118895,0.07
118896,0.0
118897,0.09
118898,0.19
118899,0.01
118900,0.0
118901,0.0
118902,0.0
118903,0.0
118904,0.02
118905,0.07
118906,0.0
118907,0.0
118908,0.01
118909,0.04
118910,0.15
118911,0.04
118912,0.03
118913,0.29
118914,0.01
118915,0.1
118916,0.15
118917,0.01
118918,0.25
118919,0.0
118920,0.03
118921,0.02
118922,0.01
118923,0.29
118924,0.01
118925,0.01
118926,0.01
118927,0.13
118928,0.01
118929,0.0
118930,0.0
118931,0.04
118932,0.01
118933,0.0
118934,0.18
118935,0.02
118936,0.07
118937,0.0
118938,0.06
118939,0.1
118940,0.0
118941,0.0
118942,0.0
118943,0.0
118944,0.0
118945,0.07
118946,0.07
118947,0.02
118948,0.0
118949,0.1
118950,0.1
118951,0.05
118952,0.44
118953,0.01
118954,0.09
118955,0.13
118956,0.01
118957,0.01
118958,0.05
118959,0.05
118960,0.0
118961,0.04
118962,0.03
118963,0.0
118964,0.32
118965,0.0
118966,0.0
118967,0.22
118968,0.81
118969,0.05
118970,0.17
118971,0.02
118972,0.11
118973,0.0
118974,0.04
118975,0.01
118976,0.06
118977,0.0
118978,0.0
118979,0.18
118980,0.0
118981,0.01
118982,0.41
118983,0.81
118984,0.14
118985,0.01
118986,0.0
118987,0.01
118988,0.01
118989,0.0
118990,0.06
118991,0.33
118992,0.02
118993,0.17
118994,0.0
118995,0.11
118996,0.52
118997,0.07
118998,0.05
118999,0.0
119000,0.06
119001,0.0
119002,0.04
119003,0.04
119004,0.0
119005,0.06
119006,0.07
119007,0.0
119008,0.0
119009,0.17
119010,0.0
119011,0.18
119012,0.36
119013,0.0
119014,0.0
119015,0.0
119016,0.47
119017,0.02
119018,0.04
119019,0.23
119020,0.42
119021,0.0
119022,0.0
119023,0.05
119024,0.04
119025,0.03
119026,0.05
119027,0.05
119028,0.02
119029,0.04
119030,0.01
119031,0.0
119032,0.48
119033,0.04
119034,0.01
119035,0.09
119036,0.26
119037,0.01
119038,0.0
119039,0.13
119040,0.04
119041,0.12
119042,0.39
119043,0.0
119044,0.55
119045,0.01
119046,0.02
119047,0.13
119048,0.19
119049,0.01
119050,0.0
119051,0.01
119052,0.01
119053,0.0
119054,0.0
119055,0.08
119056,0.0
119057,0.06
119058,0.03
119059,0.0
119060,0.02
119061,0.14
119062,0.01
119063,0.2
119064,0.02
119065,0.25
119066,0.02
119067,0.02
119068,0.02
119069,0.01
119070,0.02
119071,0.0
119072,0.16
119073,0.0
119074,0.31
119075,0.03
119076,0.0
119077,0.02
119078,0.0
119079,0.0
119080,0.08
119081,0.0
119082,0.01
119083,0.15
119084,0.0
119085,0.0
119086,0.0
119087,0.01
119088,0.13
119089,0.02
119090,0.02
119091,0.16
119092,0.05
119093,0.0
119094,0.06
119095,0.15
119096,0.03
119097,0.01
119098,0.26
119099,0.02
119100,0.0
119101,0.52
119102,0.01
119103,0.03
119104,0.07
119105,0.2
119106,0.24
119107,0.56
119108,0.01
119109,0.08
119110,0.16
119111,0.01
119112,0.04
119113,0.08
119114,0.43
119115,0.0
119116,0.0
119117,0.11
119118,0.03
119119,0.0
119120,0.13
119121,0.03
119122,0.14
119123,0.0
119124,0.09
119125,0.02
119126,0.0
119127,0.39
119128,0.05
119129,0.14
119130,0.03
119131,0.15
119132,0.58
119133,0.02
119134,0.09
119135,0.3
119136,0.02
119137,0.01
119138,0.0
119139,0.04
119140,0.08
119141,0.04
119142,0.37
119143,0.0
119144,0.01
119145,0.19
119146,0.18
119147,0.0
119148,0.0
119149,0.01
119150,0.08
119151,0.01
119152,0.01
119153,0.0
119154,0.07
119155,0.01
119156,0.04
119157,0.01
119158,0.0
119159,0.05
119160,0.0
119161,0.03
119162,0.0
119163,0.0
119164,0.03
119165,0.02
119166,0.04
119167,0.11
119168,0.0
119169,0.05
119170,0.22
119171,0.41
119172,0.01
119173,0.0
119174,0.23
119175,0.03
119176,0.1
119177,0.09
119178,0.06
119179,0.16
119180,0.0
119181,0.02
119182,0.01
119183,0.01
119184,0.12
119185,0.22
119186,0.7
119187,0.02
119188,0.02
119189,0.46
119190,0.0
119191,0.0
119192,0.01
119193,0.01
119194,0.02
119195,0.07
119196,0.01
119197,0.09
119198,0.07
119199,0.0
119200,0.0
119201,0.0
119202,0.09
119203,0.13
119204,0.25
119205,0.01
119206,0.03
119207,0.29
119208,0.07
119209,0.05
119210,0.06
119211,0.03
119212,0.04
119213,0.08
119214,0.0
119215,0.0
119216,0.04
119217,0.08
119218,0.01
119219,0.0
119220,0.02
119221,0.07
119222,0.0
119223,0.16
119224,0.02
119225,0.03
119226,0.0
119227,0.0
119228,0.0
119229,0.0
119230,0.0
119231,0.01
119232,0.06
119233,0.03
119234,0.0
119235,0.09
119236,0.0
119237,0.04
119238,0.07
119239,0.02
119240,0.0
119241,0.0
119242,0.01
119243,0.0
119244,0.22
119245,0.0
119246,0.21
119247,0.0
119248,0.01
119249,0.04
119250,0.0
119251,0.0
119252,0.12
119253,0.0
119254,0.0
119255,0.02
119256,0.03
119257,0.0
119258,0.06
119259,0.31
119260,0.43
119261,0.09
119262,0.02
119263,0.05
119264,0.08
119265,0.03
119266,0.0
119267,0.07
119268,0.36
119269,0.0
119270,0.11
119271,0.12
119272,0.15
119273,0.0
119274,0.04
119275,0.04
119276,0.31
119277,0.17
119278,0.0
119279,0.03
119280,0.0
119281,0.12
119282,0.03
119283,0.05
119284,0.01
119285,0.01
119286,0.12
119287,0.16
119288,0.01
119289,0.01
119290,0.0
119291,0.03
119292,0.0
119293,0.02
119294,0.03
119295,0.01
119296,0.06
119297,0.01
119298,0.0
119299,0.12
119300,0.03
119301,0.34
119302,0.22
119303,0.0
119304,0.08
119305,0.08
119306,0.0
119307,0.15
119308,0.18
119309,0.13
119310,0.0
119311,0.0
119312,0.03
119313,0.0
119314,0.07
119315,0.09
119316,0.04
119317,0.04
119318,0.0
119319,0.4
119320,0.03
119321,0.27
119322,0.19
119323,0.01
119324,0.0
119325,0.01
119326,0.02
119327,0.01
119328,0.05
119329,0.0
119330,0.01
119331,0.14
119332,0.25
119333,0.15
119334,0.26
119335,0.01
119336,0.13
119337,0.01
119338,0.0
119339,0.02
119340,0.02
119341,0.01
119342,0.1
119343,0.0
119344,0.01
119345,0.0
119346,0.14
119347,0.01
119348,0.31
119349,0.1
119350,0.2
119351,0.01
119352,0.03
119353,0.0
119354,0.0
119355,0.11
119356,0.03
119357,0.0
119358,0.09
119359,0.11
119360,0.0
119361,0.0
119362,0.05
119363,0.09
119364,0.0
119365,0.0
119366,0.05
119367,0.24
119368,0.06
119369,0.01
119370,0.03
119371,0.06
119372,0.01
119373,0.3
119374,0.01
119375,0.04
119376,0.01
119377,0.08
119378,0.19
119379,0.25
119380,0.0
119381,0.06
119382,0.0
119383,0.02
119384,0.01
119385,0.04
119386,0.03
119387,0.0
119388,0.13
119389,0.02
119390,0.0
119391,0.0
119392,0.0
119393,0.03
119394,0.05
119395,0.0
119396,0.0
119397,0.11
119398,0.02
119399,0.0
119400,0.03
119401,0.02
119402,0.02
119403,0.27
119404,0.01
119405,0.0
119406,0.23
119407,0.2
119408,0.07
119409,0.02
119410,0.0
119411,0.05
119412,0.0
119413,0.15
119414,0.05
119415,0.27
119416,0.0
119417,0.02
119418,0.0
119419,0.1
119420,0.16
119421,0.53
119422,0.4
119423,0.35
119424,0.0
119425,0.0
119426,0.0
119427,0.0
119428,0.1
119429,0.03
119430,0.16
119431,0.02
119432,0.09
119433,0.03
119434,0.04
119435,0.0
119436,0.0
119437,0.0
119438,0.24
119439,0.06
119440,0.01
119441,0.19
119442,0.0
119443,0.0
119444,0.04
119445,0.03
119446,0.04
119447,0.0
119448,0.0
119449,0.04
119450,0.01
119451,0.1
119452,0.1
119453,0.04
119454,0.02
119455,0.36
119456,0.01
119457,0.38
119458,0.26
119459,0.09
119460,0.02
119461,0.0
119462,0.12
119463,0.0
119464,0.1
119465,0.0
119466,0.37
119467,0.0
119468,0.05
119469,0.0
119470,0.02
119471,0.02
119472,0.01
119473,0.25
119474,0.05
119475,0.03
119476,0.0
119477,0.16
119478,0.0
119479,0.0
119480,0.01
119481,0.01
119482,0.08
119483,0.06
119484,0.0
119485,0.01
119486,0.09
119487,0.02
119488,0.06
119489,0.02
119490,0.0
119491,0.09
119492,0.0
119493,0.2
119494,0.04
119495,0.02
119496,0.05
119497,0.26
119498,0.0
119499,0.01
119500,0.0
119501,0.0
119502,0.01
119503,0.01
119504,0.0
119505,0.49
119506,0.0
119507,0.0
119508,0.01
119509,0.07
119510,0.02
119511,0.08
119512,0.02
119513,0.0
119514,0.14
119515,0.23
119516,0.01
119517,0.02
119518,0.03
119519,0.01
119520,0.0
119521,0.0
119522,0.0
119523,0.03
119524,0.0
119525,0.0
119526,0.07
119527,0.47
119528,0.0
119529,0.0
119530,0.35
119531,0.01
119532,0.0
119533,0.0
119534,0.0
119535,0.12
119536,0.02
119537,0.04
119538,0.18
119539,0.0
119540,0.03
119541,0.09
119542,0.49
119543,0.07
119544,0.03
119545,0.01
119546,0.06
119547,0.03
119548,0.21
119549,0.04
119550,0.36
119551,0.19
119552,0.03
119553,0.01
119554,0.01
119555,0.0
119556,0.02
119557,0.05
119558,0.01
119559,0.03
119560,0.0
119561,0.32
119562,0.02
119563,0.13
119564,0.01
119565,0.05
119566,0.13
119567,0.05
119568,0.05
119569,0.01
119570,0.0
119571,0.01
119572,0.05
119573,0.0
119574,0.01
119575,0.0
119576,0.03
119577,0.04
119578,0.0
119579,0.09
119580,0.01
119581,0.04
119582,0.01
119583,0.0
119584,0.01
119585,0.01
119586,0.0
119587,0.12
119588,0.01
119589,0.0
119590,0.01
119591,0.0
119592,0.19
119593,0.01
119594,0.03
119595,0.13
119596,0.0
119597,0.03
119598,0.01
119599,0.07
119600,0.09
119601,0.19
119602,0.0
119603,0.22
119604,0.49
119605,0.49
119606,0.01
119607,0.19
119608,0.05
119609,0.0
119610,0.01
119611,0.0
119612,0.0
119613,0.0
119614,0.47
119615,0.0
119616,0.22
119617,0.01
119618,0.2
119619,0.05
119620,0.04
119621,0.0
119622,0.02
119623,0.14
119624,0.12
119625,0.0
119626,0.01
119627,0.0
119628,0.06
119629,0.01
119630,0.06
119631,0.0
119632,0.01
119633,0.0
119634,0.01
119635,0.03
119636,0.28
119637,0.0
119638,0.0
119639,0.01
119640,0.21
119641,0.07
119642,0.0
119643,0.01
119644,0.01
119645,0.27
119646,0.05
119647,0.28
119648,0.0
119649,0.12
119650,0.01
119651,0.08
119652,0.13
119653,0.01
119654,0.04
119655,0.0
119656,0.03
119657,0.15
119658,0.01
119659,0.1
119660,0.03
119661,0.03
119662,0.02
119663,0.01
119664,0.01
119665,0.02
119666,0.04
119667,0.0
119668,0.16
119669,0.14
119670,0.01
119671,0.02
119672,0.02
119673,0.0
119674,0.05
119675,0.0
119676,0.03
119677,0.03
119678,0.0
119679,0.01
119680,0.0
119681,0.01
119682,0.05
119683,0.06
119684,0.0
119685,0.02
119686,0.04
119687,0.0
119688,0.05
119689,0.45
119690,0.03
119691,0.03
119692,0.01
119693,0.0
119694,0.34
119695,0.06
119696,0.01
119697,0.0
119698,0.01
119699,0.46
119700,0.02
119701,0.08
119702,0.45
119703,0.0
119704,0.06
119705,0.01
119706,0.05
119707,0.35
119708,0.06
119709,0.01
119710,0.14
119711,0.0
119712,0.26
119713,0.45
119714,0.0
119715,0.08
119716,0.02
119717,0.0
119718,0.0
119719,0.09
119720,0.0
119721,0.04
119722,0.0
119723,0.0
119724,0.67
119725,0.0
119726,0.0
119727,0.01
119728,0.0
119729,0.01
119730,0.0
119731,0.15
119732,0.06
119733,0.01
119734,0.0
119735,0.09
119736,0.34
119737,0.05
119738,0.03
119739,0.07
119740,0.01
119741,0.0
119742,0.02
119743,0.04
119744,0.0
119745,0.0
119746,0.01
119747,0.01
119748,0.07
119749,0.02
119750,0.02
119751,0.03
119752,0.03
119753,0.0
119754,0.04
119755,0.25
119756,0.03
119757,0.06
119758,0.0
119759,0.02
119760,0.03
119761,0.03
119762,0.07
119763,0.06
119764,0.01
119765,0.0
119766,0.47
119767,0.01
119768,0.06
119769,0.01
119770,0.05
119771,0.0
119772,0.05
119773,0.0
119774,0.0
119775,0.1
119776,0.02
119777,0.03
119778,0.02
119779,0.0
119780,0.32
119781,0.04
119782,0.08
119783,0.04
119784,0.26
119785,0.0
119786,0.0
119787,0.27
119788,0.04
119789,0.0
119790,0.16
119791,0.11
119792,0.05
119793,0.0
119794,0.02
119795,0.0
119796,0.12
119797,0.02
119798,0.01
119799,0.24
119800,0.02
119801,0.01
119802,0.0
119803,0.1
119804,0.0
119805,0.09
119806,0.0
119807,0.13
119808,0.0
119809,0.05
119810,0.04
119811,0.1
119812,0.01
119813,0.01
119814,0.11
119815,0.18
119816,0.01
119817,0.03
119818,0.0
119819,0.1
119820,0.01
119821,0.01
119822,0.01
119823,0.3
119824,0.01
119825,0.02
119826,0.0
119827,0.0
119828,0.01
119829,0.01
119830,0.05
119831,0.0
119832,0.03
119833,0.01
119834,0.0
119835,0.02
119836,0.03
119837,0.15
119838,0.02
119839,0.0
119840,0.01
119841,0.01
119842,0.08
119843,0.6
119844,0.28
119845,0.02
119846,0.0
119847,0.01
119848,0.0
119849,0.12
119850,0.0
119851,0.04
119852,0.01
119853,0.12
119854,0.07
119855,0.03
119856,0.0
119857,0.0
119858,0.29
119859,0.0
119860,0.01
119861,0.31
119862,0.24
119863,0.03
119864,0.05
119865,0.03
119866,0.0
119867,0.32
119868,0.3
119869,0.0
119870,0.01
119871,0.07
119872,0.73
119873,0.05
119874,0.03
119875,0.03
119876,0.57
119877,0.0
119878,0.0
119879,0.04
119880,0.03
119881,0.03
119882,0.0
119883,0.45
119884,0.0
119885,0.41
119886,0.43
119887,0.04
119888,0.03
119889,0.02
119890,0.05
119891,0.01
119892,0.0
119893,0.01
119894,0.13
119895,0.58
119896,0.03
119897,0.03
119898,0.32
119899,0.0
119900,0.0
119901,0.0
119902,0.0
119903,0.12
119904,0.07
119905,0.23
119906,0.04
119907,0.06
119908,0.0
119909,0.0
119910,0.41
119911,0.05
119912,0.02
119913,0.01
119914,0.01
119915,0.13
119916,0.14
119917,0.01
119918,0.0
119919,0.03
119920,0.0
119921,0.02
119922,0.01
119923,0.0
119924,0.08
119925,0.01
119926,0.0
119927,0.01
119928,0.06
119929,0.01
119930,0.0
119931,0.0
119932,0.03
119933,0.08
119934,0.39
119935,0.04
119936,0.0
119937,0.0
119938,0.01
119939,0.0
119940,0.28
119941,0.05
119942,0.02
119943,0.01
119944,0.01
119945,0.0
119946,0.03
119947,0.07
119948,0.08
119949,0.01
119950,0.0
119951,0.0
119952,0.01
119953,0.07
119954,0.18
119955,0.01
119956,0.05
119957,0.09
119958,0.0
119959,0.02
119960,0.45
119961,0.06
119962,0.0
119963,0.43
119964,0.07
119965,0.02
119966,0.04
119967,0.04
119968,0.05
119969,0.12
119970,0.01
119971,0.01
119972,0.0
119973,0.08
119974,0.09
119975,0.0
119976,0.45
119977,0.01
119978,0.0
119979,0.0
119980,0.05
119981,0.0
119982,0.0
119983,0.13
119984,0.0
119985,0.07
119986,0.02
119987,0.26
119988,0.02
119989,0.0
119990,0.02
119991,0.01
119992,0.0
119993,0.04
119994,0.01
119995,0.06
119996,0.01
119997,0.02
119998,0.0
119999,0.04
120000,0.08
120001,0.01
120002,0.03
120003,0.01
120004,0.01
120005,0.01
120006,0.02
120007,0.0
120008,0.01
120009,0.33
120010,0.0
120011,0.27
120012,0.05
120013,0.01
120014,0.17
120015,0.04
120016,0.02
120017,0.0
120018,0.0
120019,0.0
120020,0.14
120021,0.04
120022,0.05
120023,0.02
120024,0.81
120025,0.25
120026,0.21
120027,0.0
120028,0.03
120029,0.03
120030,0.0
120031,0.15
120032,0.0
120033,0.2
120034,0.57
120035,0.01
120036,0.03
120037,0.03
120038,0.05
120039,0.0
120040,0.04
120041,0.0
120042,0.54
120043,0.03
120044,0.0
120045,0.19
120046,0.13
120047,0.04
120048,0.1
120049,0.0
120050,0.02
120051,0.05
120052,0.08
120053,0.0
120054,0.01
120055,0.01
120056,0.01
120057,0.37
120058,0.08
120059,0.0
120060,0.33
120061,0.03
120062,0.21
120063,0.0
120064,0.09
120065,0.05
120066,0.05
120067,0.0
120068,0.17
120069,0.0
120070,0.0
120071,0.01
120072,0.27
120073,0.0
120074,0.0
120075,0.01
120076,0.02
120077,0.01
120078,0.03
120079,0.0
120080,0.2
120081,0.0
120082,0.45
120083,0.07
120084,0.03
120085,0.03
120086,0.04
120087,0.02
120088,0.15
120089,0.07
120090,0.01
120091,0.29
120092,0.02
120093,0.04
120094,0.0
120095,0.01
120096,0.26
120097,0.03
120098,0.1
120099,0.0
120100,0.04
120101,0.11
120102,0.04
120103,0.02
120104,0.0
120105,0.05
120106,0.01
120107,0.0
120108,0.03
120109,0.06
120110,0.0
120111,0.16
120112,0.03
120113,0.09
120114,0.17
120115,0.27
120116,0.21
120117,0.0
120118,0.02
120119,0.0
120120,0.0
120121,0.0
120122,0.01
120123,0.31
120124,0.0
120125,0.0
120126,0.02
120127,0.02
120128,0.04
120129,0.0
120130,0.08
120131,0.01
120132,0.15
120133,0.0
120134,0.01
120135,0.0
120136,0.04
120137,0.34
120138,0.39
120139,0.11
120140,0.01
120141,0.0
120142,0.31
120143,0.0
120144,0.01
120145,0.03
120146,0.0
120147,0.06
120148,0.04
120149,0.02
120150,0.42
120151,0.0
120152,0.49
120153,0.01
120154,0.24
120155,0.36
120156,0.01
120157,0.05
120158,0.08
120159,0.02
120160,0.0
120161,0.08
120162,0.0
120163,0.09
120164,0.0
120165,0.0
120166,0.09
120167,0.06
120168,0.01
120169,0.04
120170,0.0
120171,0.45
120172,0.17
120173,0.0
120174,0.02
120175,0.05
120176,0.05
120177,0.18
120178,0.06
120179,0.12
120180,0.17
120181,0.03
120182,0.0
120183,0.46
120184,0.0
120185,0.02
120186,0.0
120187,0.22
120188,0.0
120189,0.06
120190,0.07
120191,0.0
120192,0.0
120193,0.03
120194,0.27
120195,0.04
120196,0.0
120197,0.0
120198,0.66
120199,0.16
120200,0.02
120201,0.02
120202,0.0
120203,0.02
120204,0.02
120205,0.24
120206,0.7
120207,0.07
120208,0.0
120209,0.0
120210,0.01
120211,0.0
120212,0.38
120213,0.0
120214,0.08
120215,0.0
120216,0.16
120217,0.07
120218,0.01
120219,0.08
120220,0.01
120221,0.01
120222,0.04
120223,0.0
120224,0.03
120225,0.06
120226,0.0
120227,0.03
120228,0.01
120229,0.04
120230,0.01
120231,0.09
120232,0.0
120233,0.0
120234,0.0
120235,0.02
120236,0.01
120237,0.02
120238,0.03
120239,0.03
120240,0.04
120241,0.18
120242,0.0
120243,0.02
120244,0.0
120245,0.01
120246,0.0
120247,0.0
120248,0.0
120249,0.16
120250,0.09
120251,0.0
120252,0.04
120253,0.0
120254,0.09
120255,0.01
120256,0.06
120257,0.0
120258,0.0
120259,0.25
120260,0.01
120261,0.0
120262,0.66
120263,0.01
120264,0.32
120265,0.05
120266,0.16
120267,0.0
120268,0.0
120269,0.05
120270,0.07
120271,0.08
120272,0.0
120273,0.05
120274,0.02
120275,0.01
120276,0.15
120277,0.03
120278,0.06
120279,0.0
120280,0.28
120281,0.0
120282,0.01
120283,0.0
120284,0.0
120285,0.24
120286,0.03
120287,0.04
120288,0.04
120289,0.03
120290,0.03
120291,0.43
120292,0.34
120293,0.57
120294,0.0
120295,0.28
120296,0.02
120297,0.04
120298,0.3
120299,0.0
120300,0.02
120301,0.0
120302,0.01
120303,0.02
120304,0.0
120305,0.13
120306,0.01
120307,0.14
120308,0.05
120309,0.01
120310,0.01
120311,0.0
120312,0.1
120313,0.0
120314,0.01
120315,0.0
120316,0.0
120317,0.01
120318,0.03
120319,0.0
120320,0.0
120321,0.03
120322,0.34
120323,0.02
120324,0.0
120325,0.13
120326,0.0
120327,0.02
120328,0.18
120329,0.05
120330,0.01
120331,0.02
120332,0.07
120333,0.06
120334,0.17
120335,0.01
120336,0.04
120337,0.19
120338,0.0
120339,0.34
120340,0.03
120341,0.01
120342,0.03
120343,0.16
120344,0.54
120345,0.01
120346,0.13
120347,0.0
120348,0.0
120349,0.0
120350,0.49
120351,0.0
120352,0.09
120353,0.09
120354,0.48
120355,0.0
120356,0.0
120357,0.2
120358,0.0
120359,0.1
120360,0.03
120361,0.0
120362,0.0
120363,0.02
120364,0.0
120365,0.41
120366,0.09
120367,0.28
120368,0.03
120369,0.03
120370,0.12
120371,0.52
120372,0.08
120373,0.0
120374,0.02
120375,0.28
120376,0.2
120377,0.01
120378,0.01
120379,0.09
120380,0.0
120381,0.0
120382,0.17
120383,0.01
120384,0.16
120385,0.03
120386,0.0
120387,0.01
120388,0.09
120389,0.16
120390,0.02
120391,0.0
120392,0.01
120393,0.0
120394,0.0
120395,0.02
120396,0.2
120397,0.0
120398,0.09
120399,0.12
120400,0.01
120401,0.03
120402,0.12
120403,0.17
120404,0.0
120405,0.0
120406,0.48
120407,0.02
120408,0.01
120409,0.02
120410,0.01
120411,0.0
120412,0.16
120413,0.18
120414,0.0
120415,0.0
120416,0.03
120417,0.0
120418,0.09
120419,0.06
120420,0.0
120421,0.02
120422,0.0
120423,0.0
120424,0.01
120425,0.0
120426,0.14
120427,0.05
120428,0.1
120429,0.34
120430,0.06
120431,0.0
120432,0.08
120433,0.04
120434,0.02
120435,0.33
120436,0.05
120437,0.0
120438,0.02
120439,0.36
120440,0.05
120441,0.01
120442,0.02
120443,0.01
120444,0.0
120445,0.0
120446,0.11
120447,0.03
120448,0.12
120449,0.58
120450,0.07
120451,0.0
120452,0.01
120453,0.05
120454,0.21
120455,0.0
120456,0.01
120457,0.39
120458,0.03
120459,0.02
120460,0.1
120461,0.03
120462,0.02
120463,0.0
120464,0.0
120465,0.02
120466,0.03
120467,0.0
120468,0.09
120469,0.01
120470,0.05
120471,0.01
120472,0.35
120473,0.15
120474,0.02
120475,0.31
120476,0.05
120477,0.05
120478,0.03
120479,0.0
120480,0.05
120481,0.01
120482,0.0
120483,0.0
120484,0.0
120485,0.22
120486,0.03
120487,0.02
120488,0.01
120489,0.01
120490,0.03
120491,0.01
120492,0.02
120493,0.14
120494,0.0
120495,0.18
120496,0.0
120497,0.21
120498,0.0
120499,0.02
120500,0.0
120501,0.0
120502,0.06
120503,0.01
120504,0.04
120505,0.11
120506,0.0
120507,0.01
120508,0.01
120509,0.03
120510,0.0
120511,0.0
120512,0.25
120513,0.01
120514,0.03
120515,0.08
120516,0.03
120517,0.07
120518,0.0
120519,0.0
120520,0.02
120521,0.0
120522,0.0
120523,0.0
120524,0.0
120525,0.4
120526,0.13
120527,0.1
120528,0.02
120529,0.1
120530,0.02
120531,0.02
120532,0.03
120533,0.01
120534,0.49
120535,0.18
120536,0.04
120537,0.0
120538,0.0
120539,0.01
120540,0.01
120541,0.0
120542,0.01
120543,0.1
120544,0.04
120545,0.0
120546,0.02
120547,0.0
120548,0.04
120549,0.04
120550,0.06
120551,0.01
120552,0.04
120553,0.0
120554,0.0
120555,0.0
120556,0.0
120557,0.01
120558,0.01
120559,0.01
120560,0.05
120561,0.0
120562,0.02
120563,0.3
120564,0.01
120565,0.03
120566,0.01
120567,0.08
120568,0.05
120569,0.11
120570,0.0
120571,0.05
120572,0.04
120573,0.18
120574,0.05
120575,0.47
120576,0.03
120577,0.01
120578,0.0
120579,0.05
120580,0.42
120581,0.02
120582,0.22
120583,0.0
120584,0.53
120585,0.02
120586,0.1
120587,0.19
120588,0.0
120589,0.03
120590,0.03
120591,0.02
120592,0.7
120593,0.19
120594,0.0
120595,0.04
120596,0.06
120597,0.05
120598,0.01
120599,0.03
120600,0.21
120601,0.02
120602,0.0
120603,0.03
120604,0.0
120605,0.3
120606,0.26
120607,0.02
120608,0.47
120609,0.01
120610,0.0
120611,0.01
120612,0.0
120613,0.0
120614,0.15
120615,0.03
120616,0.25
120617,0.0
120618,0.09
120619,0.12
120620,0.03
120621,0.1
120622,0.05
120623,0.01
120624,0.0
120625,0.16
120626,0.04
120627,0.0
120628,0.08
120629,0.06
120630,0.1
120631,0.15
120632,0.2
120633,0.21
120634,0.05
120635,0.0
120636,0.09
120637,0.05
120638,0.08
120639,0.02
120640,0.01
120641,0.05
120642,0.08
120643,0.16
120644,0.01
120645,0.02
120646,0.01
120647,0.02
120648,0.01
120649,0.04
120650,0.01
120651,0.0
120652,0.19
120653,0.0
120654,0.11
120655,0.06
120656,0.0
120657,0.0
120658,0.11
120659,0.79
120660,0.02
120661,0.0
120662,0.0
120663,0.0
120664,0.05
120665,0.0
120666,0.1
120667,0.38
120668,0.14
120669,0.0
120670,0.0
120671,0.02
120672,0.02
120673,0.1
120674,0.01
120675,0.03
120676,0.03
120677,0.06
120678,0.01
120679,0.0
120680,0.02
120681,0.03
120682,0.39
120683,0.04
120684,0.08
120685,0.02
120686,0.15
120687,0.09
120688,0.04
120689,0.02
120690,0.07
120691,0.03
120692,0.08
120693,0.05
120694,0.0
120695,0.06
120696,0.01
120697,0.22
120698,0.02
120699,0.02
120700,0.12
120701,0.16
120702,0.02
120703,0.0
120704,0.08
120705,0.01
120706,0.01
120707,0.02
120708,0.0
120709,0.01
120710,0.04
120711,0.01
120712,0.05
120713,0.06
120714,0.0
120715,0.03
120716,0.03
120717,0.01
120718,0.0
120719,0.02
120720,0.03
120721,0.0
120722,0.01
120723,0.01
120724,0.02
120725,0.47
120726,0.11
120727,0.09
120728,0.0
120729,0.08
120730,0.12
120731,0.04
120732,0.0
120733,0.12
120734,0.02
120735,0.11
120736,0.1
120737,0.09
120738,0.01
120739,0.05
120740,0.01
120741,0.0
120742,0.02
120743,0.01
120744,0.04
120745,0.0
120746,0.01
120747,0.15
120748,0.0
120749,0.02
120750,0.0
120751,0.01
120752,0.0
120753,0.04
120754,0.0
120755,0.0
120756,0.05
120757,0.21
120758,0.0
120759,0.11
120760,0.0
120761,0.01
120762,0.03
120763,0.05
120764,0.02
120765,0.07
120766,0.19
120767,0.01
120768,0.03
120769,0.08
120770,0.0
120771,0.0
120772,0.29
120773,0.0
120774,0.02
120775,0.01
120776,0.0
120777,0.05
120778,0.0
120779,0.07
120780,0.03
120781,0.33
120782,0.02
120783,0.01
120784,0.1
120785,0.07
120786,0.02
120787,0.03
120788,0.41
120789,0.0
120790,0.05
120791,0.02
120792,0.26
120793,0.01
120794,0.01
120795,0.0
120796,0.18
120797,0.05
120798,0.14
120799,0.0
120800,0.0
120801,0.07
120802,0.0
120803,0.01
120804,0.05
120805,0.01
120806,0.05
120807,0.06
120808,0.08
120809,0.07
120810,0.0
120811,0.21
120812,0.01
120813,0.0
120814,0.01
120815,0.46
120816,0.04
120817,0.0
120818,0.0
120819,0.16
120820,0.21
120821,0.04
120822,0.01
120823,0.0
120824,0.01
120825,0.02
120826,0.03
120827,0.2
120828,0.35
120829,0.05
120830,0.04
120831,0.01
120832,0.07
120833,0.0
120834,0.0
120835,0.03
120836,0.03
120837,0.0
120838,0.08
120839,0.0
120840,0.0
120841,0.0
120842,0.48
120843,0.0
120844,0.22
120845,0.0
120846,0.01
120847,0.01
120848,0.42
120849,0.09
120850,0.43
120851,0.01
120852,0.14
120853,0.0
120854,0.1
120855,0.02
120856,0.13
120857,0.04
120858,0.09
120859,0.04
120860,0.02
120861,0.16
120862,0.0
120863,0.0
120864,0.09
120865,0.23
120866,0.02
120867,0.09
120868,0.0
120869,0.06
120870,0.0
120871,0.09
120872,0.0
120873,0.39
120874,0.15
120875,0.1
120876,0.05
120877,0.31
120878,0.3
120879,0.01
120880,0.18
120881,0.06
120882,0.05
120883,0.17
120884,0.06
120885,0.0
120886,0.45
120887,0.02
120888,0.06
120889,0.03
120890,0.05
120891,0.02
120892,0.02
120893,0.15
120894,0.01
120895,0.06
120896,0.42
120897,0.02
120898,0.01
120899,0.01
120900,0.16
120901,0.07
120902,0.0
120903,0.02
120904,0.0
120905,0.12
120906,0.0
120907,0.01
120908,0.07
120909,0.01
120910,0.31
120911,0.01
120912,0.01
120913,0.25
120914,0.04
120915,0.01
120916,0.01
120917,0.01
120918,0.01
120919,0.0
120920,0.05
120921,0.0
120922,0.0
120923,0.03
120924,0.01
120925,0.02
120926,0.29
120927,0.04
120928,0.1
120929,0.08
120930,0.12
120931,0.07
120932,0.06
120933,0.01
120934,0.0
120935,0.0
120936,0.09
120937,0.01
120938,0.0
120939,0.02
120940,0.04
120941,0.0
120942,0.01
120943,0.15
120944,0.0
120945,0.03
120946,0.43
120947,0.1
120948,0.04
120949,0.41
120950,0.7
120951,0.0
120952,0.03
120953,0.0
120954,0.0
120955,0.05
120956,0.0
120957,0.07
120958,0.05
120959,0.03
120960,0.01
120961,0.0
120962,0.01
120963,0.1
120964,0.0
120965,0.24
120966,0.03
120967,0.04
120968,0.02
120969,0.04
120970,0.14
120971,0.06
120972,0.02
120973,0.1
120974,0.31
120975,0.01
120976,0.14
120977,0.03
120978,0.02
120979,0.01
120980,0.04
120981,0.06
120982,0.06
120983,0.08
120984,0.08
120985,0.01
120986,0.04
120987,0.05
120988,0.09
120989,0.03
120990,0.07
120991,0.01
120992,0.01
120993,0.09
120994,0.0
120995,0.07
120996,0.03
120997,0.03
120998,0.0
120999,0.05
121000,0.01
121001,0.01
121002,0.04
121003,0.0
121004,0.08
121005,0.07
121006,0.0
121007,0.03
121008,0.04
121009,0.0
121010,0.0
121011,0.0
121012,0.0
121013,0.01
121014,0.33
121015,0.0
121016,0.03
121017,0.02
121018,0.51
121019,0.01
121020,0.06
121021,0.15
121022,0.06
121023,0.0
121024,0.15
121025,0.06
121026,0.01
121027,0.01
121028,0.02
121029,0.26
121030,0.0
121031,0.01
121032,0.09
121033,0.02
121034,0.0
121035,0.01
121036,0.03
121037,0.01
121038,0.0
121039,0.04
121040,0.0
121041,0.12
121042,0.18
121043,0.05
121044,0.0
121045,0.01
121046,0.01
121047,0.0
121048,0.02
121049,0.43
121050,0.01
121051,0.27
121052,0.02
121053,0.0
121054,0.18
121055,0.04
121056,0.1
121057,0.01
121058,0.05
121059,0.02
121060,0.02
121061,0.01
121062,0.1
121063,0.26
121064,0.01
121065,0.01
121066,0.02
121067,0.0
121068,0.1
121069,0.02
121070,0.0
121071,0.07
121072,0.01
121073,0.12
121074,0.2
121075,0.03
121076,0.0
121077,0.0
121078,0.43
121079,0.09
121080,0.02
121081,0.02
121082,0.07
121083,0.01
121084,0.01
121085,0.09
121086,0.01
121087,0.06
121088,0.04
121089,0.06
121090,0.42
121091,0.04
121092,0.14
121093,0.01
121094,0.23
121095,0.0
121096,0.0
121097,0.01
121098,0.03
121099,0.0
121100,0.0
121101,0.05
121102,0.05
121103,0.04
121104,0.01
121105,0.01
121106,0.0
121107,0.24
121108,0.1
121109,0.08
121110,0.0
121111,0.0
121112,0.01
121113,0.0
121114,0.11
121115,0.13
121116,0.0
121117,0.04
121118,0.37
121119,0.0
121120,0.04
121121,0.0
121122,0.35
121123,0.15
121124,0.0
121125,0.0
121126,0.01
121127,0.01
121128,0.08
121129,0.4
121130,0.05
121131,0.02
121132,0.0
121133,0.05
121134,0.02
121135,0.13
121136,0.02
121137,0.01
121138,0.17
121139,0.0
121140,0.02
121141,0.07
121142,0.0
121143,0.0
121144,0.0
121145,0.0
121146,0.03
121147,0.04
121148,0.0
121149,0.0
121150,0.08
121151,0.03
121152,0.07
121153,0.01
121154,0.17
121155,0.02
121156,0.04
121157,0.05
121158,0.03
121159,0.0
121160,0.02
121161,0.01
121162,0.01
121163,0.25
121164,0.0
121165,0.02
121166,0.02
121167,0.01
121168,0.0
121169,0.29
121170,0.0
121171,0.0
121172,0.13
121173,0.02
121174,0.67
121175,0.07
121176,0.0
121177,0.0
121178,0.02
121179,0.02
121180,0.03
121181,0.0
121182,0.01
121183,0.04
121184,0.0
121185,0.02
121186,0.01
121187,0.0
121188,0.01
121189,0.04
121190,0.0
121191,0.0
121192,0.02
121193,0.0
121194,0.03
121195,0.03
121196,0.01
121197,0.06
121198,0.06
121199,0.0
121200,0.03
121201,0.04
121202,0.0
121203,0.05
121204,0.01
121205,0.04
121206,0.04
121207,0.0
121208,0.01
121209,0.06
121210,0.01
121211,0.06
121212,0.02
121213,0.01
121214,0.09
121215,0.07
121216,0.08
121217,0.0
121218,0.15
121219,0.0
121220,0.0
121221,0.02
121222,0.0
121223,0.02
121224,0.02
121225,0.17
121226,0.03
121227,0.0
121228,0.18
121229,0.65
121230,0.05
121231,0.07
121232,0.02
121233,0.14
121234,0.09
121235,0.01
121236,0.0
121237,0.04
121238,0.3
121239,0.05
121240,0.02
121241,0.07
121242,0.14
121243,0.0
121244,0.03
121245,0.0
121246,0.02
121247,0.17
121248,0.03
121249,0.0
121250,0.06
121251,0.07
121252,0.01
121253,0.18
121254,0.06
121255,0.42
121256,0.15
121257,0.04
121258,0.0
121259,0.0
121260,0.48
121261,0.0
121262,0.0
121263,0.22
121264,0.06
121265,0.09
121266,0.03
121267,0.0
121268,0.06
121269,0.01
121270,0.13
121271,0.01
121272,0.0
121273,0.02
121274,0.03
121275,0.0
121276,0.0
121277,0.02
121278,0.17
121279,0.0
121280,0.0
121281,0.02
121282,0.0
121283,0.22
121284,0.07
121285,0.05
121286,0.06
121287,0.03
121288,0.5
121289,0.03
121290,0.03
121291,0.01
121292,0.04
121293,0.14
121294,0.01
121295,0.0
121296,0.43
121297,0.18
121298,0.0
121299,0.18
121300,0.02
121301,0.01
121302,0.21
121303,0.0
121304,0.0
121305,0.0
121306,0.04
121307,0.0
121308,0.01
121309,0.0
121310,0.05
121311,0.0
121312,0.25
121313,0.08
121314,0.07
121315,0.08
121316,0.08
121317,0.02
121318,0.51
121319,0.24
121320,0.0
121321,0.01
121322,0.0
121323,0.03
121324,0.02
121325,0.06
121326,0.0
121327,0.0
121328,0.0
121329,0.37
121330,0.0
121331,0.01
121332,0.01
121333,0.13
121334,0.03
121335,0.11
121336,0.01
121337,0.08
121338,0.0
121339,0.0
121340,0.03
121341,0.0
121342,0.01
121343,0.0
121344,0.01
121345,0.0
121346,0.0
121347,0.01
121348,0.05
121349,0.0
121350,0.0
121351,0.01
121352,0.0
121353,0.04
121354,0.0
121355,0.12
121356,0.04
121357,0.05
121358,0.01
121359,0.01
121360,0.07
121361,0.03
121362,0.1
121363,0.0
121364,0.2
121365,0.05
121366,0.07
121367,0.11
121368,0.02
121369,0.04
121370,0.01
121371,0.0
121372,0.01
121373,0.0
121374,0.0
121375,0.01
121376,0.03
121377,0.05
121378,0.01
121379,0.01
121380,0.08
121381,0.0
121382,0.05
121383,0.02
121384,0.05
121385,0.01
121386,0.0
121387,0.03
121388,0.15
121389,0.02
121390,0.2
121391,0.07
121392,0.0
121393,0.05
121394,0.01
121395,0.19
121396,0.0
121397,0.09
121398,0.01
121399,0.16
121400,0.56
121401,0.02
121402,0.01
121403,0.02
121404,0.0
121405,0.05
121406,0.0
121407,0.04
121408,0.0
121409,0.06
121410,0.02
121411,0.0
121412,0.0
121413,0.01
121414,0.01
121415,0.13
121416,0.03
121417,0.03
121418,0.08
121419,0.11
121420,0.0
121421,0.0
121422,0.03
121423,0.01
121424,0.03
121425,0.04
121426,0.0
121427,0.04
121428,0.0
121429,0.0
121430,0.01
121431,0.02
121432,0.01
121433,0.28
121434,0.01
121435,0.06
121436,0.0
121437,0.1
121438,0.0
121439,0.01
121440,0.17
121441,0.0
121442,0.23
121443,0.36
121444,0.0
121445,0.28
121446,0.02
121447,0.0
121448,0.02
121449,0.06
121450,0.0
121451,0.12
121452,0.09
121453,0.27
121454,0.0
121455,0.01
121456,0.0
121457,0.35
121458,0.0
121459,0.0
121460,0.02
121461,0.06
121462,0.01
121463,0.03
121464,0.0
121465,0.01
121466,0.05
121467,0.01
121468,0.0
121469,0.01
121470,0.01
121471,0.12
121472,0.02
121473,0.01
121474,0.15
121475,0.01
121476,0.02
121477,0.01
121478,0.15
121479,0.07
121480,0.09
121481,0.05
121482,0.03
121483,0.0
121484,0.04
121485,0.0
121486,0.2
121487,0.03
121488,0.12
121489,0.0
121490,0.0
121491,0.11
121492,0.0
121493,0.02
121494,0.0
121495,0.0
121496,0.04
121497,0.28
121498,0.0
121499,0.01
121500,0.01
121501,0.03
121502,0.05
121503,0.01
121504,0.05
121505,0.03
121506,0.07
121507,0.06
121508,0.01
121509,0.02
121510,0.01
121511,0.02
121512,0.0
121513,0.08
121514,0.01
121515,0.04
121516,0.13
121517,0.01
121518,0.56
121519,0.01
121520,0.0
121521,0.01
121522,0.0
121523,0.22
121524,0.17
121525,0.04
121526,0.0
121527,0.0
121528,0.04
121529,0.01
121530,0.03
121531,0.07
121532,0.05
121533,0.02
121534,0.0
121535,0.02
121536,0.0
121537,0.02
121538,0.32
121539,0.01
121540,0.03
121541,0.0
121542,0.01
121543,0.01
121544,0.02
121545,0.19
121546,0.02
121547,0.0
121548,0.0
121549,0.62
121550,0.01
121551,0.0
121552,0.01
121553,0.12
121554,0.14
121555,0.05
121556,0.11
121557,0.12
121558,0.0
121559,0.0
121560,0.02
121561,0.0
121562,0.07
121563,0.02
121564,0.0
121565,0.01
121566,0.01
121567,0.01
121568,0.0
121569,0.0
121570,0.0
121571,0.0
121572,0.1
121573,0.15
121574,0.01
121575,0.02
121576,0.01
121577,0.03
121578,0.05
121579,0.0
121580,0.01
121581,0.37
121582,0.02
121583,0.02
121584,0.01
121585,0.09
121586,0.09
121587,0.03
121588,0.0
121589,0.05
121590,0.0
121591,0.02
121592,0.05
121593,0.01
121594,0.02
121595,0.16
121596,0.1
121597,0.0
121598,0.01
121599,0.17
121600,0.39
121601,0.0
121602,0.02
121603,0.0
121604,0.01
121605,0.01
121606,0.0
121607,0.06
121608,0.0
121609,0.06
121610,0.05
121611,0.03
121612,0.01
121613,0.1
121614,0.0
121615,0.02
121616,0.0
121617,0.09
121618,0.22
121619,0.0
121620,0.0
121621,0.0
121622,0.35
121623,0.16
121624,0.05
121625,0.01
121626,0.0
121627,0.02
121628,0.15
121629,0.0
121630,0.01
121631,0.01
121632,0.02
121633,0.61
121634,0.62
121635,0.0
121636,0.53
121637,0.32
121638,0.02
121639,0.0
121640,0.01
121641,0.05
121642,0.05
121643,0.12
121644,0.04
121645,0.59
121646,0.0
121647,0.04
121648,0.01
121649,0.07
121650,0.16
121651,0.0
121652,0.06
121653,0.15
121654,0.0
121655,0.01
121656,0.26
121657,0.04
121658,0.62
121659,0.02
121660,0.02
121661,0.23
121662,0.01
121663,0.01
121664,0.09
121665,0.06
121666,0.01
121667,0.03
121668,0.25
121669,0.04
121670,0.43
121671,0.02
121672,0.01
121673,0.28
121674,0.16
121675,0.02
121676,0.0
121677,0.13
121678,0.01
121679,0.0
121680,0.03
121681,0.01
121682,0.0
121683,0.09
121684,0.0
121685,0.0
121686,0.33
121687,0.1
121688,0.28
121689,0.03
121690,0.02
121691,0.0
121692,0.0
121693,0.01
121694,0.0
121695,0.32
121696,0.08
121697,0.0
121698,0.11
121699,0.35
121700,0.25
121701,0.02
121702,0.13
121703,0.0
121704,0.28
121705,0.02
121706,0.15
121707,0.02
121708,0.0
121709,0.09
121710,0.66
121711,0.05
121712,0.12
121713,0.04
121714,0.13
121715,0.08
121716,0.01
121717,0.0
121718,0.0
121719,0.06
121720,0.0
121721,0.0
121722,0.04
121723,0.0
121724,0.0
121725,0.02
121726,0.0
121727,0.23
121728,0.0
121729,0.0
121730,0.01
121731,0.02
121732,0.08
121733,0.18
121734,0.02
121735,0.02
121736,0.15
121737,0.05
121738,0.01
121739,0.08
121740,0.05
121741,0.0
121742,0.04
121743,0.01
121744,0.01
121745,0.0
121746,0.03
121747,0.19
121748,0.01
121749,0.05
121750,0.54
121751,0.11
121752,0.06
121753,0.04
121754,0.12
121755,0.09
121756,0.05
121757,0.0
121758,0.03
121759,0.35
121760,0.07
121761,0.02
121762,0.07
121763,0.0
121764,0.0
121765,0.2
121766,0.01
121767,0.03
121768,0.43
121769,0.02
121770,0.03
121771,0.0
121772,0.01
121773,0.01
121774,0.02
121775,0.15
121776,0.0
121777,0.02
121778,0.06
121779,0.07
121780,0.04
121781,0.02
121782,0.01
121783,0.0
121784,0.03
121785,0.01
121786,0.03
121787,0.0
121788,0.01
121789,0.01
121790,0.09
121791,0.0
121792,0.02
121793,0.0
121794,0.0
121795,0.01
121796,0.05
121797,0.0
121798,0.07
121799,0.01
121800,0.12
121801,0.01
121802,0.0
121803,0.0
121804,0.02
121805,0.15
121806,0.13
121807,0.01
121808,0.01
121809,0.03
121810,0.13
121811,0.63
121812,0.5
121813,0.47
121814,0.0
121815,0.02
121816,0.0
121817,0.02
121818,0.08
121819,0.0
121820,0.87
121821,0.33
121822,0.17
121823,0.01
121824,0.02
121825,0.01
121826,0.55
121827,0.0
121828,0.07
121829,0.03
121830,0.18
121831,0.16
121832,0.39
121833,0.01
121834,0.02
121835,0.01
121836,0.01
121837,0.09
121838,0.07
121839,0.01
121840,0.04
121841,0.0
121842,0.02
121843,0.07
121844,0.01
121845,0.12
121846,0.11
121847,0.06
121848,0.25
121849,0.0
121850,0.01
121851,0.07
121852,0.0
121853,0.01
121854,0.06
121855,0.09
121856,0.0
121857,0.14
121858,0.12
121859,0.01
121860,0.01
121861,0.01
121862,0.0
121863,0.06
121864,0.0
121865,0.04
121866,0.01
121867,0.0
121868,0.02
121869,0.42
121870,0.08
121871,0.21
121872,0.65
121873,0.01
121874,0.06
121875,0.01
121876,0.01
121877,0.11
121878,0.14
121879,0.04
121880,0.0
121881,0.01
121882,0.16
121883,0.0
121884,0.12
121885,0.02
121886,0.19
121887,0.04
121888,0.08
121889,0.01
121890,0.02
121891,0.02
121892,0.07
121893,0.0
121894,0.03
121895,0.05
121896,0.0
121897,0.04
121898,0.07
121899,0.01
121900,0.61
121901,0.0
121902,0.04
121903,0.0
121904,0.08
121905,0.12
121906,0.0
121907,0.01
121908,0.01
121909,0.01
121910,0.04
121911,0.04
121912,0.1
121913,0.01
121914,0.04
121915,0.0
121916,0.0
121917,0.0
121918,0.0
121919,0.45
121920,0.01
121921,0.0
121922,0.02
121923,0.01
121924,0.06
121925,0.03
121926,0.0
121927,0.0
121928,0.01
121929,0.01
121930,0.3
121931,0.11
121932,0.01
121933,0.01
121934,0.13
121935,0.0
121936,0.0
121937,0.01
121938,0.14
121939,0.03
121940,0.01
121941,0.08
121942,0.01
121943,0.02
121944,0.01
121945,0.0
121946,0.0
121947,0.14
121948,0.22
121949,0.04
121950,0.0
121951,0.06
121952,0.02
121953,0.03
121954,0.01
121955,0.03
121956,0.0
121957,0.0
121958,0.09
121959,0.0
121960,0.41
121961,0.05
121962,0.04
121963,0.0
121964,0.03
121965,0.0
121966,0.34
121967,0.0
121968,0.0
121969,0.04
121970,0.01
121971,0.01
121972,0.0
121973,0.1
121974,0.0
121975,0.46
121976,0.06
121977,0.0
121978,0.55
121979,0.0
121980,0.0
121981,0.41
121982,0.0
121983,0.05
121984,0.06
121985,0.05
121986,0.01
121987,0.0
121988,0.02
121989,0.1
121990,0.12
121991,0.06
121992,0.09
121993,0.0
121994,0.06
121995,0.24
121996,0.0
121997,0.0
121998,0.02
121999,0.05
122000,0.0
122001,0.02
122002,0.0
122003,0.0
122004,0.02
122005,0.17
122006,0.03
122007,0.52
122008,0.0
122009,0.09
122010,0.24
122011,0.04
122012,0.08
122013,0.0
122014,0.03
122015,0.12
122016,0.04
122017,0.06
122018,0.05
122019,0.06
122020,0.08
122021,0.03
122022,0.04
122023,0.0
122024,0.03
122025,0.05
122026,0.04
122027,0.05
122028,0.01
122029,0.01
122030,0.01
122031,0.16
122032,0.23
122033,0.04
122034,0.01
122035,0.39
122036,0.12
122037,0.0
122038,0.01
122039,0.02
122040,0.03
122041,0.24
122042,0.02
122043,0.22
122044,0.08
122045,0.0
122046,0.01
122047,0.01
122048,0.01
122049,0.0
122050,0.04
122051,0.07
122052,0.05
122053,0.0
122054,0.04
122055,0.0
122056,0.02
122057,0.13
122058,0.04
122059,0.32
122060,0.0
122061,0.0
122062,0.02
122063,0.08
122064,0.0
122065,0.02
122066,0.03
122067,0.01
122068,0.02
122069,0.1
122070,0.0
122071,0.32
122072,0.01
122073,0.01
122074,0.0
122075,0.05
122076,0.06
122077,0.27
122078,0.03
122079,0.01
122080,0.04
122081,0.01
122082,0.04
122083,0.06
122084,0.02
122085,0.56
122086,0.0
122087,0.0
122088,0.0
122089,0.0
122090,0.61
122091,0.08
122092,0.0
122093,0.34
122094,0.12
122095,0.0
122096,0.0
122097,0.32
122098,0.03
122099,0.1
122100,0.36
122101,0.16
122102,0.05
122103,0.03
122104,0.0
122105,0.07
122106,0.02
122107,0.43
122108,0.3
122109,0.06
122110,0.09
122111,0.01
122112,0.05
122113,0.06
122114,0.01
122115,0.0
122116,0.02
122117,0.12
122118,0.0
122119,0.04
122120,0.08
122121,0.07
122122,0.01
122123,0.0
122124,0.0
122125,0.05
122126,0.02
122127,0.0
122128,0.02
122129,0.05
122130,0.06
122131,0.08
122132,0.0
122133,0.03
122134,0.06
122135,0.02
122136,0.0
122137,0.11
122138,0.14
122139,0.04
122140,0.02
122141,0.01
122142,0.04
122143,0.0
122144,0.02
122145,0.0
122146,0.1
122147,0.0
122148,0.04
122149,0.0
122150,0.12
122151,0.06
122152,0.0
122153,0.02
122154,0.27
122155,0.13
122156,0.07
122157,0.04
122158,0.08
122159,0.0
122160,0.0
122161,0.04
122162,0.04
122163,0.0
122164,0.23
122165,0.0
122166,0.01
122167,0.04
122168,0.0
122169,0.0
122170,0.08
122171,0.27
122172,0.02
122173,0.02
122174,0.02
122175,0.05
122176,0.12
122177,0.11
122178,0.17
122179,0.06
122180,0.19
122181,0.03
122182,0.0
122183,0.23
122184,0.07
122185,0.0
122186,0.05
122187,0.09
122188,0.21
122189,0.0
122190,0.01
122191,0.18
122192,0.04
122193,0.2
122194,0.0
122195,0.14
122196,0.14
122197,0.55
122198,0.0
122199,0.2
122200,0.0
122201,0.07
122202,0.0
122203,0.0
122204,0.09
122205,0.17
122206,0.17
122207,0.13
122208,0.12
122209,0.01
122210,0.01
122211,0.0
122212,0.01
122213,0.0
122214,0.0
122215,0.13
122216,0.28
122217,0.09
122218,0.03
122219,0.0
122220,0.02
122221,0.0
122222,0.02
122223,0.03
122224,0.11
122225,0.42
122226,0.0
122227,0.26
122228,0.09
122229,0.31
122230,0.0
122231,0.06
122232,0.02
122233,0.06
122234,0.0
122235,0.05
122236,0.02
122237,0.17
122238,0.01
122239,0.04
122240,0.11
122241,0.0
122242,0.0
122243,0.02
122244,0.0
122245,0.0
122246,0.0
122247,0.16
122248,0.0
122249,0.09
122250,0.01
122251,0.05
122252,0.02
122253,0.02
122254,0.04
122255,0.02
122256,0.01
122257,0.36
122258,0.0
122259,0.06
122260,0.0
122261,0.09
122262,0.02
122263,0.13
122264,0.12
122265,0.05
122266,0.08
122267,0.0
122268,0.0
122269,0.02
122270,0.0
122271,0.0
122272,0.04
122273,0.08
122274,0.05
122275,0.01
122276,0.01
122277,0.04
122278,0.01
122279,0.28
122280,0.05
122281,0.02
122282,0.06
122283,0.18
122284,0.0
122285,0.02
122286,0.42
122287,0.08
122288,0.01
122289,0.19
122290,0.06
122291,0.03
122292,0.11
122293,0.0
122294,0.19
122295,0.0
122296,0.01
122297,0.02
122298,0.0
122299,0.12
122300,0.0
122301,0.01
122302,0.0
122303,0.0
122304,0.39
122305,0.0
122306,0.07
122307,0.08
122308,0.03
122309,0.1
122310,0.0
122311,0.0
122312,0.02
122313,0.03
122314,0.11
122315,0.02
122316,0.45
122317,0.01
122318,0.09
122319,0.02
122320,0.33
122321,0.02
122322,0.06
122323,0.11
122324,0.58
122325,0.44
122326,0.01
122327,0.0
122328,0.12
122329,0.17
122330,0.0
122331,0.0
122332,0.01
122333,0.08
122334,0.04
122335,0.0
122336,0.01
122337,0.0
122338,0.0
122339,0.0
122340,0.0
122341,0.06
122342,0.22
122343,0.01
122344,0.0
122345,0.1
122346,0.0
122347,0.03
122348,0.0
122349,0.0
122350,0.03
122351,0.02
122352,0.17
122353,0.0
122354,0.02
122355,0.62
122356,0.75
122357,0.02
122358,0.01
122359,0.0
122360,0.01
122361,0.0
122362,0.0
122363,0.0
122364,0.53
122365,0.01
122366,0.0
122367,0.09
122368,0.08
122369,0.0
122370,0.04
122371,0.08
122372,0.01
122373,0.0
122374,0.13
122375,0.46
122376,0.15
122377,0.0
122378,0.07
122379,0.06
122380,0.0
122381,0.0
122382,0.05
122383,0.01
122384,0.01
122385,0.5
122386,0.01
122387,0.07
122388,0.0
122389,0.01
122390,0.14
122391,0.0
122392,0.05
122393,0.07
122394,0.05
122395,0.01
122396,0.01
122397,0.0
122398,0.74
122399,0.06
122400,0.02
122401,0.02
122402,0.02
122403,0.01
122404,0.18
122405,0.06
122406,0.04
122407,0.38
122408,0.03
122409,0.06
122410,0.01
122411,0.04
122412,0.03
122413,0.14
122414,0.0
122415,0.01
122416,0.15
122417,0.44
122418,0.06
122419,0.05
122420,0.21
122421,0.0
122422,0.46
122423,0.01
122424,0.11
122425,0.0
122426,0.07
122427,0.04
122428,0.06
122429,0.01
122430,0.01
122431,0.16
122432,0.0
122433,0.03
122434,0.6
122435,0.16
122436,0.02
122437,0.01
122438,0.0
122439,0.03
122440,0.12
122441,0.08
122442,0.53
122443,0.36
122444,0.01
122445,0.0
122446,0.0
122447,0.07
122448,0.09
122449,0.22
122450,0.0
122451,0.01
122452,0.0
122453,0.04
122454,0.01
122455,0.0
122456,0.02
122457,0.0
122458,0.0
122459,0.0
122460,0.22
122461,0.05
122462,0.17
122463,0.13
122464,0.01
122465,0.08
122466,0.6
122467,0.06
122468,0.0
122469,0.35
122470,0.03
122471,0.16
122472,0.01
122473,0.02
122474,0.06
122475,0.04
122476,0.14
122477,0.35
122478,0.09
122479,0.18
122480,0.0
122481,0.01
122482,0.02
122483,0.05
122484,0.11
122485,0.01
122486,0.1
122487,0.13
122488,0.03
122489,0.62
122490,0.05
122491,0.0
122492,0.04
122493,0.01
122494,0.0
122495,0.1
122496,0.23
122497,0.02
122498,0.14
122499,0.01
122500,0.0
122501,0.03
122502,0.02
122503,0.0
122504,0.17
122505,0.02
122506,0.01
122507,0.0
122508,0.0
122509,0.0
122510,0.01
122511,0.04
122512,0.04
122513,0.0
122514,0.42
122515,0.0
122516,0.02
122517,0.31
122518,0.25
122519,0.01
122520,0.06
122521,0.02
122522,0.04
122523,0.0
122524,0.0
122525,0.08
122526,0.01
122527,0.0
122528,0.02
122529,0.04
122530,0.01
122531,0.51
122532,0.0
122533,0.0
122534,0.39
122535,0.06
122536,0.05
122537,0.0
122538,0.1
122539,0.02
122540,0.07
122541,0.0
122542,0.01
122543,0.02
122544,0.0
122545,0.0
122546,0.0
122547,0.03
122548,0.0
122549,0.0
122550,0.0
122551,0.07
122552,0.0
122553,0.04
122554,0.0
122555,0.12
122556,0.0
122557,0.02
122558,0.0
122559,0.0
122560,0.01
122561,0.03
122562,0.18
122563,0.04
122564,0.24
122565,0.02
122566,0.04
122567,0.0
122568,0.1
122569,0.0
122570,0.14
122571,0.02
122572,0.11
122573,0.0
122574,0.0
122575,0.0
122576,0.01
122577,0.0
122578,0.0
122579,0.06
122580,0.02
122581,0.16
122582,0.1
122583,0.06
122584,0.12
122585,0.05
122586,0.04
122587,0.0
122588,0.04
122589,0.01
122590,0.01
122591,0.0
122592,0.0
122593,0.0
122594,0.03
122595,0.02
122596,0.07
122597,0.0
122598,0.01
122599,0.02
122600,0.0
122601,0.0
122602,0.02
122603,0.2
122604,0.56
122605,0.04
122606,0.03
122607,0.0
122608,0.03
122609,0.04
122610,0.0
122611,0.3
122612,0.0
122613,0.02
122614,0.16
122615,0.07
122616,0.0
122617,0.0
122618,0.03
122619,0.35
122620,0.04
122621,0.01
122622,0.01
122623,0.02
122624,0.01
122625,0.02
122626,0.0
122627,0.0
122628,0.33
122629,0.31
122630,0.0
122631,0.0
122632,0.0
122633,0.03
122634,0.04
122635,0.09
122636,0.04
122637,0.2
122638,0.13
122639,0.0
122640,0.02
122641,0.01
122642,0.04
122643,0.0
122644,0.03
122645,0.0
122646,0.0
122647,0.02
122648,0.01
122649,0.02
122650,0.0
122651,0.09
122652,0.08
122653,0.01
122654,0.01
122655,0.01
122656,0.0
122657,0.0
122658,0.0
122659,0.0
122660,0.0
122661,0.1
122662,0.01
122663,0.0
122664,0.16
122665,0.08
122666,0.09
122667,0.0
122668,0.12
122669,0.0
122670,0.08
122671,0.05
122672,0.0
122673,0.06
122674,0.02
122675,0.02
122676,0.06
122677,0.01
122678,0.0
122679,0.0
122680,0.0
122681,0.01
122682,0.22
122683,0.01
122684,0.02
122685,0.0
122686,0.0
122687,0.02
122688,0.0
122689,0.0
122690,0.03
122691,0.15
122692,0.33
122693,0.0
122694,0.0
122695,0.23
122696,0.0
122697,0.0
122698,0.69
122699,0.0
122700,0.0
122701,0.0
122702,0.01
122703,0.09
122704,0.0
122705,0.0
122706,0.0
122707,0.03
122708,0.25
122709,0.0
122710,0.51
122711,0.08
122712,0.0
122713,0.0
122714,0.28
122715,0.02
122716,0.02
122717,0.51
122718,0.04
122719,0.0
122720,0.09
122721,0.01
122722,0.0
122723,0.06
122724,0.02
122725,0.37
122726,0.03
122727,0.03
122728,0.02
122729,0.02
122730,0.11
122731,0.1
122732,0.03
122733,0.01
122734,0.22
122735,0.0
122736,0.02
122737,0.07
122738,0.0
122739,0.0
122740,0.45
122741,0.0
122742,0.02
122743,0.0
122744,0.0
122745,0.03
122746,0.21
122747,0.03
122748,0.02
122749,0.01
122750,0.06
122751,0.01
122752,0.03
122753,0.0
122754,0.28
122755,0.0
122756,0.21
122757,0.05
122758,0.03
122759,0.01
122760,0.08
122761,0.0
122762,0.0
122763,0.0
122764,0.02
122765,0.01
122766,0.04
122767,0.05
122768,0.01
122769,0.0
122770,0.46
122771,0.01
122772,0.14
122773,0.0
122774,0.0
122775,0.01
122776,0.02
122777,0.02
122778,0.04
122779,0.0
122780,0.0
122781,0.09
122782,0.06
122783,0.0
122784,0.05
122785,0.02
122786,0.04
122787,0.37
122788,0.05
122789,0.06
122790,0.01
122791,0.43
122792,0.03
122793,0.06
122794,0.0
122795,0.1
122796,0.07
122797,0.06
122798,0.02
122799,0.01
122800,0.0
122801,0.01
122802,0.02
122803,0.15
122804,0.0
122805,0.02
122806,0.0
122807,0.04
122808,0.1
122809,0.0
122810,0.08
122811,0.08
122812,0.01
122813,0.23
122814,0.0
122815,0.0
122816,0.02
122817,0.02
122818,0.01
122819,0.02
122820,0.01
122821,0.0
122822,0.0
122823,0.05
122824,0.08
122825,0.0
122826,0.0
122827,0.03
122828,0.35
122829,0.06
122830,0.01
122831,0.04
122832,0.0
122833,0.01
122834,0.01
122835,0.05
122836,0.12
122837,0.02
122838,0.0
122839,0.41
122840,0.08
122841,0.0
122842,0.07
122843,0.0
122844,0.0
122845,0.06
122846,0.02
122847,0.42
122848,0.03
122849,0.4
122850,0.06
122851,0.0
122852,0.02
122853,0.0
122854,0.0
122855,0.12
122856,0.02
122857,0.07
122858,0.0
122859,0.58
122860,0.21
122861,0.0
122862,0.0
122863,0.01
122864,0.0
122865,0.02
122866,0.02
122867,0.01
122868,0.02
122869,0.13
122870,0.01
122871,0.09
122872,0.04
122873,0.23
122874,0.0
122875,0.13
122876,0.0
122877,0.0
122878,0.04
122879,0.01
122880,0.01
122881,0.0
122882,0.03
122883,0.01
122884,0.02
122885,0.03
122886,0.09
122887,0.01
122888,0.12
122889,0.01
122890,0.05
122891,0.01
122892,0.09
122893,0.0
122894,0.02
122895,0.01
122896,0.0
122897,0.0
122898,0.0
122899,0.02
122900,0.02
122901,0.0
122902,0.0
122903,0.0
122904,0.02
122905,0.01
122906,0.03
122907,0.02
122908,0.01
122909,0.18
122910,0.01
122911,0.02
122912,0.09
122913,0.03
122914,0.03
122915,0.0
122916,0.0
122917,0.0
122918,0.34
122919,0.0
122920,0.3
122921,0.0
122922,0.23
122923,0.04
122924,0.02
122925,0.0
122926,0.06
122927,0.0
122928,0.25
122929,0.12
122930,0.02
122931,0.0
122932,0.0
122933,0.15
122934,0.08
122935,0.13
122936,0.0
122937,0.16
122938,0.0
122939,0.08
122940,0.05
122941,0.17
122942,0.14
122943,0.07
122944,0.09
122945,0.01
122946,0.21
122947,0.25
122948,0.0
122949,0.38
122950,0.01
122951,0.03
122952,0.0
122953,0.0
122954,0.01
122955,0.0
122956,0.02
122957,0.01
122958,0.06
122959,0.44
122960,0.03
122961,0.01
122962,0.0
122963,0.05
122964,0.01
122965,0.0
122966,0.11
122967,0.01
122968,0.12
122969,0.05
122970,0.07
122971,0.05
122972,0.03
122973,0.0
122974,0.01
122975,0.02
122976,0.02
122977,0.0
122978,0.0
122979,0.04
122980,0.0
122981,0.01
122982,0.03
122983,0.17
122984,0.01
122985,0.03
122986,0.09
122987,0.01
122988,0.05
122989,0.0
122990,0.1
122991,0.19
122992,0.01
122993,0.01
122994,0.05
122995,0.05
122996,0.24
122997,0.02
122998,0.05
122999,0.02
123000,0.01
123001,0.0
123002,0.05
123003,0.01
123004,0.0
123005,0.14
123006,0.02
123007,0.05
123008,0.0
123009,0.01
123010,0.04
123011,0.16
123012,0.01
123013,0.01
123014,0.0
123015,0.04
123016,0.0
123017,0.09
123018,0.0
123019,0.04
123020,0.66
123021,0.01
123022,0.59
123023,0.0
123024,0.01
123025,0.07
123026,0.01
123027,0.16
123028,0.16
123029,0.0
123030,0.03
123031,0.18
123032,0.01
123033,0.0
123034,0.04
123035,0.0
123036,0.17
123037,0.03
123038,0.06
123039,0.07
123040,0.03
123041,0.0
123042,0.0
123043,0.03
123044,0.14
123045,0.16
123046,0.09
123047,0.02
123048,0.31
123049,0.01
123050,0.0
123051,0.0
123052,0.02
123053,0.05
123054,0.19
123055,0.04
123056,0.02
123057,0.47
123058,0.01
123059,0.25
123060,0.0
123061,0.0
123062,0.04
123063,0.01
123064,0.03
123065,0.0
123066,0.0
123067,0.04
123068,0.0
123069,0.05
123070,0.0
123071,0.17
123072,0.03
123073,0.01
123074,0.01
123075,0.02
123076,0.1
123077,0.09
123078,0.05
123079,0.0
123080,0.01
123081,0.03
123082,0.0
123083,0.0
123084,0.0
123085,0.02
123086,0.02
123087,0.14
123088,0.33
123089,0.58
123090,0.43
123091,0.05
123092,0.0
123093,0.02
123094,0.12
123095,0.0
123096,0.0
123097,0.13
123098,0.0
123099,0.0
123100,0.01
123101,0.01
123102,0.0
123103,0.23
123104,0.06
123105,0.04
123106,0.79
123107,0.18
123108,0.07
123109,0.01
123110,0.09
123111,0.08
123112,0.05
123113,0.09
123114,0.03
123115,0.0
123116,0.34
123117,0.02
123118,0.01
123119,0.02
123120,0.0
123121,0.19
123122,0.44
123123,0.07
123124,0.0
123125,0.0
123126,0.1
123127,0.03
123128,0.13
123129,0.0
123130,0.03
123131,0.01
123132,0.0
123133,0.01
123134,0.0
123135,0.01
123136,0.01
123137,0.01
123138,0.0
123139,0.01
123140,0.05
123141,0.03
123142,0.43
123143,0.0
123144,0.13
123145,0.04
123146,0.0
123147,0.09
123148,0.0
123149,0.0
123150,0.11
123151,0.03
123152,0.03
123153,0.02
123154,0.13
123155,0.0
123156,0.03
123157,0.03
123158,0.01
123159,0.0
123160,0.02
123161,0.17
123162,0.0
123163,0.02
123164,0.17
123165,0.0
123166,0.05
123167,0.0
123168,0.0
123169,0.01
123170,0.09
123171,0.57
123172,0.03
123173,0.07
123174,0.04
123175,0.0
123176,0.0
123177,0.0
123178,0.24
123179,0.0
123180,0.02
123181,0.01
123182,0.18
123183,0.0
123184,0.09
123185,0.05
123186,0.0
123187,0.0
123188,0.0
123189,0.01
123190,0.0
123191,0.19
123192,0.25
123193,0.04
123194,0.03
123195,0.04
123196,0.1
123197,0.36
123198,0.0
123199,0.07
123200,0.04
123201,0.0
123202,0.03
123203,0.04
123204,0.3
123205,0.0
123206,0.22
123207,0.02
123208,0.0
123209,0.0
123210,0.03
123211,0.04
123212,0.02
123213,0.01
123214,0.11
123215,0.0
123216,0.01
123217,0.02
123218,0.21
123219,0.01
123220,0.04
123221,0.0
123222,0.04
123223,0.3
123224,0.01
123225,0.01
123226,0.1
123227,0.06
123228,0.0
123229,0.03
123230,0.28
123231,0.04
123232,0.0
123233,0.0
123234,0.03
123235,0.28
123236,0.01
123237,0.0
123238,0.53
123239,0.02
123240,0.0
123241,0.04
123242,0.07
123243,0.03
123244,0.03
123245,0.06
123246,0.02
123247,0.42
123248,0.01
123249,0.18
123250,0.02
123251,0.0
123252,0.0
123253,0.0
123254,0.02
123255,0.03
123256,0.01
123257,0.0
123258,0.0
123259,0.02
123260,0.0
123261,0.02
123262,0.06
123263,0.0
123264,0.0
123265,0.08
123266,0.07
123267,0.3
123268,0.0
123269,0.32
123270,0.0
123271,0.0
123272,0.0
123273,0.11
123274,0.03
123275,0.1
123276,0.19
123277,0.12
123278,0.03
123279,0.01
123280,0.39
123281,0.03
123282,0.0
123283,0.0
123284,0.03
123285,0.04
123286,0.01
123287,0.09
123288,0.06
123289,0.0
123290,0.03
123291,0.06
123292,0.05
123293,0.0
123294,0.31
123295,0.15
123296,0.33
123297,0.07
123298,0.34
123299,0.04
123300,0.0
123301,0.18
123302,0.06
123303,0.0
123304,0.11
123305,0.17
123306,0.0
123307,0.02
123308,0.01
123309,0.02
123310,0.14
123311,0.02
123312,0.02
123313,0.17
123314,0.4
123315,0.15
123316,0.14
123317,0.01
123318,0.0
123319,0.0
123320,0.06
123321,0.03
123322,0.19
123323,0.01
123324,0.04
123325,0.0
123326,0.0
123327,0.11
123328,0.03
123329,0.0
123330,0.31
123331,0.22
123332,0.22
123333,0.03
123334,0.06
123335,0.13
123336,0.0
123337,0.0
123338,0.05
123339,0.1
123340,0.08
123341,0.04
123342,0.01
123343,0.11
123344,0.1
123345,0.18
123346,0.02
123347,0.0
123348,0.15
123349,0.0
123350,0.53
123351,0.02
123352,0.0
123353,0.0
123354,0.02
123355,0.02
123356,0.0
123357,0.0
123358,0.0
123359,0.01
123360,0.23
123361,0.02
123362,0.5
123363,0.03
123364,0.0
123365,0.0
123366,0.0
123367,0.02
123368,0.01
123369,0.02
123370,0.01
123371,0.02
123372,0.16
123373,0.04
123374,0.0
123375,0.0
123376,0.0
123377,0.02
123378,0.01
123379,0.0
123380,0.06
123381,0.24
123382,0.45
123383,0.02
123384,0.16
123385,0.0
123386,0.03
123387,0.47
123388,0.0
123389,0.02
123390,0.03
123391,0.49
123392,0.0
123393,0.04
123394,0.07
123395,0.0
123396,0.09
123397,0.36
123398,0.0
123399,0.0
123400,0.01
123401,0.0
123402,0.28
123403,0.0
123404,0.0
123405,0.09
123406,0.03
123407,0.01
123408,0.03
123409,0.0
123410,0.02
123411,0.01
123412,0.06
123413,0.06
123414,0.0
123415,0.01
123416,0.0
123417,0.0
123418,0.0
123419,0.03
123420,0.01
123421,0.09
123422,0.0
123423,0.05
123424,0.0
123425,0.28
123426,0.08
123427,0.0
123428,0.02
123429,0.01
123430,0.41
123431,0.51
123432,0.0
123433,0.1
123434,0.02
123435,0.0
123436,0.11
123437,0.03
123438,0.01
123439,0.05
123440,0.0
123441,0.08
123442,0.0
123443,0.02
123444,0.0
123445,0.03
123446,0.09
123447,0.0
123448,0.13
123449,0.23
123450,0.07
123451,0.05
123452,0.0
123453,0.18
123454,0.05
123455,0.03
123456,0.49
123457,0.05
123458,0.01
123459,0.01
123460,0.05
123461,0.09
123462,0.0
123463,0.02
123464,0.05
123465,0.11
123466,0.07
123467,0.0
123468,0.19
123469,0.04
123470,0.02
123471,0.05
123472,0.0
123473,0.14
123474,0.01
123475,0.03
123476,0.01
123477,0.01
123478,0.06
123479,0.02
123480,0.0
123481,0.01
123482,0.03
123483,0.0
123484,0.14
123485,0.0
123486,0.01
123487,0.22
123488,0.01
123489,0.0
123490,0.02
123491,0.0
123492,0.0
123493,0.19
123494,0.14
123495,0.01
123496,0.0
123497,0.07
123498,0.0
123499,0.0
123500,0.07
123501,0.12
123502,0.0
123503,0.07
123504,0.01
123505,0.01
123506,0.0
123507,0.12
123508,0.02
123509,0.06
123510,0.02
123511,0.39
123512,0.01
123513,0.13
123514,0.01
123515,0.03
123516,0.01
123517,0.03
123518,0.06
123519,0.13
123520,0.02
123521,0.0
123522,0.01
123523,0.01
123524,0.04
123525,0.01
123526,0.17
123527,0.0
123528,0.82
123529,0.01
123530,0.0
123531,0.0
123532,0.02
123533,0.29
123534,0.04
123535,0.01
123536,0.09
123537,0.01
123538,0.23
123539,0.0
123540,0.01
123541,0.03
123542,0.01
123543,0.01
123544,0.03
123545,0.17
123546,0.0
123547,0.02
123548,0.02
123549,0.17
123550,0.0
123551,0.01
123552,0.12
123553,0.08
123554,0.11
123555,0.0
123556,0.04
123557,0.0
123558,0.07
123559,0.0
123560,0.22
123561,0.01
123562,0.12
123563,0.0
123564,0.07
123565,0.02
123566,0.01
123567,0.03
123568,0.01
123569,0.01
123570,0.0
123571,0.12
123572,0.01
123573,0.39
123574,0.24
123575,0.02
123576,0.01
123577,0.02
123578,0.0
123579,0.3
123580,0.06
123581,0.0
123582,0.01
123583,0.04
123584,0.06
123585,0.05
123586,0.0
123587,0.02
123588,0.0
123589,0.0
123590,0.03
123591,0.0
123592,0.3
123593,0.06
123594,0.08
123595,0.03
123596,0.0
123597,0.24
123598,0.0
123599,0.0
123600,0.07
123601,0.08
123602,0.01
123603,0.03
123604,0.0
123605,0.0
123606,0.27
123607,0.01
123608,0.0
123609,0.05
123610,0.0
123611,0.0
123612,0.0
123613,0.02
123614,0.0
123615,0.0
123616,0.06
123617,0.01
123618,0.16
123619,0.11
123620,0.0
123621,0.01
123622,0.01
123623,0.02
123624,0.02
123625,0.09
123626,0.0
123627,0.02
123628,0.0
123629,0.0
123630,0.01
123631,0.01
123632,0.01
123633,0.65
123634,0.18
123635,0.43
123636,0.0
123637,0.16
123638,0.03
123639,0.25
123640,0.0
123641,0.17
123642,0.01
123643,0.01
123644,0.03
123645,0.05
123646,0.0
123647,0.15
123648,0.0
123649,0.41
123650,0.02
123651,0.0
123652,0.3
123653,0.08
123654,0.01
123655,0.22
123656,0.08
123657,0.01
123658,0.01
123659,0.01
123660,0.35
123661,0.07
123662,0.16
123663,0.0
123664,0.03
123665,0.0
123666,0.0
123667,0.02
123668,0.0
123669,0.0
123670,0.02
123671,0.09
123672,0.0
123673,0.02
123674,0.1
123675,0.13
123676,0.0
123677,0.0
123678,0.0
123679,0.01
123680,0.0
123681,0.0
123682,0.07
123683,0.0
123684,0.0
123685,0.0
123686,0.02
123687,0.09
123688,0.0
123689,0.0
123690,0.0
123691,0.04
123692,0.0
123693,0.29
123694,0.0
123695,0.07
123696,0.03
123697,0.08
123698,0.07
123699,0.16
123700,0.03
123701,0.0
123702,0.01
123703,0.0
123704,0.0
123705,0.0
123706,0.0
123707,0.0
123708,0.04
123709,0.0
123710,0.02
123711,0.11
123712,0.0
123713,0.05
123714,0.04
123715,0.41
123716,0.0
123717,0.26
123718,0.1
123719,0.12
123720,0.06
123721,0.05
123722,0.04
123723,0.01
123724,0.0
123725,0.03
123726,0.03
123727,0.0
123728,0.62
123729,0.06
123730,0.01
123731,0.01
123732,0.03
123733,0.53
123734,0.0
123735,0.12
123736,0.0
123737,0.05
123738,0.09
123739,0.03
123740,0.04
123741,0.01
123742,0.0
123743,0.22
123744,0.01
123745,0.01
123746,0.04
123747,0.11
123748,0.0
123749,0.0
123750,0.07
123751,0.09
123752,0.19
123753,0.02
123754,0.0
123755,0.04
123756,0.02
123757,0.03
123758,0.04
123759,0.01
123760,0.01
123761,0.08
123762,0.41
123763,0.51
123764,0.0
123765,0.16
123766,0.1
123767,0.0
123768,0.0
123769,0.09
123770,0.05
123771,0.12
123772,0.04
123773,0.0
123774,0.0
123775,0.03
123776,0.04
123777,0.02
123778,0.05
123779,0.02
123780,0.03
123781,0.32
123782,0.0
123783,0.0
123784,0.0
123785,0.0
123786,0.0
123787,0.67
123788,0.01
123789,0.63
123790,0.0
123791,0.49
123792,0.01
123793,0.0
123794,0.0
123795,0.03
123796,0.03
123797,0.01
123798,0.0
123799,0.09
123800,0.12
123801,0.01
123802,0.08
123803,0.0
123804,0.01
123805,0.0
123806,0.02
123807,0.35
123808,0.0
123809,0.03
123810,0.01
123811,0.23
123812,0.04
123813,0.05
123814,0.05
123815,0.16
123816,0.08
123817,0.0
123818,0.04
123819,0.09
123820,0.0
123821,0.02
123822,0.01
123823,0.0
123824,0.0
123825,0.02
123826,0.0
123827,0.0
123828,0.0
123829,0.19
123830,0.08
123831,0.04
123832,0.04
123833,0.0
123834,0.0
123835,0.04
123836,0.0
123837,0.01
123838,0.03
123839,0.02
123840,0.04
123841,0.73
123842,0.11
123843,0.06
123844,0.07
123845,0.05
123846,0.06
123847,0.02
123848,0.0
123849,0.14
123850,0.01
123851,0.17
123852,0.0
123853,0.01
123854,0.0
123855,0.66
123856,0.0
123857,0.02
123858,0.04
123859,0.03
123860,0.01
123861,0.01
123862,0.01
123863,0.03
123864,0.0
123865,0.01
123866,0.0
123867,0.02
123868,0.01
123869,0.0
123870,0.01
123871,0.01
123872,0.0
123873,0.01
123874,0.01
123875,0.01
123876,0.02
123877,0.06
123878,0.44
123879,0.0
123880,0.14
123881,0.06
123882,0.05
123883,0.32
123884,0.02
123885,0.0
123886,0.07
123887,0.03
123888,0.04
123889,0.03
123890,0.01
123891,0.01
123892,0.01
123893,0.05
123894,0.0
123895,0.03
123896,0.04
123897,0.24
123898,0.0
123899,0.0
123900,0.03
123901,0.0
123902,0.0
123903,0.11
123904,0.46
123905,0.02
123906,0.03
123907,0.0
123908,0.06
123909,0.1
123910,0.0
123911,0.15
123912,0.01
123913,0.03
123914,0.0
123915,0.0
123916,0.0
123917,0.18
123918,0.53
123919,0.0
123920,0.13
123921,0.0
123922,0.01
123923,0.0
123924,0.0
123925,0.01
123926,0.01
123927,0.0
123928,0.33
123929,0.01
123930,0.11
123931,0.01
123932,0.0
123933,0.01
123934,0.07
123935,0.0
123936,0.01
123937,0.0
123938,0.4
123939,0.0
123940,0.0
123941,0.12
123942,0.0
123943,0.01
123944,0.0
123945,0.0
123946,0.01
123947,0.03
123948,0.02
123949,0.01
123950,0.07
123951,0.04
123952,0.07
123953,0.0
123954,0.0
123955,0.0
123956,0.0
123957,0.0
123958,0.01
123959,0.13
123960,0.0
123961,0.01
123962,0.42
123963,0.04
123964,0.04
123965,0.12
123966,0.01
123967,0.0
123968,0.09
123969,0.11
123970,0.01
123971,0.01
123972,0.0
123973,0.25
123974,0.0
123975,0.0
123976,0.0
123977,0.01
123978,0.04
123979,0.01
123980,0.09
123981,0.01
123982,0.02
123983,0.0
123984,0.56
123985,0.07
123986,0.11
123987,0.0
123988,0.0
123989,0.03
123990,0.38
123991,0.05
123992,0.04
123993,0.0
123994,0.0
123995,0.0
123996,0.0
123997,0.05
123998,0.05
123999,0.08
124000,0.0
124001,0.09
124002,0.01
124003,0.0
124004,0.0
124005,0.02
124006,0.34
124007,0.14
124008,0.06
124009,0.29
124010,0.03
124011,0.03
124012,0.02
124013,0.41
124014,0.0
124015,0.01
124016,0.42
124017,0.0
124018,0.03
124019,0.01
124020,0.02
124021,0.02
124022,0.04
124023,0.15
124024,0.03
124025,0.16
124026,0.01
124027,0.04
124028,0.28
124029,0.05
124030,0.05
124031,0.03
124032,0.03
124033,0.06
124034,0.0
124035,0.0
124036,0.22
124037,0.2
124038,0.01
124039,0.37
124040,0.0
124041,0.07
124042,0.0
124043,0.03
124044,0.04
124045,0.07
124046,0.01
124047,0.1
124048,0.02
124049,0.01
124050,0.0
124051,0.18
124052,0.07
124053,0.02
124054,0.01
124055,0.0
124056,0.5
124057,0.14
124058,0.8
124059,0.06
124060,0.01
124061,0.02
124062,0.01
124063,0.0
124064,0.22
124065,0.0
124066,0.19
124067,0.0
124068,0.05
124069,0.3
124070,0.01
124071,0.03
124072,0.05
124073,0.02
124074,0.08
124075,0.36
124076,0.0
124077,0.06
124078,0.08
124079,0.21
124080,0.0
124081,0.0
124082,0.01
124083,0.05
124084,0.0
124085,0.0
124086,0.15
124087,0.0
124088,0.02
124089,0.41
124090,0.02
124091,0.05
124092,0.03
124093,0.0
124094,0.06
124095,0.02
124096,0.12
124097,0.02
124098,0.01
124099,0.0
124100,0.01
124101,0.01
124102,0.0
124103,0.03
124104,0.01
124105,0.11
124106,0.0
124107,0.04
124108,0.02
124109,0.0
124110,0.02
124111,0.0
124112,0.0
124113,0.02
124114,0.0
124115,0.14
124116,0.01
124117,0.0
124118,0.02
124119,0.09
124120,0.07
124121,0.0
124122,0.0
124123,0.06
124124,0.56
124125,0.08
124126,0.16
124127,0.03
124128,0.19
124129,0.06
124130,0.0
124131,0.02
124132,0.01
124133,0.0
124134,0.01
124135,0.03
124136,0.29
124137,0.02
124138,0.0
124139,0.07
124140,0.0
124141,0.03
124142,0.02
124143,0.0
124144,0.54
124145,0.0
124146,0.13
124147,0.04
124148,0.06
124149,0.0
124150,0.05
124151,0.04
124152,0.02
124153,0.0
124154,0.0
124155,0.01
124156,0.03
124157,0.04
124158,0.01
124159,0.01
124160,0.02
124161,0.08
124162,0.05
124163,0.0
124164,0.05
124165,0.01
124166,0.04
124167,0.01
124168,0.29
124169,0.16
124170,0.0
124171,0.0
124172,0.01
124173,0.07
124174,0.0
124175,0.01
124176,0.08
124177,0.0
124178,0.08
124179,0.0
124180,0.33
124181,0.1
124182,0.0
124183,0.04
124184,0.0
124185,0.13
124186,0.1
124187,0.0
124188,0.04
124189,0.0
124190,0.01
124191,0.02
124192,0.09
124193,0.0
124194,0.33
124195,0.0
124196,0.02
124197,0.0
124198,0.27
124199,0.1
124200,0.0
124201,0.07
124202,0.05
124203,0.03
124204,0.03
124205,0.0
124206,0.26
124207,0.52
124208,0.01
124209,0.01
124210,0.01
124211,0.03
124212,0.34
124213,0.11
124214,0.02
124215,0.01
124216,0.0
124217,0.35
124218,0.04
124219,0.04
124220,0.05
124221,0.1
124222,0.24
124223,0.0
124224,0.0
124225,0.09
124226,0.15
124227,0.0
124228,0.04
124229,0.0
124230,0.09
124231,0.05
124232,0.0
124233,0.01
124234,0.15
124235,0.0
124236,0.0
124237,0.15
124238,0.05
124239,0.01
124240,0.02
124241,0.0
124242,0.0
124243,0.03
124244,0.04
124245,0.09
124246,0.06
124247,0.0
124248,0.52
124249,0.04
124250,0.03
124251,0.01
124252,0.0
124253,0.0
124254,0.0
124255,0.21
124256,0.0
124257,0.01
124258,0.04
124259,0.0
124260,0.08
124261,0.0
124262,0.0
124263,0.81
124264,0.03
124265,0.12
124266,0.36
124267,0.0
124268,0.01
124269,0.02
124270,0.01
124271,0.01
124272,0.24
124273,0.01
124274,0.15
124275,0.05
124276,0.02
124277,0.04
124278,0.03
124279,0.03
124280,0.01
124281,0.0
124282,0.01
124283,0.03
124284,0.03
124285,0.07
124286,0.0
124287,0.01
124288,0.0
124289,0.02
124290,0.32
124291,0.06
124292,0.02
124293,0.0
124294,0.18
124295,0.0
124296,0.08
124297,0.12
124298,0.12
124299,0.0
124300,0.01
124301,0.25
124302,0.01
124303,0.01
124304,0.0
124305,0.03
124306,0.04
124307,0.0
124308,0.0
124309,0.07
124310,0.08
124311,0.02
124312,0.01
124313,0.07
124314,0.08
124315,0.0
124316,0.03
124317,0.05
124318,0.06
124319,0.21
124320,0.06
124321,0.01
124322,0.1
124323,0.0
124324,0.11
124325,0.27
124326,0.0
124327,0.02
124328,0.0
124329,0.23
124330,0.25
124331,0.05
124332,0.1
124333,0.0
124334,0.08
124335,0.19
124336,0.19
124337,0.03
124338,0.01
124339,0.02
124340,0.0
124341,0.01
124342,0.23
124343,0.01
124344,0.0
124345,0.01
124346,0.0
124347,0.05
124348,0.05
124349,0.03
124350,0.0
124351,0.01
124352,0.03
124353,0.0
124354,0.19
124355,0.01
124356,0.0
124357,0.03
124358,0.0
124359,0.0
124360,0.07
124361,0.0
124362,0.02
124363,0.0
124364,0.0
124365,0.03
124366,0.04
124367,0.03
124368,0.0
124369,0.0
124370,0.02
124371,0.01
124372,0.0
124373,0.03
124374,0.0
124375,0.3
124376,0.03
124377,0.0
124378,0.0
124379,0.02
124380,0.0
124381,0.03
124382,0.13
124383,0.19
124384,0.01
124385,0.02
124386,0.03
124387,0.0
124388,0.0
124389,0.0
124390,0.08
124391,0.02
124392,0.01
124393,0.01
124394,0.29
124395,0.0
124396,0.08
124397,0.0
124398,0.0
124399,0.07
124400,0.02
124401,0.0
124402,0.03
124403,0.01
124404,0.0
124405,0.0
124406,0.49
124407,0.01
124408,0.08
124409,0.07
124410,0.0
124411,0.03
124412,0.04
124413,0.05
124414,0.04
124415,0.01
124416,0.0
124417,0.0
124418,0.01
124419,0.0
124420,0.22
124421,0.43
124422,0.04
124423,0.0
124424,0.0
124425,0.06
124426,0.24
124427,0.0
124428,0.0
124429,0.01
124430,0.05
124431,0.07
124432,0.0
124433,0.61
124434,0.08
124435,0.03
124436,0.13
124437,0.0
124438,0.0
124439,0.0
124440,0.39
124441,0.0
124442,0.0
124443,0.0
124444,0.18
124445,0.0
124446,0.02
124447,0.02
124448,0.01
124449,0.06
124450,0.0
124451,0.03
124452,0.0
124453,0.14
124454,0.01
124455,0.01
124456,0.0
124457,0.21
124458,0.07
124459,0.04
124460,0.01
124461,0.21
124462,0.0
124463,0.1
124464,0.04
124465,0.09
124466,0.07
124467,0.01
124468,0.03
124469,0.01
124470,0.18
124471,0.0
124472,0.06
124473,0.0
124474,0.18
124475,0.0
124476,0.11
124477,0.0
124478,0.05
124479,0.3
124480,0.05
124481,0.06
124482,0.01
124483,0.04
124484,0.16
124485,0.12
124486,0.41
124487,0.09
124488,0.01
124489,0.12
124490,0.0
124491,0.27
124492,0.03
124493,0.07
124494,0.0
124495,0.01
124496,0.04
124497,0.01
124498,0.04
124499,0.0
124500,0.0
124501,0.0
124502,0.06
124503,0.09
124504,0.45
124505,0.11
124506,0.0
124507,0.06
124508,0.0
124509,0.09
124510,0.58
124511,0.16
124512,0.01
124513,0.25
124514,0.1
124515,0.08
124516,0.0
124517,0.36
124518,0.0
124519,0.01
124520,0.0
124521,0.15
124522,0.02
124523,0.01
124524,0.05
124525,0.03
124526,0.07
124527,0.03
124528,0.03
124529,0.0
124530,0.01
124531,0.01
124532,0.02
124533,0.0
124534,0.01
124535,0.01
124536,0.02
124537,0.07
124538,0.01
124539,0.0
124540,0.12
124541,0.0
124542,0.01
124543,0.05
124544,0.14
124545,0.01
124546,0.01
124547,0.59
124548,0.79
124549,0.01
124550,0.01
124551,0.08
124552,0.47
124553,0.04
124554,0.03
124555,0.02
124556,0.03
124557,0.02
124558,0.22
124559,0.05
124560,0.26
124561,0.01
124562,0.0
124563,0.43
124564,0.0
124565,0.01
124566,0.03
124567,0.01
124568,0.0
124569,0.0
124570,0.03
124571,0.06
124572,0.0
124573,0.05
124574,0.09
124575,0.01
124576,0.01
124577,0.0
124578,0.01
124579,0.0
124580,0.11
124581,0.0
124582,0.26
124583,0.0
124584,0.0
124585,0.1
124586,0.0
124587,0.01
124588,0.01
124589,0.04
124590,0.01
124591,0.09
124592,0.01
124593,0.05
124594,0.35
124595,0.0
124596,0.12
124597,0.33
124598,0.0
124599,0.56
124600,0.1
124601,0.14
124602,0.1
124603,0.04
124604,0.0
124605,0.02
124606,0.08
124607,0.04
124608,0.02
124609,0.0
124610,0.05
124611,0.02
124612,0.06
124613,0.0
124614,0.01
124615,0.0
124616,0.33
124617,0.04
124618,0.02
124619,0.0
124620,0.01
124621,0.03
124622,0.0
124623,0.08
124624,0.02
124625,0.0
124626,0.06
124627,0.37
124628,0.28
124629,0.0
124630,0.23
124631,0.0
124632,0.0
124633,0.22
124634,0.06
124635,0.07
124636,0.02
124637,0.02
124638,0.01
124639,0.06
124640,0.03
124641,0.02
124642,0.01
124643,0.0
124644,0.03
124645,0.0
124646,0.08
124647,0.02
124648,0.01
124649,0.03
124650,0.02
124651,0.0
124652,0.31
124653,0.13
124654,0.0
124655,0.16
124656,0.0
124657,0.44
124658,0.18
124659,0.0
124660,0.01
124661,0.01
124662,0.0
124663,0.01
124664,0.01
124665,0.0
124666,0.0
124667,0.02
124668,0.0
124669,0.07
124670,0.04
124671,0.01
124672,0.07
124673,0.29
124674,0.04
124675,0.03
124676,0.01
124677,0.0
124678,0.02
124679,0.0
124680,0.03
124681,0.11
124682,0.0
124683,0.01
124684,0.0
124685,0.49
124686,0.44
124687,0.0
124688,0.01
124689,0.7
124690,0.0
124691,0.03
124692,0.11
124693,0.01
124694,0.02
124695,0.12
124696,0.01
124697,0.09
124698,0.37
124699,0.01
124700,0.01
124701,0.17
124702,0.01
124703,0.01
124704,0.0
124705,0.06
124706,0.0
124707,0.01
124708,0.0
124709,0.0
124710,0.0
124711,0.01
124712,0.08
124713,0.17
124714,0.14
124715,0.03
124716,0.0
124717,0.7
124718,0.13
124719,0.03
124720,0.02
124721,0.0
124722,0.23
124723,0.0
124724,0.0
124725,0.26
124726,0.0
124727,0.01
124728,0.12
124729,0.01
124730,0.04
124731,0.0
124732,0.07
124733,0.03
124734,0.04
124735,0.0
124736,0.05
124737,0.06
124738,0.0
124739,0.02
124740,0.06
124741,0.18
124742,0.14
124743,0.0
124744,0.02
124745,0.45
124746,0.21
124747,0.01
124748,0.04
124749,0.06
124750,0.12
124751,0.03
124752,0.43
124753,0.02
124754,0.0
124755,0.03
124756,0.1
124757,0.0
124758,0.02
124759,0.28
124760,0.04
124761,0.42
124762,0.05
124763,0.03
124764,0.1
124765,0.02
124766,0.11
124767,0.04
124768,0.08
124769,0.06
124770,0.19
124771,0.0
124772,0.0
124773,0.02
124774,0.02
124775,0.3
124776,0.0
124777,0.0
124778,0.01
124779,0.0
124780,0.03
124781,0.0
124782,0.0
124783,0.0
124784,0.07
124785,0.42
124786,0.02
124787,0.01
124788,0.05
124789,0.13
124790,0.01
124791,0.01
124792,0.03
124793,0.03
124794,0.0
124795,0.0
124796,0.03
124797,0.17
124798,0.01
124799,0.02
124800,0.0
124801,0.0
124802,0.08
124803,0.04
124804,0.02
124805,0.0
124806,0.0
124807,0.11
124808,0.05
124809,0.0
124810,0.0
124811,0.07
124812,0.02
124813,0.0
124814,0.03
124815,0.0
124816,0.51
124817,0.09
124818,0.01
124819,0.12
124820,0.02
124821,0.09
124822,0.01
124823,0.01
124824,0.05
124825,0.01
124826,0.03
124827,0.16
124828,0.01
124829,0.04
124830,0.0
124831,0.01
124832,0.0
124833,0.01
124834,0.0
124835,0.63
124836,0.05
124837,0.0
124838,0.0
124839,0.01
124840,0.0
124841,0.0
124842,0.01
124843,0.08
124844,0.02
124845,0.26
124846,0.09
124847,0.02
124848,0.19
124849,0.01
124850,0.17
124851,0.3
124852,0.09
124853,0.24
124854,0.07
124855,0.01
124856,0.01
124857,0.0
124858,0.0
124859,0.13
124860,0.08
124861,0.0
124862,0.0
124863,0.01
124864,0.03
124865,0.16
124866,0.05
124867,0.0
124868,0.0
124869,0.05
124870,0.13
124871,0.0
124872,0.0
124873,0.0
124874,0.01
124875,0.01
124876,0.04
124877,0.01
124878,0.1
124879,0.43
124880,0.02
124881,0.09
124882,0.29
124883,0.01
124884,0.02
124885,0.0
124886,0.0
124887,0.0
124888,0.0
124889,0.01
124890,0.01
124891,0.0
124892,0.02
124893,0.03
124894,0.3
124895,0.03
124896,0.19
124897,0.03
124898,0.0
124899,0.0
124900,0.02
124901,0.13
124902,0.1
124903,0.0
124904,0.03
124905,0.01
124906,0.05
124907,0.04
124908,0.17
124909,0.0
124910,0.0
124911,0.01
124912,0.14
124913,0.0
124914,0.01
124915,0.0
124916,0.01
124917,0.11
124918,0.0
124919,0.03
124920,0.22
124921,0.01
124922,0.09
124923,0.12
124924,0.12
124925,0.07
124926,0.0
124927,0.13
124928,0.0
124929,0.12
124930,0.0
124931,0.13
124932,0.04
124933,0.35
124934,0.0
124935,0.0
124936,0.01
124937,0.06
124938,0.01
124939,0.01
124940,0.01
124941,0.11
124942,0.03
124943,0.19
124944,0.0
124945,0.02
124946,0.04
124947,0.54
124948,0.01
124949,0.16
124950,0.08
124951,0.0
124952,0.01
124953,0.04
124954,0.0
124955,0.0
124956,0.01
124957,0.0
124958,0.03
124959,0.0
124960,0.04
124961,0.0
124962,0.02
124963,0.0
124964,0.04
124965,0.01
124966,0.01
124967,0.0
124968,0.01
124969,0.11
124970,0.04
124971,0.0
124972,0.01
124973,0.0
124974,0.0
124975,0.01
124976,0.0
124977,0.02
124978,0.09
124979,0.04
124980,0.5
124981,0.13
124982,0.08
124983,0.01
124984,0.01
124985,0.0
124986,0.04
124987,0.01
124988,0.01
124989,0.02
124990,0.0
124991,0.03
124992,0.06
124993,0.01
124994,0.07
124995,0.04
124996,0.0
124997,0.13
124998,0.0
124999,0.08
125000,0.02
125001,0.19
125002,0.18
125003,0.01
125004,0.0
125005,0.19
125006,0.0
125007,0.12
125008,0.0
125009,0.65
125010,0.0
125011,0.0
125012,0.0
125013,0.05
125014,0.06
125015,0.07
125016,0.09
125017,0.12
125018,0.01
125019,0.0
125020,0.0
125021,0.0
125022,0.02
125023,0.01
125024,0.18
125025,0.0
125026,0.03
125027,0.01
125028,0.05
125029,0.0
125030,0.01
125031,0.05
125032,0.02
125033,0.01
125034,0.0
125035,0.02
125036,0.33
125037,0.52
125038,0.08
125039,0.01
125040,0.06
125041,0.04
125042,0.27
125043,0.08
125044,0.0
125045,0.01
125046,0.09
125047,0.04
125048,0.03
125049,0.0
125050,0.03
125051,0.0
125052,0.06
125053,0.11
125054,0.08
125055,0.01
125056,0.02
125057,0.0
125058,0.05
125059,0.04
125060,0.01
125061,0.01
125062,0.0
125063,0.0
125064,0.0
125065,0.15
125066,0.0
125067,0.01
125068,0.01
125069,0.19
125070,0.09
125071,0.06
125072,0.04
125073,0.0
125074,0.0
125075,0.07
125076,0.01
125077,0.24
125078,0.03
125079,0.02
125080,0.01
125081,0.02
125082,0.22
125083,0.29
125084,0.18
125085,0.08
125086,0.24
125087,0.01
125088,0.01
125089,0.03
125090,0.32
125091,0.15
125092,0.04
125093,0.04
125094,0.0
125095,0.01
125096,0.04
125097,0.5
125098,0.02
125099,0.5
125100,0.0
125101,0.0
125102,0.05
125103,0.07
125104,0.03
125105,0.0
125106,0.0
125107,0.11
125108,0.0
125109,0.28
125110,0.0
125111,0.01
125112,0.47
125113,0.16
125114,0.17
125115,0.03
125116,0.0
125117,0.2
125118,0.05
125119,0.01
125120,0.01
125121,0.0
125122,0.0
125123,0.01
125124,0.04
125125,0.03
125126,0.16
125127,0.01
125128,0.0
125129,0.05
125130,0.03
125131,0.01
125132,0.05
125133,0.36
125134,0.01
125135,0.04
125136,0.19
125137,0.03
125138,0.02
125139,0.02
125140,0.02
125141,0.0
125142,0.02
125143,0.01
125144,0.01
125145,0.01
125146,0.0
125147,0.0
125148,0.0
125149,0.01
125150,0.01
125151,0.06
125152,0.04
125153,0.0
125154,0.13
125155,0.0
125156,0.22
125157,0.4
125158,0.01
125159,0.02
125160,0.06
125161,0.04
125162,0.02
125163,0.42
125164,0.0
125165,0.08
125166,0.0
125167,0.0
125168,0.0
125169,0.07
125170,0.01
125171,0.02
125172,0.09
125173,0.08
125174,0.11
125175,0.0
125176,0.01
125177,0.07
125178,0.0
125179,0.07
125180,0.18
125181,0.12
125182,0.01
125183,0.02
125184,0.0
125185,0.0
125186,0.09
125187,0.01
125188,0.0
125189,0.09
125190,0.04
125191,0.04
125192,0.02
125193,0.05
125194,0.12
125195,0.04
125196,0.04
125197,0.02
125198,0.0
125199,0.4
125200,0.0
125201,0.03
125202,0.44
125203,0.0
125204,0.0
125205,0.02
125206,0.1
125207,0.03
125208,0.01
125209,0.02
125210,0.0
125211,0.0
125212,0.02
125213,0.07
125214,0.0
125215,0.01
125216,0.02
125217,0.07
125218,0.0
125219,0.0
125220,0.05
125221,0.02
125222,0.03
125223,0.01
125224,0.13
125225,0.0
125226,0.05
125227,0.0
125228,0.34
125229,0.01
125230,0.04
125231,0.02
125232,0.02
125233,0.0
125234,0.06
125235,0.0
125236,0.01
125237,0.36
125238,0.01
125239,0.04
125240,0.0
125241,0.0
125242,0.12
125243,0.03
125244,0.0
125245,0.11
125246,0.48
125247,0.11
125248,0.07
125249,0.0
125250,0.07
125251,0.22
125252,0.24
125253,0.0
125254,0.09
125255,0.0
125256,0.12
125257,0.02
125258,0.02
125259,0.0
125260,0.32
125261,0.17
125262,0.09
125263,0.04
125264,0.0
125265,0.04
125266,0.0
125267,0.59
125268,0.0
125269,0.11
125270,0.04
125271,0.01
125272,0.06
125273,0.08
125274,0.02
125275,0.32
125276,0.01
125277,0.23
125278,0.04
125279,0.15
125280,0.02
125281,0.11
125282,0.2
125283,0.38
125284,0.02
125285,0.01
125286,0.0
125287,0.03
125288,0.2
125289,0.05
125290,0.04
125291,0.0
125292,0.0
125293,0.02
125294,0.0
125295,0.0
125296,0.16
125297,0.08
125298,0.01
125299,0.0
125300,0.0
125301,0.0
125302,0.0
125303,0.0
125304,0.02
125305,0.01
125306,0.16
125307,0.01
125308,0.01
125309,0.01
125310,0.35
125311,0.02
125312,0.32
125313,0.03
125314,0.0
125315,0.4
125316,0.05
125317,0.38
125318,0.08
125319,0.04
125320,0.02
125321,0.0
125322,0.01
125323,0.03
125324,0.25
125325,0.16
125326,0.01
125327,0.0
125328,0.0
125329,0.03
125330,0.0
125331,0.0
125332,0.46
125333,0.07
125334,0.03
125335,0.01
125336,0.0
125337,0.0
125338,0.13
125339,0.03
125340,0.0
125341,0.05
125342,0.13
125343,0.06
125344,0.2
125345,0.13
125346,0.0
125347,0.14
125348,0.1
125349,0.16
125350,0.0
125351,0.21
125352,0.17
125353,0.06
125354,0.38
125355,0.03
125356,0.12
125357,0.02
125358,0.23
125359,0.01
125360,0.0
125361,0.01
125362,0.0
125363,0.01
125364,0.0
125365,0.13
125366,0.05
125367,0.38
125368,0.01
125369,0.05
125370,0.0
125371,0.03
125372,0.23
125373,0.03
125374,0.0
125375,0.02
125376,0.09
125377,0.47
125378,0.0
125379,0.07
125380,0.01
125381,0.01
125382,0.41
125383,0.0
125384,0.02
125385,0.03
125386,0.1
125387,0.0
125388,0.01
125389,0.0
125390,0.05
125391,0.2
125392,0.0
125393,0.03
125394,0.01
125395,0.04
125396,0.0
125397,0.02
125398,0.22
125399,0.02
125400,0.01
125401,0.11
125402,0.01
125403,0.05
125404,0.12
125405,0.02
125406,0.0
125407,0.0
125408,0.0
125409,0.0
125410,0.05
125411,0.36
125412,0.0
125413,0.0
125414,0.02
125415,0.01
125416,0.04
125417,0.01
125418,0.06
125419,0.19
125420,0.03
125421,0.03
125422,0.03
125423,0.08
125424,0.0
125425,0.0
125426,0.31
125427,0.12
125428,0.09
125429,0.0
125430,0.04
125431,0.03
125432,0.1
125433,0.01
125434,0.08
125435,0.0
125436,0.02
125437,0.0
125438,0.05
125439,0.01
125440,0.01
125441,0.33
125442,0.19
125443,0.01
125444,0.0
125445,0.02
125446,0.0
125447,0.06
125448,0.0
125449,0.03
125450,0.0
125451,0.0
125452,0.12
125453,0.62
125454,0.0
125455,0.01
125456,0.03
125457,0.29
125458,0.07
125459,0.02
125460,0.0
125461,0.01
125462,0.02
125463,0.04
125464,0.01
125465,0.04
125466,0.03
125467,0.04
125468,0.0
125469,0.0
125470,0.76
125471,0.0
125472,0.02
125473,0.01
125474,0.11
125475,0.1
125476,0.0
125477,0.0
125478,0.48
125479,0.0
125480,0.0
125481,0.01
125482,0.05
125483,0.0
125484,0.05
125485,0.09
125486,0.05
125487,0.02
125488,0.1
125489,0.05
125490,0.01
125491,0.63
125492,0.0
125493,0.12
125494,0.07
125495,0.0
125496,0.09
125497,0.04
125498,0.12
125499,0.0
125500,0.07
125501,0.0
125502,0.06
125503,0.02
125504,0.14
125505,0.0
125506,0.0
125507,0.02
125508,0.0
125509,0.0
125510,0.07
125511,0.04
125512,0.21
125513,0.0
125514,0.03
125515,0.0
125516,0.04
125517,0.0
125518,0.0
125519,0.05
125520,0.17
125521,0.13
125522,0.27
125523,0.01
125524,0.02
125525,0.01
125526,0.03
125527,0.1
125528,0.05
125529,0.03
125530,0.01
125531,0.04
125532,0.07
125533,0.0
125534,0.16
125535,0.0
125536,0.05
125537,0.12
125538,0.0
125539,0.0
125540,0.02
125541,0.0
125542,0.43
125543,0.1
125544,0.03
125545,0.01
125546,0.0
125547,0.01
125548,0.11
125549,0.01
125550,0.09
125551,0.01
125552,0.0
125553,0.01
125554,0.05
125555,0.01
125556,0.0
125557,0.05
125558,0.02
125559,0.0
125560,0.0
125561,0.02
125562,0.04
125563,0.02
125564,0.03
125565,0.03
125566,0.01
125567,0.23
125568,0.04
125569,0.18
125570,0.0
125571,0.18
125572,0.0
125573,0.02
125574,0.01
125575,0.02
125576,0.01
125577,0.06
125578,0.04
125579,0.06
125580,0.0
125581,0.02
125582,0.06
125583,0.11
125584,0.0
125585,0.32
125586,0.01
125587,0.09
125588,0.32
125589,0.0
125590,0.0
125591,0.23
125592,0.0
125593,0.06
125594,0.03
125595,0.0
125596,0.09
125597,0.03
125598,0.01
125599,0.0
125600,0.24
125601,0.0
125602,0.02
125603,0.06
125604,0.01
125605,0.23
125606,0.03
125607,0.38
125608,0.04
125609,0.01
125610,0.0
125611,0.02
125612,0.01
125613,0.18
125614,0.13
125615,0.03
125616,0.01
125617,0.01
125618,0.01
125619,0.07
125620,0.05
125621,0.2
125622,0.0
125623,0.07
125624,0.03
125625,0.0
125626,0.03
125627,0.0
125628,0.01
125629,0.02
125630,0.07
125631,0.01
125632,0.04
125633,0.03
125634,0.0
125635,0.01
125636,0.0
125637,0.05
125638,0.02
125639,0.0
125640,0.01
125641,0.0
125642,0.03
125643,0.0
125644,0.02
125645,0.0
125646,0.21
125647,0.0
125648,0.0
125649,0.01
125650,0.0
125651,0.36
125652,0.0
125653,0.32
125654,0.04
125655,0.14
125656,0.02
125657,0.0
125658,0.13
125659,0.0
125660,0.29
125661,0.12
125662,0.1
125663,0.26
125664,0.0
125665,0.0
125666,0.09
125667,0.0
125668,0.35
125669,0.17
125670,0.11
125671,0.02
125672,0.04
125673,0.08
125674,0.05
125675,0.03
125676,0.04
125677,0.0
125678,0.0
125679,0.12
125680,0.05
125681,0.0
125682,0.03
125683,0.0
125684,0.01
125685,0.02
125686,0.0
125687,0.05
125688,0.25
125689,0.05
125690,0.15
125691,0.01
125692,0.15
125693,0.03
125694,0.01
125695,0.13
125696,0.0
125697,0.01
125698,0.2
125699,0.1
125700,0.2
125701,0.0
125702,0.13
125703,0.05
125704,0.0
125705,0.03
125706,0.06
125707,0.03
125708,0.04
125709,0.01
125710,0.0
125711,0.02
125712,0.14
125713,0.0
125714,0.0
125715,0.04
125716,0.0
125717,0.03
125718,0.0
125719,0.26
125720,0.01
125721,0.01
125722,0.03
125723,0.03
125724,0.0
125725,0.01
125726,0.02
125727,0.12
125728,0.05
125729,0.03
125730,0.03
125731,0.0
125732,0.01
125733,0.0
125734,0.09
125735,0.01
125736,0.04
125737,0.04
125738,0.05
125739,0.01
125740,0.04
125741,0.0
125742,0.02
125743,0.04
125744,0.03
125745,0.0
125746,0.0
125747,0.27
125748,0.0
125749,0.01
125750,0.02
125751,0.0
125752,0.11
125753,0.01
125754,0.13
125755,0.0
125756,0.01
125757,0.01
125758,0.0
125759,0.2
125760,0.43
125761,0.02
125762,0.08
125763,0.0
125764,0.0
125765,0.15
125766,0.0
125767,0.02
125768,0.54
125769,0.05
125770,0.03
125771,0.0
125772,0.0
125773,0.01
125774,0.0
125775,0.01
125776,0.0
125777,0.06
125778,0.07
125779,0.05
125780,0.05
125781,0.0
125782,0.0
125783,0.0
125784,0.01
125785,0.04
125786,0.0
125787,0.0
125788,0.07
125789,0.04
125790,0.25
125791,0.01
125792,0.08
125793,0.0
125794,0.0
125795,0.0
125796,0.01
125797,0.06
125798,0.41
125799,0.04
125800,0.06
125801,0.41
125802,0.03
125803,0.05
125804,0.0
125805,0.08
125806,0.24
125807,0.11
125808,0.0
125809,0.0
125810,0.02
125811,0.06
125812,0.02
125813,0.02
125814,0.01
125815,0.01
125816,0.26
125817,0.04
125818,0.02
125819,0.09
125820,0.0
125821,0.0
125822,0.02
125823,0.27
125824,0.17
125825,0.0
125826,0.63
125827,0.03
125828,0.0
125829,0.37
125830,0.0
125831,0.05
125832,0.32
125833,0.0
125834,0.01
125835,0.02
125836,0.0
125837,0.0
125838,0.01
125839,0.1
125840,0.0
125841,0.01
125842,0.0
125843,0.03
125844,0.02
125845,0.09
125846,0.05
125847,0.0
125848,0.4
125849,0.03
125850,0.08
125851,0.02
125852,0.01
125853,0.0
125854,0.0
125855,0.01
125856,0.0
125857,0.05
125858,0.02
125859,0.0
125860,0.02
125861,0.0
125862,0.01
125863,0.0
125864,0.03
125865,0.15
125866,0.35
125867,0.09
125868,0.0
125869,0.01
125870,0.0
125871,0.01
125872,0.11
125873,0.05
125874,0.2
125875,0.09
125876,0.11
125877,0.0
125878,0.05
125879,0.01
125880,0.04
125881,0.0
125882,0.13
125883,0.0
125884,0.08
125885,0.0
125886,0.25
125887,0.18
125888,0.02
125889,0.01
125890,0.21
125891,0.02
125892,0.14
125893,0.67
125894,0.02
125895,0.02
125896,0.02
125897,0.04
125898,0.0
125899,0.05
125900,0.05
125901,0.01
125902,0.02
125903,0.0
125904,0.02
125905,0.03
125906,0.31
125907,0.02
125908,0.04
125909,0.12
125910,0.0
125911,0.01
125912,0.07
125913,0.02
125914,0.01
125915,0.02
125916,0.14
125917,0.03
125918,0.02
125919,0.27
125920,0.0
125921,0.05
125922,0.04
125923,0.08
125924,0.0
125925,0.01
125926,0.0
125927,0.08
125928,0.32
125929,0.09
125930,0.02
125931,0.0
125932,0.18
125933,0.0
125934,0.0
125935,0.03
125936,0.02
125937,0.28
125938,0.0
125939,0.02
125940,0.05
125941,0.0
125942,0.04
125943,0.19
125944,0.04
125945,0.02
125946,0.14
125947,0.04
125948,0.01
125949,0.11
125950,0.0
125951,0.13
125952,0.02
125953,0.1
125954,0.02
125955,0.0
125956,0.31
125957,0.32
125958,0.03
125959,0.23
125960,0.03
125961,0.01
125962,0.01
125963,0.0
125964,0.5
125965,0.01
125966,0.03
125967,0.01
125968,0.07
125969,0.32
125970,0.22
125971,0.0
125972,0.06
125973,0.01
125974,0.07
125975,0.01
125976,0.09
125977,0.13
125978,0.13
125979,0.0
125980,0.04
125981,0.03
125982,0.01
125983,0.0
125984,0.0
125985,0.0
125986,0.12
125987,0.02
125988,0.27
125989,0.12
125990,0.0
125991,0.0
125992,0.01
125993,0.01
125994,0.01
125995,0.21
125996,0.07
125997,0.06
125998,0.01
125999,0.0
126000,0.0
126001,0.0
126002,0.04
126003,0.11
126004,0.0
126005,0.29
126006,0.53
126007,0.22
126008,0.04
126009,0.08
126010,0.0
126011,0.01
126012,0.51
126013,0.0
126014,0.02
126015,0.04
126016,0.02
126017,0.04
126018,0.06
126019,0.0
126020,0.02
126021,0.01
126022,0.11
126023,0.19
126024,0.15
126025,0.01
126026,0.0
126027,0.01
126028,0.05
126029,0.06
126030,0.02
126031,0.04
126032,0.0
126033,0.33
126034,0.0
126035,0.0
126036,0.1
126037,0.26
126038,0.03
126039,0.01
126040,0.06
126041,0.0
126042,0.01
126043,0.0
126044,0.02
126045,0.02
126046,0.05
126047,0.15
126048,0.03
126049,0.01
126050,0.1
126051,0.06
126052,0.0
126053,0.0
126054,0.0
126055,0.01
126056,0.06
126057,0.0
126058,0.01
126059,0.03
126060,0.02
126061,0.0
126062,0.26
126063,0.17
126064,0.02
126065,0.02
126066,0.0
126067,0.19
126068,0.17
126069,0.0
126070,0.31
126071,0.0
126072,0.08
126073,0.04
126074,0.07
126075,0.11
126076,0.0
126077,0.0
126078,0.01
126079,0.01
126080,0.0
126081,0.12
126082,0.0
126083,0.0
126084,0.05
126085,0.43
126086,0.0
126087,0.18
126088,0.01
126089,0.01
126090,0.02
126091,0.09
126092,0.0
126093,0.01
126094,0.04
126095,0.32
126096,0.05
126097,0.04
126098,0.0
126099,0.0
126100,0.0
126101,0.01
126102,0.16
126103,0.18
126104,0.07
126105,0.0
126106,0.0
126107,0.0
126108,0.15
126109,0.22
126110,0.1
126111,0.01
126112,0.05
126113,0.16
126114,0.02
126115,0.5
126116,0.06
126117,0.37
126118,0.02
126119,0.01
126120,0.06
126121,0.01
126122,0.0
126123,0.01
126124,0.33
126125,0.0
126126,0.03
126127,0.21
126128,0.01
126129,0.03
126130,0.0
126131,0.03
126132,0.15
126133,0.02
126134,0.0
126135,0.02
126136,0.1
126137,0.43
126138,0.0
126139,0.01
126140,0.01
126141,0.36
126142,0.0
126143,0.0
126144,0.02
126145,0.01
126146,0.06
126147,0.0
126148,0.06
126149,0.16
126150,0.02
126151,0.4
126152,0.16
126153,0.02
126154,0.03
126155,0.01
126156,0.0
126157,0.47
126158,0.02
126159,0.22
126160,0.0
126161,0.09
126162,0.17
126163,0.02
126164,0.0
126165,0.0
126166,0.02
126167,0.0
126168,0.01
126169,0.01
126170,0.01
126171,0.0
126172,0.0
126173,0.01
126174,0.03
126175,0.03
126176,0.02
126177,0.0
126178,0.01
126179,0.0
126180,0.09
126181,0.01
126182,0.04
126183,0.01
126184,0.03
126185,0.01
126186,0.11
126187,0.05
126188,0.23
126189,0.0
126190,0.15
126191,0.0
126192,0.0
126193,0.01
126194,0.0
126195,0.17
126196,0.11
126197,0.0
126198,0.0
126199,0.0
126200,0.28
126201,0.01
126202,0.15
126203,0.05
126204,0.26
126205,0.01
126206,0.01
126207,0.02
126208,0.22
126209,0.0
126210,0.02
126211,0.05
126212,0.0
126213,0.01
126214,0.08
126215,0.0
126216,0.0
126217,0.02
126218,0.01
126219,0.07
126220,0.31
126221,0.0
126222,0.0
126223,0.06
126224,0.01
126225,0.01
126226,0.08
126227,0.01
126228,0.05
126229,0.01
126230,0.01
126231,0.0
126232,0.0
126233,0.13
126234,0.0
126235,0.05
126236,0.03
126237,0.14
126238,0.0
126239,0.19
126240,0.0
126241,0.18
126242,0.0
126243,0.01
126244,0.48
126245,0.2
126246,0.08
126247,0.14
126248,0.0
126249,0.0
126250,0.29
126251,0.06
126252,0.0
126253,0.0
126254,0.17
126255,0.0
126256,0.13
126257,0.04
126258,0.08
126259,0.13
126260,0.01
126261,0.03
126262,0.01
126263,0.05
126264,0.12
126265,0.0
126266,0.04
126267,0.0
126268,0.01
126269,0.01
126270,0.0
126271,0.05
126272,0.01
126273,0.25
126274,0.0
126275,0.04
126276,0.0
126277,0.02
126278,0.28
126279,0.01
126280,0.0
126281,0.01
126282,0.35
126283,0.0
126284,0.06
126285,0.0
126286,0.01
126287,0.27
126288,0.68
126289,0.02
126290,0.01
126291,0.4
126292,0.14
126293,0.06
126294,0.06
126295,0.01
126296,0.0
126297,0.31
126298,0.26
126299,0.04
126300,0.0
126301,0.04
126302,0.02
126303,0.06
126304,0.0
126305,0.01
126306,0.0
126307,0.02
126308,0.0
126309,0.0
126310,0.07
126311,0.03
126312,0.05
126313,0.02
126314,0.0
126315,0.33
126316,0.01
126317,0.0
126318,0.0
126319,0.0
126320,0.1
126321,0.02
126322,0.0
126323,0.01
126324,0.0
126325,0.03
126326,0.03
126327,0.18
126328,0.04
126329,0.0
126330,0.09
126331,0.02
126332,0.04
126333,0.06
126334,0.0
126335,0.01
126336,0.09
126337,0.0
126338,0.0
126339,0.21
126340,0.29
126341,0.0
126342,0.04
126343,0.02
126344,0.01
126345,0.01
126346,0.1
126347,0.0
126348,0.03
126349,0.02
126350,0.0
126351,0.02
126352,0.02
126353,0.03
126354,0.0
126355,0.25
126356,0.0
126357,0.28
126358,0.07
126359,0.01
126360,0.02
126361,0.01
126362,0.0
126363,0.02
126364,0.03
126365,0.01
126366,0.08
126367,0.0
126368,0.06
126369,0.06
126370,0.0
126371,0.14
126372,0.1
126373,0.0
126374,0.0
126375,0.0
126376,0.03
126377,0.02
126378,0.41
126379,0.15
126380,0.17
126381,0.03
126382,0.05
126383,0.0
126384,0.18
126385,0.14
126386,0.0
126387,0.02
126388,0.07
126389,0.14
126390,0.02
126391,0.1
126392,0.0
126393,0.01
126394,0.02
126395,0.13
126396,0.11
126397,0.21
126398,0.0
126399,0.03
126400,0.18
126401,0.03
126402,0.27
126403,0.01
126404,0.16
126405,0.09
126406,0.01
126407,0.04
126408,0.26
126409,0.0
126410,0.04
126411,0.01
126412,0.0
126413,0.0
126414,0.0
126415,0.02
126416,0.01
126417,0.08
126418,0.0
126419,0.0
126420,0.0
126421,0.01
126422,0.18
126423,0.51
126424,0.0
126425,0.0
126426,0.11
126427,0.01
126428,0.01
126429,0.0
126430,0.08
126431,0.04
126432,0.2
126433,0.02
126434,0.47
126435,0.03
126436,0.0
126437,0.0
126438,0.0
126439,0.56
126440,0.0
126441,0.05
126442,0.0
126443,0.11
126444,0.0
126445,0.0
126446,0.0
126447,0.02
126448,0.25
126449,0.16
126450,0.08
126451,0.01
126452,0.04
126453,0.0
126454,0.03
126455,0.03
126456,0.06
126457,0.03
126458,0.0
126459,0.07
126460,0.04
126461,0.23
126462,0.01
126463,0.0
126464,0.02
126465,0.01
126466,0.0
126467,0.46
126468,0.0
126469,0.09
126470,0.0
126471,0.07
126472,0.01
126473,0.0
126474,0.02
126475,0.0
126476,0.16
126477,0.0
126478,0.03
126479,0.0
126480,0.02
126481,0.0
126482,0.01
126483,0.19
126484,0.03
126485,0.0
126486,0.0
126487,0.26
126488,0.26
126489,0.26
126490,0.02
126491,0.1
126492,0.01
126493,0.2
126494,0.2
126495,0.01
126496,0.02
126497,0.02
126498,0.01
126499,0.03
126500,0.1
126501,0.0
126502,0.07
126503,0.02
126504,0.0
126505,0.01
126506,0.0
126507,0.0
126508,0.0
126509,0.18
126510,0.0
126511,0.04
126512,0.53
126513,0.0
126514,0.12
126515,0.44
126516,0.0
126517,0.01
126518,0.02
126519,0.04
126520,0.54
126521,0.21
126522,0.01
126523,0.06
126524,0.01
126525,0.16
126526,0.34
126527,0.08
126528,0.29
126529,0.0
126530,0.0
126531,0.03
126532,0.0
126533,0.19
126534,0.0
126535,0.08
126536,0.03
126537,0.0
126538,0.11
126539,0.19
126540,0.0
126541,0.01
126542,0.01
126543,0.0
126544,0.01
126545,0.0
126546,0.02
126547,0.0
126548,0.2
126549,0.0
126550,0.02
126551,0.01
126552,0.0
126553,0.06
126554,0.22
126555,0.01
126556,0.0
126557,0.04
126558,0.36
126559,0.01
126560,0.0
126561,0.21
126562,0.43
126563,0.03
126564,0.01
126565,0.21
126566,0.04
126567,0.09
126568,0.46
126569,0.02
126570,0.1
126571,0.24
126572,0.04
126573,0.0
126574,0.01
126575,0.01
126576,0.23
126577,0.01
126578,0.05
126579,0.01
126580,0.01
126581,0.0
126582,0.0
126583,0.0
126584,0.06
126585,0.01
126586,0.03
126587,0.31
126588,0.0
126589,0.04
126590,0.0
126591,0.1
126592,0.08
126593,0.0
126594,0.2
126595,0.26
126596,0.0
126597,0.0
126598,0.5
126599,0.0
126600,0.11
126601,0.0
126602,0.0
126603,0.0
126604,0.0
126605,0.0
126606,0.12
126607,0.03
126608,0.05
126609,0.01
126610,0.11
126611,0.02
126612,0.07
126613,0.0
126614,0.0
126615,0.1
126616,0.01
126617,0.05
126618,0.0
126619,0.09
126620,0.0
126621,0.09
126622,0.04
126623,0.01
126624,0.07
126625,0.02
126626,0.14
126627,0.16
126628,0.54
126629,0.0
126630,0.4
126631,0.05
126632,0.0
126633,0.05
126634,0.16
126635,0.0
126636,0.09
126637,0.14
126638,0.0
126639,0.01
126640,0.04
126641,0.08
126642,0.15
126643,0.01
126644,0.02
126645,0.63
126646,0.01
126647,0.01
126648,0.13
126649,0.07
126650,0.0
126651,0.0
126652,0.06
126653,0.17
126654,0.0
126655,0.0
126656,0.1
126657,0.14
126658,0.05
126659,0.02
126660,0.03
126661,0.0
126662,0.21
126663,0.01
126664,0.13
126665,0.03
126666,0.05
126667,0.53
126668,0.01
126669,0.02
126670,0.02
126671,0.02
126672,0.0
126673,0.69
126674,0.0
126675,0.0
126676,0.02
126677,0.01
126678,0.24
126679,0.06
126680,0.01
126681,0.02
126682,0.02
126683,0.02
126684,0.0
126685,0.18
126686,0.01
126687,0.01
126688,0.01
126689,0.01
126690,0.11
126691,0.48
126692,0.01
126693,0.07
126694,0.06
126695,0.01
126696,0.02
126697,0.18
126698,0.0
126699,0.07
126700,0.0
126701,0.33
126702,0.1
126703,0.14
126704,0.0
126705,0.03
126706,0.0
126707,0.01
126708,0.02
126709,0.03
126710,0.03
126711,0.01
126712,0.0
126713,0.01
126714,0.01
126715,0.12
126716,0.13
126717,0.01
126718,0.13
126719,0.0
126720,0.06
126721,0.01
126722,0.01
126723,0.03
126724,0.1
126725,0.07
126726,0.03
126727,0.02
126728,0.29
126729,0.07
126730,0.01
126731,0.06
126732,0.02
126733,0.0
126734,0.05
126735,0.36
126736,0.01
126737,0.05
126738,0.34
126739,0.05
126740,0.04
126741,0.02
126742,0.12
126743,0.01
126744,0.02
126745,0.01
126746,0.03
126747,0.0
126748,0.04
126749,0.01
126750,0.05
126751,0.03
126752,0.01
126753,0.09
126754,0.0
126755,0.06
126756,0.04
126757,0.04
126758,0.05
126759,0.01
126760,0.0
126761,0.0
126762,0.0
126763,0.0
126764,0.01
126765,0.39
126766,0.07
126767,0.0
126768,0.11
126769,0.0
126770,0.0
126771,0.06
126772,0.0
126773,0.0
126774,0.08
126775,0.02
126776,0.0
126777,0.0
126778,0.04
126779,0.0
126780,0.01
126781,0.0
126782,0.01
126783,0.11
126784,0.06
126785,0.05
126786,0.0
126787,0.03
126788,0.11
126789,0.01
126790,0.0
126791,0.1
126792,0.02
126793,0.16
126794,0.04
126795,0.1
126796,0.19
126797,0.01
126798,0.0
126799,0.04
126800,0.01
126801,0.01
126802,0.0
126803,0.0
126804,0.04
126805,0.33
126806,0.0
126807,0.19
126808,0.02
126809,0.09
126810,0.0
126811,0.01
126812,0.0
126813,0.07
126814,0.11
126815,0.0
126816,0.0
126817,0.0
126818,0.03
126819,0.32
126820,0.41
126821,0.07
126822,0.0
126823,0.39
126824,0.01
126825,0.01
126826,0.02
126827,0.0
126828,0.0
126829,0.03
126830,0.02
126831,0.1
126832,0.0
126833,0.05
126834,0.0
126835,0.0
126836,0.01
126837,0.01
126838,0.01
126839,0.0
126840,0.05
126841,0.31
126842,0.0
126843,0.0
126844,0.32
126845,0.0
126846,0.01
126847,0.0
126848,0.0
126849,0.0
126850,0.03
126851,0.12
126852,0.0
126853,0.02
126854,0.07
126855,0.28
126856,0.0
126857,0.03
126858,0.14
126859,0.07
126860,0.04
126861,0.09
126862,0.02
126863,0.05
126864,0.01
126865,0.08
126866,0.01
126867,0.08
126868,0.12
126869,0.02
126870,0.05
126871,0.0
126872,0.01
126873,0.03
126874,0.02
126875,0.05
126876,0.08
126877,0.12
126878,0.05
126879,0.09
126880,0.03
126881,0.01
126882,0.02
126883,0.0
126884,0.47
126885,0.09
126886,0.06
126887,0.08
126888,0.0
126889,0.46
126890,0.04
126891,0.04
126892,0.01
126893,0.02
126894,0.0
126895,0.0
126896,0.0
126897,0.22
126898,0.05
126899,0.62
126900,0.0
126901,0.0
126902,0.05
126903,0.22
126904,0.0
126905,0.04
126906,0.17
126907,0.0
126908,0.05
126909,0.32
126910,0.0
126911,0.1
126912,0.1
126913,0.01
126914,0.01
126915,0.0
126916,0.06
126917,0.02
126918,0.35
126919,0.02
126920,0.12
126921,0.01
126922,0.01
126923,0.0
126924,0.43
126925,0.0
126926,0.01
126927,0.0
126928,0.0
126929,0.0
126930,0.04
126931,0.06
126932,0.07
126933,0.02
126934,0.01
126935,0.0
126936,0.0
126937,0.05
126938,0.01
126939,0.0
126940,0.2
126941,0.0
126942,0.25
126943,0.0
126944,0.03
126945,0.03
126946,0.03
126947,0.03
126948,0.22
126949,0.1
126950,0.0
126951,0.0
126952,0.41
126953,0.0
126954,0.0
126955,0.01
126956,0.04
126957,0.05
126958,0.05
126959,0.05
126960,0.0
126961,0.07
126962,0.0
126963,0.0
126964,0.02
126965,0.01
126966,0.04
126967,0.01
126968,0.03
126969,0.0
126970,0.0
126971,0.01
126972,0.01
126973,0.08
126974,0.03
126975,0.01
126976,0.0
126977,0.03
126978,0.41
126979,0.0
126980,0.18
126981,0.0
126982,0.04
126983,0.09
126984,0.02
126985,0.04
126986,0.38
126987,0.14
126988,0.02
126989,0.36
126990,0.01
126991,0.17
126992,0.12
126993,0.0
126994,0.0
126995,0.07
126996,0.0
126997,0.1
126998,0.02
126999,0.0
127000,0.07
127001,0.02
127002,0.09
127003,0.03
127004,0.04
127005,0.1
127006,0.0
127007,0.0
127008,0.0
127009,0.0
127010,0.05
127011,0.55
127012,0.12
127013,0.0
127014,0.0
127015,0.0
127016,0.01
127017,0.02
127018,0.22
127019,0.01
127020,0.03
127021,0.12
127022,0.02
127023,0.06
127024,0.12
127025,0.02
127026,0.1
127027,0.07
127028,0.0
127029,0.01
127030,0.0
127031,0.0
127032,0.01
127033,0.06
127034,0.19
127035,0.16
127036,0.36
127037,0.05
127038,0.0
127039,0.0
127040,0.0
127041,0.05
127042,0.0
127043,0.03
127044,0.01
127045,0.22
127046,0.02
127047,0.0
127048,0.05
127049,0.09
127050,0.0
127051,0.14
127052,0.01
127053,0.02
127054,0.09
127055,0.0
127056,0.03
127057,0.09
127058,0.0
127059,0.0
127060,0.0
127061,0.13
127062,0.02
127063,0.0
127064,0.22
127065,0.02
127066,0.05
127067,0.1
127068,0.05
127069,0.11
127070,0.0
127071,0.0
127072,0.0
127073,0.15
127074,0.01
127075,0.08
127076,0.02
127077,0.0
127078,0.04
127079,0.26
127080,0.06
127081,0.07
127082,0.0
127083,0.01
127084,0.67
127085,0.04
127086,0.01
127087,0.0
127088,0.0
127089,0.02
127090,0.21
127091,0.06
127092,0.04
127093,0.01
127094,0.01
127095,0.35
127096,0.34
127097,0.01
127098,0.01
127099,0.0
127100,0.0
127101,0.02
127102,0.08
127103,0.05
127104,0.04
127105,0.03
127106,0.03
127107,0.03
127108,0.06
127109,0.01
127110,0.02
127111,0.0
127112,0.1
127113,0.12
127114,0.01
127115,0.03
127116,0.22
127117,0.0
127118,0.01
127119,0.13
127120,0.13
127121,0.01
127122,0.0
127123,0.04
127124,0.01
127125,0.0
127126,0.05
127127,0.06
127128,0.11
127129,0.03
127130,0.03
127131,0.19
127132,0.03
127133,0.01
127134,0.0
127135,0.02
127136,0.03
127137,0.0
127138,0.07
127139,0.49
127140,0.0
127141,0.07
127142,0.02
127143,0.07
127144,0.0
127145,0.01
127146,0.02
127147,0.0
127148,0.09
127149,0.05
127150,0.01
127151,0.13
127152,0.02
127153,0.09
127154,0.07
127155,0.03
127156,0.02
127157,0.0
127158,0.02
127159,0.01
127160,0.0
127161,0.45
127162,0.26
127163,0.02
127164,0.05
127165,0.03
127166,0.0
127167,0.02
127168,0.02
127169,0.03
127170,0.22
127171,0.0
127172,0.12
127173,0.08
127174,0.02
127175,0.0
127176,0.01
127177,0.07
127178,0.0
127179,0.05
127180,0.0
127181,0.3
127182,0.02
127183,0.01
127184,0.03
127185,0.02
127186,0.01
127187,0.03
127188,0.0
127189,0.0
127190,0.3
127191,0.0
127192,0.03
127193,0.0
127194,0.02
127195,0.03
127196,0.47
127197,0.01
127198,0.0
127199,0.02
127200,0.03
127201,0.07
127202,0.01
127203,0.0
127204,0.0
127205,0.01
127206,0.0
127207,0.11
127208,0.08
127209,0.3
127210,0.15
127211,0.09
127212,0.01
127213,0.0
127214,0.15
127215,0.0
127216,0.0
127217,0.01
127218,0.04
127219,0.03
127220,0.0
127221,0.03
127222,0.04
127223,0.0
127224,0.04
127225,0.01
127226,0.0
127227,0.24
127228,0.0
127229,0.54
127230,0.01
127231,0.03
127232,0.09
127233,0.08
127234,0.0
127235,0.03
127236,0.01
127237,0.0
127238,0.0
127239,0.02
127240,0.03
127241,0.23
127242,0.01
127243,0.03
127244,0.07
127245,0.02
127246,0.12
127247,0.38
127248,0.01
127249,0.08
127250,0.01
127251,0.01
127252,0.03
127253,0.13
127254,0.02
127255,0.0
127256,0.05
127257,0.12
127258,0.05
127259,0.0
127260,0.0
127261,0.02
127262,0.01
127263,0.01
127264,0.0
127265,0.01
127266,0.34
127267,0.01
127268,0.0
127269,0.18
127270,0.05
127271,0.0
127272,0.11
127273,0.03
127274,0.59
127275,0.0
127276,0.02
127277,0.25
127278,0.03
127279,0.16
127280,0.01
127281,0.34
127282,0.01
127283,0.01
127284,0.01
127285,0.0
127286,0.0
127287,0.07
127288,0.01
127289,0.0
127290,0.07
127291,0.05
127292,0.06
127293,0.02
127294,0.05
127295,0.08
127296,0.0
127297,0.06
127298,0.0
127299,0.0
127300,0.22
127301,0.0
127302,0.35
127303,0.0
127304,0.15
127305,0.0
127306,0.58
127307,0.01
127308,0.6
127309,0.04
127310,0.0
127311,0.2
127312,0.25
127313,0.02
127314,0.43
127315,0.0
127316,0.01
127317,0.0
127318,0.11
127319,0.0
127320,0.13
127321,0.03
127322,0.04
127323,0.06
127324,0.3
127325,0.0
127326,0.22
127327,0.13
127328,0.0
127329,0.01
127330,0.0
127331,0.0
127332,0.01
127333,0.0
127334,0.06
127335,0.0
127336,0.01
127337,0.02
127338,0.0
127339,0.01
127340,0.02
127341,0.03
127342,0.0
127343,0.0
127344,0.07
127345,0.0
127346,0.05
127347,0.02
127348,0.01
127349,0.16
127350,0.4
127351,0.0
127352,0.07
127353,0.04
127354,0.0
127355,0.01
127356,0.01
127357,0.24
127358,0.19
127359,0.09
127360,0.0
127361,0.0
127362,0.21
127363,0.04
127364,0.45
127365,0.14
127366,0.0
127367,0.22
127368,0.0
127369,0.0
127370,0.02
127371,0.0
127372,0.02
127373,0.02
127374,0.0
127375,0.34
127376,0.03
127377,0.01
127378,0.03
127379,0.0
127380,0.04
127381,0.05
127382,0.11
127383,0.0
127384,0.14
127385,0.01
127386,0.0
127387,0.16
127388,0.0
127389,0.05
127390,0.58
127391,0.05
127392,0.12
127393,0.01
127394,0.25
127395,0.01
127396,0.03
127397,0.03
127398,0.06
127399,0.0
127400,0.01
127401,0.0
127402,0.0
127403,0.02
127404,0.12
127405,0.1
127406,0.01
127407,0.01
127408,0.0
127409,0.05
127410,0.01
127411,0.0
127412,0.07
127413,0.34
127414,0.05
127415,0.02
127416,0.01
127417,0.0
127418,0.02
127419,0.0
127420,0.0
127421,0.06
127422,0.05
127423,0.01
127424,0.01
127425,0.0
127426,0.05
127427,0.0
127428,0.01
127429,0.0
127430,0.04
127431,0.37
127432,0.0
127433,0.04
127434,0.02
127435,0.12
127436,0.02
127437,0.03
127438,0.09
127439,0.42
127440,0.41
127441,0.0
127442,0.03
127443,0.01
127444,0.35
127445,0.09
127446,0.02
127447,0.2
127448,0.05
127449,0.05
127450,0.02
127451,0.18
127452,0.01
127453,0.01
127454,0.04
127455,0.08
127456,0.07
127457,0.23
127458,0.05
127459,0.0
127460,0.01
127461,0.0
127462,0.0
127463,0.13
127464,0.04
127465,0.09
127466,0.0
127467,0.0
127468,0.11
127469,0.0
127470,0.0
127471,0.0
127472,0.45
127473,0.64
127474,0.0
127475,0.33
127476,0.03
127477,0.01
127478,0.05
127479,0.34
127480,0.11
127481,0.02
127482,0.28
127483,0.04
127484,0.12
127485,0.01
127486,0.0
127487,0.06
127488,0.06
127489,0.0
127490,0.02
127491,0.07
127492,0.0
127493,0.21
127494,0.78
127495,0.0
127496,0.09
127497,0.0
127498,0.02
127499,0.03
127500,0.0
127501,0.04
127502,0.05
127503,0.05
127504,0.0
127505,0.01
127506,0.05
127507,0.0
127508,0.05
127509,0.0
127510,0.0
127511,0.32
127512,0.1
127513,0.1
127514,0.0
127515,0.01
127516,0.14
127517,0.0
127518,0.04
127519,0.03
127520,0.0
127521,0.05
127522,0.0
127523,0.0
127524,0.04
127525,0.11
127526,0.07
127527,0.01
127528,0.02
127529,0.07
127530,0.02
127531,0.0
127532,0.09
127533,0.01
127534,0.0
127535,0.03
127536,0.24
127537,0.0
127538,0.0
127539,0.0
127540,0.11
127541,0.0
127542,0.03
127543,0.03
127544,0.0
127545,0.0
127546,0.03
127547,0.0
127548,0.16
127549,0.01
127550,0.01
127551,0.07
127552,0.0
127553,0.01
127554,0.51
127555,0.02
127556,0.01
127557,0.26
127558,0.11
127559,0.08
127560,0.03
127561,0.02
127562,0.34
127563,0.0
127564,0.08
127565,0.0
127566,0.65
127567,0.04
127568,0.01
127569,0.0
127570,0.01
127571,0.03
127572,0.03
127573,0.57
127574,0.18
127575,0.05
127576,0.02
127577,0.0
127578,0.0
127579,0.01
127580,0.17
127581,0.0
127582,0.0
127583,0.01
127584,0.01
127585,0.01
127586,0.22
127587,0.04
127588,0.0
127589,0.04
127590,0.05
127591,0.0
127592,0.01
127593,0.01
127594,0.09
127595,0.04
127596,0.04
127597,0.04
127598,0.0
127599,0.0
127600,0.02
127601,0.04
127602,0.0
127603,0.04
127604,0.05
127605,0.0
127606,0.01
127607,0.13
127608,0.05
127609,0.42
127610,0.06
127611,0.0
127612,0.04
127613,0.05
127614,0.0
127615,0.06
127616,0.01
127617,0.65
127618,0.1
127619,0.0
127620,0.01
127621,0.06
127622,0.02
127623,0.01
127624,0.03
127625,0.04
127626,0.02
127627,0.06
127628,0.05
127629,0.02
127630,0.22
127631,0.0
127632,0.01
127633,0.0
127634,0.01
127635,0.11
127636,0.02
127637,0.1
127638,0.02
127639,0.0
127640,0.03
127641,0.0
127642,0.01
127643,0.01
127644,0.01
127645,0.27
127646,0.49
127647,0.05
127648,0.64
127649,0.01
127650,0.16
127651,0.0
127652,0.06
127653,0.12
127654,0.01
127655,0.23
127656,0.0
127657,0.0
127658,0.05
127659,0.01
127660,0.02
127661,0.03
127662,0.0
127663,0.02
127664,0.0
127665,0.15
127666,0.01
127667,0.0
127668,0.21
127669,0.04
127670,0.04
127671,0.0
127672,0.06
127673,0.0
127674,0.06
127675,0.01
127676,0.15
127677,0.0
127678,0.03
127679,0.0
127680,0.26
127681,0.0
127682,0.09
127683,0.1
127684,0.0
127685,0.0
127686,0.18
127687,0.01
127688,0.01
127689,0.03
127690,0.0
127691,0.0
127692,0.06
127693,0.51
127694,0.03
127695,0.0
127696,0.02
127697,0.0
127698,0.01
127699,0.01
127700,0.02
127701,0.01
127702,0.51
127703,0.06
127704,0.01
127705,0.05
127706,0.2
127707,0.11
127708,0.29
127709,0.01
127710,0.03
127711,0.01
127712,0.03
127713,0.02
127714,0.03
127715,0.03
127716,0.0
127717,0.13
127718,0.01
127719,0.19
127720,0.01
127721,0.05
127722,0.11
127723,0.0
127724,0.06
127725,0.03
127726,0.0
127727,0.04
127728,0.0
127729,0.02
127730,0.0
127731,0.03
127732,0.0
127733,0.04
127734,0.05
127735,0.0
127736,0.16
127737,0.0
127738,0.0
127739,0.04
127740,0.41
127741,0.06
127742,0.02
127743,0.06
127744,0.47
127745,0.03
127746,0.45
127747,0.01
127748,0.0
127749,0.76
127750,0.02
127751,0.01
127752,0.04
127753,0.06
127754,0.0
127755,0.0
127756,0.04
127757,0.05
127758,0.0
127759,0.0
127760,0.02
127761,0.0
127762,0.0
127763,0.0
127764,0.0
127765,0.05
127766,0.1
127767,0.07
127768,0.0
127769,0.08
127770,0.0
127771,0.0
127772,0.0
127773,0.06
127774,0.01
127775,0.05
127776,0.11
127777,0.0
127778,0.08
127779,0.03
127780,0.17
127781,0.0
127782,0.0
127783,0.0
127784,0.02
127785,0.05
127786,0.2
127787,0.05
127788,0.09
127789,0.0
127790,0.05
127791,0.0
127792,0.03
127793,0.46
127794,0.03
127795,0.02
127796,0.15
127797,0.0
127798,0.01
127799,0.02
127800,0.02
127801,0.0
127802,0.04
127803,0.07
127804,0.06
127805,0.0
127806,0.0
127807,0.0
127808,0.14
127809,0.02
127810,0.15
127811,0.0
127812,0.01
127813,0.0
127814,0.0
127815,0.03
127816,0.26
127817,0.02
127818,0.01
127819,0.48
127820,0.02
127821,0.01
127822,0.01
127823,0.05
127824,0.31
127825,0.0
127826,0.02
127827,0.0
127828,0.05
127829,0.05
127830,0.0
127831,0.0
127832,0.0
127833,0.01
127834,0.27
127835,0.04
127836,0.08
127837,0.08
127838,0.0
127839,0.15
127840,0.0
127841,0.02
127842,0.0
127843,0.01
127844,0.0
127845,0.13
127846,0.03
127847,0.1
127848,0.02
127849,0.03
127850,0.06
127851,0.0
127852,0.05
127853,0.12
127854,0.07
127855,0.01
127856,0.02
127857,0.06
127858,0.0
127859,0.69
127860,0.08
127861,0.0
127862,0.1
127863,0.23
127864,0.27
127865,0.0
127866,0.09
127867,0.03
127868,0.32
127869,0.0
127870,0.2
127871,0.55
127872,0.07
127873,0.08
127874,0.02
127875,0.0
127876,0.01
127877,0.08
127878,0.0
127879,0.02
127880,0.07
127881,0.03
127882,0.04
127883,0.01
127884,0.01
127885,0.17
127886,0.03
127887,0.17
127888,0.16
127889,0.07
127890,0.05
127891,0.0
127892,0.01
127893,0.18
127894,0.08
127895,0.06
127896,0.0
127897,0.3
127898,0.0
127899,0.01
127900,0.04
127901,0.11
127902,0.0
127903,0.0
127904,0.44
127905,0.0
127906,0.05
127907,0.0
127908,0.01
127909,0.11
127910,0.0
127911,0.22
127912,0.04
127913,0.03
127914,0.02
127915,0.0
127916,0.01
127917,0.02
127918,0.01
127919,0.0
127920,0.06
127921,0.0
127922,0.01
127923,0.01
127924,0.0
127925,0.01
127926,0.0
127927,0.13
127928,0.03
127929,0.04
127930,0.02
127931,0.1
127932,0.0
127933,0.06
127934,0.02
127935,0.0
127936,0.01
127937,0.03
127938,0.37
127939,0.04
127940,0.01
127941,0.06
127942,0.06
127943,0.05
127944,0.06
127945,0.02
127946,0.18
127947,0.0
127948,0.0
127949,0.0
127950,0.06
127951,0.03
127952,0.52
127953,0.0
127954,0.05
127955,0.14
127956,0.24
127957,0.03
127958,0.02
127959,0.28
127960,0.04
127961,0.16
127962,0.04
127963,0.04
127964,0.0
127965,0.02
127966,0.08
127967,0.07
127968,0.01
127969,0.0
127970,0.01
127971,0.02
127972,0.47
127973,0.13
127974,0.0
127975,0.0
127976,0.05
127977,0.31
127978,0.02
127979,0.1
127980,0.0
127981,0.08
127982,0.0
127983,0.0
127984,0.0
127985,0.39
127986,0.0
127987,0.04
127988,0.03
127989,0.44
127990,0.26
127991,0.01
127992,0.0
127993,0.0
127994,0.06
127995,0.03
127996,0.0
127997,0.01
127998,0.1
127999,0.12
128000,0.12
128001,0.02
128002,0.0
128003,0.03
128004,0.12
128005,0.05
128006,0.02
128007,0.07
128008,0.0
128009,0.03
128010,0.02
128011,0.0
128012,0.12
128013,0.0
128014,0.01
128015,0.01
128016,0.02
128017,0.2
128018,0.09
128019,0.41
128020,0.07
128021,0.15
128022,0.0
128023,0.24
128024,0.0
128025,0.0
128026,0.02
128027,0.02
128028,0.0
128029,0.22
128030,0.02
128031,0.02
128032,0.02
128033,0.0
128034,0.32
128035,0.0
128036,0.06
128037,0.01
128038,0.01
128039,0.05
128040,0.02
128041,0.16
128042,0.0
128043,0.02
128044,0.03
128045,0.29
128046,0.06
128047,0.02
128048,0.0
128049,0.01
128050,0.02
128051,0.01
128052,0.06
128053,0.03
128054,0.0
128055,0.01
128056,0.31
128057,0.01
128058,0.02
128059,0.0
128060,0.01
128061,0.04
128062,0.02
128063,0.21
128064,0.0
128065,0.01
128066,0.03
128067,0.36
128068,0.03
128069,0.14
128070,0.01
128071,0.0
128072,0.03
128073,0.01
128074,0.05
128075,0.02
128076,0.01
128077,0.0
128078,0.02
128079,0.35
128080,0.02
128081,0.02
128082,0.08
128083,0.05
128084,0.02
128085,0.0
128086,0.01
128087,0.0
128088,0.0
128089,0.12
128090,0.12
128091,0.05
128092,0.01
128093,0.16
128094,0.01
128095,0.03
128096,0.0
128097,0.04
128098,0.0
128099,0.07
128100,0.0
128101,0.29
128102,0.2
128103,0.24
128104,0.12
128105,0.0
128106,0.02
128107,0.02
128108,0.05
128109,0.0
128110,0.01
128111,0.06
128112,0.02
128113,0.05
128114,0.08
128115,0.01
128116,0.04
128117,0.01
128118,0.3
128119,0.02
128120,0.0
128121,0.06
128122,0.09
128123,0.14
128124,0.06
128125,0.0
128126,0.0
128127,0.01
128128,0.12
128129,0.02
128130,0.02
128131,0.01
128132,0.04
128133,0.0
128134,0.0
128135,0.01
128136,0.0
128137,0.04
128138,0.0
128139,0.04
128140,0.2
128141,0.0
128142,0.05
128143,0.0
128144,0.06
128145,0.39
128146,0.45
128147,0.2
128148,0.02
128149,0.01
128150,0.0
128151,0.01
128152,0.04
128153,0.17
128154,0.03
128155,0.03
128156,0.0
128157,0.07
128158,0.05
128159,0.0
128160,0.0
128161,0.0
128162,0.11
128163,0.18
128164,0.0
128165,0.01
128166,0.06
128167,0.05
128168,0.0
128169,0.0
128170,0.01
128171,0.05
128172,0.0
128173,0.01
128174,0.03
128175,0.04
128176,0.07
128177,0.0
128178,0.02
128179,0.07
128180,0.02
128181,0.02
128182,0.01
128183,0.0
128184,0.01
128185,0.05
128186,0.15
128187,0.05
128188,0.05
128189,0.26
128190,0.18
128191,0.0
128192,0.01
128193,0.33
128194,0.0
128195,0.08
128196,0.09
128197,0.23
128198,0.2
128199,0.04
128200,0.07
128201,0.02
128202,0.0
128203,0.0
128204,0.04
128205,0.01
128206,0.5
128207,0.02
128208,0.04
128209,0.0
128210,0.52
128211,0.01
128212,0.12
128213,0.03
128214,0.06
128215,0.32
128216,0.17
128217,0.12
128218,0.01
128219,0.0
128220,0.03
128221,0.0
128222,0.45
128223,0.26
128224,0.23
128225,0.02
128226,0.08
128227,0.0
128228,0.01
128229,0.07
128230,0.08
128231,0.38
128232,0.0
128233,0.04
128234,0.1
128235,0.0
128236,0.21
128237,0.02
128238,0.0
128239,0.02
128240,0.02
128241,0.03
128242,0.0
128243,0.03
128244,0.01
128245,0.45
128246,0.16
128247,0.07
128248,0.71
128249,0.02
128250,0.11
128251,0.01
128252,0.39
128253,0.06
128254,0.0
128255,0.04
128256,0.02
128257,0.01
128258,0.0
128259,0.09
128260,0.52
128261,0.08
128262,0.3
128263,0.05
128264,0.0
128265,0.03
128266,0.0
128267,0.02
128268,0.14
128269,0.01
128270,0.02
128271,0.07
128272,0.01
128273,0.54
128274,0.0
128275,0.08
128276,0.07
128277,0.01
128278,0.0
128279,0.01
128280,0.0
128281,0.03
128282,0.48
128283,0.0
128284,0.0
128285,0.11
128286,0.1
128287,0.04
128288,0.03
128289,0.17
128290,0.02
128291,0.01
128292,0.05
128293,0.02
128294,0.08
128295,0.0
128296,0.0
128297,0.0
128298,0.05
128299,0.18
128300,0.03
128301,0.04
128302,0.23
128303,0.36
128304,0.03
128305,0.01
128306,0.41
128307,0.03
128308,0.09
128309,0.0
128310,0.08
128311,0.6
128312,0.01
128313,0.32
128314,0.0
128315,0.01
128316,0.03
128317,0.03
128318,0.08
128319,0.02
128320,0.02
128321,0.06
128322,0.0
128323,0.0
128324,0.14
128325,0.01
128326,0.0
128327,0.07
128328,0.07
128329,0.01
128330,0.0
128331,0.03
128332,0.0
128333,0.04
128334,0.07
128335,0.04
128336,0.03
128337,0.0
128338,0.0
128339,0.0
128340,0.0
128341,0.0
128342,0.05
128343,0.0
128344,0.0
128345,0.0
128346,0.01
128347,0.03
128348,0.07
128349,0.07
128350,0.0
128351,0.0
128352,0.06
128353,0.01
128354,0.0
128355,0.0
128356,0.01
128357,0.01
128358,0.13
128359,0.01
128360,0.18
128361,0.11
128362,0.0
128363,0.12
128364,0.01
128365,0.01
128366,0.0
128367,0.0
128368,0.03
128369,0.0
128370,0.03
128371,0.04
128372,0.0
128373,0.02
128374,0.1
128375,0.02
128376,0.0
128377,0.0
128378,0.01
128379,0.01
128380,0.0
128381,0.0
128382,0.32
128383,0.52
128384,0.3
128385,0.03
128386,0.03
128387,0.01
128388,0.04
128389,0.0
128390,0.29
128391,0.01
128392,0.07
128393,0.23
128394,0.0
128395,0.01
128396,0.02
128397,0.0
128398,0.03
128399,0.03
128400,0.01
128401,0.07
128402,0.01
128403,0.0
128404,0.02
128405,0.02
128406,0.18
128407,0.03
128408,0.22
128409,0.03
128410,0.06
128411,0.01
128412,0.0
128413,0.04
128414,0.01
128415,0.02
128416,0.02
128417,0.0
128418,0.0
128419,0.02
128420,0.05
128421,0.0
128422,0.02
128423,0.05
128424,0.0
128425,0.02
128426,0.51
128427,0.0
128428,0.0
128429,0.0
128430,0.02
128431,0.0
128432,0.05
128433,0.0
128434,0.01
128435,0.02
128436,0.08
128437,0.01
128438,0.01
128439,0.02
128440,0.34
128441,0.02
128442,0.02
128443,0.1
128444,0.0
128445,0.0
128446,0.02
128447,0.0
128448,0.0
128449,0.08
128450,0.18
128451,0.06
128452,0.08
128453,0.0
128454,0.07
128455,0.0
128456,0.01
128457,0.07
128458,0.18
128459,0.21
128460,0.1
128461,0.02
128462,0.0
128463,0.08
128464,0.23
128465,0.0
128466,0.07
128467,0.05
128468,0.0
128469,0.13
128470,0.27
128471,0.04
128472,0.03
128473,0.38
128474,0.0
128475,0.02
128476,0.04
128477,0.03
128478,0.1
128479,0.0
128480,0.01
128481,0.0
128482,0.15
128483,0.23
128484,0.02
128485,0.03
128486,0.03
128487,0.57
128488,0.12
128489,0.04
128490,0.02
128491,0.07
128492,0.07
128493,0.0
128494,0.01
128495,0.0
128496,0.14
128497,0.06
128498,0.0
128499,0.01
128500,0.01
128501,0.0
128502,0.01
128503,0.36
128504,0.12
128505,0.02
128506,0.07
128507,0.02
128508,0.05
128509,0.16
128510,0.08
128511,0.27
128512,0.02
128513,0.06
128514,0.0
128515,0.37
128516,0.33
128517,0.03
128518,0.01
128519,0.06
128520,0.0
128521,0.11
128522,0.06
128523,0.29
128524,0.0
128525,0.0
128526,0.01
128527,0.09
128528,0.41
128529,0.0
128530,0.01
128531,0.02
128532,0.14
128533,0.01
128534,0.07
128535,0.0
128536,0.01
128537,0.0
128538,0.02
128539,0.04
128540,0.01
128541,0.03
128542,0.21
128543,0.0
128544,0.05
128545,0.01
128546,0.01
128547,0.0
128548,0.0
128549,0.01
128550,0.01
128551,0.18
128552,0.04
128553,0.0
128554,0.04
128555,0.0
128556,0.46
128557,0.08
128558,0.04
128559,0.03
128560,0.0
128561,0.04
128562,0.14
128563,0.25
128564,0.0
128565,0.31
128566,0.2
128567,0.0
128568,0.01
128569,0.38
128570,0.01
128571,0.07
128572,0.0
128573,0.36
128574,0.03
128575,0.31
128576,0.0
128577,0.0
128578,0.02
128579,0.0
128580,0.02
128581,0.02
128582,0.01
128583,0.08
128584,0.07
128585,0.0
128586,0.26
128587,0.1
128588,0.55
128589,0.02
128590,0.02
128591,0.07
128592,0.12
128593,0.0
128594,0.3
128595,0.31
128596,0.04
128597,0.03
128598,0.01
128599,0.1
128600,0.34
128601,0.0
128602,0.05
128603,0.0
128604,0.01
128605,0.31
128606,0.02
128607,0.0
128608,0.07
128609,0.08
128610,0.0
128611,0.0
128612,0.0
128613,0.13
128614,0.03
128615,0.0
128616,0.0
128617,0.03
128618,0.42
128619,0.02
128620,0.05
128621,0.11
128622,0.01
128623,0.07
128624,0.01
128625,0.0
128626,0.13
128627,0.05
128628,0.0
128629,0.02
128630,0.07
128631,0.13
128632,0.0
128633,0.18
128634,0.02
128635,0.11
128636,0.12
128637,0.23
128638,0.01
128639,0.56
128640,0.06
128641,0.21
128642,0.01
128643,0.44
128644,0.0
128645,0.27
128646,0.0
128647,0.02
128648,0.07
128649,0.48
128650,0.0
128651,0.02
128652,0.02
128653,0.05
128654,0.04
128655,0.14
128656,0.04
128657,0.54
128658,0.05
128659,0.0
128660,0.01
128661,0.1
128662,0.02
128663,0.0
128664,0.38
128665,0.06
128666,0.01
128667,0.0
128668,0.02
128669,0.19
128670,0.02
128671,0.01
128672,0.64
128673,0.0
128674,0.01
128675,0.11
128676,0.24
128677,0.04
128678,0.43
128679,0.0
128680,0.01
128681,0.29
128682,0.07
128683,0.05
128684,0.01
128685,0.01
128686,0.33
128687,0.0
128688,0.02
128689,0.01
128690,0.01
128691,0.0
128692,0.33
128693,0.01
128694,0.03
128695,0.02
128696,0.0
128697,0.0
128698,0.0
128699,0.01
128700,0.0
128701,0.39
128702,0.04
128703,0.01
128704,0.0
128705,0.25
128706,0.0
128707,0.02
128708,0.0
128709,0.0
128710,0.05
128711,0.0
128712,0.09
128713,0.13
128714,0.3
128715,0.02
128716,0.05
128717,0.0
128718,0.03
128719,0.0
128720,0.16
128721,0.01
128722,0.01
128723,0.0
128724,0.03
128725,0.02
128726,0.01
128727,0.0
128728,0.02
128729,0.0
128730,0.0
128731,0.28
128732,0.0
128733,0.14
128734,0.0
128735,0.6
128736,0.21
128737,0.01
128738,0.18
128739,0.05
128740,0.0
128741,0.03
128742,0.06
128743,0.33
128744,0.04
128745,0.0
128746,0.09
128747,0.05
128748,0.04
128749,0.1
128750,0.02
128751,0.02
128752,0.02
128753,0.09
128754,0.01
128755,0.15
128756,0.01
128757,0.0
128758,0.0
128759,0.02
128760,0.0
128761,0.03
128762,0.0
128763,0.57
128764,0.23
128765,0.07
128766,0.0
128767,0.01
128768,0.24
128769,0.15
128770,0.0
128771,0.22
128772,0.15
128773,0.24
128774,0.0
128775,0.03
128776,0.06
128777,0.03
128778,0.15
128779,0.0
128780,0.34
128781,0.03
128782,0.0
128783,0.22
128784,0.07
128785,0.01
128786,0.0
128787,0.01
128788,0.02
128789,0.0
128790,0.04
128791,0.27
128792,0.02
128793,0.0
128794,0.18
128795,0.01
128796,0.01
128797,0.05
128798,0.05
128799,0.03
128800,0.21
128801,0.01
128802,0.06
128803,0.02
128804,0.0
128805,0.01
128806,0.05
128807,0.08
128808,0.1
128809,0.01
128810,0.0
128811,0.0
128812,0.04
128813,0.04
128814,0.08
128815,0.0
128816,0.0
128817,0.09
128818,0.0
128819,0.15
128820,0.05
128821,0.08
128822,0.03
128823,0.0
128824,0.71
128825,0.02
128826,0.42
128827,0.22
128828,0.01
128829,0.09
128830,0.01
128831,0.01
128832,0.01
128833,0.32
128834,0.09
128835,0.03
128836,0.06
128837,0.02
128838,0.13
128839,0.02
128840,0.04
128841,0.04
128842,0.04
128843,0.03
128844,0.13
128845,0.03
128846,0.05
128847,0.02
128848,0.08
128849,0.44
128850,0.02
128851,0.0
128852,0.03
128853,0.01
128854,0.03
128855,0.04
128856,0.01
128857,0.0
128858,0.02
128859,0.04
128860,0.25
128861,0.04
128862,0.01
128863,0.0
128864,0.0
128865,0.0
128866,0.02
128867,0.07
128868,0.14
128869,0.39
128870,0.02
128871,0.0
128872,0.01
128873,0.07
128874,0.02
128875,0.04
128876,0.06
128877,0.17
128878,0.19
128879,0.0
128880,0.27
128881,0.03
128882,0.0
128883,0.01
128884,0.06
128885,0.02
128886,0.0
128887,0.02
128888,0.0
128889,0.01
128890,0.03
128891,0.23
128892,0.1
128893,0.25
128894,0.03
128895,0.06
128896,0.0
128897,0.03
128898,0.03
128899,0.09
128900,0.18
128901,0.12
128902,0.02
128903,0.08
128904,0.0
128905,0.31
128906,0.0
128907,0.01
128908,0.13
128909,0.14
128910,0.02
128911,0.02
128912,0.15
128913,0.02
128914,0.08
128915,0.0
128916,0.01
128917,0.09
128918,0.02
128919,0.03
128920,0.04
128921,0.23
128922,0.07
128923,0.0
128924,0.02
128925,0.0
128926,0.03
128927,0.03
128928,0.03
128929,0.02
128930,0.06
128931,0.0
128932,0.04
128933,0.14
128934,0.01
128935,0.01
128936,0.02
128937,0.01
128938,0.0
128939,0.03
128940,0.35
128941,0.0
128942,0.17
128943,0.01
128944,0.12
128945,0.11
128946,0.0
128947,0.14
128948,0.01
128949,0.09
128950,0.0
128951,0.02
128952,0.24
128953,0.01
128954,0.09
128955,0.06
128956,0.05
128957,0.0
128958,0.04
128959,0.0
128960,0.0
128961,0.31
128962,0.12
128963,0.05
128964,0.0
128965,0.0
128966,0.05
128967,0.0
128968,0.05
128969,0.01
128970,0.02
128971,0.01
128972,0.02
128973,0.17
128974,0.02
128975,0.04
128976,0.01
128977,0.09
128978,0.12
128979,0.03
128980,0.0
128981,0.0
128982,0.0
128983,0.0
128984,0.01
128985,0.0
128986,0.19
128987,0.05
128988,0.0
128989,0.01
128990,0.0
128991,0.2
128992,0.46
128993,0.07
128994,0.01
128995,0.01
128996,0.0
128997,0.03
128998,0.08
128999,0.0
129000,0.11
129001,0.0
129002,0.0
129003,0.08
129004,0.03
129005,0.81
129006,0.0
129007,0.13
129008,0.0
129009,0.0
129010,0.04
129011,0.0
129012,0.4
129013,0.11
129014,0.07
129015,0.0
129016,0.02
129017,0.01
129018,0.0
129019,0.0
129020,0.05
129021,0.0
129022,0.1
129023,0.09
129024,0.01
129025,0.52
129026,0.03
129027,0.17
129028,0.01
129029,0.0
129030,0.14
129031,0.01
129032,0.01
129033,0.0
129034,0.21
129035,0.0
129036,0.0
129037,0.0
129038,0.02
129039,0.0
129040,0.0
129041,0.01
129042,0.3
129043,0.02
129044,0.02
129045,0.04
129046,0.0
129047,0.03
129048,0.04
129049,0.01
129050,0.75
129051,0.03
129052,0.02
129053,0.01
129054,0.02
129055,0.01
129056,0.09
129057,0.0
129058,0.05
129059,0.01
129060,0.03
129061,0.03
129062,0.04
129063,0.04
129064,0.0
129065,0.0
129066,0.02
129067,0.0
129068,0.0
129069,0.01
129070,0.14
129071,0.01
129072,0.25
129073,0.02
129074,0.03
129075,0.02
129076,0.13
129077,0.05
129078,0.05
129079,0.09
129080,0.02
129081,0.04
129082,0.04
129083,0.19
129084,0.15
129085,0.61
129086,0.02
129087,0.0
129088,0.0
129089,0.06
129090,0.1
129091,0.0
129092,0.27
129093,0.15
129094,0.43
129095,0.4
129096,0.1
129097,0.02
129098,0.0
129099,0.07
129100,0.03
129101,0.16
129102,0.05
129103,0.08
129104,0.04
129105,0.21
129106,0.05
129107,0.13
129108,0.11
129109,0.06
129110,0.22
129111,0.04
129112,0.06
129113,0.02
129114,0.0
129115,0.0
129116,0.08
129117,0.05
129118,0.01
129119,0.01
129120,0.03
129121,0.2
129122,0.01
129123,0.04
129124,0.01
129125,0.02
129126,0.0
129127,0.05
129128,0.15
129129,0.0
129130,0.01
129131,0.01
129132,0.62
129133,0.23
129134,0.03
129135,0.03
129136,0.0
129137,0.09
129138,0.01
129139,0.02
129140,0.45
129141,0.16
129142,0.06
129143,0.01
129144,0.2
129145,0.01
129146,0.05
129147,0.03
129148,0.0
129149,0.0
129150,0.04
129151,0.07
129152,0.0
129153,0.01
129154,0.0
129155,0.0
129156,0.03
129157,0.0
129158,0.04
129159,0.0
129160,0.0
129161,0.0
129162,0.38
129163,0.22
129164,0.01
129165,0.0
129166,0.0
129167,0.0
129168,0.03
129169,0.01
129170,0.11
129171,0.24
129172,0.09
129173,0.03
129174,0.01
129175,0.01
129176,0.39
129177,0.05
129178,0.0
129179,0.01
129180,0.06
129181,0.19
129182,0.0
129183,0.12
129184,0.4
129185,0.48
129186,0.05
129187,0.0
129188,0.02
129189,0.06
129190,0.01
129191,0.08
129192,0.0
129193,0.03
129194,0.0
129195,0.02
129196,0.03
129197,0.3
129198,0.08
129199,0.02
129200,0.08
129201,0.05
129202,0.0
129203,0.03
129204,0.13
129205,0.38
129206,0.0
129207,0.0
129208,0.0
129209,0.01
129210,0.03
129211,0.27
129212,0.03
129213,0.0
129214,0.01
129215,0.0
129216,0.05
129217,0.0
129218,0.01
129219,0.0
129220,0.0
129221,0.12
129222,0.02
129223,0.01
129224,0.04
129225,0.04
129226,0.0
129227,0.0
129228,0.22
129229,0.17
129230,0.0
129231,0.21
129232,0.02
129233,0.03
129234,0.05
129235,0.02
129236,0.1
129237,0.1
129238,0.0
129239,0.05
129240,0.67
129241,0.0
129242,0.14
129243,0.0
129244,0.29
129245,0.11
129246,0.0
129247,0.02
129248,0.04
129249,0.02
129250,0.0
129251,0.01
129252,0.0
129253,0.0
129254,0.08
129255,0.0
129256,0.0
129257,0.0
129258,0.01
129259,0.03
129260,0.1
129261,0.0
129262,0.03
129263,0.61
129264,0.0
129265,0.08
129266,0.01
129267,0.0
129268,0.0
129269,0.0
129270,0.06
129271,0.02
129272,0.11
129273,0.08
129274,0.0
129275,0.04
129276,0.0
129277,0.03
129278,0.38
129279,0.02
129280,0.0
129281,0.57
129282,0.07
129283,0.08
129284,0.01
129285,0.11
129286,0.21
129287,0.05
129288,0.0
129289,0.29
129290,0.13
129291,0.0
129292,0.06
129293,0.05
129294,0.06
129295,0.22
129296,0.16
129297,0.21
129298,0.0
129299,0.06
129300,0.0
129301,0.0
129302,0.09
129303,0.02
129304,0.0
129305,0.18
129306,0.01
129307,0.02
129308,0.06
129309,0.06
129310,0.13
129311,0.03
129312,0.04
129313,0.0
129314,0.0
129315,0.01
129316,0.0
129317,0.01
129318,0.02
129319,0.01
129320,0.0
129321,0.12
129322,0.02
129323,0.12
129324,0.04
129325,0.08
129326,0.0
129327,0.05
129328,0.06
129329,0.02
129330,0.01
129331,0.02
129332,0.0
129333,0.0
129334,0.44
129335,0.13
129336,0.13
129337,0.05
129338,0.08
129339,0.02
129340,0.03
129341,0.05
129342,0.07
129343,0.51
129344,0.07
129345,0.25
129346,0.02
129347,0.0
129348,0.01
129349,0.04
129350,0.1
129351,0.22
129352,0.07
129353,0.0
129354,0.21
129355,0.13
129356,0.11
129357,0.25
129358,0.0
129359,0.0
129360,0.14
129361,0.01
129362,0.0
129363,0.02
129364,0.14
129365,0.59
129366,0.0
129367,0.03
129368,0.03
129369,0.02
129370,0.01
129371,0.0
129372,0.07
129373,0.02
129374,0.07
129375,0.01
129376,0.03
129377,0.04
129378,0.0
129379,0.01
129380,0.03
129381,0.36
129382,0.06
129383,0.09
129384,0.16
129385,0.02
129386,0.0
129387,0.08
129388,0.49
129389,0.01
129390,0.0
129391,0.07
129392,0.01
129393,0.01
129394,0.01
129395,0.2
129396,0.01
129397,0.0
129398,0.0
129399,0.01
129400,0.01
129401,0.0
129402,0.05
129403,0.05
129404,0.3
129405,0.01
129406,0.04
129407,0.01
129408,0.57
129409,0.08
129410,0.0
129411,0.01
129412,0.03
129413,0.0
129414,0.0
129415,0.0
129416,0.0
129417,0.05
129418,0.03
129419,0.06
129420,0.07
129421,0.01
129422,0.08
129423,0.41
129424,0.0
129425,0.04
129426,0.02
129427,0.01
129428,0.03
129429,0.02
129430,0.01
129431,0.09
129432,0.03
129433,0.03
129434,0.0
129435,0.02
129436,0.12
129437,0.04
129438,0.04
129439,0.09
129440,0.06
129441,0.02
129442,0.04
129443,0.0
129444,0.0
129445,0.0
129446,0.31
129447,0.01
129448,0.31
129449,0.07
129450,0.51
129451,0.06
129452,0.0
129453,0.0
129454,0.0
129455,0.08
129456,0.0
129457,0.11
129458,0.46
129459,0.02
129460,0.03
129461,0.08
129462,0.08
129463,0.2
129464,0.06
129465,0.14
129466,0.0
129467,0.0
129468,0.27
129469,0.09
129470,0.14
129471,0.15
129472,0.13
129473,0.0
129474,0.06
129475,0.06
129476,0.12
129477,0.0
129478,0.0
129479,0.0
129480,0.01
129481,0.36
129482,0.0
129483,0.0
129484,0.03
129485,0.01
129486,0.09
129487,0.0
129488,0.01
129489,0.13
129490,0.0
129491,0.0
129492,0.05
129493,0.05
129494,0.11
129495,0.06
129496,0.02
129497,0.02
129498,0.02
129499,0.08
129500,0.07
129501,0.27
129502,0.04
129503,0.02
129504,0.0
129505,0.02
129506,0.0
129507,0.0
129508,0.13
129509,0.36
129510,0.01
129511,0.0
129512,0.47
129513,0.49
129514,0.08
129515,0.01
129516,0.04
129517,0.05
129518,0.25
129519,0.51
129520,0.01
129521,0.01
129522,0.02
129523,0.03
129524,0.06
129525,0.02
129526,0.02
129527,0.0
129528,0.02
129529,0.02
129530,0.01
129531,0.0
129532,0.03
129533,0.0
129534,0.07
129535,0.0
129536,0.0
129537,0.06
129538,0.01
129539,0.07
129540,0.02
129541,0.06
129542,0.09
129543,0.06
129544,0.02
129545,0.0
129546,0.0
129547,0.0
129548,0.0
129549,0.09
129550,0.0
129551,0.06
129552,0.0
129553,0.22
129554,0.0
129555,0.02
129556,0.04
129557,0.0
129558,0.13
129559,0.04
129560,0.03
129561,0.07
129562,0.02
129563,0.12
129564,0.31
129565,0.04
129566,0.0
129567,0.18
129568,0.02
129569,0.25
129570,0.1
129571,0.06
129572,0.2
129573,0.07
129574,0.06
129575,0.02
129576,0.0
129577,0.54
129578,0.01
129579,0.04
129580,0.0
129581,0.0
129582,0.0
129583,0.09
129584,0.0
129585,0.07
129586,0.24
129587,0.08
129588,0.11
129589,0.32
129590,0.0
129591,0.0
129592,0.02
129593,0.02
129594,0.0
129595,0.01
129596,0.0
129597,0.05
129598,0.61
129599,0.09
129600,0.02
129601,0.0
129602,0.0
129603,0.0
129604,0.01
129605,0.03
129606,0.04
129607,0.07
129608,0.03
129609,0.04
129610,0.0
129611,0.01
129612,0.02
129613,0.01
129614,0.33
129615,0.0
129616,0.13
129617,0.0
129618,0.04
129619,0.09
129620,0.11
129621,0.03
129622,0.07
129623,0.1
129624,0.45
129625,0.01
129626,0.12
129627,0.0
129628,0.05
129629,0.0
129630,0.14
129631,0.07
129632,0.0
129633,0.05
129634,0.03
129635,0.02
129636,0.0
129637,0.05
129638,0.07
129639,0.0
129640,0.0
129641,0.12
129642,0.04
129643,0.11
129644,0.01
129645,0.0
129646,0.02
129647,0.0
129648,0.09
129649,0.0
129650,0.0
129651,0.07
129652,0.13
129653,0.07
129654,0.01
129655,0.01
129656,0.03
129657,0.09
129658,0.04
129659,0.0
129660,0.02
129661,0.0
129662,0.0
129663,0.04
129664,0.31
129665,0.0
129666,0.32
129667,0.0
129668,0.01
129669,0.07
129670,0.0
129671,0.0
129672,0.0
129673,0.14
129674,0.13
129675,0.0
129676,0.28
129677,0.01
129678,0.01
129679,0.02
129680,0.0
129681,0.0
129682,0.21
129683,0.01
129684,0.25
129685,0.0
129686,0.02
129687,0.04
129688,0.65
129689,0.0
129690,0.0
129691,0.0
129692,0.47
129693,0.07
129694,0.34
129695,0.0
129696,0.06
129697,0.0
129698,0.01
129699,0.01
129700,0.04
129701,0.15
129702,0.0
129703,0.04
129704,0.1
129705,0.0
129706,0.04
129707,0.11
129708,0.0
129709,0.0
129710,0.01
129711,0.03
129712,0.05
129713,0.01
129714,0.02
129715,0.02
129716,0.0
129717,0.07
129718,0.1
129719,0.32
129720,0.0
129721,0.01
129722,0.11
129723,0.03
129724,0.04
129725,0.0
129726,0.36
129727,0.06
129728,0.0
129729,0.0
129730,0.0
129731,0.05
129732,0.14
129733,0.59
129734,0.11
129735,0.0
129736,0.05
129737,0.07
129738,0.06
129739,0.22
129740,0.04
129741,0.02
129742,0.02
129743,0.0
129744,0.06
129745,0.02
129746,0.01
129747,0.08
129748,0.05
129749,0.04
129750,0.34
129751,0.0
129752,0.04
129753,0.04
129754,0.13
129755,0.05
129756,0.05
129757,0.22
129758,0.0
129759,0.07
129760,0.04
129761,0.01
129762,0.02
129763,0.09
129764,0.01
129765,0.0
129766,0.04
129767,0.01
129768,0.0
129769,0.01
129770,0.02
129771,0.0
129772,0.04
129773,0.08
129774,0.07
129775,0.04
129776,0.01
129777,0.01
129778,0.41
129779,0.01
129780,0.01
129781,0.1
129782,0.0
129783,0.18
129784,0.04
129785,0.02
129786,0.0
129787,0.0
129788,0.0
129789,0.25
129790,0.03
129791,0.02
129792,0.06
129793,0.0
129794,0.0
129795,0.05
129796,0.03
129797,0.01
129798,0.0
129799,0.1
129800,0.05
129801,0.04
129802,0.0
129803,0.03
129804,0.53
129805,0.09
129806,0.03
129807,0.03
129808,0.05
129809,0.0
129810,0.0
129811,0.08
129812,0.0
129813,0.0
129814,0.17
129815,0.05
129816,0.03
129817,0.04
129818,0.25
129819,0.0
129820,0.26
129821,0.0
129822,0.33
129823,0.0
129824,0.08
129825,0.02
129826,0.0
129827,0.0
129828,0.16
129829,0.01
129830,0.2
129831,0.04
129832,0.02
129833,0.12
129834,0.07
129835,0.0
129836,0.01
129837,0.0
129838,0.02
129839,0.18
129840,0.07
129841,0.03
129842,0.01
129843,0.06
129844,0.0
129845,0.01
129846,0.12
129847,0.0
129848,0.09
129849,0.0
129850,0.0
129851,0.01
129852,0.0
129853,0.0
129854,0.05
129855,0.15
129856,0.01
129857,0.03
129858,0.02
129859,0.1
129860,0.0
129861,0.0
129862,0.01
129863,0.01
129864,0.15
129865,0.12
129866,0.0
129867,0.0
129868,0.0
129869,0.29
129870,0.12
129871,0.04
129872,0.01
129873,0.0
129874,0.02
129875,0.09
129876,0.08
129877,0.01
129878,0.0
129879,0.09
129880,0.0
129881,0.34
129882,0.41
129883,0.04
129884,0.22
129885,0.01
129886,0.01
129887,0.03
129888,0.0
129889,0.06
129890,0.55
129891,0.0
129892,0.01
129893,0.03
129894,0.08
129895,0.0
129896,0.0
129897,0.58
129898,0.05
129899,0.0
129900,0.12
129901,0.0
129902,0.01
129903,0.01
129904,0.02
129905,0.11
129906,0.05
129907,0.0
129908,0.01
129909,0.0
129910,0.03
129911,0.0
129912,0.0
129913,0.04
129914,0.07
129915,0.0
129916,0.02
129917,0.0
129918,0.01
129919,0.05
129920,0.01
129921,0.01
129922,0.0
129923,0.0
129924,0.01
129925,0.0
129926,0.02
129927,0.06
129928,0.06
129929,0.06
129930,0.02
129931,0.05
129932,0.36
129933,0.02
129934,0.55
129935,0.19
129936,0.03
129937,0.03
129938,0.01
129939,0.08
129940,0.06
129941,0.01
129942,0.01
129943,0.02
129944,0.02
129945,0.0
129946,0.1
129947,0.08
129948,0.71
129949,0.24
129950,0.01
129951,0.03
129952,0.01
129953,0.02
129954,0.08
129955,0.01
129956,0.13
129957,0.0
129958,0.0
129959,0.01
129960,0.01
129961,0.01
129962,0.14
129963,0.01
129964,0.0
129965,0.26
129966,0.02
129967,0.02
129968,0.28
129969,0.01
129970,0.06
129971,0.0
129972,0.0
129973,0.1
129974,0.11
129975,0.02
129976,0.09
129977,0.05
129978,0.0
129979,0.0
129980,0.1
129981,0.25
129982,0.0
129983,0.0
129984,0.17
129985,0.0
129986,0.01
129987,0.04
129988,0.03
129989,0.05
129990,0.05
129991,0.32
129992,0.0
129993,0.02
129994,0.01
129995,0.02
129996,0.02
129997,0.0
129998,0.01
129999,0.15
130000,0.0
130001,0.01
130002,0.01
130003,0.04
130004,0.0
130005,0.04
130006,0.02
130007,0.03
130008,0.02
130009,0.1
130010,0.06
130011,0.01
130012,0.0
130013,0.15
130014,0.02
130015,0.11
130016,0.02
130017,0.05
130018,0.0
130019,0.02
130020,0.02
130021,0.09
130022,0.39
130023,0.0
130024,0.22
130025,0.0
130026,0.01
130027,0.0
130028,0.04
130029,0.09
130030,0.04
130031,0.01
130032,0.05
130033,0.12
130034,0.01
130035,0.01
130036,0.0
130037,0.0
130038,0.01
130039,0.0
130040,0.02
130041,0.13
130042,0.01
130043,0.01
130044,0.09
130045,0.06
130046,0.1
130047,0.04
130048,0.01
130049,0.14
130050,0.0
130051,0.0
130052,0.1
130053,0.0
130054,0.06
130055,0.06
130056,0.0
130057,0.02
130058,0.0
130059,0.0
130060,0.02
130061,0.02
130062,0.01
130063,0.02
130064,0.07
130065,0.1
130066,0.09
130067,0.0
130068,0.01
130069,0.02
130070,0.15
130071,0.6
130072,0.1
130073,0.04
130074,0.05
130075,0.04
130076,0.03
130077,0.3
130078,0.0
130079,0.04
130080,0.16
130081,0.0
130082,0.03
130083,0.0
130084,0.85
130085,0.0
130086,0.03
130087,0.0
130088,0.33
130089,0.0
130090,0.01
130091,0.01
130092,0.0
130093,0.07
130094,0.0
130095,0.18
130096,0.57
130097,0.26
130098,0.07
130099,0.01
130100,0.0
130101,0.0
130102,0.09
130103,0.0
130104,0.5
130105,0.01
130106,0.0
130107,0.03
130108,0.07
130109,0.03
130110,0.14
130111,0.0
130112,0.01
130113,0.12
130114,0.0
130115,0.02
130116,0.04
130117,0.04
130118,0.02
130119,0.07
130120,0.18
130121,0.19
130122,0.0
130123,0.14
130124,0.75
130125,0.01
130126,0.16
130127,0.0
130128,0.01
130129,0.41
130130,0.34
130131,0.19
130132,0.0
130133,0.2
130134,0.1
130135,0.06
130136,0.08
130137,0.33
130138,0.0
130139,0.01
130140,0.02
130141,0.0
130142,0.2
130143,0.13
130144,0.02
130145,0.17
130146,0.13
130147,0.02
130148,0.0
130149,0.0
130150,0.02
130151,0.0
130152,0.0
130153,0.22
130154,0.0
130155,0.06
130156,0.05
130157,0.0
130158,0.05
130159,0.0
130160,0.01
130161,0.0
130162,0.01
130163,0.01
130164,0.0
130165,0.0
130166,0.03
130167,0.03
130168,0.11
130169,0.07
130170,0.0
130171,0.0
130172,0.0
130173,0.05
130174,0.0
130175,0.0
130176,0.05
130177,0.0
130178,0.0
130179,0.12
130180,0.0
130181,0.01
130182,0.35
130183,0.18
130184,0.08
130185,0.01
130186,0.0
130187,0.01
130188,0.0
130189,0.28
130190,0.01
130191,0.04
130192,0.01
130193,0.04
130194,0.01
130195,0.02
130196,0.0
130197,0.03
130198,0.07
130199,0.0
130200,0.13
130201,0.08
130202,0.6
130203,0.05
130204,0.01
130205,0.04
130206,0.01
130207,0.07
130208,0.07
130209,0.18
130210,0.1
130211,0.02
130212,0.03
130213,0.08
130214,0.33
130215,0.04
130216,0.2
130217,0.07
130218,0.22
130219,0.6
130220,0.01
130221,0.17
130222,0.0
130223,0.01
130224,0.01
130225,0.04
130226,0.12
130227,0.0
130228,0.06
130229,0.03
130230,0.05
130231,0.09
130232,0.06
130233,0.52
130234,0.0
130235,0.26
130236,0.0
130237,0.0
130238,0.0
130239,0.0
130240,0.02
130241,0.03
130242,0.51
130243,0.0
130244,0.19
130245,0.01
130246,0.02
130247,0.05
130248,0.01
130249,0.0
130250,0.03
130251,0.04
130252,0.06
130253,0.1
130254,0.03
130255,0.46
130256,0.17
130257,0.26
130258,0.18
130259,0.36
130260,0.0
130261,0.0
130262,0.05
130263,0.04
130264,0.0
130265,0.03
130266,0.15
130267,0.02
130268,0.0
130269,0.33
130270,0.04
130271,0.0
130272,0.0
130273,0.1
130274,0.27
130275,0.11
130276,0.02
130277,0.02
130278,0.03
130279,0.02
130280,0.02
130281,0.16
130282,0.01
130283,0.04
130284,0.05
130285,0.08
130286,0.02
130287,0.18
130288,0.04
130289,0.03
130290,0.0
130291,0.03
130292,0.09
130293,0.05
130294,0.38
130295,0.03
130296,0.01
130297,0.0
130298,0.07
130299,0.01
130300,0.27
130301,0.03
130302,0.0
130303,0.0
130304,0.04
130305,0.1
130306,0.07
130307,0.01
130308,0.0
130309,0.08
130310,0.02
130311,0.08
130312,0.3
130313,0.01
130314,0.0
130315,0.02
130316,0.01
130317,0.01
130318,0.27
130319,0.02
130320,0.0
130321,0.11
130322,0.24
130323,0.0
130324,0.0
130325,0.08
130326,0.53
130327,0.36
130328,0.09
130329,0.02
130330,0.22
130331,0.0
130332,0.01
130333,0.01
130334,0.0
130335,0.0
130336,0.0
130337,0.0
130338,0.13
130339,0.21
130340,0.04
130341,0.14
130342,0.0
130343,0.0
130344,0.02
130345,0.13
130346,0.03
130347,0.0
130348,0.31
130349,0.03
130350,0.0
130351,0.0
130352,0.01
130353,0.0
130354,0.0
130355,0.04
130356,0.12
130357,0.15
130358,0.12
130359,0.0
130360,0.01
130361,0.01
130362,0.02
130363,0.55
130364,0.0
130365,0.02
130366,0.04
130367,0.04
130368,0.03
130369,0.0
130370,0.12
130371,0.0
130372,0.02
130373,0.0
130374,0.07
130375,0.02
130376,0.03
130377,0.06
130378,0.0
130379,0.0
130380,0.19
130381,0.0
130382,0.03
130383,0.0
130384,0.16
130385,0.01
130386,0.0
130387,0.0
130388,0.18
130389,0.44
130390,0.11
130391,0.01
130392,0.05
130393,0.0
130394,0.0
130395,0.03
130396,0.23
130397,0.1
130398,0.01
130399,0.02
130400,0.01
130401,0.05
130402,0.0
130403,0.03
130404,0.09
130405,0.01
130406,0.02
130407,0.0
130408,0.06
130409,0.01
130410,0.07
130411,0.04
130412,0.01
130413,0.0
130414,0.34
130415,0.02
130416,0.03
130417,0.0
130418,0.23
130419,0.06
130420,0.05
130421,0.04
130422,0.0
130423,0.03
130424,0.31
130425,0.03
130426,0.03
130427,0.0
130428,0.0
130429,0.07
130430,0.01
130431,0.0
130432,0.28
130433,0.0
130434,0.0
130435,0.01
130436,0.02
130437,0.0
130438,0.0
130439,0.01
130440,0.0
130441,0.36
130442,0.39
130443,0.0
130444,0.03
130445,0.2
130446,0.14
130447,0.53
130448,0.0
130449,0.04
130450,0.06
130451,0.04
130452,0.03
130453,0.06
130454,0.04
130455,0.02
130456,0.0
130457,0.01
130458,0.01
130459,0.07
130460,0.0
130461,0.04
130462,0.13
130463,0.0
130464,0.18
130465,0.01
130466,0.0
130467,0.01
130468,0.15
130469,0.07
130470,0.0
130471,0.02
130472,0.09
130473,0.01
130474,0.0
130475,0.0
130476,0.17
130477,0.23
130478,0.01
130479,0.0
130480,0.0
130481,0.11
130482,0.09
130483,0.03
130484,0.0
130485,0.03
130486,0.01
130487,0.0
130488,0.14
130489,0.1
130490,0.05
130491,0.06
130492,0.0
130493,0.0
130494,0.03
130495,0.06
130496,0.2
130497,0.4
130498,0.66
130499,0.08
130500,0.0
130501,0.0
130502,0.0
130503,0.0
130504,0.33
130505,0.03
130506,0.04
130507,0.01
130508,0.0
130509,0.01
130510,0.0
130511,0.0
130512,0.59
130513,0.03
130514,0.13
130515,0.02
130516,0.0
130517,0.0
130518,0.0
130519,0.0
130520,0.11
130521,0.07
130522,0.26
130523,0.25
130524,0.03
130525,0.15
130526,0.01
130527,0.18
130528,0.25
130529,0.42
130530,0.24
130531,0.05
130532,0.0
130533,0.16
130534,0.03
130535,0.03
130536,0.0
130537,0.05
130538,0.05
130539,0.11
130540,0.03
130541,0.0
130542,0.02
130543,0.0
130544,0.01
130545,0.34
130546,0.1
130547,0.23
130548,0.27
130549,0.0
130550,0.01
130551,0.34
130552,0.0
130553,0.02
130554,0.01
130555,0.25
130556,0.0
130557,0.11
130558,0.01
130559,0.01
130560,0.0
130561,0.06
130562,0.72
130563,0.0
130564,0.16
130565,0.0
130566,0.19
130567,0.51
130568,0.38
130569,0.01
130570,0.0
130571,0.03
130572,0.3
130573,0.05
130574,0.02
130575,0.03
130576,0.02
130577,0.0
130578,0.0
130579,0.02
130580,0.03
130581,0.04
130582,0.0
130583,0.01
130584,0.0
130585,0.0
130586,0.07
130587,0.15
130588,0.02
130589,0.03
130590,0.03
130591,0.01
130592,0.03
130593,0.03
130594,0.02
130595,0.34
130596,0.01
130597,0.05
130598,0.0
130599,0.0
130600,0.01
130601,0.57
130602,0.22
130603,0.04
130604,0.14
130605,0.01
130606,0.06
130607,0.01
130608,0.11
130609,0.02
130610,0.07
130611,0.0
130612,0.0
130613,0.0
130614,0.0
130615,0.0
130616,0.21
130617,0.0
130618,0.0
130619,0.2
130620,0.01
130621,0.12
130622,0.01
130623,0.03
130624,0.01
130625,0.21
130626,0.03
130627,0.13
130628,0.04
130629,0.19
130630,0.03
130631,0.02
130632,0.13
130633,0.12
130634,0.08
130635,0.03
130636,0.03
130637,0.07
130638,0.0
130639,0.17
130640,0.0
130641,0.01
130642,0.09
130643,0.0
130644,0.0
130645,0.01
130646,0.0
130647,0.07
130648,0.0
130649,0.02
130650,0.0
130651,0.0
130652,0.0
130653,0.01
130654,0.04
130655,0.0
130656,0.38
130657,0.25
130658,0.12
130659,0.0
130660,0.07
130661,0.0
130662,0.05
130663,0.01
130664,0.0
130665,0.0
130666,0.0
130667,0.02
130668,0.0
130669,0.0
130670,0.02
130671,0.17
130672,0.03
130673,0.05
130674,0.0
130675,0.0
130676,0.02
130677,0.0
130678,0.0
130679,0.03
130680,0.25
130681,0.28
130682,0.04
130683,0.0
130684,0.0
130685,0.03
130686,0.11
130687,0.01
130688,0.0
130689,0.01
130690,0.03
130691,0.05
130692,0.0
130693,0.01
130694,0.22
130695,0.07
130696,0.17
130697,0.07
130698,0.02
130699,0.09
130700,0.01
130701,0.23
130702,0.0
130703,0.0
130704,0.0
130705,0.02
130706,0.0
130707,0.02
130708,0.24
130709,0.03
130710,0.16
130711,0.03
130712,0.01
130713,0.02
130714,0.15
130715,0.0
130716,0.0
130717,0.08
130718,0.37
130719,0.0
130720,0.02
130721,0.05
130722,0.0
130723,0.0
130724,0.01
130725,0.0
130726,0.0
130727,0.01
130728,0.01
130729,0.0
130730,0.06
130731,0.0
130732,0.0
130733,0.21
130734,0.0
130735,0.07
130736,0.01
130737,0.17
130738,0.01
130739,0.25
130740,0.04
130741,0.0
130742,0.04
130743,0.0
130744,0.01
130745,0.0
130746,0.0
130747,0.01
130748,0.13
130749,0.0
130750,0.0
130751,0.1
130752,0.34
130753,0.0
130754,0.16
130755,0.0
130756,0.01
130757,0.11
130758,0.01
130759,0.04
130760,0.73
130761,0.02
130762,0.08
130763,0.28
130764,0.0
130765,0.04
130766,0.0
130767,0.02
130768,0.03
130769,0.01
130770,0.0
130771,0.03
130772,0.0
130773,0.43
130774,0.4
130775,0.01
130776,0.02
130777,0.01
130778,0.01
130779,0.13
130780,0.03
130781,0.0
130782,0.15
130783,0.07
130784,0.04
130785,0.07
130786,0.0
130787,0.01
130788,0.02
130789,0.02
130790,0.14
130791,0.16
130792,0.01
130793,0.3
130794,0.0
130795,0.0
130796,0.0
130797,0.37
130798,0.02
130799,0.05
130800,0.03
130801,0.0
130802,0.08
130803,0.01
130804,0.04
130805,0.0
130806,0.09
130807,0.33
130808,0.05
130809,0.02
130810,0.0
130811,0.18
130812,0.0
130813,0.01
130814,0.0
130815,0.55
130816,0.06
130817,0.52
130818,0.02
130819,0.72
130820,0.04
130821,0.04
130822,0.34
130823,0.09
130824,0.49
130825,0.08
130826,0.0
130827,0.06
130828,0.01
130829,0.0
130830,0.18
130831,0.03
130832,0.02
130833,0.08
130834,0.02
130835,0.11
130836,0.0
130837,0.0
130838,0.05
130839,0.08
130840,0.08
130841,0.02
130842,0.0
130843,0.0
130844,0.04
130845,0.11
130846,0.02
130847,0.34
130848,0.15
130849,0.01
130850,0.01
130851,0.04
130852,0.0
130853,0.01
130854,0.07
130855,0.12
130856,0.01
130857,0.0
130858,0.0
130859,0.07
130860,0.01
130861,0.09
130862,0.0
130863,0.03
130864,0.0
130865,0.21
130866,0.02
130867,0.16
130868,0.03
130869,0.24
130870,0.02
130871,0.0
130872,0.01
130873,0.23
130874,0.0
130875,0.07
130876,0.0
130877,0.03
130878,0.02
130879,0.08
130880,0.0
130881,0.0
130882,0.13
130883,0.06
130884,0.02
130885,0.0
130886,0.03
130887,0.04
130888,0.19
130889,0.01
130890,0.07
130891,0.02
130892,0.09
130893,0.02
130894,0.06
130895,0.01
130896,0.0
130897,0.0
130898,0.13
130899,0.0
130900,0.17
130901,0.03
130902,0.02
130903,0.0
130904,0.0
130905,0.0
130906,0.03
130907,0.41
130908,0.03
130909,0.02
130910,0.02
130911,0.01
130912,0.0
130913,0.03
130914,0.02
130915,0.03
130916,0.01
130917,0.0
130918,0.01
130919,0.44
130920,0.04
130921,0.1
130922,0.23
130923,0.0
130924,0.01
130925,0.21
130926,0.17
130927,0.0
130928,0.0
130929,0.0
130930,0.07
130931,0.0
130932,0.01
130933,0.02
130934,0.01
130935,0.0
130936,0.05
130937,0.0
130938,0.05
130939,0.43
130940,0.0
130941,0.0
130942,0.09
130943,0.0
130944,0.0
130945,0.3
130946,0.05
130947,0.04
130948,0.01
130949,0.0
130950,0.04
130951,0.01
130952,0.01
130953,0.01
130954,0.0
130955,0.07
130956,0.04
130957,0.0
130958,0.01
130959,0.04
130960,0.01
130961,0.0
130962,0.06
130963,0.0
130964,0.02
130965,0.16
130966,0.02
130967,0.02
130968,0.03
130969,0.01
130970,0.0
130971,0.15
130972,0.01
130973,0.02
130974,0.03
130975,0.0
130976,0.01
130977,0.14
130978,0.01
130979,0.01
130980,0.04
130981,0.03
130982,0.0
130983,0.03
130984,0.0
130985,0.0
130986,0.0
130987,0.02
130988,0.0
130989,0.42
130990,0.02
130991,0.01
130992,0.11
130993,0.01
130994,0.0
130995,0.13
130996,0.54
130997,0.01
130998,0.0
130999,0.0
131000,0.07
131001,0.01
131002,0.0
131003,0.12
131004,0.02
131005,0.01
131006,0.01
131007,0.05
131008,0.4
131009,0.01
131010,0.06
131011,0.06
131012,0.2
131013,0.04
131014,0.03
131015,0.0
131016,0.0
131017,0.01
131018,0.1
131019,0.0
131020,0.01
131021,0.01
131022,0.07
131023,0.12
131024,0.11
131025,0.0
131026,0.64
131027,0.07
131028,0.03
131029,0.0
131030,0.0
131031,0.06
131032,0.76
131033,0.0
131034,0.0
131035,0.18
131036,0.36
131037,0.0
131038,0.14
131039,0.2
131040,0.05
131041,0.0
131042,0.0
131043,0.08
131044,0.11
131045,0.0
131046,0.04
131047,0.0
131048,0.05
131049,0.0
131050,0.0
131051,0.05
131052,0.11
131053,0.0
131054,0.0
131055,0.23
131056,0.0
131057,0.0
131058,0.0
131059,0.0
131060,0.0
131061,0.0
131062,0.1
131063,0.0
131064,0.04
131065,0.56
131066,0.08
131067,0.04
131068,0.08
131069,0.0
131070,0.61
131071,0.06
131072,0.0
131073,0.0
131074,0.01
131075,0.37
131076,0.11
131077,0.13
131078,0.06
131079,0.05
131080,0.04
131081,0.05
131082,0.03
131083,0.03
131084,0.0
131085,0.12
131086,0.0
131087,0.12
131088,0.0
131089,0.0
131090,0.0
131091,0.0
131092,0.43
131093,0.04
131094,0.09
131095,0.1
131096,0.0
131097,0.0
131098,0.03
131099,0.05
131100,0.0
131101,0.0
131102,0.01
131103,0.01
131104,0.0
131105,0.0
131106,0.01
131107,0.0
131108,0.0
131109,0.0
131110,0.0
131111,0.01
131112,0.01
131113,0.01
131114,0.01
131115,0.0
131116,0.0
131117,0.02
131118,0.2
131119,0.04
131120,0.0
131121,0.01
131122,0.16
131123,0.0
131124,0.01
131125,0.0
131126,0.0
131127,0.0
131128,0.01
131129,0.0
131130,0.07
131131,0.13
131132,0.0
131133,0.03
131134,0.08
131135,0.0
131136,0.0
131137,0.18
131138,0.05
131139,0.01
131140,0.17
131141,0.13
131142,0.03
131143,0.01
131144,0.04
131145,0.45
131146,0.0
131147,0.0
131148,0.04
131149,0.0
131150,0.01
131151,0.0
131152,0.0
131153,0.05
131154,0.23
131155,0.0
131156,0.01
131157,0.01
131158,0.03
131159,0.01
131160,0.01
131161,0.0
131162,0.0
131163,0.03
131164,0.01
131165,0.04
131166,0.0
131167,0.0
131168,0.0
131169,0.01
131170,0.06
131171,0.0
131172,0.06
131173,0.11
131174,0.02
131175,0.12
131176,0.01
131177,0.27
131178,0.01
131179,0.28
131180,0.08
131181,0.26
131182,0.07
131183,0.02
131184,0.04
131185,0.45
131186,0.02
131187,0.0
131188,0.01
131189,0.03
131190,0.01
131191,0.03
131192,0.1
131193,0.0
131194,0.01
131195,0.03
131196,0.0
131197,0.0
131198,0.01
131199,0.04
131200,0.11
131201,0.07
131202,0.2
131203,0.02
131204,0.34
131205,0.01
131206,0.06
131207,0.04
131208,0.19
131209,0.48
131210,0.04
131211,0.0
131212,0.0
131213,0.1
131214,0.0
131215,0.03
131216,0.0
131217,0.04
131218,0.01
131219,0.21
131220,0.06
131221,0.0
131222,0.06
131223,0.03
131224,0.0
131225,0.0
131226,0.0
131227,0.01
131228,0.43
131229,0.04
131230,0.02
131231,0.05
131232,0.05
131233,0.01
131234,0.63
131235,0.03
131236,0.06
131237,0.18
131238,0.0
131239,0.0
131240,0.04
131241,0.01
131242,0.12
131243,0.02
131244,0.01
131245,0.0
131246,0.0
131247,0.0
131248,0.2
131249,0.02
131250,0.01
131251,0.0
131252,0.0
131253,0.06
131254,0.08
131255,0.01
131256,0.06
131257,0.09
131258,0.09
131259,0.01
131260,0.07
131261,0.0
131262,0.01
131263,0.33
131264,0.0
131265,0.1
131266,0.04
131267,0.11
131268,0.44
131269,0.04
131270,0.04
131271,0.0
131272,0.03
131273,0.02
131274,0.01
131275,0.05
131276,0.0
131277,0.0
131278,0.01
131279,0.56
131280,0.04
131281,0.08
131282,0.0
131283,0.12
131284,0.15
131285,0.01
131286,0.02
131287,0.01
131288,0.06
131289,0.0
131290,0.03
131291,0.15
131292,0.09
131293,0.03
131294,0.08
131295,0.07
131296,0.17
131297,0.07
131298,0.0
131299,0.42
131300,0.01
131301,0.0
131302,0.03
131303,0.07
131304,0.23
131305,0.23
131306,0.03
131307,0.29
131308,0.03
131309,0.07
131310,0.02
131311,0.01
131312,0.02
131313,0.0
131314,0.21
131315,0.03
131316,0.04
131317,0.03
131318,0.05
131319,0.11
131320,0.05
131321,0.09
131322,0.02
131323,0.08
131324,0.03
131325,0.0
131326,0.01
131327,0.03
131328,0.13
131329,0.08
131330,0.02
131331,0.01
131332,0.01
131333,0.19
131334,0.01
131335,0.0
131336,0.0
131337,0.01
131338,0.03
131339,0.15
131340,0.0
131341,0.02
131342,0.06
131343,0.05
131344,0.0
131345,0.01
131346,0.13
131347,0.06
131348,0.42
131349,0.02
131350,0.0
131351,0.23
131352,0.03
131353,0.01
131354,0.0
131355,0.36
131356,0.03
131357,0.0
131358,0.1
131359,0.01
131360,0.06
131361,0.02
131362,0.0
131363,0.0
131364,0.08
131365,0.0
131366,0.03
131367,0.0
131368,0.2
131369,0.07
131370,0.03
131371,0.0
131372,0.0
131373,0.19
131374,0.02
131375,0.0
131376,0.0
131377,0.0
131378,0.25
131379,0.18
131380,0.04
131381,0.0
131382,0.0
131383,0.01
131384,0.01
131385,0.03
131386,0.0
131387,0.0
131388,0.04
131389,0.03
131390,0.07
131391,0.01
131392,0.0
131393,0.02
131394,0.0
131395,0.09
131396,0.0
131397,0.0
131398,0.0
131399,0.06
131400,0.01
131401,0.0
131402,0.45
131403,0.01
131404,0.0
131405,0.01
131406,0.12
131407,0.03
131408,0.01
131409,0.01
131410,0.03
131411,0.08
131412,0.07
131413,0.06
131414,0.11
131415,0.13
131416,0.28
131417,0.02
131418,0.06
131419,0.19
131420,0.76
131421,0.0
131422,0.36
131423,0.08
131424,0.0
131425,0.0
131426,0.25
131427,0.02
131428,0.01
131429,0.0
131430,0.0
131431,0.02
131432,0.02
131433,0.04
131434,0.01
131435,0.12
131436,0.09
131437,0.02
131438,0.17
131439,0.31
131440,0.0
131441,0.04
131442,0.0
131443,0.02
131444,0.01
131445,0.07
131446,0.0
131447,0.09
131448,0.06
131449,0.02
131450,0.03
131451,0.07
131452,0.02
131453,0.05
131454,0.0
131455,0.01
131456,0.23
131457,0.15
131458,0.0
131459,0.06
131460,0.0
131461,0.07
131462,0.0
131463,0.08
131464,0.02
131465,0.02
131466,0.07
131467,0.23
131468,0.0
131469,0.01
131470,0.22
131471,0.1
131472,0.05
131473,0.06
131474,0.0
131475,0.03
131476,0.1
131477,0.04
131478,0.02
131479,0.08
131480,0.0
131481,0.0
131482,0.01
131483,0.0
131484,0.05
131485,0.17
131486,0.27
131487,0.0
131488,0.3
131489,0.2
131490,0.02
131491,0.03
131492,0.29
131493,0.03
131494,0.07
131495,0.0
131496,0.04
131497,0.09
131498,0.04
131499,0.07
131500,0.03
131501,0.0
131502,0.02
131503,0.0
131504,0.0
131505,0.0
131506,0.04
131507,0.04
131508,0.05
131509,0.02
131510,0.04
131511,0.0
131512,0.1
131513,0.0
131514,0.04
131515,0.02
131516,0.08
131517,0.0
131518,0.01
131519,0.0
131520,0.01
131521,0.04
131522,0.35
131523,0.02
131524,0.02
131525,0.0
131526,0.22
131527,0.0
131528,0.06
131529,0.23
131530,0.01
131531,0.19
131532,0.0
131533,0.02
131534,0.21
131535,0.0
131536,0.0
131537,0.0
131538,0.03
131539,0.42
131540,0.01
131541,0.03
131542,0.03
131543,0.36
131544,0.02
131545,0.0
131546,0.03
131547,0.01
131548,0.0
131549,0.07
131550,0.56
131551,0.0
131552,0.0
131553,0.26
131554,0.49
131555,0.01
131556,0.33
131557,0.01
131558,0.02
131559,0.12
131560,0.0
131561,0.01
131562,0.01
131563,0.01
131564,0.2
131565,0.11
131566,0.07
131567,0.0
131568,0.01
131569,0.0
131570,0.29
131571,0.0
131572,0.07
131573,0.02
131574,0.02
131575,0.01
131576,0.01
131577,0.01
131578,0.0
131579,0.06
131580,0.0
131581,0.0
131582,0.75
131583,0.0
131584,0.01
131585,0.03
131586,0.04
131587,0.0
131588,0.0
131589,0.1
131590,0.0
131591,0.0
131592,0.01
131593,0.45
131594,0.03
131595,0.21
131596,0.28
131597,0.0
131598,0.07
131599,0.0
131600,0.0
131601,0.0
131602,0.01
131603,0.08
131604,0.06
131605,0.02
131606,0.0
131607,0.01
131608,0.0
131609,0.07
131610,0.04
131611,0.02
131612,0.0
131613,0.0
131614,0.0
131615,0.0
131616,0.02
131617,0.06
131618,0.01
131619,0.06
131620,0.02
131621,0.2
131622,0.0
131623,0.0
131624,0.05
131625,0.0
131626,0.0
131627,0.01
131628,0.03
131629,0.05
131630,0.31
131631,0.21
131632,0.11
131633,0.12
131634,0.1
131635,0.0
131636,0.0
131637,0.11
131638,0.0
131639,0.02
131640,0.0
131641,0.0
131642,0.03
131643,0.02
131644,0.01
131645,0.01
131646,0.36
131647,0.01
131648,0.03
131649,0.0
131650,0.11
131651,0.01
131652,0.04
131653,0.03
131654,0.0
131655,0.05
131656,0.0
131657,0.0
131658,0.02
131659,0.21
131660,0.14
131661,0.0
131662,0.0
131663,0.09
131664,0.01
131665,0.0
131666,0.37
131667,0.0
131668,0.0
131669,0.08
131670,0.06
131671,0.05
131672,0.01
131673,0.0
131674,0.0
131675,0.04
131676,0.0
131677,0.0
131678,0.37
131679,0.0
131680,0.15
131681,0.05
131682,0.05
131683,0.0
131684,0.01
131685,0.0
131686,0.01
131687,0.0
131688,0.16
131689,0.04
131690,0.0
131691,0.03
131692,0.11
131693,0.03
131694,0.03
131695,0.01
131696,0.02
131697,0.09
131698,0.19
131699,0.0
131700,0.02
131701,0.06
131702,0.04
131703,0.0
131704,0.02
131705,0.0
131706,0.1
131707,0.0
131708,0.34
131709,0.08
131710,0.25
131711,0.0
131712,0.0
131713,0.06
131714,0.02
131715,0.01
131716,0.21
131717,0.05
131718,0.15
131719,0.02
131720,0.04
131721,0.01
131722,0.03
131723,0.04
131724,0.0
131725,0.06
131726,0.07
131727,0.02
131728,0.0
131729,0.18
131730,0.02
131731,0.02
131732,0.17
131733,0.0
131734,0.23
131735,0.11
131736,0.07
131737,0.2
131738,0.11
131739,0.4
131740,0.02
131741,0.02
131742,0.15
131743,0.0
131744,0.03
131745,0.02
131746,0.09
131747,0.05
131748,0.0
131749,0.02
131750,0.03
131751,0.03
131752,0.04
131753,0.0
131754,0.05
131755,0.13
131756,0.01
131757,0.17
131758,0.02
131759,0.25
131760,0.0
131761,0.04
131762,0.08
131763,0.01
131764,0.0
131765,0.04
131766,0.02
131767,0.3
131768,0.01
131769,0.17
131770,0.03
131771,0.01
131772,0.01
131773,0.0
131774,0.01
131775,0.03
131776,0.17
131777,0.13
131778,0.0
131779,0.04
131780,0.1
131781,0.07
131782,0.0
131783,0.01
131784,0.02
131785,0.13
131786,0.23
131787,0.46
131788,0.01
131789,0.02
131790,0.08
131791,0.03
131792,0.04
131793,0.32
131794,0.0
131795,0.02
131796,0.12
131797,0.04
131798,0.0
131799,0.09
131800,0.1
131801,0.0
131802,0.0
131803,0.01
131804,0.0
131805,0.22
131806,0.0
131807,0.03
131808,0.2
131809,0.06
131810,0.0
131811,0.15
131812,0.11
131813,0.01
131814,0.37
131815,0.01
131816,0.1
131817,0.01
131818,0.45
131819,0.0
131820,0.02
131821,0.0
131822,0.02
131823,0.03
131824,0.25
131825,0.04
131826,0.08
131827,0.09
131828,0.0
131829,0.02
131830,0.06
131831,0.0
131832,0.07
131833,0.01
131834,0.0
131835,0.0
131836,0.01
131837,0.4
131838,0.0
131839,0.0
131840,0.01
131841,0.01
131842,0.04
131843,0.13
131844,0.05
131845,0.0
131846,0.04
131847,0.02
131848,0.09
131849,0.06
131850,0.02
131851,0.0
131852,0.1
131853,0.02
131854,0.1
131855,0.11
131856,0.15
131857,0.18
131858,0.01
131859,0.0
131860,0.02
131861,0.04
131862,0.05
131863,0.11
131864,0.02
131865,0.19
131866,0.01
131867,0.0
131868,0.0
131869,0.01
131870,0.14
131871,0.31
131872,0.0
131873,0.01
131874,0.2
131875,0.02
131876,0.0
131877,0.03
131878,0.08
131879,0.04
131880,0.01
131881,0.0
131882,0.03
131883,0.02
131884,0.03
131885,0.04
131886,0.06
131887,0.0
131888,0.0
131889,0.11
131890,0.25
131891,0.29
131892,0.0
131893,0.02
131894,0.0
131895,0.05
131896,0.38
131897,0.02
131898,0.07
131899,0.03
131900,0.08
131901,0.0
131902,0.14
131903,0.02
131904,0.0
131905,0.02
131906,0.04
131907,0.24
131908,0.05
131909,0.42
131910,0.01
131911,0.0
131912,0.0
131913,0.01
131914,0.05
131915,0.0
131916,0.05
131917,0.15
131918,0.08
131919,0.05
131920,0.06
131921,0.0
131922,0.0
131923,0.05
131924,0.02
131925,0.0
131926,0.0
131927,0.13
131928,0.21
131929,0.09
131930,0.01
131931,0.03
131932,0.04
131933,0.03
131934,0.01
131935,0.05
131936,0.01
131937,0.06
131938,0.08
131939,0.02
131940,0.01
131941,0.09
131942,0.06
131943,0.06
131944,0.04
131945,0.04
131946,0.01
131947,0.31
131948,0.0
131949,0.0
131950,0.09
131951,0.03
131952,0.03
131953,0.02
131954,0.01
131955,0.0
131956,0.02
131957,0.07
131958,0.08
131959,0.0
131960,0.03
131961,0.0
131962,0.06
131963,0.06
131964,0.07
131965,0.16
131966,0.14
131967,0.03
131968,0.0
131969,0.03
131970,0.14
131971,0.0
131972,0.18
131973,0.04
131974,0.0
131975,0.05
131976,0.0
131977,0.01
131978,0.01
131979,0.04
131980,0.08
131981,0.41
131982,0.01
131983,0.05
131984,0.0
131985,0.01
131986,0.02
131987,0.01
131988,0.03
131989,0.01
131990,0.05
131991,0.02
131992,0.03
131993,0.06
131994,0.0
131995,0.01
131996,0.02
131997,0.01
131998,0.05
131999,0.0
132000,0.28
132001,0.04
132002,0.12
132003,0.04
132004,0.0
132005,0.02
132006,0.03
132007,0.01
132008,0.52
132009,0.02
132010,0.06
132011,0.0
132012,0.02
132013,0.07
132014,0.01
132015,0.06
132016,0.0
132017,0.0
132018,0.01
132019,0.05
132020,0.19
132021,0.17
132022,0.14
132023,0.01
132024,0.37
132025,0.02
132026,0.04
132027,0.0
132028,0.14
132029,0.0
132030,0.01
132031,0.04
132032,0.0
132033,0.01
132034,0.08
132035,0.51
132036,0.02
132037,0.24
132038,0.0
132039,0.16
132040,0.02
132041,0.02
132042,0.35
132043,0.06
132044,0.0
132045,0.03
132046,0.0
132047,0.01
132048,0.03
132049,0.01
132050,0.0
132051,0.01
132052,0.08
132053,0.0
132054,0.01
132055,0.04
132056,0.04
132057,0.0
132058,0.08
132059,0.0
132060,0.01
132061,0.12
132062,0.29
132063,0.0
132064,0.45
132065,0.02
132066,0.23
132067,0.02
132068,0.11
132069,0.03
132070,0.44
132071,0.08
132072,0.03
132073,0.01
132074,0.08
132075,0.31
132076,0.01
132077,0.13
132078,0.2
132079,0.0
132080,0.02
132081,0.07
132082,0.03
132083,0.0
132084,0.12
132085,0.02
132086,0.09
132087,0.04
132088,0.15
132089,0.1
132090,0.04
132091,0.0
132092,0.02
132093,0.0
132094,0.02
132095,0.25
132096,0.52
132097,0.0
132098,0.06
132099,0.03
132100,0.23
132101,0.08
132102,0.0
132103,0.06
132104,0.01
132105,0.05
132106,0.0
132107,0.0
132108,0.55
132109,0.0
132110,0.0
132111,0.01
132112,0.03
132113,0.09
132114,0.01
132115,0.06
132116,0.19
132117,0.05
132118,0.04
132119,0.0
132120,0.0
132121,0.09
132122,0.12
132123,0.01
132124,0.28
132125,0.0
132126,0.13
132127,0.04
132128,0.01
132129,0.01
132130,0.02
132131,0.04
132132,0.02
132133,0.37
132134,0.0
132135,0.11
132136,0.02
132137,0.02
132138,0.04
132139,0.0
132140,0.03
132141,0.0
132142,0.13
132143,0.03
132144,0.0
132145,0.02
132146,0.0
132147,0.03
132148,0.0
132149,0.06
132150,0.24
132151,0.1
132152,0.0
132153,0.0
132154,0.0
132155,0.01
132156,0.0
132157,0.19
132158,0.02
132159,0.0
132160,0.06
132161,0.06
132162,0.01
132163,0.39
132164,0.03
132165,0.01
132166,0.08
132167,0.07
132168,0.05
132169,0.01
132170,0.0
132171,0.11
132172,0.09
132173,0.02
132174,0.7
132175,0.03
132176,0.05
132177,0.16
132178,0.32
132179,0.04
132180,0.0
132181,0.05
132182,0.04
132183,0.26
132184,0.0
132185,0.02
132186,0.0
132187,0.01
132188,0.08
132189,0.04
132190,0.01
132191,0.17
132192,0.03
132193,0.02
132194,0.01
132195,0.28
132196,0.02
132197,0.04
132198,0.0
132199,0.0
132200,0.02
132201,0.05
132202,0.49
132203,0.0
132204,0.0
132205,0.02
132206,0.0
132207,0.02
132208,0.07
132209,0.01
132210,0.01
132211,0.03
132212,0.08
132213,0.0
132214,0.02
132215,0.05
132216,0.0
132217,0.0
132218,0.01
132219,0.07
132220,0.05
132221,0.03
132222,0.02
132223,0.01
132224,0.1
132225,0.12
132226,0.0
132227,0.01
132228,0.0
132229,0.0
132230,0.02
132231,0.09
132232,0.08
132233,0.0
132234,0.0
132235,0.01
132236,0.04
132237,0.0
132238,0.0
132239,0.02
132240,0.02
132241,0.0
132242,0.02
132243,0.13
132244,0.0
132245,0.08
132246,0.0
132247,0.04
132248,0.01
132249,0.29
132250,0.0
132251,0.27
132252,0.33
132253,0.02
132254,0.01
132255,0.02
132256,0.04
132257,0.0
132258,0.01
132259,0.09
132260,0.02
132261,0.18
132262,0.0
132263,0.0
132264,0.22
132265,0.05
132266,0.02
132267,0.09
132268,0.03
132269,0.01
132270,0.0
132271,0.0
132272,0.01
132273,0.0
132274,0.04
132275,0.01
132276,0.51
132277,0.01
132278,0.14
132279,0.01
132280,0.57
132281,0.06
132282,0.02
132283,0.0
132284,0.07
132285,0.0
132286,0.0
132287,0.0
132288,0.05
132289,0.0
132290,0.03
132291,0.0
132292,0.0
132293,0.06
132294,0.08
132295,0.02
132296,0.46
132297,0.2
132298,0.05
132299,0.01
132300,0.01
132301,0.02
132302,0.15
132303,0.0
132304,0.01
132305,0.01
132306,0.32
132307,0.01
132308,0.04
132309,0.14
132310,0.27
132311,0.0
132312,0.01
132313,0.44
132314,0.0
132315,0.0
132316,0.08
132317,0.0
132318,0.0
132319,0.03
132320,0.43
132321,0.0
132322,0.24
132323,0.22
132324,0.04
132325,0.04
132326,0.03
132327,0.01
132328,0.04
132329,0.02
132330,0.02
132331,0.27
132332,0.02
132333,0.01
132334,0.0
132335,0.01
132336,0.01
132337,0.01
132338,0.01
132339,0.2
132340,0.03
132341,0.01
132342,0.01
132343,0.06
132344,0.13
132345,0.0
132346,0.13
132347,0.0
132348,0.0
132349,0.03
132350,0.04
132351,0.01
132352,0.06
132353,0.21
132354,0.07
132355,0.0
132356,0.0
132357,0.0
132358,0.0
132359,0.02
132360,0.71
132361,0.02
132362,0.03
132363,0.08
132364,0.01
132365,0.3
132366,0.01
132367,0.0
132368,0.1
132369,0.05
132370,0.17
132371,0.12
132372,0.0
132373,0.0
132374,0.01
132375,0.0
132376,0.01
132377,0.03
132378,0.0
132379,0.02
132380,0.25
132381,0.04
132382,0.0
132383,0.0
132384,0.03
132385,0.04
132386,0.0
132387,0.12
132388,0.19
132389,0.06
132390,0.04
132391,0.14
132392,0.0
132393,0.0
132394,0.03
132395,0.02
132396,0.01
132397,0.01
132398,0.0
132399,0.79
132400,0.01
132401,0.0
132402,0.01
132403,0.21
132404,0.42
132405,0.07
132406,0.02
132407,0.4
132408,0.0
132409,0.0
132410,0.05
132411,0.17
132412,0.0
132413,0.13
132414,0.02
132415,0.02
132416,0.12
132417,0.02
132418,0.03
132419,0.0
132420,0.13
132421,0.17
132422,0.02
132423,0.05
132424,0.26
132425,0.0
132426,0.02
132427,0.05
132428,0.18
132429,0.02
132430,0.0
132431,0.0
132432,0.0
132433,0.02
132434,0.01
132435,0.05
132436,0.0
132437,0.01
132438,0.14
132439,0.0
132440,0.01
132441,0.0
132442,0.11
132443,0.07
132444,0.01
132445,0.0
132446,0.02
132447,0.03
132448,0.02
132449,0.36
132450,0.19
132451,0.0
132452,0.01
132453,0.02
132454,0.35
132455,0.02
132456,0.0
132457,0.05
132458,0.01
132459,0.0
132460,0.0
132461,0.01
132462,0.01
132463,0.02
132464,0.04
132465,0.23
132466,0.06
132467,0.07
132468,0.28
132469,0.0
132470,0.05
132471,0.16
132472,0.0
132473,0.03
132474,0.0
132475,0.01
132476,0.05
132477,0.09
132478,0.1
132479,0.07
132480,0.0
132481,0.19
132482,0.02
132483,0.0
132484,0.01
132485,0.01
132486,0.01
132487,0.02
132488,0.0
132489,0.06
132490,0.06
132491,0.04
132492,0.0
132493,0.02
132494,0.0
132495,0.0
132496,0.0
132497,0.07
132498,0.04
132499,0.01
132500,0.49
132501,0.0
132502,0.0
132503,0.07
132504,0.0
132505,0.01
132506,0.01
132507,0.22
132508,0.04
132509,0.01
132510,0.21
132511,0.01
132512,0.0
132513,0.05
132514,0.07
132515,0.3
132516,0.03
132517,0.14
132518,0.17
132519,0.0
132520,0.01
132521,0.22
132522,0.0
132523,0.01
132524,0.13
132525,0.0
132526,0.02
132527,0.01
132528,0.04
132529,0.0
132530,0.0
132531,0.02
132532,0.01
132533,0.05
132534,0.18
132535,0.01
132536,0.02
132537,0.0
132538,0.0
132539,0.0
132540,0.02
132541,0.05
132542,0.0
132543,0.0
132544,0.05
132545,0.01
132546,0.0
132547,0.0
132548,0.38
132549,0.17
132550,0.03
132551,0.0
132552,0.01
132553,0.03
132554,0.08
132555,0.01
132556,0.29
132557,0.14
132558,0.01
132559,0.08
132560,0.0
132561,0.06
132562,0.0
132563,0.12
132564,0.0
132565,0.07
132566,0.02
132567,0.1
132568,0.06
132569,0.04
132570,0.0
132571,0.02
132572,0.0
132573,0.0
132574,0.03
132575,0.03
132576,0.01
132577,0.13
132578,0.03
132579,0.36
132580,0.09
132581,0.21
132582,0.0
132583,0.0
132584,0.03
132585,0.09
132586,0.0
132587,0.05
132588,0.0
132589,0.01
132590,0.01
132591,0.02
132592,0.02
132593,0.2
132594,0.03
132595,0.12
132596,0.01
132597,0.03
132598,0.0
132599,0.0
132600,0.0
132601,0.0
132602,0.0
132603,0.15
132604,0.09
132605,0.42
132606,0.02
132607,0.0
132608,0.03
132609,0.02
132610,0.17
132611,0.36
132612,0.0
132613,0.01
132614,0.07
132615,0.56
132616,0.23
132617,0.0
132618,0.04
132619,0.03
132620,0.0
132621,0.07
132622,0.0
132623,0.0
132624,0.0
132625,0.1
132626,0.0
132627,0.02
132628,0.33
132629,0.1
132630,0.08
132631,0.0
132632,0.09
132633,0.0
132634,0.06
132635,0.0
132636,0.05
132637,0.0
132638,0.02
132639,0.1
132640,0.13
132641,0.31
132642,0.02
132643,0.01
132644,0.03
132645,0.0
132646,0.03
132647,0.34
132648,0.0
132649,0.0
132650,0.0
132651,0.04
132652,0.01
132653,0.2
132654,0.18
132655,0.0
132656,0.01
132657,0.17
132658,0.29
132659,0.01
132660,0.0
132661,0.02
132662,0.34
132663,0.01
132664,0.05
132665,0.07
132666,0.03
132667,0.1
132668,0.23
132669,0.01
132670,0.01
132671,0.0
132672,0.03
132673,0.2
132674,0.08
132675,0.04
132676,0.14
132677,0.02
132678,0.0
132679,0.01
132680,0.01
132681,0.0
132682,0.0
132683,0.13
132684,0.46
132685,0.01
132686,0.04
132687,0.35
132688,0.02
132689,0.02
132690,0.0
132691,0.27
132692,0.01
132693,0.02
132694,0.14
132695,0.0
132696,0.0
132697,0.0
132698,0.01
132699,0.14
132700,0.01
132701,0.09
132702,0.02
132703,0.12
132704,0.04
132705,0.09
132706,0.07
132707,0.0
132708,0.0
132709,0.11
132710,0.06
132711,0.04
132712,0.1
132713,0.0
132714,0.0
132715,0.02
132716,0.04
132717,0.01
132718,0.05
132719,0.01
132720,0.05
132721,0.0
132722,0.44
132723,0.0
132724,0.1
132725,0.03
132726,0.01
132727,0.44
132728,0.01
132729,0.11
132730,0.07
132731,0.01
132732,0.0
132733,0.0
132734,0.02
132735,0.34
132736,0.45
132737,0.03
132738,0.04
132739,0.56
132740,0.0
132741,0.13
132742,0.0
132743,0.01
132744,0.02
132745,0.0
132746,0.04
132747,0.01
132748,0.01
132749,0.04
132750,0.02
132751,0.01
132752,0.34
132753,0.02
132754,0.1
132755,0.07
132756,0.02
132757,0.06
132758,0.0
132759,0.0
132760,0.0
132761,0.12
132762,0.01
132763,0.03
132764,0.02
132765,0.0
132766,0.0
132767,0.01
132768,0.1
132769,0.06
132770,0.0
132771,0.18
132772,0.02
132773,0.14
132774,0.07
132775,0.09
132776,0.03
132777,0.09
132778,0.0
132779,0.26
132780,0.01
132781,0.05
132782,0.01
132783,0.02
132784,0.02
132785,0.0
132786,0.26
132787,0.12
132788,0.08
132789,0.22
132790,0.1
132791,0.01
132792,0.07
132793,0.03
132794,0.03
132795,0.01
132796,0.07
132797,0.03
132798,0.0
132799,0.0
132800,0.29
132801,0.01
132802,0.03
132803,0.14
132804,0.05
132805,0.0
132806,0.05
132807,0.03
132808,0.29
132809,0.03
132810,0.0
132811,0.12
132812,0.08
132813,0.13
132814,0.17
132815,0.01
132816,0.02
132817,0.04
132818,0.41
132819,0.32
132820,0.1
132821,0.01
132822,0.0
132823,0.01
132824,0.02
132825,0.0
132826,0.01
132827,0.23
132828,0.01
132829,0.0
132830,0.0
132831,0.3
132832,0.01
132833,0.02
132834,0.0
132835,0.0
132836,0.13
132837,0.03
132838,0.13
132839,0.0
132840,0.01
132841,0.21
132842,0.03
132843,0.0
132844,0.05
132845,0.21
132846,0.01
132847,0.05
132848,0.18
132849,0.07
132850,0.02
132851,0.01
132852,0.02
132853,0.14
132854,0.05
132855,0.01
132856,0.0
132857,0.0
132858,0.04
132859,0.06
132860,0.01
132861,0.03
132862,0.02
132863,0.0
132864,0.01
132865,0.01
132866,0.01
132867,0.06
132868,0.02
132869,0.01
132870,0.01
132871,0.16
132872,0.09
132873,0.0
132874,0.02
132875,0.0
132876,0.0
132877,0.0
132878,0.01
132879,0.0
132880,0.0
132881,0.04
132882,0.02
132883,0.1
132884,0.04
132885,0.0
132886,0.11
132887,0.02
132888,0.01
132889,0.0
132890,0.0
132891,0.0
132892,0.16
132893,0.03
132894,0.03
132895,0.06
132896,0.0
132897,0.15
132898,0.0
132899,0.0
132900,0.28
132901,0.0
132902,0.0
132903,0.0
132904,0.0
132905,0.04
132906,0.0
132907,0.0
132908,0.09
132909,0.02
132910,0.06
132911,0.11
132912,0.0
132913,0.01
132914,0.06
132915,0.11
132916,0.01
132917,0.11
132918,0.01
132919,0.19
132920,0.01
132921,0.09
132922,0.0
132923,0.54
132924,0.2
132925,0.03
132926,0.03
132927,0.05
132928,0.05
132929,0.12
132930,0.01
132931,0.0
132932,0.0
132933,0.0
132934,0.0
132935,0.01
132936,0.0
132937,0.01
132938,0.3
132939,0.0
132940,0.01
132941,0.04
132942,0.01
132943,0.0
132944,0.22
132945,0.01
132946,0.07
132947,0.02
132948,0.35
132949,0.0
132950,0.0
132951,0.0
132952,0.0
132953,0.03
132954,0.04
132955,0.03
132956,0.1
132957,0.0
132958,0.06
132959,0.03
132960,0.0
132961,0.0
132962,0.0
132963,0.06
132964,0.02
132965,0.05
132966,0.01
132967,0.42
132968,0.0
132969,0.05
132970,0.06
132971,0.55
132972,0.0
132973,0.38
132974,0.04
132975,0.07
132976,0.34
132977,0.02
132978,0.73
132979,0.0
132980,0.02
132981,0.0
132982,0.57
132983,0.04
132984,0.02
132985,0.02
132986,0.01
132987,0.06
132988,0.0
132989,0.01
132990,0.03
132991,0.0
132992,0.02
132993,0.02
132994,0.07
132995,0.0
132996,0.0
132997,0.25
132998,0.08
132999,0.05
133000,0.0
133001,0.0
133002,0.01
133003,0.0
133004,0.0
133005,0.05
133006,0.19
133007,0.01
133008,0.01
133009,0.01
133010,0.0
133011,0.01
133012,0.0
133013,0.01
133014,0.0
133015,0.05
133016,0.0
133017,0.04
133018,0.01
133019,0.36
133020,0.31
133021,0.01
133022,0.06
133023,0.05
133024,0.0
133025,0.03
133026,0.0
133027,0.03
133028,0.07
133029,0.0
133030,0.0
133031,0.01
133032,0.05
133033,0.0
133034,0.32
133035,0.04
133036,0.0
133037,0.0
133038,0.0
133039,0.0
133040,0.01
133041,0.0
133042,0.19
133043,0.04
133044,0.44
133045,0.0
133046,0.09
133047,0.04
133048,0.01
133049,0.09
133050,0.0
133051,0.0
133052,0.03
133053,0.03
133054,0.06
133055,0.01
133056,0.02
133057,0.0
133058,0.02
133059,0.0
133060,0.48
133061,0.0
133062,0.19
133063,0.13
133064,0.61
133065,0.06
133066,0.0
133067,0.0
133068,0.0
133069,0.1
133070,0.01
133071,0.08
133072,0.11
133073,0.02
133074,0.01
133075,0.03
133076,0.3
133077,0.05
133078,0.14
133079,0.07
133080,0.01
133081,0.02
133082,0.05
133083,0.0
133084,0.04
133085,0.0
133086,0.01
133087,0.13
133088,0.0
133089,0.04
133090,0.13
133091,0.0
133092,0.02
133093,0.12
133094,0.02
133095,0.09
133096,0.03
133097,0.03
133098,0.02
133099,0.08
133100,0.06
133101,0.0
133102,0.0
133103,0.01
133104,0.28
133105,0.0
133106,0.02
133107,0.12
133108,0.05
133109,0.57
133110,0.08
133111,0.0
133112,0.12
133113,0.26
133114,0.0
133115,0.02
133116,0.03
133117,0.03
133118,0.04
133119,0.22
133120,0.02
133121,0.05
133122,0.02
133123,0.07
133124,0.01
133125,0.02
133126,0.0
133127,0.14
133128,0.05
133129,0.16
133130,0.36
133131,0.0
133132,0.1
133133,0.01
133134,0.0
133135,0.0
133136,0.0
133137,0.48
133138,0.09
133139,0.22
133140,0.0
133141,0.13
133142,0.0
133143,0.0
133144,0.1
133145,0.0
133146,0.2
133147,0.14
133148,0.53
133149,0.04
133150,0.08
133151,0.46
133152,0.48
133153,0.08
133154,0.17
133155,0.02
133156,0.0
133157,0.0
133158,0.0
133159,0.0
133160,0.0
133161,0.04
133162,0.16
133163,0.13
133164,0.06
133165,0.1
133166,0.0
133167,0.11
133168,0.02
133169,0.03
133170,0.07
133171,0.0
133172,0.46
133173,0.02
133174,0.01
133175,0.14
133176,0.0
133177,0.0
133178,0.02
133179,0.01
133180,0.0
133181,0.0
133182,0.02
133183,0.16
133184,0.01
133185,0.1
133186,0.0
133187,0.03
133188,0.36
133189,0.0
133190,0.05
133191,0.35
133192,0.19
133193,0.1
133194,0.03
133195,0.09
133196,0.1
133197,0.0
133198,0.01
133199,0.27
133200,0.1
133201,0.02
133202,0.0
133203,0.04
133204,0.2
133205,0.01
133206,0.04
133207,0.09
133208,0.0
133209,0.1
133210,0.12
133211,0.0
133212,0.1
133213,0.07
133214,0.0
133215,0.05
133216,0.11
133217,0.0
133218,0.0
133219,0.36
133220,0.12
133221,0.21
133222,0.01
133223,0.07
133224,0.0
133225,0.01
133226,0.02
133227,0.03
133228,0.04
133229,0.01
133230,0.16
133231,0.35
133232,0.03
133233,0.01
133234,0.01
133235,0.0
133236,0.01
133237,0.18
133238,0.0
133239,0.0
133240,0.0
133241,0.07
133242,0.0
133243,0.01
133244,0.06
133245,0.14
133246,0.0
133247,0.14
133248,0.14
133249,0.02
133250,0.01
133251,0.0
133252,0.11
133253,0.0
133254,0.34
133255,0.02
133256,0.16
133257,0.0
133258,0.01
133259,0.02
133260,0.01
133261,0.02
133262,0.0
133263,0.26
133264,0.17
133265,0.02
133266,0.01
133267,0.2
133268,0.04
133269,0.01
133270,0.18
133271,0.06
133272,0.01
133273,0.01
133274,0.0
133275,0.03
133276,0.0
133277,0.66
133278,0.03
133279,0.02
133280,0.05
133281,0.01
133282,0.0
133283,0.52
133284,0.0
133285,0.01
133286,0.01
133287,0.01
133288,0.01
133289,0.0
133290,0.01
133291,0.4
133292,0.02
133293,0.0
133294,0.01
133295,0.01
133296,0.29
133297,0.0
133298,0.42
133299,0.56
133300,0.06
133301,0.01
133302,0.47
133303,0.01
133304,0.12
133305,0.13
133306,0.03
133307,0.01
133308,0.07
133309,0.0
133310,0.01
133311,0.0
133312,0.24
133313,0.25
133314,0.0
133315,0.03
133316,0.01
133317,0.01
133318,0.63
133319,0.01
133320,0.01
133321,0.0
133322,0.01
133323,0.05
133324,0.02
133325,0.0
133326,0.0
133327,0.01
133328,0.01
133329,0.0
133330,0.03
133331,0.02
133332,0.27
133333,0.0
133334,0.0
133335,0.03
133336,0.17
133337,0.0
133338,0.14
133339,0.19
133340,0.01
133341,0.0
133342,0.0
133343,0.01
133344,0.01
133345,0.4
133346,0.09
133347,0.02
133348,0.03
133349,0.02
133350,0.0
133351,0.23
133352,0.03
133353,0.01
133354,0.03
133355,0.06
133356,0.03
133357,0.11
133358,0.0
133359,0.02
133360,0.01
133361,0.02
133362,0.0
133363,0.13
133364,0.06
133365,0.0
133366,0.49
133367,0.12
133368,0.06
133369,0.49
133370,0.22
133371,0.02
133372,0.41
133373,0.01
133374,0.0
133375,0.0
133376,0.05
133377,0.04
133378,0.0
133379,0.01
133380,0.01
133381,0.08
133382,0.14
133383,0.62
133384,0.0
133385,0.0
133386,0.09
133387,0.01
133388,0.02
133389,0.0
133390,0.0
133391,0.36
133392,0.0
133393,0.03
133394,0.0
133395,0.01
133396,0.02
133397,0.05
133398,0.01
133399,0.36
133400,0.01
133401,0.08
133402,0.07
133403,0.0
133404,0.0
133405,0.16
133406,0.05
133407,0.05
133408,0.02
133409,0.08
133410,0.0
133411,0.01
133412,0.0
133413,0.06
133414,0.01
133415,0.09
133416,0.02
133417,0.13
133418,0.66
133419,0.0
133420,0.0
133421,0.0
133422,0.11
133423,0.01
133424,0.14
133425,0.05
133426,0.02
133427,0.0
133428,0.01
133429,0.16
133430,0.0
133431,0.06
133432,0.01
133433,0.36
133434,0.01
133435,0.01
133436,0.06
133437,0.03
133438,0.08
133439,0.13
133440,0.02
133441,0.02
133442,0.03
133443,0.06
133444,0.49
133445,0.0
133446,0.03
133447,0.23
133448,0.0
133449,0.02
133450,0.13
133451,0.01
133452,0.03
133453,0.01
133454,0.13
133455,0.0
133456,0.0
133457,0.02
133458,0.01
133459,0.01
133460,0.21
133461,0.14
133462,0.04
133463,0.01
133464,0.0
133465,0.01
133466,0.01
133467,0.27
133468,0.02
133469,0.0
133470,0.27
133471,0.07
133472,0.11
133473,0.3
133474,0.51
133475,0.0
133476,0.0
133477,0.05
133478,0.0
133479,0.07
133480,0.01
133481,0.04
133482,0.01
133483,0.0
133484,0.09
133485,0.08
133486,0.06
133487,0.02
133488,0.01
133489,0.0
133490,0.0
133491,0.05
133492,0.01
133493,0.01
133494,0.01
133495,0.0
133496,0.09
133497,0.02
133498,0.01
133499,0.04
133500,0.58
133501,0.0
133502,0.0
133503,0.01
133504,0.01
133505,0.0
133506,0.05
133507,0.05
133508,0.0
133509,0.2
133510,0.01
133511,0.01
133512,0.01
133513,0.01
133514,0.0
133515,0.17
133516,0.0
133517,0.03
133518,0.39
133519,0.03
133520,0.0
133521,0.0
133522,0.02
133523,0.06
133524,0.02
133525,0.09
133526,0.0
133527,0.58
133528,0.0
133529,0.04
133530,0.0
133531,0.0
133532,0.0
133533,0.0
133534,0.01
133535,0.13
133536,0.01
133537,0.01
133538,0.0
133539,0.01
133540,0.02
133541,0.01
133542,0.01
133543,0.06
133544,0.0
133545,0.05
133546,0.06
133547,0.03
133548,0.01
133549,0.0
133550,0.0
133551,0.1
133552,0.0
133553,0.02
133554,0.0
133555,0.01
133556,0.0
133557,0.13
133558,0.01
133559,0.01
133560,0.06
133561,0.08
133562,0.11
133563,0.01
133564,0.02
133565,0.01
133566,0.09
133567,0.08
133568,0.02
133569,0.01
133570,0.01
133571,0.4
133572,0.35
133573,0.02
133574,0.02
133575,0.13
133576,0.02
133577,0.0
133578,0.14
133579,0.0
133580,0.0
133581,0.03
133582,0.0
133583,0.03
133584,0.0
133585,0.06
133586,0.04
133587,0.01
133588,0.0
133589,0.0
133590,0.36
133591,0.0
133592,0.11
133593,0.01
133594,0.03
133595,0.08
133596,0.04
133597,0.01
133598,0.09
133599,0.0
133600,0.4
133601,0.33
133602,0.11
133603,0.01
133604,0.01
133605,0.0
133606,0.05
133607,0.0
133608,0.21
133609,0.08
133610,0.13
133611,0.01
133612,0.01
133613,0.0
133614,0.0
133615,0.01
133616,0.01
133617,0.0
133618,0.0
133619,0.01
133620,0.02
133621,0.03
133622,0.13
133623,0.0
133624,0.02
133625,0.0
133626,0.02
133627,0.18
133628,0.0
133629,0.0
133630,0.0
133631,0.12
133632,0.1
133633,0.01
133634,0.02
133635,0.03
133636,0.0
133637,0.11
133638,0.01
133639,0.23
133640,0.03
133641,0.0
133642,0.04
133643,0.07
133644,0.02
133645,0.01
133646,0.01
133647,0.01
133648,0.07
133649,0.03
133650,0.0
133651,0.0
133652,0.0
133653,0.01
133654,0.01
133655,0.0
133656,0.01
133657,0.02
133658,0.0
133659,0.0
133660,0.02
133661,0.27
133662,0.01
133663,0.02
133664,0.21
133665,0.03
133666,0.03
133667,0.07
133668,0.0
133669,0.05
133670,0.05
133671,0.04
133672,0.0
133673,0.0
133674,0.02
133675,0.06
133676,0.01
133677,0.06
133678,0.01
133679,0.0
133680,0.31
133681,0.02
133682,0.0
133683,0.07
133684,0.01
133685,0.0
133686,0.0
133687,0.1
133688,0.0
133689,0.15
133690,0.03
133691,0.01
133692,0.01
133693,0.03
133694,0.03
133695,0.02
133696,0.34
133697,0.03
133698,0.04
133699,0.04
133700,0.3
133701,0.03
133702,0.0
133703,0.2
133704,0.01
133705,0.1
133706,0.0
133707,0.02
133708,0.03
133709,0.03
133710,0.01
133711,0.04
133712,0.0
133713,0.03
133714,0.04
133715,0.13
133716,0.03
133717,0.31
133718,0.0
133719,0.05
133720,0.0
133721,0.0
133722,0.0
133723,0.07
133724,0.12
133725,0.11
133726,0.0
133727,0.0
133728,0.14
133729,0.1
133730,0.06
133731,0.07
133732,0.0
133733,0.03
133734,0.0
133735,0.0
133736,0.05
133737,0.03
133738,0.0
133739,0.08
133740,0.05
133741,0.01
133742,0.07
133743,0.01
133744,0.02
133745,0.01
133746,0.03
133747,0.02
133748,0.0
133749,0.0
133750,0.22
133751,0.15
133752,0.0
133753,0.12
133754,0.31
133755,0.01
133756,0.0
133757,0.0
133758,0.17
133759,0.01
133760,0.0
133761,0.01
133762,0.0
133763,0.19
133764,0.01
133765,0.06
133766,0.0
133767,0.01
133768,0.01
133769,0.0
133770,0.0
133771,0.02
133772,0.02
133773,0.04
133774,0.21
133775,0.05
133776,0.06
133777,0.07
133778,0.02
133779,0.0
133780,0.05
133781,0.51
133782,0.04
133783,0.01
133784,0.21
133785,0.07
133786,0.04
133787,0.09
133788,0.1
133789,0.0
133790,0.07
133791,0.02
133792,0.06
133793,0.1
133794,0.04
133795,0.0
133796,0.02
133797,0.0
133798,0.01
133799,0.0
133800,0.01
133801,0.02
133802,0.03
133803,0.03
133804,0.0
133805,0.0
133806,0.0
133807,0.11
133808,0.1
133809,0.1
133810,0.04
133811,0.0
133812,0.01
133813,0.0
133814,0.12
133815,0.02
133816,0.0
133817,0.0
133818,0.0
133819,0.0
133820,0.0
133821,0.0
133822,0.04
133823,0.18
133824,0.04
133825,0.01
133826,0.01
133827,0.01
133828,0.05
133829,0.04
133830,0.05
133831,0.06
133832,0.02
133833,0.26
133834,0.26
133835,0.04
133836,0.0
133837,0.12
133838,0.08
133839,0.08
133840,0.06
133841,0.24
133842,0.02
133843,0.01
133844,0.05
133845,0.0
133846,0.03
133847,0.12
133848,0.04
133849,0.03
133850,0.0
133851,0.48
133852,0.01
133853,0.0
133854,0.01
133855,0.09
133856,0.0
133857,0.02
133858,0.02
133859,0.0
133860,0.0
133861,0.04
133862,0.05
133863,0.05
133864,0.03
133865,0.04
133866,0.02
133867,0.01
133868,0.34
133869,0.52
133870,0.05
133871,0.0
133872,0.02
133873,0.0
133874,0.04
133875,0.04
133876,0.04
133877,0.07
133878,0.05
133879,0.04
133880,0.14
133881,0.01
133882,0.0
133883,0.11
133884,0.01
133885,0.12
133886,0.04
133887,0.13
133888,0.1
133889,0.2
133890,0.02
133891,0.02
133892,0.04
133893,0.0
133894,0.02
133895,0.11
133896,0.13
133897,0.02
133898,0.01
133899,0.01
133900,0.14
133901,0.02
133902,0.26
133903,0.0
133904,0.02
133905,0.0
133906,0.22
133907,0.0
133908,0.28
133909,0.17
133910,0.0
133911,0.07
133912,0.0
133913,0.01
133914,0.19
133915,0.02
133916,0.01
133917,0.0
133918,0.0
133919,0.01
133920,0.02
133921,0.06
133922,0.02
133923,0.09
133924,0.0
133925,0.14
133926,0.02
133927,0.06
133928,0.02
133929,0.04
133930,0.01
133931,0.02
133932,0.02
133933,0.0
133934,0.05
133935,0.02
133936,0.14
133937,0.66
133938,0.21
133939,0.0
133940,0.03
133941,0.0
133942,0.0
133943,0.29
133944,0.01
133945,0.01
133946,0.1
133947,0.07
133948,0.0
133949,0.05
133950,0.05
133951,0.05
133952,0.0
133953,0.0
133954,0.0
133955,0.01
133956,0.01
133957,0.01
133958,0.03
133959,0.31
133960,0.0
133961,0.02
133962,0.08
133963,0.02
133964,0.0
133965,0.0
133966,0.0
133967,0.05
133968,0.0
133969,0.0
133970,0.02
133971,0.03
133972,0.18
133973,0.01
133974,0.0
133975,0.07
133976,0.17
133977,0.44
133978,0.01
133979,0.04
133980,0.02
133981,0.04
133982,0.02
133983,0.04
133984,0.03
133985,0.33
133986,0.0
133987,0.06
133988,0.0
133989,0.24
133990,0.01
133991,0.1
133992,0.06
133993,0.02
133994,0.0
133995,0.57
133996,0.0
133997,0.0
133998,0.0
133999,0.0
134000,0.09
134001,0.03
134002,0.01
134003,0.13
134004,0.04
134005,0.39
134006,0.01
134007,0.16
134008,0.01
134009,0.0
134010,0.04
134011,0.05
134012,0.0
134013,0.25
134014,0.03
134015,0.18
134016,0.02
134017,0.09
134018,0.01
134019,0.6
134020,0.05
134021,0.04
134022,0.07
134023,0.0
134024,0.09
134025,0.28
134026,0.07
134027,0.0
134028,0.0
134029,0.01
134030,0.02
134031,0.0
134032,0.0
134033,0.01
134034,0.39
134035,0.03
134036,0.09
134037,0.0
134038,0.0
134039,0.19
134040,0.07
134041,0.0
134042,0.06
134043,0.02
134044,0.0
134045,0.0
134046,0.06
134047,0.03
134048,0.05
134049,0.03
134050,0.01
134051,0.01
134052,0.02
134053,0.02
134054,0.06
134055,0.01
134056,0.12
134057,0.01
134058,0.01
134059,0.02
134060,0.0
134061,0.4
134062,0.07
134063,0.0
134064,0.22
134065,0.43
134066,0.03
134067,0.23
134068,0.03
134069,0.06
134070,0.32
134071,0.05
134072,0.0
134073,0.02
134074,0.01
134075,0.06
134076,0.01
134077,0.08
134078,0.5
134079,0.16
134080,0.0
134081,0.0
134082,0.04
134083,0.07
134084,0.01
134085,0.01
134086,0.03
134087,0.01
134088,0.0
134089,0.46
134090,0.0
134091,0.18
134092,0.0
134093,0.07
134094,0.07
134095,0.0
134096,0.03
134097,0.03
134098,0.0
134099,0.02
134100,0.04
134101,0.0
134102,0.01
134103,0.04
134104,0.02
134105,0.08
134106,0.03
134107,0.07
134108,0.02
134109,0.0
134110,0.0
134111,0.0
134112,0.05
134113,0.01
134114,0.03
134115,0.01
134116,0.06
134117,0.0
134118,0.16
134119,0.02
134120,0.01
134121,0.01
134122,0.01
134123,0.0
134124,0.0
134125,0.04
134126,0.01
134127,0.27
134128,0.04
134129,0.05
134130,0.01
134131,0.0
134132,0.0
134133,0.13
134134,0.0
134135,0.02
134136,0.25
134137,0.04
134138,0.05
134139,0.24
134140,0.01
134141,0.02
134142,0.02
134143,0.14
134144,0.09
134145,0.0
134146,0.22
134147,0.01
134148,0.08
134149,0.04
134150,0.08
134151,0.1
134152,0.0
134153,0.12
134154,0.0
134155,0.0
134156,0.01
134157,0.01
134158,0.02
134159,0.37
134160,0.03
134161,0.17
134162,0.04
134163,0.04
134164,0.2
134165,0.0
134166,0.04
134167,0.01
134168,0.08
134169,0.12
134170,0.01
134171,0.08
134172,0.26
134173,0.01
134174,0.04
134175,0.02
134176,0.2
134177,0.0
134178,0.0
134179,0.01
134180,0.02
134181,0.0
134182,0.41
134183,0.02
134184,0.02
134185,0.02
134186,0.02
134187,0.12
134188,0.07
134189,0.0
134190,0.06
134191,0.02
134192,0.03
134193,0.06
134194,0.04
134195,0.0
134196,0.03
134197,0.21
134198,0.0
134199,0.05
134200,0.0
134201,0.06
134202,0.02
134203,0.2
134204,0.04
134205,0.0
134206,0.3
134207,0.0
134208,0.01
134209,0.01
134210,0.27
134211,0.0
134212,0.22
134213,0.06
134214,0.02
134215,0.0
134216,0.01
134217,0.22
134218,0.06
134219,0.15
134220,0.04
134221,0.0
134222,0.01
134223,0.0
134224,0.14
134225,0.02
134226,0.06
134227,0.05
134228,0.39
134229,0.02
134230,0.22
134231,0.01
134232,0.52
134233,0.02
134234,0.2
134235,0.01
134236,0.01
134237,0.05
134238,0.02
134239,0.01
134240,0.0
134241,0.03
134242,0.38
134243,0.01
134244,0.0
134245,0.03
134246,0.09
134247,0.05
134248,0.04
134249,0.03
134250,0.03
134251,0.01
134252,0.01
134253,0.09
134254,0.02
134255,0.0
134256,0.06
134257,0.03
134258,0.05
134259,0.01
134260,0.02
134261,0.03
134262,0.02
134263,0.03
134264,0.04
134265,0.0
134266,0.0
134267,0.0
134268,0.0
134269,0.05
134270,0.17
134271,0.02
134272,0.0
134273,0.02
134274,0.01
134275,0.05
134276,0.0
134277,0.04
134278,0.51
134279,0.04
134280,0.09
134281,0.0
134282,0.03
134283,0.29
134284,0.02
134285,0.34
134286,0.0
134287,0.01
134288,0.09
134289,0.0
134290,0.0
134291,0.0
134292,0.3
134293,0.0
134294,0.21
134295,0.0
134296,0.1
134297,0.01
134298,0.16
134299,0.0
134300,0.25
134301,0.08
134302,0.0
134303,0.0
134304,0.24
134305,0.03
134306,0.04
134307,0.03
134308,0.02
134309,0.01
134310,0.04
134311,0.01
134312,0.02
134313,0.01
134314,0.0
134315,0.01
134316,0.03
134317,0.2
134318,0.04
134319,0.11
134320,0.0
134321,0.0
134322,0.02
134323,0.07
134324,0.12
134325,0.02
134326,0.0
134327,0.05
134328,0.05
134329,0.05
134330,0.0
134331,0.1
134332,0.0
134333,0.05
134334,0.3
134335,0.0
134336,0.0
134337,0.0
134338,0.04
134339,0.19
134340,0.0
134341,0.05
134342,0.03
134343,0.0
134344,0.0
134345,0.0
134346,0.01
134347,0.03
134348,0.01
134349,0.0
134350,0.07
134351,0.0
134352,0.15
134353,0.02
134354,0.01
134355,0.02
134356,0.45
134357,0.1
134358,0.03
134359,0.24
134360,0.01
134361,0.17
134362,0.01
134363,0.46
134364,0.04
134365,0.03
134366,0.04
134367,0.08
134368,0.14
134369,0.02
134370,0.16
134371,0.09
134372,0.18
134373,0.32
134374,0.18
134375,0.06
134376,0.04
134377,0.0
134378,0.0
134379,0.01
134380,0.0
134381,0.12
134382,0.0
134383,0.01
134384,0.0
134385,0.44
134386,0.0
134387,0.03
134388,0.02
134389,0.05
134390,0.01
134391,0.02
134392,0.3
134393,0.0
134394,0.06
134395,0.06
134396,0.12
134397,0.01
134398,0.0
134399,0.06
134400,0.02
134401,0.15
134402,0.0
134403,0.0
134404,0.1
134405,0.01
134406,0.04
134407,0.12
134408,0.0
134409,0.0
134410,0.0
134411,0.07
134412,0.1
134413,0.0
134414,0.02
134415,0.25
134416,0.02
134417,0.11
134418,0.03
134419,0.03
134420,0.01
134421,0.0
134422,0.1
134423,0.02
134424,0.0
134425,0.39
134426,0.0
134427,0.08
134428,0.06
134429,0.07
134430,0.03
134431,0.04
134432,0.02
134433,0.03
134434,0.0
134435,0.01
134436,0.0
134437,0.04
134438,0.0
134439,0.0
134440,0.01
134441,0.01
134442,0.03
134443,0.0
134444,0.03
134445,0.07
134446,0.04
134447,0.13
134448,0.01
134449,0.0
134450,0.01
134451,0.06
134452,0.31
134453,0.02
134454,0.54
134455,0.38
134456,0.1
134457,0.39
134458,0.02
134459,0.01
134460,0.0
134461,0.02
134462,0.03
134463,0.0
134464,0.0
134465,0.05
134466,0.08
134467,0.04
134468,0.01
134469,0.1
134470,0.06
134471,0.07
134472,0.01
134473,0.17
134474,0.27
134475,0.18
134476,0.02
134477,0.01
134478,0.06
134479,0.13
134480,0.02
134481,0.37
134482,0.0
134483,0.0
134484,0.31
134485,0.17
134486,0.13
134487,0.0
134488,0.0
134489,0.02
134490,0.0
134491,0.17
134492,0.18
134493,0.7
134494,0.01
134495,0.0
134496,0.07
134497,0.51
134498,0.12
134499,0.01
134500,0.62
134501,0.0
134502,0.05
134503,0.04
134504,0.05
134505,0.16
134506,0.06
134507,0.0
134508,0.04
134509,0.0
134510,0.05
134511,0.0
134512,0.01
134513,0.02
134514,0.01
134515,0.02
134516,0.01
134517,0.58
134518,0.0
134519,0.01
134520,0.0
134521,0.1
134522,0.03
134523,0.0
134524,0.05
134525,0.06
134526,0.0
134527,0.02
134528,0.01
134529,0.06
134530,0.01
134531,0.02
134532,0.0
134533,0.04
134534,0.0
134535,0.04
134536,0.01
134537,0.08
134538,0.0
134539,0.0
134540,0.12
134541,0.01
134542,0.01
134543,0.01
134544,0.0
134545,0.07
134546,0.1
134547,0.0
134548,0.43
134549,0.01
134550,0.3
134551,0.2
134552,0.2
134553,0.0
134554,0.0
134555,0.0
134556,0.0
134557,0.01
134558,0.06
134559,0.01
134560,0.05
134561,0.03
134562,0.31
134563,0.13
134564,0.02
134565,0.0
134566,0.18
134567,0.06
134568,0.38
134569,0.0
134570,0.02
134571,0.03
134572,0.05
134573,0.01
134574,0.0
134575,0.33
134576,0.14
134577,0.01
134578,0.0
134579,0.0
134580,0.06
134581,0.0
134582,0.01
134583,0.01
134584,0.01
134585,0.41
134586,0.0
134587,0.13
134588,0.01
134589,0.02
134590,0.08
134591,0.01
134592,0.06
134593,0.29
134594,0.01
134595,0.02
134596,0.01
134597,0.03
134598,0.23
134599,0.0
134600,0.04
134601,0.03
134602,0.21
134603,0.04
134604,0.01
134605,0.17
134606,0.04
134607,0.03
134608,0.02
134609,0.05
134610,0.08
134611,0.1
134612,0.0
134613,0.0
134614,0.0
134615,0.15
134616,0.11
134617,0.01
134618,0.17
134619,0.01
134620,0.18
134621,0.05
134622,0.1
134623,0.11
134624,0.35
134625,0.02
134626,0.0
134627,0.02
134628,0.0
134629,0.16
134630,0.0
134631,0.1
134632,0.02
134633,0.03
134634,0.09
134635,0.0
134636,0.34
134637,0.03
134638,0.03
134639,0.0
134640,0.12
134641,0.04
134642,0.02
134643,0.01
134644,0.01
134645,0.33
134646,0.06
134647,0.04
134648,0.31
134649,0.0
134650,0.13
134651,0.01
134652,0.07
134653,0.0
134654,0.2
134655,0.69
134656,0.0
134657,0.0
134658,0.03
134659,0.01
134660,0.02
134661,0.25
134662,0.0
134663,0.0
134664,0.03
134665,0.09
134666,0.0
134667,0.0
134668,0.47
134669,0.02
134670,0.39
134671,0.0
134672,0.0
134673,0.09
134674,0.01
134675,0.0
134676,0.05
134677,0.03
134678,0.01
134679,0.0
134680,0.0
134681,0.01
134682,0.05
134683,0.01
134684,0.07
134685,0.0
134686,0.04
134687,0.0
134688,0.0
134689,0.02
134690,0.05
134691,0.03
134692,0.02
134693,0.01
134694,0.01
134695,0.03
134696,0.49
134697,0.36
134698,0.08
134699,0.04
134700,0.02
134701,0.03
134702,0.58
134703,0.0
134704,0.01
134705,0.01
134706,0.01
134707,0.09
134708,0.02
134709,0.08
134710,0.01
134711,0.04
134712,0.02
134713,0.01
134714,0.18
134715,0.16
134716,0.0
134717,0.0
134718,0.05
134719,0.01
134720,0.04
134721,0.0
134722,0.02
134723,0.05
134724,0.0
134725,0.09
134726,0.01
134727,0.0
134728,0.0
134729,0.04
134730,0.0
134731,0.0
134732,0.07
134733,0.01
134734,0.0
134735,0.0
134736,0.85
134737,0.09
134738,0.0
134739,0.04
134740,0.02
134741,0.01
134742,0.04
134743,0.0
134744,0.0
134745,0.07
134746,0.01
134747,0.05
134748,0.01
134749,0.02
134750,0.02
134751,0.02
134752,0.0
134753,0.02
134754,0.0
134755,0.69
134756,0.45
134757,0.02
134758,0.01
134759,0.0
134760,0.06
134761,0.02
134762,0.0
134763,0.02
134764,0.0
134765,0.05
134766,0.17
134767,0.01
134768,0.05
134769,0.0
134770,0.02
134771,0.09
134772,0.08
134773,0.06
134774,0.02
134775,0.1
134776,0.0
134777,0.0
134778,0.26
134779,0.01
134780,0.03
134781,0.01
134782,0.0
134783,0.04
134784,0.0
134785,0.0
134786,0.0
134787,0.5
134788,0.0
134789,0.01
134790,0.03
134791,0.04
134792,0.0
134793,0.29
134794,0.02
134795,0.09
134796,0.0
134797,0.0
134798,0.03
134799,0.02
134800,0.03
134801,0.0
134802,0.01
134803,0.0
134804,0.01
134805,0.01
134806,0.03
134807,0.06
134808,0.01
134809,0.02
134810,0.01
134811,0.0
134812,0.03
134813,0.16
134814,0.01
134815,0.01
134816,0.01
134817,0.04
134818,0.02
134819,0.02
134820,0.07
134821,0.0
134822,0.03
134823,0.26
134824,0.02
134825,0.01
134826,0.01
134827,0.0
134828,0.06
134829,0.24
134830,0.02
134831,0.01
134832,0.04
134833,0.0
134834,0.35
134835,0.01
134836,0.72
134837,0.02
134838,0.03
134839,0.0
134840,0.0
134841,0.48
134842,0.0
134843,0.54
134844,0.09
134845,0.01
134846,0.01
134847,0.0
134848,0.0
134849,0.19
134850,0.0
134851,0.51
134852,0.0
134853,0.06
134854,0.02
134855,0.05
134856,0.08
134857,0.0
134858,0.04
134859,0.13
134860,0.03
134861,0.14
134862,0.07
134863,0.0
134864,0.04
134865,0.01
134866,0.25
134867,0.63
134868,0.01
134869,0.0
134870,0.02
134871,0.0
134872,0.0
134873,0.06
134874,0.01
134875,0.0
134876,0.02
134877,0.02
134878,0.01
134879,0.01
134880,0.0
134881,0.07
134882,0.0
134883,0.03
134884,0.04
134885,0.02
134886,0.0
134887,0.05
134888,0.11
134889,0.02
134890,0.18
134891,0.0
134892,0.05
134893,0.05
134894,0.0
134895,0.07
134896,0.01
134897,0.13
134898,0.0
134899,0.0
134900,0.01
134901,0.0
134902,0.19
134903,0.0
134904,0.19
134905,0.01
134906,0.02
134907,0.08
134908,0.0
134909,0.0
134910,0.02
134911,0.02
134912,0.02
134913,0.0
134914,0.03
134915,0.37
134916,0.32
134917,0.0
134918,0.08
134919,0.03
134920,0.03
134921,0.04
134922,0.02
134923,0.07
134924,0.04
134925,0.15
134926,0.17
134927,0.0
134928,0.01
134929,0.06
134930,0.01
134931,0.03
134932,0.13
134933,0.0
134934,0.01
134935,0.12
134936,0.04
134937,0.0
134938,0.03
134939,0.16
134940,0.02
134941,0.02
134942,0.04
134943,0.0
134944,0.08
134945,0.2
134946,0.04
134947,0.28
134948,0.0
134949,0.0
134950,0.03
134951,0.1
134952,0.6
134953,0.23
134954,0.05
134955,0.01
134956,0.16
134957,0.07
134958,0.0
134959,0.01
134960,0.24
134961,0.04
134962,0.02
134963,0.01
134964,0.0
134965,0.01
134966,0.21
134967,0.14
134968,0.01
134969,0.0
134970,0.01
134971,0.09
134972,0.0
134973,0.05
134974,0.01
134975,0.01
134976,0.01
134977,0.0
134978,0.03
134979,0.34
134980,0.0
134981,0.04
134982,0.06
134983,0.04
134984,0.08
134985,0.0
134986,0.02
134987,0.0
134988,0.0
134989,0.6
134990,0.01
134991,0.04
134992,0.01
134993,0.07
134994,0.0
134995,0.02
134996,0.11
134997,0.0
134998,0.0
134999,0.17
135000,0.01
135001,0.05
135002,0.0
135003,0.0
135004,0.03
135005,0.14
135006,0.0
135007,0.0
135008,0.35
135009,0.04
135010,0.0
135011,0.01
135012,0.16
135013,0.0
135014,0.0
135015,0.0
135016,0.0
135017,0.0
135018,0.05
135019,0.0
135020,0.09
135021,0.01
135022,0.44
135023,0.01
135024,0.18
135025,0.11
135026,0.03
135027,0.19
135028,0.01
135029,0.1
135030,0.0
135031,0.06
135032,0.26
135033,0.0
135034,0.0
135035,0.01
135036,0.36
135037,0.0
135038,0.11
135039,0.0
135040,0.0
135041,0.0
135042,0.01
135043,0.03
135044,0.0
135045,0.05
135046,0.0
135047,0.08
135048,0.0
135049,0.01
135050,0.0
135051,0.0
135052,0.04
135053,0.08
135054,0.16
135055,0.0
135056,0.0
135057,0.04
135058,0.03
135059,0.04
135060,0.0
135061,0.03
135062,0.01
135063,0.0
135064,0.0
135065,0.01
135066,0.0
135067,0.14
135068,0.13
135069,0.09
135070,0.03
135071,0.0
135072,0.01
135073,0.02
135074,0.0
135075,0.0
135076,0.02
135077,0.34
135078,0.15
135079,0.01
135080,0.0
135081,0.0
135082,0.19
135083,0.01
135084,0.0
135085,0.19
135086,0.0
135087,0.24
135088,0.03
135089,0.05
135090,0.0
135091,0.1
135092,0.02
135093,0.03
135094,0.13
135095,0.13
135096,0.04
135097,0.13
135098,0.52
135099,0.0
135100,0.26
135101,0.0
135102,0.0
135103,0.2
135104,0.01
135105,0.07
135106,0.0
135107,0.04
135108,0.06
135109,0.08
135110,0.0
135111,0.02
135112,0.01
135113,0.0
135114,0.05
135115,0.01
135116,0.18
135117,0.56
135118,0.0
135119,0.1
135120,0.0
135121,0.0
135122,0.01
135123,0.0
135124,0.01
135125,0.16
135126,0.0
135127,0.13
135128,0.06
135129,0.14
135130,0.16
135131,0.02
135132,0.02
135133,0.04
135134,0.29
135135,0.0
135136,0.0
135137,0.04
135138,0.0
135139,0.01
135140,0.4
135141,0.18
135142,0.0
135143,0.22
135144,0.03
135145,0.0
135146,0.03
135147,0.02
135148,0.08
135149,0.0
135150,0.01
135151,0.0
135152,0.01
135153,0.01
135154,0.03
135155,0.03
135156,0.02
135157,0.02
135158,0.0
135159,0.58
135160,0.04
135161,0.0
135162,0.02
135163,0.0
135164,0.1
135165,0.08
135166,0.23
135167,0.0
135168,0.11
135169,0.0
135170,0.03
135171,0.01
135172,0.0
135173,0.63
135174,0.09
135175,0.07
135176,0.22
135177,0.0
135178,0.09
135179,0.08
135180,0.15
135181,0.0
135182,0.0
135183,0.02
135184,0.03
135185,0.48
135186,0.05
135187,0.14
135188,0.0
135189,0.02
135190,0.01
135191,0.06
135192,0.01
135193,0.21
135194,0.09
135195,0.01
135196,0.11
135197,0.02
135198,0.07
135199,0.03
135200,0.43
135201,0.09
135202,0.01
135203,0.0
135204,0.0
135205,0.0
135206,0.05
135207,0.02
135208,0.01
135209,0.01
135210,0.02
135211,0.75
135212,0.12
135213,0.22
135214,0.27
135215,0.06
135216,0.0
135217,0.0
135218,0.03
135219,0.0
135220,0.04
135221,0.01
135222,0.04
135223,0.0
135224,0.0
135225,0.29
135226,0.01
135227,0.0
135228,0.0
135229,0.51
135230,0.01
135231,0.0
135232,0.01
135233,0.0
135234,0.01
135235,0.03
135236,0.44
135237,0.0
135238,0.09
135239,0.0
135240,0.0
135241,0.04
135242,0.0
135243,0.04
135244,0.0
135245,0.36
135246,0.01
135247,0.0
135248,0.0
135249,0.03
135250,0.19
135251,0.24
135252,0.0
135253,0.04
135254,0.02
135255,0.03
135256,0.08
135257,0.01
135258,0.03
135259,0.07
135260,0.06
135261,0.0
135262,0.04
135263,0.02
135264,0.0
135265,0.02
135266,0.07
135267,0.0
135268,0.07
135269,0.06
135270,0.09
135271,0.03
135272,0.03
135273,0.07
135274,0.16
135275,0.2
135276,0.01
135277,0.01
135278,0.0
135279,0.01
135280,0.02
135281,0.01
135282,0.53
135283,0.15
135284,0.01
135285,0.01
135286,0.11
135287,0.0
135288,0.17
135289,0.07
135290,0.05
135291,0.01
135292,0.01
135293,0.08
135294,0.22
135295,0.24
135296,0.0
135297,0.02
135298,0.12
135299,0.02
135300,0.0
135301,0.03
135302,0.0
135303,0.18
135304,0.09
135305,0.0
135306,0.02
135307,0.17
135308,0.33
135309,0.05
135310,0.0
135311,0.03
135312,0.08
135313,0.0
135314,0.02
135315,0.11
135316,0.03
135317,0.23
135318,0.02
135319,0.18
135320,0.48
135321,0.16
135322,0.04
135323,0.0
135324,0.0
135325,0.31
135326,0.09
135327,0.0
135328,0.03
135329,0.23
135330,0.0
135331,0.02
135332,0.0
135333,0.17
135334,0.0
135335,0.08
135336,0.0
135337,0.01
135338,0.18
135339,0.11
135340,0.4
135341,0.04
135342,0.0
135343,0.0
135344,0.02
135345,0.02
135346,0.03
135347,0.16
135348,0.44
135349,0.02
135350,0.22
135351,0.01
135352,0.01
135353,0.06
135354,0.17
135355,0.0
135356,0.0
135357,0.0
135358,0.0
135359,0.01
135360,0.0
135361,0.0
135362,0.08
135363,0.0
135364,0.01
135365,0.12
135366,0.01
135367,0.0
135368,0.0
135369,0.01
135370,0.33
135371,0.0
135372,0.01
135373,0.04
135374,0.0
135375,0.17
135376,0.0
135377,0.03
135378,0.0
135379,0.01
135380,0.05
135381,0.53
135382,0.0
135383,0.01
135384,0.03
135385,0.07
135386,0.05
135387,0.17
135388,0.0
135389,0.03
135390,0.02
135391,0.0
135392,0.0
135393,0.01
135394,0.18
135395,0.0
135396,0.01
135397,0.0
135398,0.04
135399,0.01
135400,0.0
135401,0.07
135402,0.08
135403,0.16
135404,0.13
135405,0.13
135406,0.05
135407,0.01
135408,0.0
135409,0.01
135410,0.01
135411,0.08
135412,0.11
135413,0.0
135414,0.62
135415,0.0
135416,0.0
135417,0.09
135418,0.27
135419,0.13
135420,0.0
135421,0.01
135422,0.09
135423,0.49
135424,0.01
135425,0.0
135426,0.13
135427,0.08
135428,0.02
135429,0.0
135430,0.01
135431,0.09
135432,0.11
135433,0.01
135434,0.01
135435,0.02
135436,0.0
135437,0.0
135438,0.0
135439,0.01
135440,0.03
135441,0.01
135442,0.04
135443,0.02
135444,0.07
135445,0.08
135446,0.0
135447,0.0
135448,0.05
135449,0.0
135450,0.07
135451,0.03
135452,0.0
135453,0.04
135454,0.0
135455,0.14
135456,0.03
135457,0.0
135458,0.07
135459,0.27
135460,0.0
135461,0.08
135462,0.15
135463,0.01
135464,0.01
135465,0.02
135466,0.0
135467,0.23
135468,0.25
135469,0.29
135470,0.34
135471,0.02
135472,0.03
135473,0.31
135474,0.01
135475,0.01
135476,0.24
135477,0.04
135478,0.05
135479,0.01
135480,0.02
135481,0.01
135482,0.0
135483,0.03
135484,0.03
135485,0.01
135486,0.09
135487,0.33
135488,0.06
135489,0.01
135490,0.0
135491,0.09
135492,0.03
135493,0.01
135494,0.0
135495,0.02
135496,0.02
135497,0.11
135498,0.03
135499,0.0
135500,0.01
135501,0.01
135502,0.22
135503,0.01
135504,0.03
135505,0.0
135506,0.13
135507,0.07
135508,0.0
135509,0.09
135510,0.01
135511,0.07
135512,0.01
135513,0.05
135514,0.04
135515,0.02
135516,0.09
135517,0.03
135518,0.05
135519,0.0
135520,0.12
135521,0.01
135522,0.38
135523,0.02
135524,0.0
135525,0.02
135526,0.01
135527,0.02
135528,0.02
135529,0.04
135530,0.02
135531,0.01
135532,0.04
135533,0.02
135534,0.13
135535,0.0
135536,0.02
135537,0.0
135538,0.03
135539,0.01
135540,0.04
135541,0.08
135542,0.01
135543,0.02
135544,0.02
135545,0.01
135546,0.03
135547,0.07
135548,0.0
135549,0.0
135550,0.0
135551,0.02
135552,0.0
135553,0.04
135554,0.01
135555,0.0
135556,0.05
135557,0.01
135558,0.03
135559,0.0
135560,0.06
135561,0.08
135562,0.0
135563,0.08
135564,0.01
135565,0.02
135566,0.01
135567,0.22
135568,0.0
135569,0.0
135570,0.0
135571,0.01
135572,0.0
135573,0.0
135574,0.0
135575,0.48
135576,0.38
135577,0.04
135578,0.37
135579,0.06
135580,0.0
135581,0.04
135582,0.17
135583,0.02
135584,0.02
135585,0.01
135586,0.03
135587,0.14
135588,0.01
135589,0.01
135590,0.01
135591,0.0
135592,0.07
135593,0.01
135594,0.06
135595,0.07
135596,0.43
135597,0.07
135598,0.01
135599,0.0
135600,0.02
135601,0.03
135602,0.02
135603,0.29
135604,0.0
135605,0.07
135606,0.01
135607,0.03
135608,0.07
135609,0.1
135610,0.0
135611,0.06
135612,0.0
135613,0.01
135614,0.0
135615,0.02
135616,0.07
135617,0.02
135618,0.01
135619,0.0
135620,0.0
135621,0.01
135622,0.01
135623,0.1
135624,0.0
135625,0.2
135626,0.11
135627,0.06
135628,0.0
135629,0.01
135630,0.03
135631,0.01
135632,0.14
135633,0.0
135634,0.0
135635,0.02
135636,0.08
135637,0.05
135638,0.21
135639,0.01
135640,0.41
135641,0.06
135642,0.0
135643,0.0
135644,0.02
135645,0.01
135646,0.0
135647,0.07
135648,0.08
135649,0.04
135650,0.01
135651,0.01
135652,0.0
135653,0.2
135654,0.39
135655,0.01
135656,0.0
135657,0.01
135658,0.0
135659,0.03
135660,0.01
135661,0.01
135662,0.04
135663,0.07
135664,0.03
135665,0.0
135666,0.01
135667,0.04
135668,0.09
135669,0.04
135670,0.03
135671,0.0
135672,0.23
135673,0.06
135674,0.01
135675,0.04
135676,0.1
135677,0.01
135678,0.07
135679,0.05
135680,0.05
135681,0.0
135682,0.01
135683,0.04
135684,0.0
135685,0.35
135686,0.02
135687,0.01
135688,0.03
135689,0.01
135690,0.25
135691,0.04
135692,0.06
135693,0.02
135694,0.02
135695,0.09
135696,0.12
135697,0.02
135698,0.03
135699,0.03
135700,0.33
135701,0.0
135702,0.0
135703,0.0
135704,0.04
135705,0.0
135706,0.27
135707,0.0
135708,0.0
135709,0.0
135710,0.01
135711,0.0
135712,0.0
135713,0.08
135714,0.15
135715,0.01
135716,0.03
135717,0.01
135718,0.0
135719,0.0
135720,0.36
135721,0.01
135722,0.04
135723,0.03
135724,0.03
135725,0.0
135726,0.02
135727,0.02
135728,0.01
135729,0.0
135730,0.02
135731,0.12
135732,0.01
135733,0.05
135734,0.01
135735,0.01
135736,0.31
135737,0.0
135738,0.04
135739,0.07
135740,0.02
135741,0.0
135742,0.0
135743,0.01
135744,0.11
135745,0.0
135746,0.36
135747,0.08
135748,0.04
135749,0.19
135750,0.45
135751,0.0
135752,0.07
135753,0.05
135754,0.3
135755,0.24
135756,0.05
135757,0.03
135758,0.02
135759,0.0
135760,0.01
135761,0.09
135762,0.0
135763,0.01
135764,0.03
135765,0.0
135766,0.02
135767,0.12
135768,0.0
135769,0.04
135770,0.0
135771,0.19
135772,0.01
135773,0.01
135774,0.01
135775,0.0
135776,0.02
135777,0.12
135778,0.05
135779,0.24
135780,0.01
135781,0.14
135782,0.23
135783,0.02
135784,0.0
135785,0.03
135786,0.0
135787,0.03
135788,0.0
135789,0.04
135790,0.02
135791,0.0
135792,0.01
135793,0.18
135794,0.03
135795,0.0
135796,0.0
135797,0.04
135798,0.05
135799,0.01
135800,0.05
135801,0.0
135802,0.0
135803,0.19
135804,0.0
135805,0.15
135806,0.01
135807,0.13
135808,0.04
135809,0.0
135810,0.14
135811,0.14
135812,0.0
135813,0.38
135814,0.04
135815,0.02
135816,0.0
135817,0.01
135818,0.0
135819,0.08
135820,0.01
135821,0.05
135822,0.01
135823,0.01
135824,0.0
135825,0.0
135826,0.0
135827,0.07
135828,0.19
135829,0.04
135830,0.07
135831,0.0
135832,0.01
135833,0.19
135834,0.0
135835,0.01
135836,0.19
135837,0.01
135838,0.01
135839,0.02
135840,0.12
135841,0.08
135842,0.38
135843,0.02
135844,0.02
135845,0.02
135846,0.0
135847,0.01
135848,0.0
135849,0.02
135850,0.08
135851,0.35
135852,0.17
135853,0.02
135854,0.03
135855,0.02
135856,0.03
135857,0.07
135858,0.0
135859,0.12
135860,0.28
135861,0.03
135862,0.04
135863,0.01
135864,0.09
135865,0.02
135866,0.02
135867,0.03
135868,0.0
135869,0.04
135870,0.0
135871,0.74
135872,0.04
135873,0.08
135874,0.03
135875,0.55
135876,0.04
135877,0.02
135878,0.01
135879,0.08
135880,0.02
135881,0.0
135882,0.2
135883,0.15
135884,0.0
135885,0.0
135886,0.01
135887,0.0
135888,0.01
135889,0.02
135890,0.09
135891,0.02
135892,0.0
135893,0.0
135894,0.04
135895,0.0
135896,0.17
135897,0.01
135898,0.02
135899,0.14
135900,0.13
135901,0.01
135902,0.03
135903,0.02
135904,0.0
135905,0.51
135906,0.12
135907,0.04
135908,0.05
135909,0.01
135910,0.03
135911,0.25
135912,0.06
135913,0.22
135914,0.01
135915,0.06
135916,0.02
135917,0.0
135918,0.0
135919,0.05
135920,0.05
135921,0.01
135922,0.01
135923,0.04
135924,0.01
135925,0.01
135926,0.03
135927,0.01
135928,0.01
135929,0.08
135930,0.0
135931,0.05
135932,0.01
135933,0.07
135934,0.01
135935,0.02
135936,0.01
135937,0.0
135938,0.01
135939,0.06
135940,0.32
135941,0.04
135942,0.06
135943,0.0
135944,0.0
135945,0.03
135946,0.01
135947,0.0
135948,0.04
135949,0.01
135950,0.23
135951,0.12
135952,0.0
135953,0.04
135954,0.14
135955,0.09
135956,0.15
135957,0.04
135958,0.01
135959,0.0
135960,0.33
135961,0.0
135962,0.05
135963,0.03
135964,0.04
135965,0.01
135966,0.02
135967,0.02
135968,0.02
135969,0.3
135970,0.0
135971,0.01
135972,0.19
135973,0.14
135974,0.01
135975,0.05
135976,0.03
135977,0.0
135978,0.1
135979,0.01
135980,0.02
135981,0.0
135982,0.0
135983,0.01
135984,0.0
135985,0.37
135986,0.03
135987,0.03
135988,0.03
135989,0.0
135990,0.06
135991,0.02
135992,0.06
135993,0.04
135994,0.0
135995,0.13
135996,0.0
135997,0.01
135998,0.17
135999,0.02
136000,0.01
136001,0.01
136002,0.06
136003,0.05
136004,0.11
136005,0.0
136006,0.04
136007,0.0
136008,0.0
136009,0.0
136010,0.01
136011,0.0
136012,0.01
136013,0.1
136014,0.0
136015,0.02
136016,0.1
136017,0.0
136018,0.04
136019,0.03
136020,0.07
136021,0.01
136022,0.05
136023,0.23
136024,0.0
136025,0.01
136026,0.05
136027,0.0
136028,0.84
136029,0.01
136030,0.08
136031,0.0
136032,0.01
136033,0.02
136034,0.29
136035,0.01
136036,0.05
136037,0.0
136038,0.05
136039,0.1
136040,0.06
136041,0.01
136042,0.01
136043,0.17
136044,0.01
136045,0.01
136046,0.09
136047,0.0
136048,0.56
136049,0.0
136050,0.1
136051,0.02
136052,0.0
136053,0.01
136054,0.14
136055,0.03
136056,0.0
136057,0.17
136058,0.12
136059,0.05
136060,0.54
136061,0.07
136062,0.09
136063,0.08
136064,0.22
136065,0.08
136066,0.22
136067,0.07
136068,0.0
136069,0.0
136070,0.05
136071,0.12
136072,0.21
136073,0.0
136074,0.05
136075,0.07
136076,0.02
136077,0.04
136078,0.06
136079,0.01
136080,0.0
136081,0.07
136082,0.03
136083,0.03
136084,0.08
136085,0.02
136086,0.02
136087,0.03
136088,0.01
136089,0.09
136090,0.0
136091,0.04
136092,0.06
136093,0.07
136094,0.0
136095,0.16
136096,0.02
136097,0.01
136098,0.02
136099,0.09
136100,0.02
136101,0.1
136102,0.04
136103,0.21
136104,0.38
136105,0.0
136106,0.05
136107,0.0
136108,0.09
136109,0.05
136110,0.03
136111,0.0
136112,0.03
136113,0.38
136114,0.0
136115,0.16
136116,0.03
136117,0.02
136118,0.17
136119,0.04
136120,0.0
136121,0.06
136122,0.0
136123,0.0
136124,0.01
136125,0.31
136126,0.01
136127,0.0
136128,0.07
136129,0.0
136130,0.05
136131,0.01
136132,0.15
136133,0.2
136134,0.0
136135,0.01
136136,0.18
136137,0.03
136138,0.04
136139,0.08
136140,0.02
136141,0.27
136142,0.03
136143,0.0
136144,0.0
136145,0.17
136146,0.0
136147,0.05
136148,0.54
136149,0.0
136150,0.0
136151,0.1
136152,0.01
136153,0.19
136154,0.04
136155,0.01
136156,0.13
136157,0.02
136158,0.12
136159,0.01
136160,0.47
136161,0.0
136162,0.0
136163,0.0
136164,0.14
136165,0.04
136166,0.26
136167,0.0
136168,0.0
136169,0.07
136170,0.0
136171,0.01
136172,0.0
136173,0.1
136174,0.0
136175,0.0
136176,0.01
136177,0.07
136178,0.04
136179,0.0
136180,0.02
136181,0.45
136182,0.04
136183,0.0
136184,0.09
136185,0.46
136186,0.0
136187,0.06
136188,0.0
136189,0.07
136190,0.03
136191,0.0
136192,0.17
136193,0.01
136194,0.04
136195,0.05
136196,0.02
136197,0.02
136198,0.18
136199,0.41
136200,0.05
136201,0.02
136202,0.28
136203,0.0
136204,0.13
136205,0.01
136206,0.02
136207,0.0
136208,0.0
136209,0.03
136210,0.08
136211,0.07
136212,0.06
136213,0.1
136214,0.1
136215,0.0
136216,0.01
136217,0.0
136218,0.02
136219,0.0
136220,0.05
136221,0.02
136222,0.11
136223,0.03
136224,0.55
136225,0.05
136226,0.09
136227,0.04
136228,0.17
136229,0.01
136230,0.0
136231,0.04
136232,0.4
136233,0.38
136234,0.05
136235,0.01
136236,0.0
136237,0.01
136238,0.03
136239,0.0
136240,0.02
136241,0.04
136242,0.0
136243,0.11
136244,0.0
136245,0.05
136246,0.16
136247,0.01
136248,0.02
136249,0.0
136250,0.0
136251,0.0
136252,0.0
136253,0.01
136254,0.36
136255,0.08
136256,0.0
136257,0.01
136258,0.0
136259,0.07
136260,0.0
136261,0.04
136262,0.0
136263,0.01
136264,0.0
136265,0.01
136266,0.21
136267,0.08
136268,0.08
136269,0.08
136270,0.03
136271,0.2
136272,0.0
136273,0.06
136274,0.19
136275,0.1
136276,0.04
136277,0.0
136278,0.16
136279,0.03
136280,0.04
136281,0.0
136282,0.17
136283,0.01
136284,0.15
136285,0.0
136286,0.07
136287,0.07
136288,0.07
136289,0.67
136290,0.09
136291,0.01
136292,0.0
136293,0.0
136294,0.01
136295,0.01
136296,0.0
136297,0.03
136298,0.01
136299,0.0
136300,0.43
136301,0.03
136302,0.03
136303,0.06
136304,0.02
136305,0.33
136306,0.02
136307,0.15
136308,0.0
136309,0.01
136310,0.03
136311,0.07
136312,0.02
136313,0.44
136314,0.0
136315,0.01
136316,0.02
136317,0.04
136318,0.1
136319,0.21
136320,0.02
136321,0.0
136322,0.21
136323,0.03
136324,0.1
136325,0.0
136326,0.01
136327,0.21
136328,0.0
136329,0.09
136330,0.16
136331,0.44
136332,0.01
136333,0.1
136334,0.17
136335,0.0
136336,0.01
136337,0.04
136338,0.1
136339,0.0
136340,0.28
136341,0.0
136342,0.65
136343,0.05
136344,0.19
136345,0.01
136346,0.41
136347,0.01
136348,0.01
136349,0.07
136350,0.0
136351,0.01
136352,0.16
136353,0.06
136354,0.16
136355,0.0
136356,0.02
136357,0.06
136358,0.42
136359,0.01
136360,0.16
136361,0.0
136362,0.01
136363,0.03
136364,0.02
136365,0.02
136366,0.02
136367,0.12
136368,0.06
136369,0.01
136370,0.01
136371,0.18
136372,0.0
136373,0.0
136374,0.08
136375,0.0
136376,0.16
136377,0.02
136378,0.0
136379,0.03
136380,0.01
136381,0.0
136382,0.0
136383,0.02
136384,0.04
136385,0.01
136386,0.0
136387,0.0
136388,0.02
136389,0.23
136390,0.0
136391,0.02
136392,0.0
136393,0.06
136394,0.37
136395,0.01
136396,0.0
136397,0.04
136398,0.0
136399,0.02
136400,0.0
136401,0.06
136402,0.0
136403,0.01
136404,0.0
136405,0.0
136406,0.01
136407,0.06
136408,0.0
136409,0.19
136410,0.12
136411,0.08
136412,0.2
136413,0.02
136414,0.0
136415,0.1
136416,0.06
136417,0.03
136418,0.02
136419,0.02
136420,0.02
136421,0.02
136422,0.01
136423,0.03
136424,0.0
136425,0.39
136426,0.4
136427,0.05
136428,0.05
136429,0.02
136430,0.0
136431,0.07
136432,0.22
136433,0.09
136434,0.02
136435,0.01
136436,0.0
136437,0.0
136438,0.01
136439,0.01
136440,0.03
136441,0.04
136442,0.33
136443,0.16
136444,0.05
136445,0.01
136446,0.02
136447,0.03
136448,0.02
136449,0.08
136450,0.01
136451,0.0
136452,0.0
136453,0.09
136454,0.08
136455,0.01
136456,0.05
136457,0.0
136458,0.03
136459,0.05
136460,0.0
136461,0.0
136462,0.02
136463,0.02
136464,0.0
136465,0.03
136466,0.0
136467,0.21
136468,0.03
136469,0.01
136470,0.02
136471,0.0
136472,0.01
136473,0.1
136474,0.01
136475,0.21
136476,0.0
136477,0.07
136478,0.02
136479,0.0
136480,0.0
136481,0.01
136482,0.58
136483,0.05
136484,0.04
136485,0.0
136486,0.15
136487,0.0
136488,0.01
136489,0.0
136490,0.03
136491,0.01
136492,0.01
136493,0.01
136494,0.01
136495,0.02
136496,0.26
136497,0.01
136498,0.29
136499,0.04
136500,0.11
136501,0.07
136502,0.0
136503,0.01
136504,0.0
136505,0.02
136506,0.01
136507,0.26
136508,0.05
136509,0.0
136510,0.0
136511,0.19
136512,0.01
136513,0.01
136514,0.0
136515,0.2
136516,0.19
136517,0.0
136518,0.01
136519,0.45
136520,0.0
136521,0.0
136522,0.0
136523,0.0
136524,0.01
136525,0.02
136526,0.01
136527,0.0
136528,0.01
136529,0.27
136530,0.0
136531,0.01
136532,0.1
136533,0.45
136534,0.0
136535,0.03
136536,0.01
136537,0.02
136538,0.04
136539,0.03
136540,0.0
136541,0.0
136542,0.04
136543,0.05
136544,0.08
136545,0.0
136546,0.17
136547,0.13
136548,0.02
136549,0.0
136550,0.01
136551,0.09
136552,0.0
136553,0.02
136554,0.07
136555,0.02
136556,0.27
136557,0.01
136558,0.01
136559,0.0
136560,0.01
136561,0.0
136562,0.08
136563,0.02
136564,0.0
136565,0.01
136566,0.01
136567,0.0
136568,0.05
136569,0.0
136570,0.02
136571,0.03
136572,0.31
136573,0.0
136574,0.43
136575,0.22
136576,0.24
136577,0.04
136578,0.01
136579,0.0
136580,0.01
136581,0.09
136582,0.0
136583,0.0
136584,0.0
136585,0.0
136586,0.02
136587,0.06
136588,0.02
136589,0.0
136590,0.01
136591,0.0
136592,0.0
136593,0.0
136594,0.0
136595,0.03
136596,0.09
136597,0.19
136598,0.0
136599,0.09
136600,0.0
136601,0.04
136602,0.07
136603,0.01
136604,0.0
136605,0.02
136606,0.02
136607,0.09
136608,0.31
136609,0.01
136610,0.09
136611,0.06
136612,0.25
136613,0.33
136614,0.21
136615,0.05
136616,0.0
136617,0.01
136618,0.1
136619,0.02
136620,0.02
136621,0.04
136622,0.07
136623,0.01
136624,0.29
136625,0.06
136626,0.2
136627,0.03
136628,0.15
136629,0.04
136630,0.0
136631,0.09
136632,0.05
136633,0.01
136634,0.47
136635,0.15
136636,0.02
136637,0.0
136638,0.06
136639,0.26
136640,0.0
136641,0.0
136642,0.0
136643,0.11
136644,0.04
136645,0.0
136646,0.0
136647,0.31
136648,0.24
136649,0.04
136650,0.0
136651,0.08
136652,0.0
136653,0.0
136654,0.18
136655,0.06
136656,0.04
136657,0.09
136658,0.01
136659,0.07
136660,0.04
136661,0.01
136662,0.01
136663,0.03
136664,0.0
136665,0.47
136666,0.11
136667,0.0
136668,0.01
136669,0.0
136670,0.05
136671,0.18
136672,0.34
136673,0.01
136674,0.01
136675,0.25
136676,0.05
136677,0.01
136678,0.03
136679,0.0
136680,0.34
136681,0.04
136682,0.03
136683,0.0
136684,0.01
136685,0.01
136686,0.06
136687,0.21
136688,0.0
136689,0.01
136690,0.02
136691,0.0
136692,0.0
136693,0.11
136694,0.0
136695,0.02
136696,0.01
136697,0.23
136698,0.0
136699,0.01
136700,0.04
136701,0.01
136702,0.02
136703,0.0
136704,0.0
136705,0.05
136706,0.01
136707,0.0
136708,0.22
136709,0.01
136710,0.0
136711,0.32
136712,0.14
136713,0.0
136714,0.03
136715,0.02
136716,0.09
136717,0.19
136718,0.02
136719,0.41
136720,0.36
136721,0.0
136722,0.08
136723,0.0
136724,0.04
136725,0.01
136726,0.01
136727,0.15
136728,0.03
136729,0.04
136730,0.0
136731,0.07
136732,0.1
136733,0.06
136734,0.0
136735,0.06
136736,0.2
136737,0.02
136738,0.0
136739,0.05
136740,0.17
136741,0.02
136742,0.01
136743,0.09
136744,0.16
136745,0.0
136746,0.04
136747,0.03
136748,0.05
136749,0.29
136750,0.01
136751,0.0
136752,0.0
136753,0.02
136754,0.01
136755,0.04
136756,0.0
136757,0.0
136758,0.06
136759,0.07
136760,0.09
136761,0.0
136762,0.02
136763,0.02
136764,0.02
136765,0.03
136766,0.11
136767,0.0
136768,0.03
136769,0.0
136770,0.36
136771,0.02
136772,0.61
136773,0.03
136774,0.02
136775,0.09
136776,0.01
136777,0.0
136778,0.07
136779,0.0
136780,0.0
136781,0.01
136782,0.0
136783,0.0
136784,0.3
136785,0.02
136786,0.02
136787,0.01
136788,0.1
136789,0.03
136790,0.14
136791,0.18
136792,0.04
136793,0.01
136794,0.02
136795,0.0
136796,0.06
136797,0.0
136798,0.12
136799,0.0
136800,0.0
136801,0.01
136802,0.02
136803,0.18
136804,0.02
136805,0.0
136806,0.05
136807,0.04
136808,0.12
136809,0.1
136810,0.03
136811,0.01
136812,0.14
136813,0.19
136814,0.03
136815,0.04
136816,0.01
136817,0.03
136818,0.01
136819,0.0
136820,0.11
136821,0.03
136822,0.02
136823,0.0
136824,0.01
136825,0.02
136826,0.0
136827,0.0
136828,0.0
136829,0.01
136830,0.0
136831,0.02
136832,0.0
136833,0.07
136834,0.0
136835,0.01
136836,0.1
136837,0.23
136838,0.04
136839,0.67
136840,0.04
136841,0.03
136842,0.0
136843,0.0
136844,0.05
136845,0.06
136846,0.04
136847,0.18
136848,0.11
136849,0.09
136850,0.01
136851,0.0
136852,0.01
136853,0.65
136854,0.0
136855,0.06
136856,0.0
136857,0.0
136858,0.0
136859,0.04
136860,0.0
136861,0.03
136862,0.01
136863,0.03
136864,0.01
136865,0.0
136866,0.16
136867,0.0
136868,0.06
136869,0.06
136870,0.1
136871,0.0
136872,0.02
136873,0.02
136874,0.08
136875,0.01
136876,0.0
136877,0.03
136878,0.09
136879,0.01
136880,0.0
136881,0.04
136882,0.0
136883,0.0
136884,0.0
136885,0.01
136886,0.04
136887,0.03
136888,0.01
136889,0.09
136890,0.0
136891,0.0
136892,0.02
136893,0.04
136894,0.12
136895,0.0
136896,0.0
136897,0.06
136898,0.0
136899,0.04
136900,0.13
136901,0.01
136902,0.5
136903,0.01
136904,0.0
136905,0.06
136906,0.0
136907,0.03
136908,0.01
136909,0.13
136910,0.02
136911,0.0
136912,0.0
136913,0.23
136914,0.28
136915,0.18
136916,0.02
136917,0.39
136918,0.14
136919,0.0
136920,0.15
136921,0.0
136922,0.0
136923,0.0
136924,0.0
136925,0.02
136926,0.32
136927,0.0
136928,0.0
136929,0.29
136930,0.02
136931,0.3
136932,0.08
136933,0.1
136934,0.0
136935,0.02
136936,0.0
136937,0.04
136938,0.05
136939,0.04
136940,0.0
136941,0.29
136942,0.27
136943,0.36
136944,0.0
136945,0.36
136946,0.01
136947,0.28
136948,0.0
136949,0.0
136950,0.06
136951,0.0
136952,0.01
136953,0.0
136954,0.02
136955,0.02
136956,0.0
136957,0.02
136958,0.01
136959,0.51
136960,0.01
136961,0.02
136962,0.07
136963,0.01
136964,0.04
136965,0.03
136966,0.04
136967,0.57
136968,0.01
136969,0.19
136970,0.0
136971,0.0
136972,0.0
136973,0.01
136974,0.0
136975,0.07
136976,0.17
136977,0.03
136978,0.68
136979,0.43
136980,0.02
136981,0.04
136982,0.0
136983,0.16
136984,0.05
136985,0.01
136986,0.0
136987,0.0
136988,0.0
136989,0.05
136990,0.0
136991,0.02
136992,0.12
136993,0.0
136994,0.09
136995,0.21
136996,0.12
136997,0.0
136998,0.01
136999,0.07
137000,0.0
137001,0.0
137002,0.0
137003,0.05
137004,0.06
137005,0.01
137006,0.02
137007,0.07
137008,0.0
137009,0.22
137010,0.01
137011,0.06
137012,0.04
137013,0.2
137014,0.8
137015,0.07
137016,0.0
137017,0.0
137018,0.0
137019,0.03
137020,0.31
137021,0.0
137022,0.31
137023,0.04
137024,0.02
137025,0.16
137026,0.0
137027,0.0
137028,0.4
137029,0.13
137030,0.05
137031,0.0
137032,0.36
137033,0.01
137034,0.13
137035,0.03
137036,0.03
137037,0.02
137038,0.14
137039,0.02
137040,0.8
137041,0.01
137042,0.01
137043,0.03
137044,0.0
137045,0.0
137046,0.01
137047,0.0
137048,0.0
137049,0.0
137050,0.01
137051,0.03
137052,0.0
137053,0.06
137054,0.06
137055,0.02
137056,0.13
137057,0.0
137058,0.0
137059,0.0
137060,0.01
137061,0.0
137062,0.07
137063,0.01
137064,0.09
137065,0.01
137066,0.07
137067,0.01
137068,0.0
137069,0.02
137070,0.02
137071,0.0
137072,0.03
137073,0.08
137074,0.08
137075,0.02
137076,0.0
137077,0.25
137078,0.21
137079,0.03
137080,0.11
137081,0.01
137082,0.04
137083,0.01
137084,0.0
137085,0.05
137086,0.0
137087,0.04
137088,0.01
137089,0.0
137090,0.11
137091,0.05
137092,0.07
137093,0.02
137094,0.12
137095,0.28
137096,0.12
137097,0.11
137098,0.0
137099,0.0
137100,0.01
137101,0.07
137102,0.31
137103,0.08
137104,0.04
137105,0.04
137106,0.01
137107,0.0
137108,0.01
137109,0.02
137110,0.02
137111,0.03
137112,0.13
137113,0.0
137114,0.02
137115,0.01
137116,0.11
137117,0.0
137118,0.01
137119,0.05
137120,0.17
137121,0.05
137122,0.01
137123,0.0
137124,0.01
137125,0.07
137126,0.04
137127,0.03
137128,0.14
137129,0.01
137130,0.0
137131,0.0
137132,0.03
137133,0.0
137134,0.01
137135,0.0
137136,0.06
137137,0.0
137138,0.01
137139,0.0
137140,0.05
137141,0.02
137142,0.07
137143,0.54
137144,0.0
137145,0.01
137146,0.1
137147,0.04
137148,0.02
137149,0.16
137150,0.37
137151,0.0
137152,0.0
137153,0.0
137154,0.32
137155,0.0
137156,0.01
137157,0.24
137158,0.01
137159,0.0
137160,0.03
137161,0.05
137162,0.18
137163,0.0
137164,0.01
137165,0.06
137166,0.03
137167,0.0
137168,0.0
137169,0.01
137170,0.02
137171,0.04
137172,0.19
137173,0.01
137174,0.69
137175,0.05
137176,0.01
137177,0.01
137178,0.01
137179,0.03
137180,0.03
137181,0.0
137182,0.04
137183,0.06
137184,0.04
137185,0.0
137186,0.1
137187,0.01
137188,0.0
137189,0.0
137190,0.12
137191,0.07
137192,0.03
137193,0.04
137194,0.07
137195,0.29
137196,0.01
137197,0.0
137198,0.02
137199,0.0
137200,0.0
137201,0.0
137202,0.21
137203,0.0
137204,0.09
137205,0.03
137206,0.01
137207,0.0
137208,0.03
137209,0.0
137210,0.02
137211,0.01
137212,0.01
137213,0.0
137214,0.08
137215,0.0
137216,0.69
137217,0.17
137218,0.1
137219,0.01
137220,0.01
137221,0.01
137222,0.51
137223,0.01
137224,0.0
137225,0.0
137226,0.0
137227,0.05
137228,0.01
137229,0.11
137230,0.03
137231,0.01
137232,0.02
137233,0.06
137234,0.16
137235,0.09
137236,0.06
137237,0.01
137238,0.09
137239,0.01
137240,0.04
137241,0.0
137242,0.0
137243,0.06
137244,0.07
137245,0.0
137246,0.03
137247,0.02
137248,0.0
137249,0.15
137250,0.02
137251,0.05
137252,0.01
137253,0.0
137254,0.26
137255,0.01
137256,0.0
137257,0.02
137258,0.0
137259,0.01
137260,0.48
137261,0.01
137262,0.08
137263,0.03
137264,0.05
137265,0.12
137266,0.01
137267,0.01
137268,0.16
137269,0.01
137270,0.01
137271,0.02
137272,0.01
137273,0.19
137274,0.01
137275,0.0
137276,0.01
137277,0.4
137278,0.03
137279,0.0
137280,0.57
137281,0.0
137282,0.0
137283,0.01
137284,0.0
137285,0.07
137286,0.0
137287,0.01
137288,0.07
137289,0.04
137290,0.14
137291,0.0
137292,0.04
137293,0.02
137294,0.0
137295,0.05
137296,0.0
137297,0.17
137298,0.09
137299,0.0
137300,0.0
137301,0.0
137302,0.0
137303,0.03
137304,0.0
137305,0.1
137306,0.52
137307,0.03
137308,0.05
137309,0.0
137310,0.0
137311,0.27
137312,0.07
137313,0.02
137314,0.0
137315,0.0
137316,0.06
137317,0.0
137318,0.26
137319,0.16
137320,0.02
137321,0.03
137322,0.03
137323,0.01
137324,0.0
137325,0.16
137326,0.03
137327,0.02
137328,0.03
137329,0.07
137330,0.0
137331,0.0
137332,0.05
137333,0.15
137334,0.04
137335,0.09
137336,0.08
137337,0.0
137338,0.0
137339,0.09
137340,0.06
137341,0.01
137342,0.02
137343,0.03
137344,0.03
137345,0.04
137346,0.02
137347,0.04
137348,0.0
137349,0.04
137350,0.01
137351,0.15
137352,0.01
137353,0.0
137354,0.0
137355,0.0
137356,0.08
137357,0.0
137358,0.03
137359,0.52
137360,0.24
137361,0.05
137362,0.01
137363,0.03
137364,0.11
137365,0.0
137366,0.0
137367,0.02
137368,0.0
137369,0.0
137370,0.0
137371,0.02
137372,0.01
137373,0.3
137374,0.02
137375,0.39
137376,0.01
137377,0.03
137378,0.1
137379,0.01
137380,0.01
137381,0.0
137382,0.02
137383,0.02
137384,0.0
137385,0.01
137386,0.09
137387,0.09
137388,0.22
137389,0.15
137390,0.07
137391,0.0
137392,0.01
137393,0.02
137394,0.02
137395,0.01
137396,0.02
137397,0.02
137398,0.06
137399,0.0
137400,0.01
137401,0.0
137402,0.18
137403,0.0
137404,0.07
137405,0.0
137406,0.0
137407,0.01
137408,0.16
137409,0.0
137410,0.0
137411,0.01
137412,0.23
137413,0.0
137414,0.0
137415,0.0
137416,0.07
137417,0.09
137418,0.03
137419,0.0
137420,0.03
137421,0.02
137422,0.62
137423,0.33
137424,0.0
137425,0.0
137426,0.01
137427,0.0
137428,0.0
137429,0.0
137430,0.07
137431,0.06
137432,0.07
137433,0.37
137434,0.1
137435,0.17
137436,0.0
137437,0.11
137438,0.19
137439,0.05
137440,0.09
137441,0.0
137442,0.05
137443,0.01
137444,0.0
137445,0.07
137446,0.03
137447,0.04
137448,0.0
137449,0.32
137450,0.01
137451,0.0
137452,0.0
137453,0.06
137454,0.04
137455,0.01
137456,0.0
137457,0.01
137458,0.58
137459,0.03
137460,0.0
137461,0.01
137462,0.04
137463,0.0
137464,0.0
137465,0.0
137466,0.01
137467,0.48
137468,0.35
137469,0.03
137470,0.13
137471,0.02
137472,0.02
137473,0.08
137474,0.0
137475,0.0
137476,0.33
137477,0.21
137478,0.04
137479,0.05
137480,0.63
137481,0.03
137482,0.0
137483,0.43
137484,0.05
137485,0.0
137486,0.01
137487,0.32
137488,0.03
137489,0.0
137490,0.04
137491,0.39
137492,0.21
137493,0.04
137494,0.11
137495,0.01
137496,0.0
137497,0.01
137498,0.12
137499,0.01
137500,0.16
137501,0.02
137502,0.07
137503,0.06
137504,0.0
137505,0.04
137506,0.08
137507,0.0
137508,0.0
137509,0.03
137510,0.0
137511,0.0
137512,0.12
137513,0.46
137514,0.1
137515,0.02
137516,0.01
137517,0.03
137518,0.07
137519,0.01
137520,0.02
137521,0.02
137522,0.0
137523,0.0
137524,0.0
137525,0.03
137526,0.07
137527,0.02
137528,0.02
137529,0.06
137530,0.0
137531,0.03
137532,0.08
137533,0.01
137534,0.0
137535,0.04
137536,0.3
137537,0.59
137538,0.04
137539,0.01
137540,0.25
137541,0.01
137542,0.0
137543,0.01
137544,0.03
137545,0.08
137546,0.07
137547,0.0
137548,0.01
137549,0.04
137550,0.05
137551,0.03
137552,0.07
137553,0.06
137554,0.01
137555,0.01
137556,0.01
137557,0.03
137558,0.02
137559,0.02
137560,0.13
137561,0.0
137562,0.01
137563,0.01
137564,0.0
137565,0.0
137566,0.0
137567,0.05
137568,0.08
137569,0.0
137570,0.04
137571,0.16
137572,0.19
137573,0.0
137574,0.05
137575,0.24
137576,0.04
137577,0.05
137578,0.2
137579,0.0
137580,0.3
137581,0.02
137582,0.5
137583,0.05
137584,0.01
137585,0.0
137586,0.04
137587,0.16
137588,0.02
137589,0.0
137590,0.01
137591,0.01
137592,0.39
137593,0.02
137594,0.1
137595,0.02
137596,0.01
137597,0.01
137598,0.14
137599,0.02
137600,0.0
137601,0.01
137602,0.06
137603,0.0
137604,0.0
137605,0.0
137606,0.0
137607,0.01
137608,0.02
137609,0.0
137610,0.16
137611,0.01
137612,0.51
137613,0.01
137614,0.0
137615,0.07
137616,0.03
137617,0.0
137618,0.19
137619,0.0
137620,0.02
137621,0.1
137622,0.01
137623,0.03
137624,0.26
137625,0.02
137626,0.0
137627,0.0
137628,0.05
137629,0.0
137630,0.0
137631,0.06
137632,0.05
137633,0.0
137634,0.0
137635,0.0
137636,0.01
137637,0.09
137638,0.12
137639,0.03
137640,0.06
137641,0.02
137642,0.02
137643,0.02
137644,0.04
137645,0.23
137646,0.02
137647,0.08
137648,0.0
137649,0.0
137650,0.0
137651,0.1
137652,0.02
137653,0.02
137654,0.14
137655,0.11
137656,0.0
137657,0.01
137658,0.0
137659,0.18
137660,0.17
137661,0.15
137662,0.03
137663,0.07
137664,0.0
137665,0.0
137666,0.08
137667,0.13
137668,0.01
137669,0.32
137670,0.01
137671,0.03
137672,0.02
137673,0.01
137674,0.14
137675,0.01
137676,0.02
137677,0.03
137678,0.06
137679,0.01
137680,0.0
137681,0.0
137682,0.02
137683,0.01
137684,0.01
137685,0.0
137686,0.06
137687,0.01
137688,0.0
137689,0.02
137690,0.01
137691,0.02
137692,0.0
137693,0.01
137694,0.03
137695,0.0
137696,0.03
137697,0.48
137698,0.4
137699,0.06
137700,0.19
137701,0.14
137702,0.04
137703,0.0
137704,0.0
137705,0.23
137706,0.09
137707,0.03
137708,0.06
137709,0.05
137710,0.07
137711,0.0
137712,0.0
137713,0.0
137714,0.07
137715,0.17
137716,0.03
137717,0.02
137718,0.02
137719,0.01
137720,0.08
137721,0.03
137722,0.0
137723,0.0
137724,0.0
137725,0.02
137726,0.02
137727,0.69
137728,0.0
137729,0.03
137730,0.0
137731,0.03
137732,0.02
137733,0.0
137734,0.0
137735,0.01
137736,0.03
137737,0.0
137738,0.03
137739,0.01
137740,0.02
137741,0.08
137742,0.35
137743,0.07
137744,0.09
137745,0.0
137746,0.01
137747,0.08
137748,0.03
137749,0.12
137750,0.0
137751,0.02
137752,0.22
137753,0.39
137754,0.09
137755,0.03
137756,0.0
137757,0.06
137758,0.08
137759,0.0
137760,0.25
137761,0.02
137762,0.09
137763,0.02
137764,0.03
137765,0.0
137766,0.03
137767,0.0
137768,0.0
137769,0.01
137770,0.03
137771,0.03
137772,0.0
137773,0.0
137774,0.0
137775,0.0
137776,0.01
137777,0.1
137778,0.01
137779,0.0
137780,0.04
137781,0.14
137782,0.26
137783,0.06
137784,0.06
137785,0.07
137786,0.2
137787,0.38
137788,0.08
137789,0.01
137790,0.01
137791,0.0
137792,0.05
137793,0.04
137794,0.01
137795,0.02
137796,0.0
137797,0.17
137798,0.01
137799,0.05
137800,0.01
137801,0.05
137802,0.03
137803,0.04
137804,0.04
137805,0.0
137806,0.0
137807,0.09
137808,0.05
137809,0.21
137810,0.0
137811,0.01
137812,0.01
137813,0.08
137814,0.12
137815,0.0
137816,0.19
137817,0.16
137818,0.0
137819,0.0
137820,0.01
137821,0.01
137822,0.02
137823,0.08
137824,0.0
137825,0.01
137826,0.0
137827,0.04
137828,0.0
137829,0.58
137830,0.01
137831,0.17
137832,0.47
137833,0.13
137834,0.11
137835,0.01
137836,0.0
137837,0.08
137838,0.09
137839,0.01
137840,0.0
137841,0.24
137842,0.04
137843,0.0
137844,0.02
137845,0.12
137846,0.03
137847,0.05
137848,0.14
137849,0.04
137850,0.22
137851,0.03
137852,0.01
137853,0.0
137854,0.07
137855,0.0
137856,0.17
137857,0.01
137858,0.06
137859,0.16
137860,0.01
137861,0.01
137862,0.31
137863,0.16
137864,0.08
137865,0.49
137866,0.01
137867,0.01
137868,0.02
137869,0.03
137870,0.04
137871,0.0
137872,0.0
137873,0.03
137874,0.11
137875,0.01
137876,0.08
137877,0.06
137878,0.01
137879,0.0
137880,0.0
137881,0.18
137882,0.15
137883,0.0
137884,0.11
137885,0.03
137886,0.03
137887,0.02
137888,0.11
137889,0.05
137890,0.45
137891,0.0
137892,0.05
137893,0.2
137894,0.19
137895,0.09
137896,0.07
137897,0.01
137898,0.09
137899,0.01
137900,0.04
137901,0.02
137902,0.0
137903,0.0
137904,0.14
137905,0.19
137906,0.01
137907,0.01
137908,0.04
137909,0.0
137910,0.0
137911,0.04
137912,0.05
137913,0.0
137914,0.0
137915,0.1
137916,0.02
137917,0.0
137918,0.02
137919,0.02
137920,0.08
137921,0.08
137922,0.03
137923,0.0
137924,0.05
137925,0.01
137926,0.08
137927,0.0
137928,0.0
137929,0.01
137930,0.09
137931,0.0
137932,0.0
137933,0.0
137934,0.31
137935,0.01
137936,0.02
137937,0.53
137938,0.0
137939,0.13
137940,0.12
137941,0.0
137942,0.0
137943,0.01
137944,0.02
137945,0.05
137946,0.05
137947,0.14
137948,0.02
137949,0.08
137950,0.0
137951,0.26
137952,0.02
137953,0.03
137954,0.0
137955,0.08
137956,0.22
137957,0.0
137958,0.03
137959,0.03
137960,0.01
137961,0.01
137962,0.01
137963,0.12
137964,0.04
137965,0.0
137966,0.01
137967,0.01
137968,0.01
137969,0.22
137970,0.0
137971,0.15
137972,0.0
137973,0.12
137974,0.58
137975,0.0
137976,0.0
137977,0.03
137978,0.0
137979,0.0
137980,0.0
137981,0.01
137982,0.0
137983,0.22
137984,0.02
137985,0.0
137986,0.01
137987,0.03
137988,0.02
137989,0.0
137990,0.2
137991,0.03
137992,0.02
137993,0.75
137994,0.02
137995,0.0
137996,0.03
137997,0.22
137998,0.0
137999,0.11
138000,0.0
138001,0.01
138002,0.37
138003,0.0
138004,0.0
138005,0.09
138006,0.04
138007,0.0
138008,0.0
138009,0.0
138010,0.0
138011,0.04
138012,0.2
138013,0.0
138014,0.06
138015,0.04
138016,0.0
138017,0.0
138018,0.09
138019,0.4
138020,0.09
138021,0.01
138022,0.08
138023,0.23
138024,0.01
138025,0.16
138026,0.12
138027,0.03
138028,0.01
138029,0.02
138030,0.04
138031,0.0
138032,0.04
138033,0.21
138034,0.01
138035,0.01
138036,0.01
138037,0.03
138038,0.02
138039,0.02
138040,0.1
138041,0.0
138042,0.05
138043,0.0
138044,0.12
138045,0.07
138046,0.0
138047,0.0
138048,0.0
138049,0.04
138050,0.02
138051,0.09
138052,0.26
138053,0.07
138054,0.0
138055,0.01
138056,0.02
138057,0.0
138058,0.32
138059,0.0
138060,0.01
138061,0.0
138062,0.0
138063,0.02
138064,0.0
138065,0.15
138066,0.17
138067,0.1
138068,0.0
138069,0.05
138070,0.0
138071,0.0
138072,0.15
138073,0.01
138074,0.0
138075,0.11
138076,0.2
138077,0.03
138078,0.0
138079,0.2
138080,0.02
138081,0.02
138082,0.09
138083,0.0
138084,0.0
138085,0.0
138086,0.0
138087,0.0
138088,0.06
138089,0.3
138090,0.02
138091,0.0
138092,0.0
138093,0.0
138094,0.27
138095,0.02
138096,0.08
138097,0.05
138098,0.01
138099,0.0
138100,0.03
138101,0.03
138102,0.04
138103,0.07
138104,0.01
138105,0.01
138106,0.02
138107,0.2
138108,0.49
138109,0.01
138110,0.09
138111,0.0
138112,0.05
138113,0.02
138114,0.0
138115,0.0
138116,0.0
138117,0.0
138118,0.02
138119,0.08
138120,0.0
138121,0.2
138122,0.42
138123,0.08
138124,0.0
138125,0.0
138126,0.02
138127,0.14
138128,0.0
138129,0.41
138130,0.15
138131,0.0
138132,0.01
138133,0.09
138134,0.0
138135,0.01
138136,0.02
138137,0.0
138138,0.09
138139,0.01
138140,0.0
138141,0.26
138142,0.26
138143,0.02
138144,0.1
138145,0.02
138146,0.09
138147,0.17
138148,0.25
138149,0.0
138150,0.15
138151,0.02
138152,0.0
138153,0.03
138154,0.0
138155,0.02
138156,0.0
138157,0.0
138158,0.08
138159,0.01
138160,0.0
138161,0.01
138162,0.03
138163,0.0
138164,0.0
138165,0.02
138166,0.43
138167,0.13
138168,0.21
138169,0.05
138170,0.32
138171,0.01
138172,0.03
138173,0.0
138174,0.01
138175,0.0
138176,0.16
138177,0.0
138178,0.01
138179,0.13
138180,0.04
138181,0.07
138182,0.08
138183,0.0
138184,0.02
138185,0.0
138186,0.22
138187,0.0
138188,0.01
138189,0.02
138190,0.05
138191,0.06
138192,0.0
138193,0.02
138194,0.01
138195,0.25
138196,0.01
138197,0.02
138198,0.0
138199,0.1
138200,0.13
138201,0.01
138202,0.0
138203,0.01
138204,0.01
138205,0.01
138206,0.09
138207,0.01
138208,0.04
138209,0.01
138210,0.04
138211,0.02
138212,0.02
138213,0.04
138214,0.01
138215,0.0
138216,0.04
138217,0.0
138218,0.0
138219,0.15
138220,0.01
138221,0.03
138222,0.09
138223,0.02
138224,0.4
138225,0.02
138226,0.01
138227,0.0
138228,0.0
138229,0.03
138230,0.0
138231,0.07
138232,0.03
138233,0.0
138234,0.01
138235,0.29
138236,0.0
138237,0.0
138238,0.0
138239,0.04
138240,0.02
138241,0.03
138242,0.0
138243,0.01
138244,0.0
138245,0.17
138246,0.0
138247,0.0
138248,0.0
138249,0.0
138250,0.0
138251,0.01
138252,0.04
138253,0.02
138254,0.0
138255,0.12
138256,0.0
138257,0.0
138258,0.0
138259,0.0
138260,0.14
138261,0.0
138262,0.02
138263,0.01
138264,0.65
138265,0.06
138266,0.01
138267,0.12
138268,0.2
138269,0.13
138270,0.01
138271,0.01
138272,0.09
138273,0.01
138274,0.04
138275,0.0
138276,0.04
138277,0.06
138278,0.01
138279,0.0
138280,0.09
138281,0.0
138282,0.05
138283,0.0
138284,0.01
138285,0.0
138286,0.02
138287,0.01
138288,0.01
138289,0.0
138290,0.0
138291,0.01
138292,0.13
138293,0.06
138294,0.15
138295,0.19
138296,0.0
138297,0.0
138298,0.0
138299,0.05
138300,0.03
138301,0.01
138302,0.0
138303,0.0
138304,0.47
138305,0.04
138306,0.01
138307,0.07
138308,0.03
138309,0.74
138310,0.03
138311,0.01
138312,0.02
138313,0.07
138314,0.0
138315,0.01
138316,0.36
138317,0.0
138318,0.03
138319,0.01
138320,0.01
138321,0.23
138322,0.0
138323,0.01
138324,0.0
138325,0.01
138326,0.06
138327,0.0
138328,0.14
138329,0.02
138330,0.01
138331,0.01
138332,0.01
138333,0.02
138334,0.01
138335,0.06
138336,0.0
138337,0.0
138338,0.24
138339,0.08
138340,0.01
138341,0.03
138342,0.04
138343,0.01
138344,0.07
138345,0.05
138346,0.02
138347,0.19
138348,0.03
138349,0.01
138350,0.01
138351,0.02
138352,0.02
138353,0.08
138354,0.12
138355,0.17
138356,0.0
138357,0.05
138358,0.06
138359,0.0
138360,0.02
138361,0.03
138362,0.03
138363,0.02
138364,0.03
138365,0.01
138366,0.0
138367,0.33
138368,0.08
138369,0.08
138370,0.0
138371,0.06
138372,0.05
138373,0.08
138374,0.23
138375,0.08
138376,0.03
138377,0.04
138378,0.36
138379,0.0
138380,0.05
138381,0.02
138382,0.0
138383,0.0
138384,0.02
138385,0.01
138386,0.0
138387,0.01
138388,0.02
138389,0.0
138390,0.17
138391,0.17
138392,0.01
138393,0.03
138394,0.01
138395,0.02
138396,0.03
138397,0.02
138398,0.05
138399,0.23
138400,0.0
138401,0.02
138402,0.0
138403,0.01
138404,0.02
138405,0.16
138406,0.09
138407,0.01
138408,0.06
138409,0.43
138410,0.01
138411,0.01
138412,0.01
138413,0.47
138414,0.0
138415,0.01
138416,0.12
138417,0.06
138418,0.09
138419,0.0
138420,0.03
138421,0.02
138422,0.01
138423,0.03
138424,0.07
138425,0.42
138426,0.13
138427,0.06
138428,0.04
138429,0.01
138430,0.0
138431,0.07
138432,0.0
138433,0.05
138434,0.02
138435,0.02
138436,0.01
138437,0.0
138438,0.0
138439,0.04
138440,0.01
138441,0.05
138442,0.1
138443,0.05
138444,0.0
138445,0.0
138446,0.0
138447,0.11
138448,0.43
138449,0.17
138450,0.29
138451,0.0
138452,0.02
138453,0.08
138454,0.05
138455,0.01
138456,0.09
138457,0.02
138458,0.08
138459,0.04
138460,0.02
138461,0.06
138462,0.14
138463,0.13
138464,0.02
138465,0.16
138466,0.05
138467,0.01
138468,0.03
138469,0.0
138470,0.0
138471,0.0
138472,0.0
138473,0.01
138474,0.23
138475,0.02
138476,0.02
138477,0.01
138478,0.01
138479,0.01
138480,0.04
138481,0.01
138482,0.01
138483,0.04
138484,0.0
138485,0.0
138486,0.03
138487,0.04
138488,0.69
138489,0.0
138490,0.02
138491,0.5
138492,0.0
138493,0.01
138494,0.01
138495,0.0
138496,0.39
138497,0.33
138498,0.0
138499,0.34
138500,0.0
138501,0.01
138502,0.0
138503,0.01
138504,0.02
138505,0.0
138506,0.1
138507,0.0
138508,0.0
138509,0.02
138510,0.01
138511,0.13
138512,0.02
138513,0.03
138514,0.26
138515,0.0
138516,0.0
138517,0.04
138518,0.03
138519,0.26
138520,0.01
138521,0.0
138522,0.0
138523,0.08
138524,0.0
138525,0.01
138526,0.03
138527,0.01
138528,0.38
138529,0.0
138530,0.0
138531,0.02
138532,0.05
138533,0.04
138534,0.12
138535,0.01
138536,0.02
138537,0.02
138538,0.0
138539,0.0
138540,0.21
138541,0.01
138542,0.0
138543,0.1
138544,0.65
138545,0.0
138546,0.04
138547,0.01
138548,0.1
138549,0.0
138550,0.24
138551,0.01
138552,0.09
138553,0.08
138554,0.0
138555,0.19
138556,0.02
138557,0.23
138558,0.1
138559,0.1
138560,0.01
138561,0.26
138562,0.0
138563,0.01
138564,0.2
138565,0.1
138566,0.0
138567,0.07
138568,0.05
138569,0.0
138570,0.01
138571,0.02
138572,0.32
138573,0.07
138574,0.0
138575,0.0
138576,0.0
138577,0.1
138578,0.05
138579,0.09
138580,0.07
138581,0.07
138582,0.03
138583,0.02
138584,0.02
138585,0.0
138586,0.01
138587,0.15
138588,0.21
138589,0.04
138590,0.02
138591,0.04
138592,0.0
138593,0.0
138594,0.05
138595,0.0
138596,0.13
138597,0.0
138598,0.0
138599,0.02
138600,0.02
138601,0.14
138602,0.01
138603,0.0
138604,0.0
138605,0.02
138606,0.0
138607,0.05
138608,0.12
138609,0.04
138610,0.02
138611,0.02
138612,0.15
138613,0.31
138614,0.0
138615,0.01
138616,0.0
138617,0.03
138618,0.26
138619,0.0
138620,0.0
138621,0.0
138622,0.03
138623,0.0
138624,0.02
138625,0.02
138626,0.09
138627,0.02
138628,0.24
138629,0.21
138630,0.04
138631,0.18
138632,0.01
138633,0.01
138634,0.06
138635,0.18
138636,0.0
138637,0.07
138638,0.0
138639,0.01
138640,0.09
138641,0.14
138642,0.04
138643,0.26
138644,0.0
138645,0.01
138646,0.02
138647,0.0
138648,0.01
138649,0.02
138650,0.01
138651,0.0
138652,0.01
138653,0.0
138654,0.04
138655,0.0
138656,0.0
138657,0.01
138658,0.36
138659,0.29
138660,0.0
138661,0.0
138662,0.0
138663,0.2
138664,0.01
138665,0.11
138666,0.01
138667,0.01
138668,0.21
138669,0.01
138670,0.0
138671,0.02
138672,0.0
138673,0.05
138674,0.0
138675,0.0
138676,0.0
138677,0.59
138678,0.0
138679,0.0
138680,0.0
138681,0.0
138682,0.0
138683,0.02
138684,0.0
138685,0.0
138686,0.27
138687,0.45
138688,0.03
138689,0.0
138690,0.01
138691,0.0
138692,0.0
138693,0.12
138694,0.01
138695,0.1
138696,0.03
138697,0.0
138698,0.0
138699,0.08
138700,0.26
138701,0.34
138702,0.01
138703,0.05
138704,0.0
138705,0.08
138706,0.01
138707,0.57
138708,0.02
138709,0.07
138710,0.08
138711,0.07
138712,0.02
138713,0.5
138714,0.09
138715,0.0
138716,0.12
138717,0.21
138718,0.05
138719,0.16
138720,0.24
138721,0.17
138722,0.02
138723,0.0
138724,0.0
138725,0.02
138726,0.26
138727,0.02
138728,0.02
138729,0.0
138730,0.21
138731,0.11
138732,0.04
138733,0.08
138734,0.0
138735,0.14
138736,0.03
138737,0.05
138738,0.15
138739,0.03
138740,0.0
138741,0.07
138742,0.01
138743,0.01
138744,0.05
138745,0.07
138746,0.05
138747,0.0
138748,0.0
138749,0.0
138750,0.03
138751,0.02
138752,0.02
138753,0.01
138754,0.24
138755,0.11
138756,0.0
138757,0.04
138758,0.0
138759,0.02
138760,0.08
138761,0.23
138762,0.0
138763,0.06
138764,0.0
138765,0.01
138766,0.0
138767,0.06
138768,0.01
138769,0.0
138770,0.01
138771,0.03
138772,0.05
138773,0.0
138774,0.02
138775,0.0
138776,0.0
138777,0.27
138778,0.0
138779,0.01
138780,0.03
138781,0.04
138782,0.25
138783,0.0
138784,0.05
138785,0.0
138786,0.01
138787,0.0
138788,0.02
138789,0.01
138790,0.0
138791,0.0
138792,0.08
138793,0.47
138794,0.07
138795,0.1
138796,0.06
138797,0.04
138798,0.04
138799,0.12
138800,0.0
138801,0.01
138802,0.0
138803,0.1
138804,0.2
138805,0.04
138806,0.07
138807,0.03
138808,0.01
138809,0.0
138810,0.01
138811,0.01
138812,0.03
138813,0.0
138814,0.06
138815,0.0
138816,0.09
138817,0.23
138818,0.01
138819,0.18
138820,0.0
138821,0.02
138822,0.01
138823,0.07
138824,0.0
138825,0.01
138826,0.06
138827,0.01
138828,0.14
138829,0.03
138830,0.2
138831,0.0
138832,0.0
138833,0.09
138834,0.06
138835,0.0
138836,0.12
138837,0.0
138838,0.0
138839,0.03
138840,0.01
138841,0.01
138842,0.06
138843,0.01
138844,0.02
138845,0.07
138846,0.04
138847,0.37
138848,0.04
138849,0.02
138850,0.0
138851,0.0
138852,0.07
138853,0.04
138854,0.0
138855,0.01
138856,0.02
138857,0.0
138858,0.0
138859,0.03
138860,0.0
138861,0.11
138862,0.07
138863,0.04
138864,0.01
138865,0.0
138866,0.5
138867,0.01
138868,0.55
138869,0.03
138870,0.07
138871,0.0
138872,0.14
138873,0.02
138874,0.0
138875,0.0
138876,0.09
138877,0.37
138878,0.13
138879,0.02
138880,0.0
138881,0.43
138882,0.02
138883,0.07
138884,0.0
138885,0.11
138886,0.15
138887,0.0
138888,0.14
138889,0.0
138890,0.0
138891,0.0
138892,0.04
138893,0.13
138894,0.03
138895,0.01
138896,0.02
138897,0.0
138898,0.02
138899,0.01
138900,0.01
138901,0.05
138902,0.19
138903,0.04
138904,0.14
138905,0.05
138906,0.0
138907,0.2
138908,0.55
138909,0.0
138910,0.0
138911,0.01
138912,0.0
138913,0.01
138914,0.19
138915,0.0
138916,0.01
138917,0.03
138918,0.02
138919,0.04
138920,0.0
138921,0.22
138922,0.08
138923,0.09
138924,0.0
138925,0.0
138926,0.2
138927,0.05
138928,0.0
138929,0.0
138930,0.14
138931,0.0
138932,0.0
138933,0.04
138934,0.0
138935,0.01
138936,0.0
138937,0.13
138938,0.21
138939,0.0
138940,0.05
138941,0.0
138942,0.0
138943,0.1
138944,0.0
138945,0.01
138946,0.07
138947,0.02
138948,0.0
138949,0.19
138950,0.01
138951,0.09
138952,0.0
138953,0.14
138954,0.0
138955,0.06
138956,0.04
138957,0.01
138958,0.31
138959,0.02
138960,0.0
138961,0.06
138962,0.0
138963,0.15
138964,0.0
138965,0.04
138966,0.06
138967,0.03
138968,0.0
138969,0.1
138970,0.02
138971,0.04
138972,0.01
138973,0.02
138974,0.05
138975,0.02
138976,0.0
138977,0.22
138978,0.01
138979,0.0
138980,0.04
138981,0.06
138982,0.0
138983,0.05
138984,0.0
138985,0.0
138986,0.01
138987,0.01
138988,0.04
138989,0.0
138990,0.0
138991,0.0
138992,0.01
138993,0.02
138994,0.06
138995,0.15
138996,0.02
138997,0.02
138998,0.0
138999,0.23
139000,0.12
139001,0.07
139002,0.0
139003,0.0
139004,0.0
139005,0.03
139006,0.02
139007,0.84
139008,0.15
139009,0.02
139010,0.13
139011,0.03
139012,0.01
139013,0.01
139014,0.0
139015,0.01
139016,0.04
139017,0.01
139018,0.02
139019,0.01
139020,0.05
139021,0.0
139022,0.31
139023,0.0
139024,0.0
139025,0.27
139026,0.46
139027,0.02
139028,0.23
139029,0.0
139030,0.0
139031,0.01
139032,0.04
139033,0.0
139034,0.0
139035,0.0
139036,0.01
139037,0.01
139038,0.0
139039,0.0
139040,0.0
139041,0.1
139042,0.02
139043,0.38
139044,0.01
139045,0.04
139046,0.0
139047,0.2
139048,0.06
139049,0.12
139050,0.03
139051,0.06
139052,0.04
139053,0.01
139054,0.01
139055,0.01
139056,0.02
139057,0.01
139058,0.01
139059,0.01
139060,0.12
139061,0.01
139062,0.06
139063,0.01
139064,0.03
139065,0.01
139066,0.0
139067,0.0
139068,0.0
139069,0.01
139070,0.0
139071,0.07
139072,0.01
139073,0.06
139074,0.05
139075,0.01
139076,0.07
139077,0.01
139078,0.09
139079,0.02
139080,0.13
139081,0.0
139082,0.02
139083,0.3
139084,0.0
139085,0.01
139086,0.02
139087,0.01
139088,0.0
139089,0.01
139090,0.25
139091,0.01
139092,0.1
139093,0.07
139094,0.0
139095,0.06
139096,0.07
139097,0.03
139098,0.74
139099,0.01
139100,0.04
139101,0.02
139102,0.53
139103,0.26
139104,0.03
139105,0.05
139106,0.05
139107,0.13
139108,0.17
139109,0.02
139110,0.08
139111,0.01
139112,0.08
139113,0.1
139114,0.19
139115,0.0
139116,0.04
139117,0.05
139118,0.01
139119,0.02
139120,0.08
139121,0.01
139122,0.19
139123,0.02
139124,0.05
139125,0.12
139126,0.0
139127,0.01
139128,0.0
139129,0.02
139130,0.07
139131,0.05
139132,0.01
139133,0.01
139134,0.0
139135,0.02
139136,0.0
139137,0.0
139138,0.01
139139,0.02
139140,0.03
139141,0.11
139142,0.01
139143,0.01
139144,0.04
139145,0.44
139146,0.03
139147,0.02
139148,0.02
139149,0.0
139150,0.06
139151,0.06
139152,0.18
139153,0.0
139154,0.03
139155,0.04
139156,0.09
139157,0.02
139158,0.03
139159,0.01
139160,0.0
139161,0.0
139162,0.15
139163,0.35
139164,0.0
139165,0.03
139166,0.08
139167,0.07
139168,0.0
139169,0.0
139170,0.05
139171,0.0
139172,0.01
139173,0.16
139174,0.16
139175,0.0
139176,0.04
139177,0.15
139178,0.0
139179,0.02
139180,0.05
139181,0.06
139182,0.0
139183,0.0
139184,0.09
139185,0.01
139186,0.0
139187,0.0
139188,0.0
139189,0.15
139190,0.09
139191,0.0
139192,0.04
139193,0.0
139194,0.06
139195,0.03
139196,0.04
139197,0.0
139198,0.02
139199,0.02
139200,0.0
139201,0.1
139202,0.0
139203,0.03
139204,0.0
139205,0.01
139206,0.05
139207,0.03
139208,0.0
139209,0.1
139210,0.02
139211,0.01
139212,0.04
139213,0.0
139214,0.04
139215,0.02
139216,0.0
139217,0.0
139218,0.01
139219,0.0
139220,0.31
139221,0.04
139222,0.19
139223,0.02
139224,0.0
139225,0.04
139226,0.07
139227,0.0
139228,0.0
139229,0.0
139230,0.01
139231,0.01
139232,0.03
139233,0.03
139234,0.0
139235,0.0
139236,0.04
139237,0.44
139238,0.0
139239,0.05
139240,0.23
139241,0.0
139242,0.01
139243,0.14
139244,0.0
139245,0.0
139246,0.0
139247,0.0
139248,0.0
139249,0.04
139250,0.0
139251,0.0
139252,0.18
139253,0.0
139254,0.02
139255,0.08
139256,0.03
139257,0.01
139258,0.0
139259,0.0
139260,0.0
139261,0.18
139262,0.05
139263,0.05
139264,0.0
139265,0.01
139266,0.0
139267,0.03
139268,0.05
139269,0.1
139270,0.0
139271,0.01
139272,0.01
139273,0.0
139274,0.07
139275,0.02
139276,0.06
139277,0.02
139278,0.44
139279,0.01
139280,0.0
139281,0.01
139282,0.01
139283,0.0
139284,0.27
139285,0.05
139286,0.05
139287,0.01
139288,0.0
139289,0.03
139290,0.49
139291,0.01
139292,0.0
139293,0.0
139294,0.05
139295,0.49
139296,0.33
139297,0.01
139298,0.02
139299,0.02
139300,0.45
139301,0.01
139302,0.07
139303,0.15
139304,0.02
139305,0.0
139306,0.05
139307,0.0
139308,0.01
139309,0.0
139310,0.0
139311,0.02
139312,0.19
139313,0.12
139314,0.0
139315,0.18
139316,0.0
139317,0.02
139318,0.06
139319,0.02
139320,0.07
139321,0.04
139322,0.29
139323,0.0
139324,0.12
139325,0.02
139326,0.0
139327,0.04
139328,0.02
139329,0.03
139330,0.01
139331,0.0
139332,0.01
139333,0.02
139334,0.03
139335,0.01
139336,0.0
139337,0.02
139338,0.0
139339,0.02
139340,0.0
139341,0.0
139342,0.06
139343,0.01
139344,0.06
139345,0.06
139346,0.0
139347,0.04
139348,0.0
139349,0.15
139350,0.0
139351,0.19
139352,0.01
139353,0.0
139354,0.69
139355,0.0
139356,0.01
139357,0.04
139358,0.0
139359,0.02
139360,0.0
139361,0.0
139362,0.0
139363,0.47
139364,0.01
139365,0.01
139366,0.09
139367,0.01
139368,0.01
139369,0.01
139370,0.0
139371,0.08
139372,0.04
139373,0.01
139374,0.14
139375,0.2
139376,0.09
139377,0.0
139378,0.1
139379,0.01
139380,0.0
139381,0.02
139382,0.0
139383,0.0
139384,0.08
139385,0.0
139386,0.08
139387,0.0
139388,0.26
139389,0.18
139390,0.06
139391,0.01
139392,0.0
139393,0.0
139394,0.01
139395,0.01
139396,0.0
139397,0.05
139398,0.02
139399,0.64
139400,0.06
139401,0.04
139402,0.23
139403,0.13
139404,0.02
139405,0.0
139406,0.41
139407,0.02
139408,0.0
139409,0.09
139410,0.07
139411,0.02
139412,0.01
139413,0.02
139414,0.01
139415,0.02
139416,0.0
139417,0.02
139418,0.01
139419,0.01
139420,0.01
139421,0.3
139422,0.01
139423,0.13
139424,0.01
139425,0.0
139426,0.0
139427,0.01
139428,0.05
139429,0.02
139430,0.02
139431,0.0
139432,0.05
139433,0.0
139434,0.01
139435,0.01
139436,0.01
139437,0.01
139438,0.2
139439,0.0
139440,0.01
139441,0.0
139442,0.01
139443,0.02
139444,0.01
139445,0.12
139446,0.2
139447,0.02
139448,0.04
139449,0.02
139450,0.2
139451,0.01
139452,0.23
139453,0.28
139454,0.0
139455,0.0
139456,0.01
139457,0.0
139458,0.09
139459,0.0
139460,0.09
139461,0.0
139462,0.03
139463,0.41
139464,0.09
139465,0.06
139466,0.01
139467,0.02
139468,0.17
139469,0.4
139470,0.01
139471,0.53
139472,0.0
139473,0.0
139474,0.02
139475,0.04
139476,0.0
139477,0.1
139478,0.0
139479,0.02
139480,0.01
139481,0.0
139482,0.2
139483,0.02
139484,0.02
139485,0.0
139486,0.0
139487,0.02
139488,0.66
139489,0.15
139490,0.1
139491,0.69
139492,0.08
139493,0.19
139494,0.03
139495,0.02
139496,0.08
139497,0.31
139498,0.34
139499,0.04
139500,0.02
139501,0.0
139502,0.12
139503,0.02
139504,0.11
139505,0.0
139506,0.01
139507,0.12
139508,0.0
139509,0.0
139510,0.0
139511,0.01
139512,0.07
139513,0.01
139514,0.06
139515,0.01
139516,0.02
139517,0.0
139518,0.02
139519,0.05
139520,0.05
139521,0.01
139522,0.13
139523,0.05
139524,0.02
139525,0.08
139526,0.03
139527,0.0
139528,0.01
139529,0.06
139530,0.0
139531,0.05
139532,0.0
139533,0.21
139534,0.05
139535,0.06
139536,0.0
139537,0.01
139538,0.09
139539,0.0
139540,0.0
139541,0.09
139542,0.0
139543,0.0
139544,0.03
139545,0.03
139546,0.0
139547,0.04
139548,0.04
139549,0.01
139550,0.28
139551,0.04
139552,0.05
139553,0.03
139554,0.04
139555,0.0
139556,0.06
139557,0.53
139558,0.05
139559,0.48
139560,0.04
139561,0.0
139562,0.02
139563,0.01
139564,0.3
139565,0.4
139566,0.07
139567,0.05
139568,0.0
139569,0.0
139570,0.0
139571,0.01
139572,0.32
139573,0.02
139574,0.01
139575,0.03
139576,0.01
139577,0.0
139578,0.07
139579,0.03
139580,0.08
139581,0.01
139582,0.24
139583,0.0
139584,0.59
139585,0.02
139586,0.0
139587,0.0
139588,0.34
139589,0.2
139590,0.34
139591,0.14
139592,0.0
139593,0.02
139594,0.04
139595,0.09
139596,0.0
139597,0.0
139598,0.09
139599,0.03
139600,0.0
139601,0.0
139602,0.03
139603,0.18
139604,0.0
139605,0.11
139606,0.04
139607,0.02
139608,0.01
139609,0.07
139610,0.0
139611,0.38
139612,0.14
139613,0.16
139614,0.01
139615,0.01
139616,0.09
139617,0.08
139618,0.05
139619,0.07
139620,0.04
139621,0.25
139622,0.14
139623,0.09
139624,0.0
139625,0.03
139626,0.0
139627,0.32
139628,0.0
139629,0.08
139630,0.04
139631,0.06
139632,0.1
139633,0.0
139634,0.0
139635,0.15
139636,0.12
139637,0.01
139638,0.08
139639,0.0
139640,0.02
139641,0.0
139642,0.02
139643,0.49
139644,0.04
139645,0.13
139646,0.09
139647,0.39
139648,0.22
139649,0.01
139650,0.19
139651,0.07
139652,0.08
139653,0.01
139654,0.0
139655,0.24
139656,0.07
139657,0.0
139658,0.02
139659,0.0
139660,0.0
139661,0.03
139662,0.04
139663,0.04
139664,0.0
139665,0.0
139666,0.04
139667,0.0
139668,0.06
139669,0.22
139670,0.02
139671,0.5
139672,0.0
139673,0.0
139674,0.03
139675,0.0
139676,0.16
139677,0.0
139678,0.13
139679,0.25
139680,0.0
139681,0.07
139682,0.0
139683,0.0
139684,0.0
139685,0.03
139686,0.0
139687,0.01
139688,0.0
139689,0.0
139690,0.0
139691,0.07
139692,0.03
139693,0.0
139694,0.05
139695,0.0
139696,0.02
139697,0.55
139698,0.0
139699,0.03
139700,0.0
139701,0.06
139702,0.0
139703,0.1
139704,0.13
139705,0.01
139706,0.0
139707,0.01
139708,0.06
139709,0.42
139710,0.0
139711,0.14
139712,0.05
139713,0.0
139714,0.0
139715,0.04
139716,0.01
139717,0.17
139718,0.05
139719,0.23
139720,0.02
139721,0.0
139722,0.01
139723,0.01
139724,0.03
139725,0.0
139726,0.0
139727,0.0
139728,0.02
139729,0.0
139730,0.04
139731,0.07
139732,0.0
139733,0.0
139734,0.0
139735,0.01
139736,0.19
139737,0.35
139738,0.0
139739,0.48
139740,0.05
139741,0.01
139742,0.03
139743,0.0
139744,0.04
139745,0.03
139746,0.01
139747,0.0
139748,0.06
139749,0.0
139750,0.01
139751,0.0
139752,0.02
139753,0.01
139754,0.12
139755,0.09
139756,0.0
139757,0.01
139758,0.01
139759,0.0
139760,0.0
139761,0.02
139762,0.01
139763,0.0
139764,0.02
139765,0.16
139766,0.81
139767,0.0
139768,0.06
139769,0.03
139770,0.06
139771,0.0
139772,0.03
139773,0.0
139774,0.15
139775,0.0
139776,0.14
139777,0.01
139778,0.01
139779,0.11
139780,0.0
139781,0.06
139782,0.11
139783,0.0
139784,0.06
139785,0.09
139786,0.03
139787,0.16
139788,0.07
139789,0.0
139790,0.01
139791,0.16
139792,0.07
139793,0.04
139794,0.03
139795,0.02
139796,0.04
139797,0.22
139798,0.14
139799,0.17
139800,0.0
139801,0.29
139802,0.0
139803,0.1
139804,0.09
139805,0.06
139806,0.02
139807,0.0
139808,0.01
139809,0.09
139810,0.08
139811,0.11
139812,0.0
139813,0.2
139814,0.0
139815,0.01
139816,0.01
139817,0.19
139818,0.04
139819,0.23
139820,0.04
139821,0.02
139822,0.0
139823,0.01
139824,0.07
139825,0.04
139826,0.02
139827,0.02
139828,0.07
139829,0.03
139830,0.0
139831,0.21
139832,0.05
139833,0.03
139834,0.04
139835,0.03
139836,0.02
139837,0.05
139838,0.23
139839,0.0
139840,0.09
139841,0.0
139842,0.11
139843,0.01
139844,0.0
139845,0.04
139846,0.01
139847,0.14
139848,0.1
139849,0.01
139850,0.16
139851,0.0
139852,0.0
139853,0.06
139854,0.0
139855,0.01
139856,0.0
139857,0.04
139858,0.01
139859,0.01
139860,0.02
139861,0.01
139862,0.0
139863,0.0
139864,0.01
139865,0.0
139866,0.06
139867,0.26
139868,0.02
139869,0.03
139870,0.01
139871,0.0
139872,0.06
139873,0.0
139874,0.0
139875,0.01
139876,0.04
139877,0.02
139878,0.08
139879,0.0
139880,0.0
139881,0.2
139882,0.12
139883,0.23
139884,0.38
139885,0.0
139886,0.03
139887,0.02
139888,0.16
139889,0.0
139890,0.11
139891,0.0
139892,0.06
139893,0.01
139894,0.01
139895,0.11
139896,0.02
139897,0.0
139898,0.01
139899,0.0
139900,0.02
139901,0.02
139902,0.0
139903,0.03
139904,0.02
139905,0.2
139906,0.0
139907,0.15
139908,0.0
139909,0.02
139910,0.09
139911,0.0
139912,0.08
139913,0.0
139914,0.04
139915,0.01
139916,0.06
139917,0.01
139918,0.28
139919,0.01
139920,0.03
139921,0.0
139922,0.02
139923,0.16
139924,0.1
139925,0.12
139926,0.0
139927,0.0
139928,0.19
139929,0.0
139930,0.0
139931,0.04
139932,0.0
139933,0.02
139934,0.0
139935,0.2
139936,0.03
139937,0.27
139938,0.02
139939,0.08
139940,0.0
139941,0.14
139942,0.22
139943,0.01
139944,0.0
139945,0.0
139946,0.0
139947,0.0
139948,0.01
139949,0.02
139950,0.0
139951,0.0
139952,0.0
139953,0.0
139954,0.0
139955,0.14
139956,0.58
139957,0.0
139958,0.11
139959,0.0
139960,0.01
139961,0.13
139962,0.02
139963,0.1
139964,0.31
139965,0.03
139966,0.05
139967,0.03
139968,0.16
139969,0.04
139970,0.06
139971,0.02
139972,0.05
139973,0.01
139974,0.05
139975,0.0
139976,0.39
139977,0.01
139978,0.01
139979,0.17
139980,0.14
139981,0.47
139982,0.0
139983,0.0
139984,0.03
139985,0.02
139986,0.02
139987,0.03
139988,0.12
139989,0.0
139990,0.31
139991,0.17
139992,0.04
139993,0.0
139994,0.07
139995,0.02
139996,0.04
139997,0.04
139998,0.02
139999,0.16
140000,0.0
140001,0.0
140002,0.17
140003,0.33
140004,0.0
140005,0.0
140006,0.01
140007,0.06
140008,0.01
140009,0.0
140010,0.03
140011,0.05
140012,0.0
140013,0.01
140014,0.33
140015,0.01
140016,0.0
140017,0.0
140018,0.01
140019,0.0
140020,0.01
140021,0.06
140022,0.0
140023,0.01
140024,0.0
140025,0.1
140026,0.07
140027,0.06
140028,0.0
140029,0.29
140030,0.02
140031,0.08
140032,0.09
140033,0.06
140034,0.3
140035,0.0
140036,0.1
140037,0.0
140038,0.05
140039,0.0
140040,0.17
140041,0.04
140042,0.18
140043,0.02
140044,0.15
140045,0.02
140046,0.02
140047,0.05
140048,0.26
140049,0.01
140050,0.13
140051,0.0
140052,0.04
140053,0.32
140054,0.0
140055,0.06
140056,0.06
140057,0.06
140058,0.01
140059,0.04
140060,0.68
140061,0.0
140062,0.32
140063,0.22
140064,0.02
140065,0.02
140066,0.0
140067,0.03
140068,0.01
140069,0.04
140070,0.12
140071,0.11
140072,0.02
140073,0.01
140074,0.02
140075,0.05
140076,0.46
140077,0.0
140078,0.0
140079,0.11
140080,0.1
140081,0.0
140082,0.0
140083,0.0
140084,0.03
140085,0.15
140086,0.04
140087,0.01
140088,0.02
140089,0.04
140090,0.01
140091,0.03
140092,0.05
140093,0.01
140094,0.11
140095,0.12
140096,0.03
140097,0.0
140098,0.08
140099,0.06
140100,0.11
140101,0.15
140102,0.05
140103,0.06
140104,0.11
140105,0.14
140106,0.58
140107,0.0
140108,0.0
140109,0.73
140110,0.01
140111,0.18
140112,0.0
140113,0.11
140114,0.08
140115,0.11
140116,0.0
140117,0.05
140118,0.0
140119,0.02
140120,0.01
140121,0.03
140122,0.08
140123,0.03
140124,0.03
140125,0.0
140126,0.42
140127,0.11
140128,0.04
140129,0.01
140130,0.04
140131,0.26
140132,0.04
140133,0.0
140134,0.0
140135,0.04
140136,0.0
140137,0.06
140138,0.04
140139,0.02
140140,0.0
140141,0.06
140142,0.0
140143,0.02
140144,0.01
140145,0.04
140146,0.03
140147,0.04
140148,0.0
140149,0.13
140150,0.0
140151,0.06
140152,0.0
140153,0.0
140154,0.01
140155,0.05
140156,0.17
140157,0.06
140158,0.0
140159,0.19
140160,0.02
140161,0.13
140162,0.41
140163,0.0
140164,0.01
140165,0.41
140166,0.05
140167,0.08
140168,0.07
140169,0.0
140170,0.07
140171,0.12
140172,0.01
140173,0.0
140174,0.14
140175,0.1
140176,0.0
140177,0.1
140178,0.09
140179,0.03
140180,0.0
140181,0.07
140182,0.01
140183,0.08
140184,0.0
140185,0.03
140186,0.04
140187,0.0
140188,0.08
140189,0.21
140190,0.0
140191,0.12
140192,0.02
140193,0.0
140194,0.01
140195,0.05
140196,0.03
140197,0.0
140198,0.01
140199,0.01
140200,0.0
140201,0.0
140202,0.0
140203,0.0
140204,0.04
140205,0.08
140206,0.05
140207,0.01
140208,0.03
140209,0.03
140210,0.02
140211,0.45
140212,0.1
140213,0.1
140214,0.03
140215,0.0
140216,0.1
140217,0.01
140218,0.4
140219,0.02
140220,0.18
140221,0.16
140222,0.01
140223,0.0
140224,0.05
140225,0.03
140226,0.01
140227,0.09
140228,0.04
140229,0.05
140230,0.09
140231,0.02
140232,0.08
140233,0.05
140234,0.02
140235,0.03
140236,0.1
140237,0.27
140238,0.02
140239,0.02
140240,0.03
140241,0.02
140242,0.03
140243,0.0
140244,0.16
140245,0.17
140246,0.01
140247,0.0
140248,0.0
140249,0.03
140250,0.01
140251,0.0
140252,0.01
140253,0.11
140254,0.04
140255,0.0
140256,0.03
140257,0.11
140258,0.37
140259,0.02
140260,0.03
140261,0.0
140262,0.0
140263,0.01
140264,0.03
140265,0.25
140266,0.0
140267,0.01
140268,0.01
140269,0.01
140270,0.01
140271,0.0
140272,0.39
140273,0.01
140274,0.0
140275,0.04
140276,0.55
140277,0.0
140278,0.01
140279,0.0
140280,0.01
140281,0.22
140282,0.0
140283,0.02
140284,0.08
140285,0.08
140286,0.01
140287,0.01
140288,0.02
140289,0.0
140290,0.11
140291,0.02
140292,0.01
140293,0.0
140294,0.0
140295,0.0
140296,0.01
140297,0.01
140298,0.03
140299,0.03
140300,0.11
140301,0.02
140302,0.28
140303,0.01
140304,0.0
140305,0.03
140306,0.07
140307,0.0
140308,0.0
140309,0.01
140310,0.15
140311,0.02
140312,0.06
140313,0.48
140314,0.0
140315,0.03
140316,0.02
140317,0.16
140318,0.0
140319,0.03
140320,0.03
140321,0.11
140322,0.02
140323,0.0
140324,0.01
140325,0.04
140326,0.04
140327,0.38
140328,0.3
140329,0.23
140330,0.01
140331,0.05
140332,0.0
140333,0.02
140334,0.14
140335,0.02
140336,0.0
140337,0.0
140338,0.03
140339,0.01
140340,0.0
140341,0.01
140342,0.01
140343,0.03
140344,0.0
140345,0.0
140346,0.01
140347,0.41
140348,0.02
140349,0.17
140350,0.19
140351,0.02
140352,0.03
140353,0.0
140354,0.1
140355,0.16
140356,0.01
140357,0.15
140358,0.01
140359,0.02
140360,0.36
140361,0.0
140362,0.01
140363,0.01
140364,0.02
140365,0.04
140366,0.02
140367,0.0
140368,0.09
140369,0.02
140370,0.0
140371,0.0
140372,0.01
140373,0.0
140374,0.02
140375,0.02
140376,0.0
140377,0.02
140378,0.01
140379,0.26
140380,0.03
140381,0.01
140382,0.0
140383,0.05
140384,0.0
140385,0.24
140386,0.0
140387,0.02
140388,0.0
140389,0.0
140390,0.12
140391,0.0
140392,0.0
140393,0.03
140394,0.06
140395,0.0
140396,0.07
140397,0.0
140398,0.01
140399,0.0
140400,0.04
140401,0.0
140402,0.06
140403,0.0
140404,0.02
140405,0.02
140406,0.0
140407,0.1
140408,0.07
140409,0.0
140410,0.03
140411,0.02
140412,0.04
140413,0.0
140414,0.04
140415,0.01
140416,0.0
140417,0.01
140418,0.01
140419,0.02
140420,0.03
140421,0.15
140422,0.06
140423,0.07
140424,0.01
140425,0.01
140426,0.0
140427,0.05
140428,0.01
140429,0.01
140430,0.05
140431,0.0
140432,0.0
140433,0.0
140434,0.0
140435,0.05
140436,0.02
140437,0.9
140438,0.0
140439,0.0
140440,0.05
140441,0.06
140442,0.03
140443,0.05
140444,0.0
140445,0.06
140446,0.03
140447,0.04
140448,0.02
140449,0.0
140450,0.06
140451,0.05
140452,0.01
140453,0.07
140454,0.03
140455,0.01
140456,0.02
140457,0.01
140458,0.13
140459,0.01
140460,0.02
140461,0.0
140462,0.01
140463,0.08
140464,0.27
140465,0.0
140466,0.0
140467,0.05
140468,0.04
140469,0.01
140470,0.24
140471,0.0
140472,0.03
140473,0.01
140474,0.03
140475,0.05
140476,0.21
140477,0.02
140478,0.09
140479,0.01
140480,0.0
140481,0.0
140482,0.0
140483,0.07
140484,0.0
140485,0.07
140486,0.03
140487,0.02
140488,0.0
140489,0.06
140490,0.16
140491,0.19
140492,0.08
140493,0.03
140494,0.08
140495,0.0
140496,0.12
140497,0.0
140498,0.17
140499,0.01
140500,0.17
140501,0.03
140502,0.23
140503,0.01
140504,0.0
140505,0.06
140506,0.03
140507,0.02
140508,0.0
140509,0.03
140510,0.06
140511,0.0
140512,0.02
140513,0.02
140514,0.0
140515,0.51
140516,0.04
140517,0.08
140518,0.03
140519,0.09
140520,0.0
140521,0.34
140522,0.03
140523,0.58
140524,0.01
140525,0.03
140526,0.0
140527,0.01
140528,0.0
140529,0.0
140530,0.12
140531,0.0
140532,0.02
140533,0.02
140534,0.0
140535,0.49
140536,0.06
140537,0.01
140538,0.03
140539,0.03
140540,0.05
140541,0.24
140542,0.0
140543,0.18
140544,0.38
140545,0.26
140546,0.09
140547,0.07
140548,0.0
140549,0.04
140550,0.0
140551,0.02
140552,0.03
140553,0.0
140554,0.17
140555,0.03
140556,0.0
140557,0.01
140558,0.01
140559,0.13
140560,0.0
140561,0.04
140562,0.01
140563,0.08
140564,0.1
140565,0.02
140566,0.03
140567,0.0
140568,0.0
140569,0.0
140570,0.08
140571,0.02
140572,0.04
140573,0.0
140574,0.17
140575,0.0
140576,0.05
140577,0.0
140578,0.08
140579,0.1
140580,0.0
140581,0.0
140582,0.0
140583,0.03
140584,0.0
140585,0.29
140586,0.01
140587,0.01
140588,0.02
140589,0.02
140590,0.01
140591,0.02
140592,0.14
140593,0.17
140594,0.02
140595,0.11
140596,0.0
140597,0.0
140598,0.08
140599,0.06
140600,0.0
140601,0.15
140602,0.0
140603,0.04
140604,0.46
140605,0.06
140606,0.0
140607,0.02
140608,0.0
140609,0.67
140610,0.0
140611,0.0
140612,0.04
140613,0.1
140614,0.05
140615,0.0
140616,0.04
140617,0.01
140618,0.48
140619,0.01
140620,0.02
140621,0.44
140622,0.0
140623,0.04
140624,0.01
140625,0.0
140626,0.0
140627,0.04
140628,0.01
140629,0.12
140630,0.03
140631,0.0
140632,0.11
140633,0.25
140634,0.0
140635,0.0
140636,0.07
140637,0.0
140638,0.04
140639,0.02
140640,0.0
140641,0.03
140642,0.0
140643,0.1
140644,0.16
140645,0.06
140646,0.15
140647,0.05
140648,0.0
140649,0.04
140650,0.0
140651,0.06
140652,0.15
140653,0.01
140654,0.02
140655,0.01
140656,0.01
140657,0.03
140658,0.0
140659,0.0
140660,0.06
140661,0.01
140662,0.02
140663,0.03
140664,0.03
140665,0.0
140666,0.15
140667,0.01
140668,0.18
140669,0.05
140670,0.03
140671,0.07
140672,0.02
140673,0.03
140674,0.07
140675,0.02
140676,0.17
140677,0.0
140678,0.03
140679,0.01
140680,0.51
140681,0.15
140682,0.01
140683,0.07
140684,0.02
140685,0.12
140686,0.01
140687,0.05
140688,0.0
140689,0.03
140690,0.39
140691,0.0
140692,0.01
140693,0.0
140694,0.02
140695,0.25
140696,0.0
140697,0.0
140698,0.0
140699,0.06
140700,0.03
140701,0.0
140702,0.05
140703,0.12
140704,0.11
140705,0.03
140706,0.0
140707,0.54
140708,0.01
140709,0.2
140710,0.08
140711,0.27
140712,0.02
140713,0.02
140714,0.17
140715,0.07
140716,0.01
140717,0.01
140718,0.0
140719,0.13
140720,0.03
140721,0.0
140722,0.02
140723,0.07
140724,0.0
140725,0.5
140726,0.03
140727,0.0
140728,0.02
140729,0.01
140730,0.0
140731,0.04
140732,0.0
140733,0.0
140734,0.19
140735,0.0
140736,0.0
140737,0.13
140738,0.06
140739,0.0
140740,0.0
140741,0.01
140742,0.1
140743,0.05
140744,0.15
140745,0.0
140746,0.02
140747,0.06
140748,0.08
140749,0.0
140750,0.01
140751,0.02
140752,0.0
140753,0.02
140754,0.03
140755,0.0
140756,0.34
140757,0.03
140758,0.1
140759,0.11
140760,0.04
140761,0.08
140762,0.04
140763,0.0
140764,0.07
140765,0.07
140766,0.03
140767,0.05
140768,0.01
140769,0.0
140770,0.03
140771,0.0
140772,0.02
140773,0.05
140774,0.13
140775,0.01
140776,0.02
140777,0.03
140778,0.0
140779,0.1
140780,0.0
140781,0.04
140782,0.05
140783,0.28
140784,0.03
140785,0.02
140786,0.01
140787,0.1
140788,0.22
140789,0.01
140790,0.37
140791,0.02
140792,0.0
140793,0.05
140794,0.02
140795,0.02
140796,0.04
140797,0.23
140798,0.17
140799,0.13
140800,0.0
140801,0.0
140802,0.0
140803,0.07
140804,0.0
140805,0.28
140806,0.02
140807,0.03
140808,0.03
140809,0.11
140810,0.03
140811,0.0
140812,0.02
140813,0.0
140814,0.37
140815,0.42
140816,0.24
140817,0.01
140818,0.0
140819,0.06
140820,0.0
140821,0.03
140822,0.03
140823,0.01
140824,0.04
140825,0.04
140826,0.0
140827,0.02
140828,0.04
140829,0.11
140830,0.0
140831,0.17
140832,0.08
140833,0.23
140834,0.32
140835,0.08
140836,0.02
140837,0.08
140838,0.01
140839,0.28
140840,0.04
140841,0.04
140842,0.15
140843,0.0
140844,0.02
140845,0.2
140846,0.04
140847,0.4
140848,0.03
140849,0.07
140850,0.02
140851,0.32
140852,0.04
140853,0.05
140854,0.04
140855,0.17
140856,0.04
140857,0.0
140858,0.04
140859,0.07
140860,0.02
140861,0.19
140862,0.0
140863,0.0
140864,0.0
140865,0.05
140866,0.0
140867,0.05
140868,0.0
140869,0.0
140870,0.01
140871,0.04
140872,0.02
140873,0.05
140874,0.08
140875,0.03
140876,0.01
140877,0.33
140878,0.04
140879,0.25
140880,0.03
140881,0.01
140882,0.0
140883,0.07
140884,0.27
140885,0.08
140886,0.01
140887,0.0
140888,0.0
140889,0.05
140890,0.43
140891,0.11
140892,0.02
140893,0.0
140894,0.32
140895,0.0
140896,0.01
140897,0.17
140898,0.06
140899,0.0
140900,0.14
140901,0.01
140902,0.0
140903,0.0
140904,0.57
140905,0.0
140906,0.02
140907,0.04
140908,0.0
140909,0.01
140910,0.0
140911,0.0
140912,0.01
140913,0.07
140914,0.06
140915,0.0
140916,0.32
140917,0.01
140918,0.13
140919,0.01
140920,0.15
140921,0.08
140922,0.0
140923,0.0
140924,0.0
140925,0.27
140926,0.02
140927,0.02
140928,0.0
140929,0.0
140930,0.06
140931,0.04
140932,0.02
140933,0.01
140934,0.0
140935,0.48
140936,0.04
140937,0.0
140938,0.0
140939,0.02
140940,0.0
140941,0.01
140942,0.03
140943,0.01
140944,0.07
140945,0.02
140946,0.04
140947,0.0
140948,0.51
140949,0.11
140950,0.09
140951,0.01
140952,0.0
140953,0.0
140954,0.0
140955,0.32
140956,0.0
140957,0.01
140958,0.01
140959,0.01
140960,0.0
140961,0.06
140962,0.0
140963,0.24
140964,0.02
140965,0.04
140966,0.08
140967,0.02
140968,0.12
140969,0.49
140970,0.48
140971,0.05
140972,0.0
140973,0.09
140974,0.01
140975,0.03
140976,0.0
140977,0.0
140978,0.0
140979,0.03
140980,0.0
140981,0.1
140982,0.11
140983,0.01
140984,0.43
140985,0.0
140986,0.03
140987,0.24
140988,0.12
140989,0.11
140990,0.02
140991,0.01
140992,0.0
140993,0.0
140994,0.02
140995,0.03
140996,0.0
140997,0.01
140998,0.02
140999,0.0
141000,0.0
141001,0.0
141002,0.0
141003,0.03
141004,0.01
141005,0.01
141006,0.0
141007,0.53
141008,0.11
141009,0.02
141010,0.04
141011,0.19
141012,0.09
141013,0.06
141014,0.01
141015,0.09
141016,0.01
141017,0.0
141018,0.01
141019,0.0
141020,0.05
141021,0.0
141022,0.09
141023,0.32
141024,0.01
141025,0.0
141026,0.0
141027,0.03
141028,0.16
141029,0.16
141030,0.05
141031,0.0
141032,0.24
141033,0.06
141034,0.06
141035,0.02
141036,0.01
141037,0.17
141038,0.03
141039,0.01
141040,0.1
141041,0.01
141042,0.01
141043,0.04
141044,0.0
141045,0.16
141046,0.04
141047,0.0
141048,0.0
141049,0.01
141050,0.12
141051,0.01
141052,0.69
141053,0.0
141054,0.05
141055,0.02
141056,0.0
141057,0.0
141058,0.13
141059,0.36
141060,0.03
141061,0.03
141062,0.0
141063,0.04
141064,0.0
141065,0.0
141066,0.03
141067,0.07
141068,0.24
141069,0.07
141070,0.0
141071,0.0
141072,0.02
141073,0.36
141074,0.39
141075,0.0
141076,0.03
141077,0.02
141078,0.08
141079,0.01
141080,0.11
141081,0.03
141082,0.0
141083,0.0
141084,0.0
141085,0.05
141086,0.02
141087,0.03
141088,0.0
141089,0.04
141090,0.06
141091,0.05
141092,0.0
141093,0.01
141094,0.2
141095,0.01
141096,0.05
141097,0.32
141098,0.02
141099,0.01
141100,0.08
141101,0.01
141102,0.0
141103,0.02
141104,0.03
141105,0.03
141106,0.0
141107,0.01
141108,0.01
141109,0.02
141110,0.09
141111,0.52
141112,0.0
141113,0.32
141114,0.01
141115,0.05
141116,0.0
141117,0.0
141118,0.51
141119,0.18
141120,0.0
141121,0.23
141122,0.0
141123,0.05
141124,0.0
141125,0.1
141126,0.07
141127,0.24
141128,0.18
141129,0.05
141130,0.01
141131,0.0
141132,0.0
141133,0.44
141134,0.06
141135,0.14
141136,0.15
141137,0.06
141138,0.0
141139,0.0
141140,0.01
141141,0.0
141142,0.18
141143,0.27
141144,0.0
141145,0.02
141146,0.2
141147,0.03
141148,0.03
141149,0.02
141150,0.0
141151,0.03
141152,0.05
141153,0.04
141154,0.03
141155,0.01
141156,0.0
141157,0.05
141158,0.03
141159,0.0
141160,0.22
141161,0.02
141162,0.01
141163,0.34
141164,0.03
141165,0.02
141166,0.03
141167,0.02
141168,0.0
141169,0.01
141170,0.02
141171,0.0
141172,0.15
141173,0.01
141174,0.0
141175,0.17
141176,0.29
141177,0.0
141178,0.02
141179,0.0
141180,0.48
141181,0.03
141182,0.02
141183,0.18
141184,0.03
141185,0.01
141186,0.0
141187,0.28
141188,0.02
141189,0.0
141190,0.0
141191,0.03
141192,0.04
141193,0.01
141194,0.58
141195,0.01
141196,0.02
141197,0.03
141198,0.0
141199,0.19
141200,0.13
141201,0.4
141202,0.0
141203,0.01
141204,0.04
141205,0.03
141206,0.0
141207,0.37
141208,0.03
141209,0.0
141210,0.0
141211,0.02
141212,0.15
141213,0.0
141214,0.17
141215,0.0
141216,0.04
141217,0.01
141218,0.0
141219,0.05
141220,0.05
141221,0.0
141222,0.09
141223,0.05
141224,0.06
141225,0.02
141226,0.02
141227,0.0
141228,0.21
141229,0.02
141230,0.0
141231,0.0
141232,0.01
141233,0.0
141234,0.0
141235,0.01
141236,0.05
141237,0.03
141238,0.01
141239,0.1
141240,0.02
141241,0.01
141242,0.01
141243,0.04
141244,0.04
141245,0.03
141246,0.05
141247,0.02
141248,0.01
141249,0.0
141250,0.03
141251,0.02
141252,0.03
141253,0.06
141254,0.0
141255,0.23
141256,0.0
141257,0.08
141258,0.02
141259,0.04
141260,0.33
141261,0.08
141262,0.0
141263,0.0
141264,0.0
141265,0.26
141266,0.0
141267,0.0
141268,0.05
141269,0.73
141270,0.25
141271,0.0
141272,0.01
141273,0.07
141274,0.01
141275,0.17
141276,0.0
141277,0.05
141278,0.04
141279,0.01
141280,0.05
141281,0.01
141282,0.21
141283,0.04
141284,0.01
141285,0.0
141286,0.0
141287,0.04
141288,0.09
141289,0.03
141290,0.03
141291,0.01
141292,0.02
141293,0.03
141294,0.02
141295,0.0
141296,0.13
141297,0.14
141298,0.01
141299,0.01
141300,0.1
141301,0.06
141302,0.03
141303,0.02
141304,0.11
141305,0.02
141306,0.0
141307,0.02
141308,0.08
141309,0.23
141310,0.16
141311,0.05
141312,0.0
141313,0.04
141314,0.0
141315,0.0
141316,0.0
141317,0.06
141318,0.04
141319,0.0
141320,0.0
141321,0.26
141322,0.0
141323,0.06
141324,0.02
141325,0.01
141326,0.01
141327,0.01
141328,0.11
141329,0.23
141330,0.05
141331,0.32
141332,0.02
141333,0.04
141334,0.17
141335,0.03
141336,0.02
141337,0.03
141338,0.01
141339,0.02
141340,0.07
141341,0.18
141342,0.05
141343,0.01
141344,0.0
141345,0.0
141346,0.02
141347,0.05
141348,0.04
141349,0.02
141350,0.05
141351,0.0
141352,0.0
141353,0.09
141354,0.16
141355,0.02
141356,0.16
141357,0.02
141358,0.0
141359,0.19
141360,0.07
141361,0.16
141362,0.27
141363,0.0
141364,0.0
141365,0.03
141366,0.0
141367,0.0
141368,0.03
141369,0.02
141370,0.03
141371,0.17
141372,0.06
141373,0.02
141374,0.01
141375,0.03
141376,0.0
141377,0.0
141378,0.04
141379,0.62
141380,0.05
141381,0.0
141382,0.0
141383,0.02
141384,0.07
141385,0.03
141386,0.0
141387,0.0
141388,0.01
141389,0.01
141390,0.21
141391,0.02
141392,0.09
141393,0.33
141394,0.1
141395,0.04
141396,0.01
141397,0.03
141398,0.02
141399,0.05
141400,0.02
141401,0.01
141402,0.03
141403,0.08
141404,0.01
141405,0.04
141406,0.08
141407,0.07
141408,0.0
141409,0.0
141410,0.09
141411,0.02
141412,0.17
141413,0.0
141414,0.04
141415,0.02
141416,0.0
141417,0.0
141418,0.06
141419,0.12
141420,0.02
141421,0.01
141422,0.02
141423,0.02
141424,0.21
141425,0.31
141426,0.04
141427,0.0
141428,0.0
141429,0.08
141430,0.0
141431,0.06
141432,0.0
141433,0.04
141434,0.0
141435,0.02
141436,0.09
141437,0.01
141438,0.01
141439,0.0
141440,0.0
141441,0.0
141442,0.0
141443,0.04
141444,0.03
141445,0.1
141446,0.21
141447,0.08
141448,0.02
141449,0.01
141450,0.09
141451,0.04
141452,0.28
141453,0.01
141454,0.0
141455,0.0
141456,0.01
141457,0.0
141458,0.0
141459,0.0
141460,0.02
141461,0.11
141462,0.0
141463,0.05
141464,0.15
141465,0.0
141466,0.02
141467,0.02
141468,0.06
141469,0.03
141470,0.0
141471,0.06
141472,0.0
141473,0.01
141474,0.02
141475,0.06
141476,0.11
141477,0.06
141478,0.0
141479,0.01
141480,0.1
141481,0.01
141482,0.05
141483,0.03
141484,0.01
141485,0.06
141486,0.02
141487,0.02
141488,0.52
141489,0.06
141490,0.09
141491,0.45
141492,0.1
141493,0.13
141494,0.11
141495,0.02
141496,0.01
141497,0.0
141498,0.0
141499,0.07
141500,0.03
141501,0.02
141502,0.02
141503,0.0
141504,0.01
141505,0.0
141506,0.05
141507,0.01
141508,0.0
141509,0.02
141510,0.0
141511,0.65
141512,0.01
141513,0.21
141514,0.0
141515,0.27
141516,0.0
141517,0.06
141518,0.0
141519,0.0
141520,0.01
141521,0.02
141522,0.01
141523,0.0
141524,0.0
141525,0.0
141526,0.0
141527,0.0
141528,0.04
141529,0.04
141530,0.05
141531,0.01
141532,0.04
141533,0.01
141534,0.14
141535,0.33
141536,0.1
141537,0.14
141538,0.02
141539,0.03
141540,0.0
141541,0.4
141542,0.03
141543,0.0
141544,0.0
141545,0.01
141546,0.59
141547,0.14
141548,0.0
141549,0.02
141550,0.03
141551,0.01
141552,0.12
141553,0.01
141554,0.13
141555,0.0
141556,0.02
141557,0.16
141558,0.14
141559,0.0
141560,0.0
141561,0.04
141562,0.0
141563,0.14
141564,0.12
141565,0.0
141566,0.01
141567,0.0
141568,0.0
141569,0.01
141570,0.42
141571,0.04
141572,0.0
141573,0.0
141574,0.28
141575,0.0
141576,0.01
141577,0.02
141578,0.36
141579,0.0
141580,0.01
141581,0.09
141582,0.1
141583,0.13
141584,0.02
141585,0.03
141586,0.0
141587,0.34
141588,0.0
141589,0.01
141590,0.0
141591,0.06
141592,0.03
141593,0.06
141594,0.01
141595,0.01
141596,0.09
141597,0.07
141598,0.2
141599,0.0
141600,0.03
141601,0.12
141602,0.03
141603,0.0
141604,0.01
141605,0.05
141606,0.07
141607,0.0
141608,0.03
141609,0.02
141610,0.06
141611,0.02
141612,0.01
141613,0.07
141614,0.12
141615,0.01
141616,0.0
141617,0.0
141618,0.0
141619,0.41
141620,0.41
141621,0.3
141622,0.11
141623,0.35
141624,0.01
141625,0.08
141626,0.02
141627,0.0
141628,0.0
141629,0.0
141630,0.04
141631,0.12
141632,0.23
141633,0.11
141634,0.02
141635,0.53
141636,0.16
141637,0.19
141638,0.0
141639,0.03
141640,0.0
141641,0.03
141642,0.01
141643,0.0
141644,0.22
141645,0.01
141646,0.07
141647,0.0
141648,0.0
141649,0.08
141650,0.0
141651,0.02
141652,0.0
141653,0.0
141654,0.04
141655,0.33
141656,0.05
141657,0.0
141658,0.01
141659,0.0
141660,0.04
141661,0.0
141662,0.0
141663,0.08
141664,0.07
141665,0.02
141666,0.0
141667,0.04
141668,0.26
141669,0.11
141670,0.16
141671,0.31
141672,0.01
141673,0.01
141674,0.01
141675,0.0
141676,0.34
141677,0.35
141678,0.09
141679,0.09
141680,0.0
141681,0.0
141682,0.06
141683,0.0
141684,0.17
141685,0.0
141686,0.02
141687,0.03
141688,0.36
141689,0.09
141690,0.14
141691,0.1
141692,0.04
141693,0.32
141694,0.0
141695,0.09
141696,0.0
141697,0.8
141698,0.13
141699,0.12
141700,0.34
141701,0.0
141702,0.12
141703,0.24
141704,0.03
141705,0.08
141706,0.21
141707,0.07
141708,0.0
141709,0.13
141710,0.54
141711,0.3
141712,0.01
141713,0.01
141714,0.09
141715,0.01
141716,0.02
141717,0.73
141718,0.02
141719,0.01
141720,0.02
141721,0.0
141722,0.01
141723,0.04
141724,0.06
141725,0.02
141726,0.03
141727,0.08
141728,0.11
141729,0.03
141730,0.23
141731,0.01
141732,0.05
141733,0.19
141734,0.04
141735,0.0
141736,0.0
141737,0.3
141738,0.01
141739,0.01
141740,0.1
141741,0.0
141742,0.0
141743,0.06
141744,0.0
141745,0.0
141746,0.01
141747,0.0
141748,0.02
141749,0.0
141750,0.02
141751,0.04
141752,0.03
141753,0.02
141754,0.04
141755,0.05
141756,0.01
141757,0.01
141758,0.35
141759,0.0
141760,0.17
141761,0.02
141762,0.18
141763,0.02
141764,0.03
141765,0.01
141766,0.4
141767,0.1
141768,0.01
141769,0.0
141770,0.0
141771,0.03
141772,0.02
141773,0.06
141774,0.08
141775,0.01
141776,0.0
141777,0.0
141778,0.0
141779,0.31
141780,0.01
141781,0.0
141782,0.02
141783,0.2
141784,0.0
141785,0.01
141786,0.0
141787,0.04
141788,0.35
141789,0.13
141790,0.0
141791,0.63
141792,0.06
141793,0.02
141794,0.01
141795,0.0
141796,0.0
141797,0.0
141798,0.01
141799,0.18
141800,0.23
141801,0.07
141802,0.02
141803,0.01
141804,0.0
141805,0.03
141806,0.02
141807,0.05
141808,0.12
141809,0.0
141810,0.01
141811,0.06
141812,0.01
141813,0.0
141814,0.07
141815,0.14
141816,0.01
141817,0.11
141818,0.03
141819,0.21
141820,0.15
141821,0.02
141822,0.0
141823,0.08
141824,0.0
141825,0.02
141826,0.02
141827,0.11
141828,0.11
141829,0.03
141830,0.15
141831,0.12
141832,0.02
141833,0.08
141834,0.02
141835,0.03
141836,0.11
141837,0.68
141838,0.11
141839,0.01
141840,0.05
141841,0.0
141842,0.02
141843,0.0
141844,0.08
141845,0.0
141846,0.0
141847,0.0
141848,0.14
141849,0.0
141850,0.0
141851,0.2
141852,0.01
141853,0.03
141854,0.07
141855,0.01
141856,0.07
141857,0.16
141858,0.3
141859,0.08
141860,0.03
141861,0.07
141862,0.01
141863,0.01
141864,0.1
141865,0.01
141866,0.0
141867,0.04
141868,0.01
141869,0.0
141870,0.0
141871,0.27
141872,0.0
141873,0.04
141874,0.02
141875,0.0
141876,0.0
141877,0.06
141878,0.01
141879,0.13
141880,0.03
141881,0.01
141882,0.41
141883,0.27
141884,0.08
141885,0.09
141886,0.0
141887,0.1
141888,0.02
141889,0.03
141890,0.04
141891,0.0
141892,0.01
141893,0.1
141894,0.41
141895,0.03
141896,0.0
141897,0.04
141898,0.22
141899,0.0
141900,0.0
141901,0.0
141902,0.05
141903,0.12
141904,0.01
141905,0.01
141906,0.07
141907,0.57
141908,0.03
141909,0.02
141910,0.0
141911,0.01
141912,0.23
141913,0.01
141914,0.08
141915,0.01
141916,0.0
141917,0.0
141918,0.14
141919,0.01
141920,0.05
141921,0.03
141922,0.03
141923,0.03
141924,0.15
141925,0.0
141926,0.03
141927,0.03
141928,0.01
141929,0.04
141930,0.0
141931,0.04
141932,0.11
141933,0.0
141934,0.07
141935,0.02
141936,0.28
141937,0.0
141938,0.0
141939,0.07
141940,0.13
141941,0.35
141942,0.03
141943,0.0
141944,0.0
141945,0.0
141946,0.0
141947,0.1
141948,0.01
141949,0.01
141950,0.09
141951,0.15
141952,0.07
141953,0.01
141954,0.1
141955,0.01
141956,0.6
141957,0.02
141958,0.08
141959,0.01
141960,0.01
141961,0.02
141962,0.0
141963,0.02
141964,0.02
141965,0.19
141966,0.02
141967,0.1
141968,0.0
141969,0.01
141970,0.0
141971,0.01
141972,0.28
141973,0.0
141974,0.04
141975,0.02
141976,0.01
141977,0.0
141978,0.02
141979,0.04
141980,0.01
141981,0.0
141982,0.07
141983,0.24
141984,0.01
141985,0.36
141986,0.04
141987,0.35
141988,0.01
141989,0.02
141990,0.13
141991,0.0
141992,0.03
141993,0.0
141994,0.15
141995,0.19
141996,0.06
141997,0.0
141998,0.0
141999,0.04
142000,0.03
142001,0.0
142002,0.0
142003,0.1
142004,0.19
142005,0.0
142006,0.03
142007,0.01
142008,0.0
142009,0.12
142010,0.0
142011,0.0
142012,0.01
142013,0.16
142014,0.03
142015,0.0
142016,0.0
142017,0.0
142018,0.01
142019,0.05
142020,0.09
142021,0.05
142022,0.07
142023,0.25
142024,0.0
142025,0.01
142026,0.3
142027,0.03
142028,0.0
142029,0.01
142030,0.01
142031,0.01
142032,0.07
142033,0.24
142034,0.0
142035,0.0
142036,0.01
142037,0.01
142038,0.04
142039,0.03
142040,0.0
142041,0.0
142042,0.03
142043,0.04
142044,0.0
142045,0.37
142046,0.0
142047,0.02
142048,0.1
142049,0.05
142050,0.0
142051,0.17
142052,0.11
142053,0.06
142054,0.02
142055,0.0
142056,0.04
142057,0.05
142058,0.08
142059,0.05
142060,0.08
142061,0.0
142062,0.07
142063,0.41
142064,0.13
142065,0.15
142066,0.01
142067,0.01
142068,0.27
142069,0.04
142070,0.01
142071,0.01
142072,0.0
142073,0.01
142074,0.13
142075,0.03
142076,0.17
142077,0.32
142078,0.02
142079,0.1
142080,0.0
142081,0.21
142082,0.02
142083,0.02
142084,0.0
142085,0.08
142086,0.18
142087,0.05
142088,0.04
142089,0.0
142090,0.01
142091,0.04
142092,0.01
142093,0.14
142094,0.24
142095,0.06
142096,0.0
142097,0.03
142098,0.04
142099,0.28
142100,0.03
142101,0.01
142102,0.46
142103,0.06
142104,0.03
142105,0.01
142106,0.02
142107,0.09
142108,0.04
142109,0.4
142110,0.45
142111,0.0
142112,0.0
142113,0.0
142114,0.02
142115,0.02
142116,0.18
142117,0.01
142118,0.01
142119,0.01
142120,0.02
142121,0.2
142122,0.04
142123,0.05
142124,0.07
142125,0.0
142126,0.2
142127,0.13
142128,0.0
142129,0.06
142130,0.01
142131,0.07
142132,0.08
142133,0.0
142134,0.15
142135,0.02
142136,0.01
142137,0.01
142138,0.05
142139,0.0
142140,0.24
142141,0.05
142142,0.04
142143,0.0
142144,0.02
142145,0.11
142146,0.0
142147,0.34
142148,0.0
142149,0.13
142150,0.02
142151,0.05
142152,0.0
142153,0.01
142154,0.02
142155,0.16
142156,0.0
142157,0.04
142158,0.13
142159,0.0
142160,0.46
142161,0.02
142162,0.01
142163,0.0
142164,0.08
142165,0.05
142166,0.09
142167,0.25
142168,0.0
142169,0.05
142170,0.01
142171,0.01
142172,0.01
142173,0.09
142174,0.11
142175,0.04
142176,0.02
142177,0.1
142178,0.17
142179,0.0
142180,0.02
142181,0.01
142182,0.01
142183,0.0
142184,0.06
142185,0.11
142186,0.01
142187,0.23
142188,0.0
142189,0.29
142190,0.02
142191,0.3
142192,0.19
142193,0.03
142194,0.0
142195,0.01
142196,0.02
142197,0.01
142198,0.01
142199,0.02
142200,0.01
142201,0.0
142202,0.01
142203,0.01
142204,0.25
142205,0.04
142206,0.17
142207,0.0
142208,0.05
142209,0.03
142210,0.11
142211,0.0
142212,0.0
142213,0.18
142214,0.07
142215,0.56
142216,0.01
142217,0.2
142218,0.08
142219,0.02
142220,0.02
142221,0.0
142222,0.02
142223,0.0
142224,0.0
142225,0.49
142226,0.01
142227,0.0
142228,0.03
142229,0.0
142230,0.26
142231,0.17
142232,0.01
142233,0.0
142234,0.11
142235,0.03
142236,0.0
142237,0.02
142238,0.01
142239,0.03
142240,0.01
142241,0.13
142242,0.14
142243,0.07
142244,0.26
142245,0.03
142246,0.0
142247,0.02
142248,0.02
142249,0.0
142250,0.59
142251,0.04
142252,0.01
142253,0.0
142254,0.0
142255,0.01
142256,0.0
142257,0.0
142258,0.02
142259,0.41
142260,0.14
142261,0.01
142262,0.0
142263,0.01
142264,0.44
142265,0.35
142266,0.1
142267,0.0
142268,0.21
142269,0.0
142270,0.12
142271,0.02
142272,0.13
142273,0.19
142274,0.5
142275,0.0
142276,0.04
142277,0.06
142278,0.0
142279,0.07
142280,0.02
142281,0.02
142282,0.04
142283,0.01
142284,0.0
142285,0.04
142286,0.01
142287,0.0
142288,0.0
142289,0.02
142290,0.01
142291,0.0
142292,0.0
142293,0.02
142294,0.0
142295,0.0
142296,0.0
142297,0.08
142298,0.09
142299,0.0
142300,0.1
142301,0.15
142302,0.0
142303,0.03
142304,0.08
142305,0.08
142306,0.0
142307,0.44
142308,0.0
142309,0.01
142310,0.0
142311,0.0
142312,0.0
142313,0.06
142314,0.02
142315,0.0
142316,0.0
142317,0.0
142318,0.18
142319,0.01
142320,0.22
142321,0.03
142322,0.0
142323,0.05
142324,0.0
142325,0.22
142326,0.02
142327,0.14
142328,0.17
142329,0.01
142330,0.0
142331,0.11
142332,0.02
142333,0.02
142334,0.16
142335,0.31
142336,0.12
142337,0.08
142338,0.02
142339,0.0
142340,0.05
142341,0.0
142342,0.26
142343,0.0
142344,0.2
142345,0.02
142346,0.03
142347,0.25
142348,0.42
142349,0.02
142350,0.07
142351,0.09
142352,0.01
142353,0.0
142354,0.01
142355,0.0
142356,0.05
142357,0.01
142358,0.21
142359,0.13
142360,0.03
142361,0.41
142362,0.0
142363,0.45
142364,0.09
142365,0.04
142366,0.0
142367,0.0
142368,0.0
142369,0.16
142370,0.03
142371,0.0
142372,0.14
142373,0.01
142374,0.01
142375,0.01
142376,0.03
142377,0.11
142378,0.02
142379,0.66
142380,0.03
142381,0.15
142382,0.24
142383,0.04
142384,0.06
142385,0.0
142386,0.01
142387,0.0
142388,0.09
142389,0.0
142390,0.02
142391,0.0
142392,0.05
142393,0.22
142394,0.03
142395,0.0
142396,0.01
142397,0.05
142398,0.02
142399,0.01
142400,0.12
142401,0.0
142402,0.02
142403,0.0
142404,0.08
142405,0.28
142406,0.0
142407,0.02
142408,0.03
142409,0.02
142410,0.04
142411,0.0
142412,0.28
142413,0.1
142414,0.01
142415,0.0
142416,0.04
142417,0.02
142418,0.1
142419,0.03
142420,0.01
142421,0.07
142422,0.02
142423,0.0
142424,0.13
142425,0.02
142426,0.01
142427,0.11
142428,0.0
142429,0.0
142430,0.08
142431,0.02
142432,0.04
142433,0.48
142434,0.04
142435,0.0
142436,0.0
142437,0.01
142438,0.21
142439,0.0
142440,0.01
142441,0.06
142442,0.0
142443,0.01
142444,0.0
142445,0.25
142446,0.0
142447,0.17
142448,0.1
142449,0.06
142450,0.08
142451,0.05
142452,0.01
142453,0.1
142454,0.04
142455,0.03
142456,0.0
142457,0.0
142458,0.05
142459,0.04
142460,0.0
142461,0.04
142462,0.08
142463,0.01
142464,0.01
142465,0.01
142466,0.01
142467,0.07
142468,0.19
142469,0.1
142470,0.01
142471,0.01
142472,0.04
142473,0.02
142474,0.02
142475,0.03
142476,0.0
142477,0.0
142478,0.04
142479,0.0
142480,0.02
142481,0.0
142482,0.15
142483,0.04
142484,0.05
142485,0.01
142486,0.07
142487,0.01
142488,0.03
142489,0.12
142490,0.31
142491,0.04
142492,0.0
142493,0.06
142494,0.0
142495,0.21
142496,0.29
142497,0.03
142498,0.0
142499,0.26
142500,0.0
142501,0.01
142502,0.38
142503,0.07
142504,0.05
142505,0.0
142506,0.02
142507,0.09
142508,0.0
142509,0.0
142510,0.03
142511,0.11
142512,0.0
142513,0.05
142514,0.12
142515,0.0
142516,0.04
142517,0.0
142518,0.04
142519,0.09
142520,0.01
142521,0.0
142522,0.14
142523,0.01
142524,0.0
142525,0.0
142526,0.05
142527,0.08
142528,0.05
142529,0.0
142530,0.0
142531,0.0
142532,0.0
142533,0.0
142534,0.67
142535,0.1
142536,0.0
142537,0.04
142538,0.03
142539,0.61
142540,0.19
142541,0.25
142542,0.16
142543,0.03
142544,0.34
142545,0.19
142546,0.01
142547,0.01
142548,0.0
142549,0.08
142550,0.01
142551,0.05
142552,0.02
142553,0.1
142554,0.0
142555,0.07
142556,0.0
142557,0.03
142558,0.03
142559,0.0
142560,0.11
142561,0.01
142562,0.05
142563,0.02
142564,0.02
142565,0.04
142566,0.03
142567,0.02
142568,0.03
142569,0.03
142570,0.02
142571,0.28
142572,0.03
142573,0.01
142574,0.28
142575,0.1
142576,0.21
142577,0.0
142578,0.19
142579,0.02
142580,0.01
142581,0.07
142582,0.05
142583,0.02
142584,0.01
142585,0.05
142586,0.0
142587,0.14
142588,0.05
142589,0.09
142590,0.05
142591,0.01
142592,0.25
142593,0.0
142594,0.08
142595,0.0
142596,0.26
142597,0.0
142598,0.11
142599,0.02
142600,0.0
142601,0.0
142602,0.09
142603,0.0
142604,0.02
142605,0.03
142606,0.0
142607,0.04
142608,0.08
142609,0.04
142610,0.14
142611,0.01
142612,0.02
142613,0.06
142614,0.06
142615,0.09
142616,0.0
142617,0.0
142618,0.12
142619,0.01
142620,0.01
142621,0.02
142622,0.3
142623,0.0
142624,0.0
142625,0.06
142626,0.0
142627,0.0
142628,0.11
142629,0.02
142630,0.0
142631,0.25
142632,0.0
142633,0.0
142634,0.03
142635,0.34
142636,0.02
142637,0.07
142638,0.04
142639,0.02
142640,0.01
142641,0.32
142642,0.01
142643,0.28
142644,0.32
142645,0.04
142646,0.02
142647,0.02
142648,0.61
142649,0.11
142650,0.07
142651,0.0
142652,0.01
142653,0.24
142654,0.2
142655,0.07
142656,0.08
142657,0.0
142658,0.06
142659,0.01
142660,0.07
142661,0.01
142662,0.06
142663,0.28
142664,0.0
142665,0.01
142666,0.08
142667,0.19
142668,0.01
142669,0.04
142670,0.39
142671,0.0
142672,0.0
142673,0.15
142674,0.02
142675,0.04
142676,0.0
142677,0.79
142678,0.04
142679,0.04
142680,0.02
142681,0.01
142682,0.03
142683,0.0
142684,0.12
142685,0.39
142686,0.0
142687,0.11
142688,0.08
142689,0.08
142690,0.0
142691,0.2
142692,0.11
142693,0.01
142694,0.01
142695,0.0
142696,0.0
142697,0.01
142698,0.01
142699,0.49
142700,0.07
142701,0.07
142702,0.0
142703,0.03
142704,0.03
142705,0.0
142706,0.02
142707,0.02
142708,0.07
142709,0.08
142710,0.02
142711,0.01
142712,0.0
142713,0.02
142714,0.0
142715,0.27
142716,0.3
142717,0.04
142718,0.19
142719,0.01
142720,0.01
142721,0.0
142722,0.06
142723,0.12
142724,0.01
142725,0.0
142726,0.07
142727,0.01
142728,0.0
142729,0.08
142730,0.27
142731,0.24
142732,0.04
142733,0.02
142734,0.0
142735,0.06
142736,0.01
142737,0.05
142738,0.01
142739,0.02
142740,0.11
142741,0.0
142742,0.17
142743,0.01
142744,0.0
142745,0.0
142746,0.0
142747,0.25
142748,0.02
142749,0.0
142750,0.01
142751,0.02
142752,0.01
142753,0.05
142754,0.17
142755,0.14
142756,0.05
142757,0.01
142758,0.0
142759,0.0
142760,0.0
142761,0.33
142762,0.0
142763,0.0
142764,0.0
142765,0.18
142766,0.0
142767,0.0
142768,0.0
142769,0.22
142770,0.02
142771,0.06
142772,0.01
142773,0.03
142774,0.0
142775,0.01
142776,0.55
142777,0.03
142778,0.06
142779,0.03
142780,0.02
142781,0.04
142782,0.35
142783,0.04
142784,0.03
142785,0.08
142786,0.03
142787,0.33
142788,0.01
142789,0.01
142790,0.0
142791,0.03
142792,0.08
142793,0.0
142794,0.13
142795,0.01
142796,0.06
142797,0.01
142798,0.03
142799,0.02
142800,0.04
142801,0.04
142802,0.01
142803,0.0
142804,0.23
142805,0.0
142806,0.04
142807,0.25
142808,0.0
142809,0.03
142810,0.26
142811,0.02
142812,0.19
142813,0.01
142814,0.01
142815,0.05
142816,0.05
142817,0.02
142818,0.09
142819,0.0
142820,0.0
142821,0.0
142822,0.0
142823,0.11
142824,0.33
142825,0.0
142826,0.0
142827,0.02
142828,0.02
142829,0.19
142830,0.19
142831,0.17
142832,0.09
142833,0.0
142834,0.0
142835,0.0
142836,0.0
142837,0.0
142838,0.28
142839,0.22
142840,0.02
142841,0.11
142842,0.0
142843,0.03
142844,0.01
142845,0.01
142846,0.02
142847,0.02
142848,0.06
142849,0.01
142850,0.16
142851,0.0
142852,0.02
142853,0.03
142854,0.12
142855,0.0
142856,0.02
142857,0.01
142858,0.04
142859,0.06
142860,0.02
142861,0.18
142862,0.02
142863,0.08
142864,0.3
142865,0.04
142866,0.76
142867,0.01
142868,0.0
142869,0.03
142870,0.0
142871,0.0
142872,0.02
142873,0.02
142874,0.49
142875,0.05
142876,0.07
142877,0.28
142878,0.04
142879,0.09
142880,0.24
142881,0.06
142882,0.04
142883,0.0
142884,0.02
142885,0.06
142886,0.02
142887,0.44
142888,0.03
142889,0.09
142890,0.0
142891,0.06
142892,0.0
142893,0.0
142894,0.14
142895,0.02
142896,0.01
142897,0.06
142898,0.01
142899,0.0
142900,0.41
142901,0.03
142902,0.14
142903,0.06
142904,0.02
142905,0.0
142906,0.01
142907,0.0
142908,0.02
142909,0.02
142910,0.0
142911,0.03
142912,0.25
142913,0.08
142914,0.02
142915,0.0
142916,0.0
142917,0.0
142918,0.0
142919,0.0
142920,0.03
142921,0.08
142922,0.0
142923,0.0
142924,0.06
142925,0.0
142926,0.0
142927,0.02
142928,0.05
142929,0.0
142930,0.01
142931,0.02
142932,0.42
142933,0.08
142934,0.0
142935,0.01
142936,0.02
142937,0.0
142938,0.04
142939,0.09
142940,0.82
142941,0.22
142942,0.02
142943,0.04
142944,0.16
142945,0.02
142946,0.0
142947,0.02
142948,0.03
142949,0.08
142950,0.21
142951,0.04
142952,0.19
142953,0.0
142954,0.03
142955,0.01
142956,0.0
142957,0.02
142958,0.02
142959,0.02
142960,0.0
142961,0.01
142962,0.0
142963,0.0
142964,0.36
142965,0.0
142966,0.01
142967,0.0
142968,0.03
142969,0.37
142970,0.0
142971,0.09
142972,0.0
142973,0.0
142974,0.01
142975,0.02
142976,0.17
142977,0.06
142978,0.01
142979,0.0
142980,0.0
142981,0.01
142982,0.21
142983,0.05
142984,0.1
142985,0.02
142986,0.05
142987,0.03
142988,0.0
142989,0.0
142990,0.0
142991,0.0
142992,0.0
142993,0.03
142994,0.18
142995,0.0
142996,0.02
142997,0.31
142998,0.03
142999,0.02
143000,0.05
143001,0.1
143002,0.08
143003,0.12
143004,0.0
143005,0.0
143006,0.01
143007,0.03
143008,0.05
143009,0.02
143010,0.0
143011,0.01
143012,0.0
143013,0.0
143014,0.0
143015,0.01
143016,0.12
143017,0.12
143018,0.08
143019,0.0
143020,0.06
143021,0.0
143022,0.0
143023,0.06
143024,0.01
143025,0.05
143026,0.04
143027,0.06
143028,0.0
143029,0.01
143030,0.03
143031,0.02
143032,0.02
143033,0.04
143034,0.02
143035,0.0
143036,0.0
143037,0.0
143038,0.02
143039,0.0
143040,0.0
143041,0.04
143042,0.0
143043,0.03
143044,0.0
143045,0.05
143046,0.13
143047,0.05
143048,0.01
143049,0.01
143050,0.02
143051,0.03
143052,0.12
143053,0.03
143054,0.01
143055,0.32
143056,0.0
143057,0.01
143058,0.04
143059,0.05
143060,0.37
143061,0.0
143062,0.0
143063,0.01
143064,0.05
143065,0.0
143066,0.02
143067,0.08
143068,0.01
143069,0.03
143070,0.04
143071,0.02
143072,0.0
143073,0.1
143074,0.04
143075,0.14
143076,0.3
143077,0.04
143078,0.03
143079,0.09
143080,0.0
143081,0.0
143082,0.08
143083,0.08
143084,0.0
143085,0.03
143086,0.07
143087,0.12
143088,0.01
143089,0.09
143090,0.24
143091,0.28
143092,0.22
143093,0.0
143094,0.01
143095,0.04
143096,0.0
143097,0.01
143098,0.13
143099,0.02
143100,0.04
143101,0.07
143102,0.0
143103,0.01
143104,0.0
143105,0.0
143106,0.01
143107,0.0
143108,0.02
143109,0.03
143110,0.03
143111,0.09
143112,0.0
143113,0.0
143114,0.0
143115,0.05
143116,0.02
143117,0.01
143118,0.0
143119,0.02
143120,0.0
143121,0.0
143122,0.07
143123,0.0
143124,0.01
143125,0.19
143126,0.01
143127,0.01
143128,0.0
143129,0.0
143130,0.17
143131,0.02
143132,0.02
143133,0.01
143134,0.29
143135,0.05
143136,0.17
143137,0.06
143138,0.0
143139,0.04
143140,0.0
143141,0.25
143142,0.0
143143,0.09
143144,0.06
143145,0.01
143146,0.06
143147,0.3
143148,0.11
143149,0.11
143150,0.06
143151,0.0
143152,0.01
143153,0.0
143154,0.1
143155,0.0
143156,0.01
143157,0.0
143158,0.12
143159,0.03
143160,0.25
143161,0.04
143162,0.03
143163,0.01
143164,0.04
143165,0.02
143166,0.4
143167,0.05
143168,0.51
143169,0.07
143170,0.26
143171,0.05
143172,0.21
143173,0.0
143174,0.0
143175,0.01
143176,0.0
143177,0.0
143178,0.0
143179,0.06
143180,0.06
143181,0.34
143182,0.07
143183,0.01
143184,0.14
143185,0.01
143186,0.0
143187,0.09
143188,0.0
143189,0.11
143190,0.22
143191,0.22
143192,0.01
143193,0.01
143194,0.56
143195,0.0
143196,0.03
143197,0.1
143198,0.0
143199,0.03
143200,0.14
143201,0.19
143202,0.12
143203,0.03
143204,0.01
143205,0.2
143206,0.0
143207,0.01
143208,0.14
143209,0.44
143210,0.01
143211,0.0
143212,0.24
143213,0.01
143214,0.05
143215,0.03
143216,0.11
143217,0.0
143218,0.0
143219,0.01
143220,0.0
143221,0.07
143222,0.01
143223,0.22
143224,0.0
143225,0.0
143226,0.1
143227,0.0
143228,0.33
143229,0.09
143230,0.15
143231,0.02
143232,0.05
143233,0.0
143234,0.0
143235,0.07
143236,0.0
143237,0.01
143238,0.02
143239,0.28
143240,0.52
143241,0.09
143242,0.04
143243,0.1
143244,0.05
143245,0.04
143246,0.0
143247,0.02
143248,0.18
143249,0.0
143250,0.01
143251,0.0
143252,0.18
143253,0.03
143254,0.0
143255,0.02
143256,0.01
143257,0.01
143258,0.29
143259,0.08
143260,0.0
143261,0.18
143262,0.02
143263,0.0
143264,0.0
143265,0.0
143266,0.01
143267,0.09
143268,0.14
143269,0.05
143270,0.09
143271,0.0
143272,0.08
143273,0.0
143274,0.01
143275,0.01
143276,0.0
143277,0.06
143278,0.26
143279,0.16
143280,0.03
143281,0.02
143282,0.07
143283,0.6
143284,0.0
143285,0.01
143286,0.01
143287,0.01
143288,0.0
143289,0.07
143290,0.0
143291,0.18
143292,0.02
143293,0.06
143294,0.67
143295,0.0
143296,0.0
143297,0.05
143298,0.0
143299,0.41
143300,0.0
143301,0.19
143302,0.0
143303,0.0
143304,0.0
143305,0.09
143306,0.0
143307,0.01
143308,0.08
143309,0.0
143310,0.12
143311,0.48
143312,0.01
143313,0.03
143314,0.03
143315,0.0
143316,0.02
143317,0.0
143318,0.0
143319,0.04
143320,0.18
143321,0.33
143322,0.41
143323,0.0
143324,0.01
143325,0.01
143326,0.14
143327,0.04
143328,0.38
143329,0.01
143330,0.01
143331,0.0
143332,0.0
143333,0.03
143334,0.15
143335,0.06
143336,0.0
143337,0.03
143338,0.15
143339,0.35
143340,0.01
143341,0.01
143342,0.0
143343,0.08
143344,0.09
143345,0.09
143346,0.11
143347,0.0
143348,0.15
143349,0.17
143350,0.04
143351,0.0
143352,0.01
143353,0.01
143354,0.25
143355,0.27
143356,0.03
143357,0.0
143358,0.01
143359,0.21
143360,0.04
143361,0.05
143362,0.03
143363,0.03
143364,0.01
143365,0.01
143366,0.01
143367,0.02
143368,0.0
143369,0.03
143370,0.01
143371,0.0
143372,0.11
143373,0.17
143374,0.03
143375,0.09
143376,0.05
143377,0.0
143378,0.19
143379,0.0
143380,0.14
143381,0.07
143382,0.1
143383,0.0
143384,0.01
143385,0.05
143386,0.06
143387,0.13
143388,0.0
143389,0.0
143390,0.06
143391,0.01
143392,0.02
143393,0.01
143394,0.03
143395,0.1
143396,0.0
143397,0.01
143398,0.01
143399,0.03
143400,0.0
143401,0.08
143402,0.0
143403,0.03
143404,0.06
143405,0.04
143406,0.18
143407,0.02
143408,0.01
143409,0.01
143410,0.0
143411,0.02
143412,0.0
143413,0.01
143414,0.07
143415,0.02
143416,0.03
143417,0.3
143418,0.45
143419,0.01
143420,0.01
143421,0.21
143422,0.0
143423,0.0
143424,0.01
143425,0.0
143426,0.21
143427,0.0
143428,0.05
143429,0.01
143430,0.27
143431,0.09
143432,0.01
143433,0.42
143434,0.01
143435,0.6
143436,0.27
143437,0.11
143438,0.19
143439,0.26
143440,0.03
143441,0.09
143442,0.24
143443,0.01
143444,0.23
143445,0.0
143446,0.02
143447,0.55
143448,0.02
143449,0.0
143450,0.01
143451,0.0
143452,0.01
143453,0.05
143454,0.05
143455,0.37
143456,0.08
143457,0.15
143458,0.0
143459,0.03
143460,0.07
143461,0.04
143462,0.01
143463,0.02
143464,0.0
143465,0.03
143466,0.05
143467,0.02
143468,0.02
143469,0.14
143470,0.56
143471,0.15
143472,0.24
143473,0.0
143474,0.0
143475,0.02
143476,0.08
143477,0.05
143478,0.01
143479,0.0
143480,0.64
143481,0.33
143482,0.33
143483,0.01
143484,0.02
143485,0.02
143486,0.01
143487,0.29
143488,0.0
143489,0.0
143490,0.0
143491,0.06
143492,0.07
143493,0.12
143494,0.0
143495,0.02
143496,0.03
143497,0.01
143498,0.01
143499,0.03
143500,0.0
143501,0.16
143502,0.28
143503,0.02
143504,0.08
143505,0.1
143506,0.0
143507,0.04
143508,0.02
143509,0.0
143510,0.02
143511,0.02
143512,0.04
143513,0.1
143514,0.06
143515,0.11
143516,0.31
143517,0.02
143518,0.1
143519,0.0
143520,0.07
143521,0.0
143522,0.0
143523,0.55
143524,0.0
143525,0.06
143526,0.01
143527,0.2
143528,0.07
143529,0.02
143530,0.34
143531,0.08
143532,0.0
143533,0.01
143534,0.03
143535,0.01
143536,0.05
143537,0.02
143538,0.08
143539,0.06
143540,0.1
143541,0.29
143542,0.0
143543,0.09
143544,0.0
143545,0.04
143546,0.04
143547,0.01
143548,0.0
143549,0.0
143550,0.03
143551,0.07
143552,0.0
143553,0.14
143554,0.02
143555,0.06
143556,0.27
143557,0.0
143558,0.38
143559,0.0
143560,0.04
143561,0.07
143562,0.04
143563,0.05
143564,0.02
143565,0.02
143566,0.02
143567,0.19
143568,0.24
143569,0.01
143570,0.06
143571,0.01
143572,0.28
143573,0.15
143574,0.0
143575,0.03
143576,0.11
143577,0.0
143578,0.02
143579,0.01
143580,0.05
143581,0.17
143582,0.06
143583,0.0
143584,0.01
143585,0.01
143586,0.19
143587,0.15
143588,0.01
143589,0.0
143590,0.25
143591,0.01
143592,0.15
143593,0.01
143594,0.05
143595,0.0
143596,0.0
143597,0.0
143598,0.03
143599,0.11
143600,0.01
143601,0.0
143602,0.0
143603,0.0
143604,0.0
143605,0.02
143606,0.28
143607,0.18
143608,0.63
143609,0.0
143610,0.02
143611,0.0
143612,0.0
143613,0.0
143614,0.02
143615,0.07
143616,0.04
143617,0.01
143618,0.0
143619,0.04
143620,0.0
143621,0.01
143622,0.02
143623,0.0
143624,0.06
143625,0.11
143626,0.18
143627,0.0
143628,0.0
143629,0.0
143630,0.02
143631,0.0
143632,0.16
143633,0.07
143634,0.0
143635,0.01
143636,0.01
143637,0.0
143638,0.0
143639,0.06
143640,0.14
143641,0.31
143642,0.0
143643,0.04
143644,0.04
143645,0.0
143646,0.09
143647,0.0
143648,0.01
143649,0.01
143650,0.03
143651,0.01
143652,0.1
143653,0.0
143654,0.01
143655,0.18
143656,0.0
143657,0.04
143658,0.0
143659,0.0
143660,0.04
143661,0.09
143662,0.16
143663,0.0
143664,0.47
143665,0.03
143666,0.0
143667,0.12
143668,0.24
143669,0.01
143670,0.02
143671,0.02
143672,0.01
143673,0.04
143674,0.03
143675,0.37
143676,0.29
143677,0.09
143678,0.0
143679,0.04
143680,0.09
143681,0.0
143682,0.0
143683,0.02
143684,0.0
143685,0.0
143686,0.02
143687,0.04
143688,0.03
143689,0.11
143690,0.04
143691,0.09
143692,0.19
143693,0.14
143694,0.07
143695,0.12
143696,0.0
143697,0.0
143698,0.0
143699,0.02
143700,0.12
143701,0.06
143702,0.13
143703,0.07
143704,0.14
143705,0.03
143706,0.05
143707,0.0
143708,0.0
143709,0.0
143710,0.17
143711,0.0
143712,0.08
143713,0.0
143714,0.03
143715,0.0
143716,0.16
143717,0.0
143718,0.0
143719,0.03
143720,0.0
143721,0.01
143722,0.02
143723,0.0
143724,0.02
143725,0.0
143726,0.03
143727,0.0
143728,0.01
143729,0.03
143730,0.01
143731,0.0
143732,0.15
143733,0.0
143734,0.2
143735,0.03
143736,0.0
143737,0.0
143738,0.0
143739,0.02
143740,0.03
143741,0.01
143742,0.07
143743,0.03
143744,0.0
143745,0.0
143746,0.01
143747,0.09
143748,0.01
143749,0.0
143750,0.08
143751,0.0
143752,0.02
143753,0.0
143754,0.48
143755,0.0
143756,0.01
143757,0.01
143758,0.04
143759,0.03
143760,0.01
143761,0.16
143762,0.08
143763,0.17
143764,0.0
143765,0.0
143766,0.17
143767,0.36
143768,0.0
143769,0.01
143770,0.05
143771,0.0
143772,0.0
143773,0.07
143774,0.1
143775,0.0
143776,0.0
143777,0.02
143778,0.0
143779,0.19
143780,0.02
143781,0.05
143782,0.02
143783,0.03
143784,0.03
143785,0.06
143786,0.01
143787,0.04
143788,0.08
143789,0.03
143790,0.02
143791,0.02
143792,0.15
143793,0.02
143794,0.0
143795,0.06
143796,0.1
143797,0.0
143798,0.04
143799,0.05
143800,0.0
143801,0.01
143802,0.0
143803,0.01
143804,0.1
143805,0.0
143806,0.0
143807,0.06
143808,0.02
143809,0.09
143810,0.01
143811,0.0
143812,0.0
143813,0.36
143814,0.1
143815,0.03
143816,0.17
143817,0.11
143818,0.21
143819,0.02
143820,0.03
143821,0.08
143822,0.21
143823,0.09
143824,0.11
143825,0.0
143826,0.0
143827,0.06
143828,0.01
143829,0.01
143830,0.01
143831,0.04
143832,0.01
143833,0.03
143834,0.01
143835,0.03
143836,0.08
143837,0.04
143838,0.03
143839,0.02
143840,0.01
143841,0.02
143842,0.03
143843,0.0
143844,0.07
143845,0.21
143846,0.02
143847,0.06
143848,0.0
143849,0.26
143850,0.02
143851,0.25
143852,0.0
143853,0.13
143854,0.0
143855,0.0
143856,0.02
143857,0.03
143858,0.28
143859,0.01
143860,0.0
143861,0.0
143862,0.0
143863,0.0
143864,0.0
143865,0.04
143866,0.24
143867,0.0
143868,0.11
143869,0.07
143870,0.0
143871,0.02
143872,0.06
143873,0.01
143874,0.02
143875,0.0
143876,0.0
143877,0.01
143878,0.0
143879,0.41
143880,0.01
143881,0.0
143882,0.08
143883,0.01
143884,0.0
143885,0.05
143886,0.0
143887,0.0
143888,0.1
143889,0.04
143890,0.0
143891,0.01
143892,0.0
143893,0.03
143894,0.04
143895,0.07
143896,0.01
143897,0.01
143898,0.02
143899,0.0
143900,0.0
143901,0.03
143902,0.1
143903,0.12
143904,0.02
143905,0.05
143906,0.23
143907,0.01
143908,0.03
143909,0.04
143910,0.04
143911,0.19
143912,0.08
143913,0.0
143914,0.62
143915,0.0
143916,0.08
143917,0.0
143918,0.09
143919,0.03
143920,0.01
143921,0.01
143922,0.23
143923,0.01
143924,0.04
143925,0.11
143926,0.07
143927,0.07
143928,0.01
143929,0.01
143930,0.0
143931,0.02
143932,0.06
143933,0.0
143934,0.02
143935,0.03
143936,0.02
143937,0.0
143938,0.03
143939,0.01
143940,0.2
143941,0.01
143942,0.02
143943,0.0
143944,0.0
143945,0.07
143946,0.02
143947,0.03
143948,0.06
143949,0.02
143950,0.06
143951,0.29
143952,0.02
143953,0.01
143954,0.0
143955,0.58
143956,0.02
143957,0.16
143958,0.36
143959,0.01
143960,0.01
143961,0.0
143962,0.25
143963,0.04
143964,0.04
143965,0.03
143966,0.0
143967,0.02
143968,0.01
143969,0.12
143970,0.0
143971,0.4
143972,0.06
143973,0.03
143974,0.27
143975,0.0
143976,0.0
143977,0.15
143978,0.02
143979,0.15
143980,0.0
143981,0.04
143982,0.0
143983,0.01
143984,0.0
143985,0.03
143986,0.0
143987,0.2
143988,0.01
143989,0.06
143990,0.08
143991,0.22
143992,0.0
143993,0.0
143994,0.07
143995,0.26
143996,0.88
143997,0.01
143998,0.06
143999,0.06
144000,0.01
144001,0.1
144002,0.02
144003,0.0
144004,0.0
144005,0.0
144006,0.44
144007,0.11
144008,0.04
144009,0.01
144010,0.12
144011,0.01
144012,0.07
144013,0.04
144014,0.02
144015,0.12
144016,0.06
144017,0.0
144018,0.0
144019,0.0
144020,0.22
144021,0.0
144022,0.0
144023,0.03
144024,0.18
144025,0.04
144026,0.05
144027,0.0
144028,0.16
144029,0.05
144030,0.05
144031,0.01
144032,0.04
144033,0.03
144034,0.02
144035,0.1
144036,0.43
144037,0.06
144038,0.06
144039,0.0
144040,0.0
144041,0.22
144042,0.01
144043,0.02
144044,0.52
144045,0.02
144046,0.0
144047,0.09
144048,0.0
144049,0.01
144050,0.01
144051,0.03
144052,0.05
144053,0.02
144054,0.03
144055,0.03
144056,0.01
144057,0.0
144058,0.08
144059,0.04
144060,0.15
144061,0.1
144062,0.15
144063,0.12
144064,0.0
144065,0.06
144066,0.0
144067,0.0
144068,0.02
144069,0.0
144070,0.01
144071,0.0
144072,0.02
144073,0.29
144074,0.09
144075,0.0
144076,0.12
144077,0.0
144078,0.02
144079,0.0
144080,0.0
144081,0.3
144082,0.0
144083,0.02
144084,0.0
144085,0.01
144086,0.0
144087,0.02
144088,0.08
144089,0.0
144090,0.0
144091,0.0
144092,0.06
144093,0.14
144094,0.0
144095,0.0
144096,0.0
144097,0.0
144098,0.0
144099,0.01
144100,0.0
144101,0.03
144102,0.07
144103,0.04
144104,0.07
144105,0.0
144106,0.03
144107,0.07
144108,0.0
144109,0.0
144110,0.02
144111,0.11
144112,0.02
144113,0.11
144114,0.04
144115,0.01
144116,0.0
144117,0.01
144118,0.0
144119,0.04
144120,0.05
144121,0.02
144122,0.01
144123,0.03
144124,0.0
144125,0.09
144126,0.06
144127,0.11
144128,0.09
144129,0.05
144130,0.0
144131,0.13
144132,0.01
144133,0.07
144134,0.05
144135,0.07
144136,0.17
144137,0.05
144138,0.0
144139,0.2
144140,0.0
144141,0.0
144142,0.05
144143,0.06
144144,0.0
144145,0.01
144146,0.02
144147,0.0
144148,0.0
144149,0.06
144150,0.01
144151,0.05
144152,0.05
144153,0.07
144154,0.14
144155,0.0
144156,0.31
144157,0.02
144158,0.0
144159,0.01
144160,0.2
144161,0.01
144162,0.0
144163,0.0
144164,0.01
144165,0.01
144166,0.03
144167,0.41
144168,0.13
144169,0.0
144170,0.0
144171,0.06
144172,0.14
144173,0.0
144174,0.02
144175,0.4
144176,0.0
144177,0.0
144178,0.02
144179,0.0
144180,0.0
144181,0.08
144182,0.04
144183,0.04
144184,0.0
144185,0.02
144186,0.46
144187,0.02
144188,0.01
144189,0.02
144190,0.0
144191,0.16
144192,0.01
144193,0.0
144194,0.19
144195,0.0
144196,0.2
144197,0.03
144198,0.01
144199,0.0
144200,0.11
144201,0.01
144202,0.09
144203,0.01
144204,0.0
144205,0.03
144206,0.0
144207,0.0
144208,0.01
144209,0.0
144210,0.02
144211,0.01
144212,0.12
144213,0.1
144214,0.02
144215,0.49
144216,0.04
144217,0.45
144218,0.0
144219,0.0
144220,0.04
144221,0.0
144222,0.07
144223,0.03
144224,0.02
144225,0.03
144226,0.0
144227,0.04
144228,0.13
144229,0.18
144230,0.0
144231,0.26
144232,0.0
144233,0.01
144234,0.01
144235,0.01
144236,0.04
144237,0.13
144238,0.43
144239,0.01
144240,0.13
144241,0.0
144242,0.03
144243,0.0
144244,0.03
144245,0.02
144246,0.07
144247,0.07
144248,0.0
144249,0.0
144250,0.01
144251,0.03
144252,0.03
144253,0.01
144254,0.01
144255,0.44
144256,0.22
144257,0.03
144258,0.01
144259,0.02
144260,0.0
144261,0.21
144262,0.0
144263,0.0
144264,0.34
144265,0.0
144266,0.01
144267,0.14
144268,0.01
144269,0.06
144270,0.02
144271,0.1
144272,0.09
144273,0.02
144274,0.21
144275,0.04
144276,0.0
144277,0.26
144278,0.04
144279,0.02
144280,0.05
144281,0.18
144282,0.09
144283,0.0
144284,0.0
144285,0.1
144286,0.05
144287,0.25
144288,0.0
144289,0.29
144290,0.01
144291,0.01
144292,0.0
144293,0.03
144294,0.0
144295,0.07
144296,0.27
144297,0.0
144298,0.01
144299,0.45
144300,0.0
144301,0.01
144302,0.02
144303,0.1
144304,0.04
144305,0.05
144306,0.48
144307,0.0
144308,0.23
144309,0.01
144310,0.04
144311,0.0
144312,0.0
144313,0.33
144314,0.0
144315,0.0
144316,0.02
144317,0.02
144318,0.0
144319,0.07
144320,0.15
144321,0.01
144322,0.0
144323,0.0
144324,0.01
144325,0.0
144326,0.01
144327,0.11
144328,0.06
144329,0.01
144330,0.04
144331,0.0
144332,0.01
144333,0.03
144334,0.01
144335,0.04
144336,0.0
144337,0.1
144338,0.03
144339,0.41
144340,0.47
144341,0.0
144342,0.0
144343,0.01
144344,0.38
144345,0.09
144346,0.25
144347,0.0
144348,0.02
144349,0.14
144350,0.0
144351,0.03
144352,0.03
144353,0.05
144354,0.05
144355,0.14
144356,0.0
144357,0.07
144358,0.04
144359,0.0
144360,0.01
144361,0.05
144362,0.03
144363,0.49
144364,0.05
144365,0.01
144366,0.0
144367,0.04
144368,0.0
144369,0.38
144370,0.11
144371,0.02
144372,0.1
144373,0.02
144374,0.01
144375,0.01
144376,0.02
144377,0.28
144378,0.07
144379,0.04
144380,0.11
144381,0.0
144382,0.03
144383,0.01
144384,0.0
144385,0.06
144386,0.47
144387,0.15
144388,0.0
144389,0.29
144390,0.02
144391,0.16
144392,0.01
144393,0.25
144394,0.02
144395,0.23
144396,0.01
144397,0.0
144398,0.04
144399,0.0
144400,0.01
144401,0.01
144402,0.04
144403,0.03
144404,0.01
144405,0.06
144406,0.06
144407,0.01
144408,0.07
144409,0.14
144410,0.0
144411,0.0
144412,0.0
144413,0.02
144414,0.11
144415,0.04
144416,0.07
144417,0.0
144418,0.29
144419,0.02
144420,0.32
144421,0.03
144422,0.0
144423,0.01
144424,0.01
144425,0.04
144426,0.03
144427,0.0
144428,0.0
144429,0.18
144430,0.39
144431,0.01
144432,0.4
144433,0.05
144434,0.15
144435,0.0
144436,0.0
144437,0.01
144438,0.0
144439,0.14
144440,0.09
144441,0.01
144442,0.02
144443,0.03
144444,0.01
144445,0.01
144446,0.02
144447,0.01
144448,0.02
144449,0.01
144450,0.0
144451,0.07
144452,0.21
144453,0.29
144454,0.01
144455,0.06
144456,0.0
144457,0.04
144458,0.01
144459,0.0
144460,0.02
144461,0.35
144462,0.0
144463,0.04
144464,0.16
144465,0.01
144466,0.13
144467,0.0
144468,0.06
144469,0.06
144470,0.01
144471,0.0
144472,0.27
144473,0.02
144474,0.03
144475,0.38
144476,0.14
144477,0.04
144478,0.01
144479,0.03
144480,0.13
144481,0.08
144482,0.03
144483,0.0
144484,0.01
144485,0.01
144486,0.0
144487,0.32
144488,0.02
144489,0.02
144490,0.0
144491,0.04
144492,0.0
144493,0.08
144494,0.02
144495,0.01
144496,0.0
144497,0.26
144498,0.09
144499,0.01
144500,0.15
144501,0.1
144502,0.11
144503,0.18
144504,0.04
144505,0.14
144506,0.18
144507,0.0
144508,0.01
144509,0.0
144510,0.08
144511,0.01
144512,0.02
144513,0.09
144514,0.01
144515,0.01
144516,0.0
144517,0.02
144518,0.2
144519,0.28
144520,0.06
144521,0.02
144522,0.15
144523,0.12
144524,0.07
144525,0.01
144526,0.08
144527,0.0
144528,0.14
144529,0.01
144530,0.16
144531,0.09
144532,0.03
144533,0.0
144534,0.01
144535,0.22
144536,0.02
144537,0.03
144538,0.03
144539,0.02
144540,0.2
144541,0.34
144542,0.14
144543,0.51
144544,0.01
144545,0.15
144546,0.09
144547,0.0
144548,0.04
144549,0.0
144550,0.06
144551,0.0
144552,0.4
144553,0.02
144554,0.0
144555,0.01
144556,0.0
144557,0.01
144558,0.0
144559,0.0
144560,0.01
144561,0.0
144562,0.33
144563,0.03
144564,0.4
144565,0.02
144566,0.65
144567,0.44
144568,0.0
144569,0.01
144570,0.02
144571,0.0
144572,0.01
144573,0.0
144574,0.64
144575,0.03
144576,0.02
144577,0.15
144578,0.0
144579,0.0
144580,0.01
144581,0.0
144582,0.52
144583,0.0
144584,0.52
144585,0.01
144586,0.05
144587,0.0
144588,0.0
144589,0.06
144590,0.0
144591,0.35
144592,0.0
144593,0.07
144594,0.02
144595,0.04
144596,0.09
144597,0.08
144598,0.01
144599,0.1
144600,0.08
144601,0.01
144602,0.02
144603,0.02
144604,0.01
144605,0.04
144606,0.06
144607,0.0
144608,0.08
144609,0.14
144610,0.15
144611,0.31
144612,0.07
144613,0.03
144614,0.01
144615,0.01
144616,0.0
144617,0.04
144618,0.0
144619,0.04
144620,0.16
144621,0.46
144622,0.01
144623,0.0
144624,0.0
144625,0.0
144626,0.07
144627,0.01
144628,0.09
144629,0.42
144630,0.03
144631,0.0
144632,0.61
144633,0.0
144634,0.25
144635,0.07
144636,0.0
144637,0.14
144638,0.04
144639,0.67
144640,0.02
144641,0.02
144642,0.04
144643,0.1
144644,0.02
144645,0.5
144646,0.1
144647,0.03
144648,0.0
144649,0.0
144650,0.04
144651,0.19
144652,0.02
144653,0.08
144654,0.03
144655,0.06
144656,0.02
144657,0.0
144658,0.0
144659,0.03
144660,0.0
144661,0.0
144662,0.0
144663,0.04
144664,0.0
144665,0.16
144666,0.01
144667,0.04
144668,0.07
144669,0.08
144670,0.01
144671,0.01
144672,0.01
144673,0.2
144674,0.02
144675,0.0
144676,0.16
144677,0.66
144678,0.1
144679,0.01
144680,0.04
144681,0.46
144682,0.01
144683,0.1
144684,0.03
144685,0.09
144686,0.02
144687,0.09
144688,0.3
144689,0.0
144690,0.47
144691,0.01
144692,0.0
144693,0.0
144694,0.01
144695,0.01
144696,0.01
144697,0.01
144698,0.0
144699,0.0
144700,0.03
144701,0.04
144702,0.03
144703,0.0
144704,0.0
144705,0.35
144706,0.2
144707,0.42
144708,0.01
144709,0.0
144710,0.09
144711,0.07
144712,0.23
144713,0.0
144714,0.06
144715,0.0
144716,0.01
144717,0.28
144718,0.0
144719,0.0
144720,0.2
144721,0.0
144722,0.11
144723,0.04
144724,0.0
144725,0.0
144726,0.0
144727,0.15
144728,0.0
144729,0.02
144730,0.04
144731,0.03
144732,0.02
144733,0.24
144734,0.01
144735,0.0
144736,0.08
144737,0.0
144738,0.18
144739,0.0
144740,0.02
144741,0.04
144742,0.55
144743,0.0
144744,0.03
144745,0.05
144746,0.05
144747,0.06
144748,0.06
144749,0.0
144750,0.06
144751,0.02
144752,0.04
144753,0.0
144754,0.0
144755,0.13
144756,0.05
144757,0.0
144758,0.01
144759,0.05
144760,0.06
144761,0.0
144762,0.0
144763,0.04
144764,0.02
144765,0.03
144766,0.03
144767,0.04
144768,0.15
144769,0.01
144770,0.15
144771,0.0
144772,0.0
144773,0.0
144774,0.01
144775,0.02
144776,0.04
144777,0.03
144778,0.03
144779,0.08
144780,0.17
144781,0.0
144782,0.06
144783,0.0
144784,0.04
144785,0.03
144786,0.02
144787,0.0
144788,0.04
144789,0.0
144790,0.0
144791,0.01
144792,0.02
144793,0.01
144794,0.02
144795,0.16
144796,0.06
144797,0.06
144798,0.0
144799,0.06
144800,0.03
144801,0.01
144802,0.0
144803,0.22
144804,0.0
144805,0.07
144806,0.16
144807,0.0
144808,0.04
144809,0.07
144810,0.0
144811,0.17
144812,0.04
144813,0.04
144814,0.14
144815,0.37
144816,0.42
144817,0.03
144818,0.3
144819,0.01
144820,0.01
144821,0.0
144822,0.0
144823,0.03
144824,0.0
144825,0.08
144826,0.03
144827,0.0
144828,0.09
144829,0.0
144830,0.17
144831,0.07
144832,0.0
144833,0.04
144834,0.08
144835,0.03
144836,0.0
144837,0.02
144838,0.0
144839,0.0
144840,0.04
144841,0.01
144842,0.26
144843,0.02
144844,0.02
144845,0.03
144846,0.07
144847,0.0
144848,0.0
144849,0.24
144850,0.01
144851,0.03
144852,0.01
144853,0.0
144854,0.05
144855,0.04
144856,0.01
144857,0.11
144858,0.11
144859,0.0
144860,0.05
144861,0.1
144862,0.0
144863,0.3
144864,0.57
144865,0.02
144866,0.02
144867,0.18
144868,0.03
144869,0.0
144870,0.03
144871,0.02
144872,0.03
144873,0.0
144874,0.0
144875,0.16
144876,0.05
144877,0.1
144878,0.0
144879,0.02
144880,0.0
144881,0.0
144882,0.03
144883,0.0
144884,0.19
144885,0.0
144886,0.0
144887,0.01
144888,0.11
144889,0.0
144890,0.0
144891,0.02
144892,0.01
144893,0.01
144894,0.08
144895,0.09
144896,0.45
144897,0.04
144898,0.35
144899,0.0
144900,0.02
144901,0.0
144902,0.07
144903,0.0
144904,0.04
144905,0.22
144906,0.02
144907,0.05
144908,0.01
144909,0.0
144910,0.03
144911,0.04
144912,0.0
144913,0.0
144914,0.04
144915,0.0
144916,0.13
144917,0.0
144918,0.25
144919,0.02
144920,0.14
144921,0.05
144922,0.04
144923,0.0
144924,0.01
144925,0.2
144926,0.03
144927,0.55
144928,0.0
144929,0.0
144930,0.44
144931,0.03
144932,0.0
144933,0.0
144934,0.03
144935,0.04
144936,0.0
144937,0.04
144938,0.42
144939,0.13
144940,0.02
144941,0.03
144942,0.11
144943,0.37
144944,0.05
144945,0.02
144946,0.02
144947,0.1
144948,0.02
144949,0.16
144950,0.03
144951,0.01
144952,0.0
144953,0.0
144954,0.01
144955,0.07
144956,0.02
144957,0.05
144958,0.0
144959,0.0
144960,0.08
144961,0.0
144962,0.0
144963,0.0
144964,0.0
144965,0.0
144966,0.09
144967,0.09
144968,0.25
144969,0.04
144970,0.15
144971,0.04
144972,0.06
144973,0.0
144974,0.0
144975,0.0
144976,0.28
144977,0.08
144978,0.02
144979,0.19
144980,0.01
144981,0.01
144982,0.32
144983,0.01
144984,0.01
144985,0.01
144986,0.03
144987,0.0
144988,0.0
144989,0.15
144990,0.61
144991,0.01
144992,0.18
144993,0.02
144994,0.0
144995,0.04
144996,0.07
144997,0.01
144998,0.02
144999,0.0
145000,0.01
145001,0.02
145002,0.03
145003,0.01
145004,0.0
145005,0.03
145006,0.44
145007,0.03
145008,0.03
145009,0.03
145010,0.04
145011,0.0
145012,0.04
145013,0.05
145014,0.0
145015,0.0
145016,0.03
145017,0.02
145018,0.0
145019,0.07
145020,0.01
145021,0.09
145022,0.0
145023,0.0
145024,0.02
145025,0.01
145026,0.0
145027,0.0
145028,0.0
145029,0.02
145030,0.0
145031,0.05
145032,0.0
145033,0.1
145034,0.05
145035,0.12
145036,0.0
145037,0.06
145038,0.03
145039,0.17
145040,0.0
145041,0.0
145042,0.03
145043,0.01
145044,0.0
145045,0.33
145046,0.09
145047,0.0
145048,0.18
145049,0.0
145050,0.01
145051,0.01
145052,0.15
145053,0.0
145054,0.01
145055,0.0
145056,0.08
145057,0.1
145058,0.04
145059,0.02
145060,0.16
145061,0.0
145062,0.0
145063,0.05
145064,0.18
145065,0.0
145066,0.0
145067,0.0
145068,0.01
145069,0.0
145070,0.06
145071,0.19
145072,0.02
145073,0.08
145074,0.01
145075,0.0
145076,0.0
145077,0.0
145078,0.04
145079,0.01
145080,0.02
145081,0.04
145082,0.08
145083,0.01
145084,0.07
145085,0.11
145086,0.0
145087,0.0
145088,0.01
145089,0.0
145090,0.0
145091,0.0
145092,0.22
145093,0.06
145094,0.53
145095,0.0
145096,0.02
145097,0.09
145098,0.09
145099,0.01
145100,0.01
145101,0.0
145102,0.05
145103,0.03
145104,0.1
145105,0.0
145106,0.03
145107,0.0
145108,0.01
145109,0.01
145110,0.17
145111,0.0
145112,0.01
145113,0.05
145114,0.38
145115,0.01
145116,0.05
145117,0.0
145118,0.01
145119,0.04
145120,0.05
145121,0.0
145122,0.0
145123,0.02
145124,0.02
145125,0.02
145126,0.08
145127,0.02
145128,0.0
145129,0.0
145130,0.05
145131,0.0
145132,0.0
145133,0.01
145134,0.0
145135,0.03
145136,0.01
145137,0.0
145138,0.13
145139,0.28
145140,0.01
145141,0.25
145142,0.0
145143,0.05
145144,0.0
145145,0.13
145146,0.03
145147,0.01
145148,0.0
145149,0.0
145150,0.01
145151,0.08
145152,0.0
145153,0.06
145154,0.02
145155,0.04
145156,0.0
145157,0.09
145158,0.07
145159,0.0
145160,0.0
145161,0.0
145162,0.04
145163,0.14
145164,0.19
145165,0.01
145166,0.03
145167,0.04
145168,0.0
145169,0.25
145170,0.42
145171,0.2
145172,0.06
145173,0.38
145174,0.03
145175,0.0
145176,0.0
145177,0.18
145178,0.0
145179,0.09
145180,0.19
145181,0.0
145182,0.06
145183,0.0
145184,0.04
145185,0.03
145186,0.14
145187,0.13
145188,0.18
145189,0.06
145190,0.03
145191,0.0
145192,0.01
145193,0.04
145194,0.13
145195,0.04
145196,0.21
145197,0.51
145198,0.01
145199,0.04
145200,0.0
145201,0.07
145202,0.13
145203,0.0
145204,0.06
145205,0.05
145206,0.04
145207,0.0
145208,0.02
145209,0.0
145210,0.22
145211,0.0
145212,0.0
145213,0.03
145214,0.06
145215,0.03
145216,0.02
145217,0.11
145218,0.12
145219,0.0
145220,0.0
145221,0.0
145222,0.38
145223,0.04
145224,0.08
145225,0.05
145226,0.04
145227,0.18
145228,0.0
145229,0.08
145230,0.0
145231,0.01
145232,0.0
145233,0.4
145234,0.0
145235,0.16
145236,0.01
145237,0.12
145238,0.06
145239,0.01
145240,0.02
145241,0.03
145242,0.32
145243,0.0
145244,0.0
145245,0.03
145246,0.0
145247,0.05
145248,0.02
145249,0.0
145250,0.57
145251,0.02
145252,0.09
145253,0.01
145254,0.01
145255,0.13
145256,0.01
145257,0.02
145258,0.0
145259,0.0
145260,0.01
145261,0.12
145262,0.01
145263,0.45
145264,0.01
145265,0.04
145266,0.02
145267,0.01
145268,0.26
145269,0.02
145270,0.06
145271,0.17
145272,0.01
145273,0.0
145274,0.3
145275,0.34
145276,0.0
145277,0.01
145278,0.07
145279,0.32
145280,0.0
145281,0.01
145282,0.32
145283,0.02
145284,0.09
145285,0.0
145286,0.04
145287,0.0
145288,0.05
145289,0.0
145290,0.07
145291,0.02
145292,0.0
145293,0.0
145294,0.21
145295,0.18
145296,0.01
145297,0.31
145298,0.48
145299,0.0
145300,0.04
145301,0.04
145302,0.03
145303,0.0
145304,0.03
145305,0.0
145306,0.0
145307,0.09
145308,0.11
145309,0.0
145310,0.1
145311,0.07
145312,0.13
145313,0.02
145314,0.06
145315,0.06
145316,0.01
145317,0.01
145318,0.01
145319,0.07
145320,0.03
145321,0.01
145322,0.02
145323,0.1
145324,0.0
145325,0.01
145326,0.09
145327,0.27
145328,0.0
145329,0.0
145330,0.02
145331,0.02
145332,0.01
145333,0.0
145334,0.03
145335,0.0
145336,0.06
145337,0.0
145338,0.01
145339,0.0
145340,0.03
145341,0.0
145342,0.09
145343,0.16
145344,0.0
145345,0.27
145346,0.0
145347,0.15
145348,0.02
145349,0.01
145350,0.0
145351,0.41
145352,0.0
145353,0.05
145354,0.0
145355,0.0
145356,0.04
145357,0.0
145358,0.28
145359,0.0
145360,0.02
145361,0.01
145362,0.0
145363,0.08
145364,0.12
145365,0.04
145366,0.39
145367,0.0
145368,0.06
145369,0.49
145370,0.04
145371,0.16
145372,0.43
145373,0.0
145374,0.01
145375,0.05
145376,0.47
145377,0.44
145378,0.0
145379,0.26
145380,0.05
145381,0.15
145382,0.01
145383,0.01
145384,0.01
145385,0.0
145386,0.01
145387,0.43
145388,0.01
145389,0.08
145390,0.06
145391,0.31
145392,0.01
145393,0.0
145394,0.0
145395,0.14
145396,0.0
145397,0.02
145398,0.04
145399,0.0
145400,0.0
145401,0.03
145402,0.22
145403,0.02
145404,0.06
145405,0.01
145406,0.0
145407,0.47
145408,0.0
145409,0.01
145410,0.08
145411,0.02
145412,0.04
145413,0.0
145414,0.04
145415,0.09
145416,0.01
145417,0.02
145418,0.11
145419,0.01
145420,0.0
145421,0.07
145422,0.0
145423,0.08
145424,0.17
145425,0.04
145426,0.02
145427,0.16
145428,0.06
145429,0.09
145430,0.28
145431,0.01
145432,0.04
145433,0.01
145434,0.14
145435,0.02
145436,0.0
145437,0.01
145438,0.05
145439,0.12
145440,0.03
145441,0.03
145442,0.08
145443,0.02
145444,0.0
145445,0.04
145446,0.02
145447,0.0
145448,0.0
145449,0.07
145450,0.06
145451,0.25
145452,0.06
145453,0.11
145454,0.13
145455,0.02
145456,0.03
145457,0.01
145458,0.04
145459,0.24
145460,0.2
145461,0.07
145462,0.01
145463,0.01
145464,0.08
145465,0.0
145466,0.32
145467,0.03
145468,0.0
145469,0.02
145470,0.01
145471,0.0
145472,0.02
145473,0.45
145474,0.12
145475,0.0
145476,0.5
145477,0.0
145478,0.73
145479,0.01
145480,0.01
145481,0.11
145482,0.08
145483,0.0
145484,0.02
145485,0.0
145486,0.05
145487,0.0
145488,0.06
145489,0.03
145490,0.0
145491,0.01
145492,0.04
145493,0.01
145494,0.02
145495,0.03
145496,0.0
145497,0.04
145498,0.13
145499,0.09
145500,0.01
145501,0.01
145502,0.0
145503,0.02
145504,0.01
145505,0.19
145506,0.01
145507,0.09
145508,0.0
145509,0.03
145510,0.09
145511,0.0
145512,0.01
145513,0.01
145514,0.21
145515,0.11
145516,0.0
145517,0.04
145518,0.12
145519,0.0
145520,0.05
145521,0.14
145522,0.02
145523,0.01
145524,0.01
145525,0.08
145526,0.0
145527,0.17
145528,0.02
145529,0.04
145530,0.0
145531,0.04
145532,0.06
145533,0.0
145534,0.0
145535,0.0
145536,0.28
145537,0.6
145538,0.03
145539,0.13
145540,0.12
145541,0.0
145542,0.06
145543,0.07
145544,0.04
145545,0.02
145546,0.01
145547,0.0
145548,0.01
145549,0.0
145550,0.0
145551,0.24
145552,0.0
145553,0.02
145554,0.05
145555,0.03
145556,0.0
145557,0.02
145558,0.59
145559,0.02
145560,0.01
145561,0.02
145562,0.35
145563,0.01
145564,0.0
145565,0.24
145566,0.15
145567,0.42
145568,0.01
145569,0.23
145570,0.0
145571,0.12
145572,0.05
145573,0.04
145574,0.1
145575,0.04
145576,0.0
145577,0.01
145578,0.01
145579,0.0
145580,0.01
145581,0.0
145582,0.29
145583,0.12
145584,0.0
145585,0.0
145586,0.07
145587,0.0
145588,0.04
145589,0.02
145590,0.13
145591,0.08
145592,0.06
145593,0.01
145594,0.0
145595,0.02
145596,0.03
145597,0.04
145598,0.0
145599,0.05
145600,0.01
145601,0.0
145602,0.01
145603,0.13
145604,0.08
145605,0.0
145606,0.03
145607,0.02
145608,0.0
145609,0.03
145610,0.0
145611,0.02
145612,0.05
145613,0.0
145614,0.0
145615,0.02
145616,0.39
145617,0.06
145618,0.03
145619,0.02
145620,0.06
145621,0.13
145622,0.01
145623,0.0
145624,0.0
145625,0.57
145626,0.0
145627,0.18
145628,0.01
145629,0.0
145630,0.0
145631,0.0
145632,0.0
145633,0.03
145634,0.06
145635,0.02
145636,0.01
145637,0.4
145638,0.0
145639,0.01
145640,0.01
145641,0.05
145642,0.0
145643,0.04
145644,0.0
145645,0.03
145646,0.01
145647,0.04
145648,0.14
145649,0.31
145650,0.12
145651,0.04
145652,0.12
145653,0.02
145654,0.13
145655,0.12
145656,0.04
145657,0.03
145658,0.19
145659,0.24
145660,0.01
145661,0.18
145662,0.31
145663,0.49
145664,0.01
145665,0.03
145666,0.08
145667,0.45
145668,0.41
145669,0.02
145670,0.18
145671,0.06
145672,0.0
145673,0.26
145674,0.05
145675,0.0
145676,0.01
145677,0.0
145678,0.02
145679,0.07
145680,0.0
145681,0.03
145682,0.24
145683,0.01
145684,0.07
145685,0.0
145686,0.08
145687,0.05
145688,0.0
145689,0.0
145690,0.03
145691,0.0
145692,0.04
145693,0.24
145694,0.0
145695,0.01
145696,0.0
145697,0.0
145698,0.12
145699,0.01
145700,0.03
145701,0.04
145702,0.0
145703,0.04
145704,0.06
145705,0.02
145706,0.01
145707,0.36
145708,0.07
145709,0.16
145710,0.01
145711,0.01
145712,0.02
145713,0.03
145714,0.08
145715,0.06
145716,0.04
145717,0.0
145718,0.16
145719,0.02
145720,0.02
145721,0.01
145722,0.0
145723,0.0
145724,0.52
145725,0.03
145726,0.02
145727,0.03
145728,0.18
145729,0.0
145730,0.04
145731,0.0
145732,0.0
145733,0.52
145734,0.02
145735,0.0
145736,0.18
145737,0.02
145738,0.0
145739,0.01
145740,0.02
145741,0.05
145742,0.25
145743,0.18
145744,0.02
145745,0.01
145746,0.08
145747,0.0
145748,0.0
145749,0.03
145750,0.0
145751,0.05
145752,0.0
145753,0.26
145754,0.02
145755,0.43
145756,0.01
145757,0.21
145758,0.2
145759,0.06
145760,0.03
145761,0.23
145762,0.04
145763,0.04
145764,0.01
145765,0.04
145766,0.08
145767,0.0
145768,0.03
145769,0.06
145770,0.04
145771,0.0
145772,0.03
145773,0.02
145774,0.29
145775,0.19
145776,0.0
145777,0.17
145778,0.01
145779,0.06
145780,0.02
145781,0.0
145782,0.05
145783,0.0
145784,0.09
145785,0.11
145786,0.07
145787,0.0
145788,0.17
145789,0.01
145790,0.08
145791,0.0
145792,0.0
145793,0.09
145794,0.01
145795,0.14
145796,0.01
145797,0.49
145798,0.0
145799,0.03
145800,0.02
145801,0.01
145802,0.0
145803,0.03
145804,0.01
145805,0.02
145806,0.0
145807,0.1
145808,0.03
145809,0.01
145810,0.1
145811,0.04
145812,0.0
145813,0.03
145814,0.01
145815,0.24
145816,0.05
145817,0.04
145818,0.15
145819,0.15
145820,0.03
145821,0.16
145822,0.49
145823,0.01
145824,0.01
145825,0.07
145826,0.03
145827,0.0
145828,0.01
145829,0.1
145830,0.08
145831,0.0
145832,0.0
145833,0.04
145834,0.04
145835,0.08
145836,0.27
145837,0.24
145838,0.02
145839,0.02
145840,0.06
145841,0.06
145842,0.23
145843,0.04
145844,0.01
145845,0.06
145846,0.01
145847,0.04
145848,0.0
145849,0.19
145850,0.3
145851,0.05
145852,0.02
145853,0.02
145854,0.01
145855,0.12
145856,0.0
145857,0.04
145858,0.01
145859,0.13
145860,0.34
145861,0.04
145862,0.0
145863,0.12
145864,0.04
145865,0.0
145866,0.06
145867,0.0
145868,0.01
145869,0.01
145870,0.0
145871,0.0
145872,0.04
145873,0.64
145874,0.03
145875,0.07
145876,0.16
145877,0.0
145878,0.03
145879,0.03
145880,0.12
145881,0.14
145882,0.0
145883,0.0
145884,0.16
145885,0.01
145886,0.26
145887,0.05
145888,0.01
145889,0.0
145890,0.03
145891,0.03
145892,0.07
145893,0.02
145894,0.02
145895,0.03
145896,0.03
145897,0.0
145898,0.0
145899,0.0
145900,0.12
145901,0.02
145902,0.04
145903,0.07
145904,0.03
145905,0.0
145906,0.04
145907,0.23
145908,0.04
145909,0.33
145910,0.09
145911,0.02
145912,0.0
145913,0.01
145914,0.0
145915,0.08
145916,0.02
145917,0.03
145918,0.33
145919,0.03
145920,0.0
145921,0.08
145922,0.13
145923,0.01
145924,0.02
145925,0.22
145926,0.0
145927,0.25
145928,0.16
145929,0.0
145930,0.0
145931,0.06
145932,0.0
145933,0.01
145934,0.02
145935,0.18
145936,0.0
145937,0.05
145938,0.0
145939,0.01
145940,0.02
145941,0.07
145942,0.19
145943,0.07
145944,0.0
145945,0.11
145946,0.0
145947,0.01
145948,0.15
145949,0.08
145950,0.02
145951,0.07
145952,0.05
145953,0.03
145954,0.0
145955,0.02
145956,0.32
145957,0.01
145958,0.05
145959,0.27
145960,0.05
145961,0.02
145962,0.01
145963,0.01
145964,0.05
145965,0.14
145966,0.02
145967,0.0
145968,0.22
145969,0.04
145970,0.03
145971,0.03
145972,0.04
145973,0.4
145974,0.04
145975,0.19
145976,0.05
145977,0.0
145978,0.0
145979,0.15
145980,0.0
145981,0.0
145982,0.15
145983,0.0
145984,0.01
145985,0.02
145986,0.01
145987,0.0
145988,0.0
145989,0.22
145990,0.03
145991,0.04
145992,0.06
145993,0.05
145994,0.14
145995,0.11
145996,0.03
145997,0.0
145998,0.04
145999,0.24
146000,0.03
146001,0.0
146002,0.0
146003,0.03
146004,0.04
146005,0.04
146006,0.0
146007,0.04
146008,0.04
146009,0.03
146010,0.1
146011,0.06
146012,0.0
146013,0.01
146014,0.0
146015,0.02
146016,0.12
146017,0.0
146018,0.0
146019,0.1
146020,0.03
146021,0.1
146022,0.01
146023,0.1
146024,0.0
146025,0.05
146026,0.0
146027,0.0
146028,0.0
146029,0.03
146030,0.03
146031,0.07
146032,0.0
146033,0.0
146034,0.01
146035,0.0
146036,0.0
146037,0.39
146038,0.01
146039,0.0
146040,0.04
146041,0.0
146042,0.34
146043,0.46
146044,0.01
146045,0.0
146046,0.06
146047,0.09
146048,0.05
146049,0.02
146050,0.02
146051,0.23
146052,0.05
146053,0.1
146054,0.62
146055,0.23
146056,0.02
146057,0.0
146058,0.01
146059,0.47
146060,0.01
146061,0.0
146062,0.5
146063,0.04
146064,0.17
146065,0.01
146066,0.01
146067,0.56
146068,0.0
146069,0.04
146070,0.17
146071,0.48
146072,0.08
146073,0.28
146074,0.0
146075,0.0
146076,0.02
146077,0.09
146078,0.02
146079,0.11
146080,0.11
146081,0.01
146082,0.62
146083,0.01
146084,0.13
146085,0.38
146086,0.0
146087,0.03
146088,0.0
146089,0.02
146090,0.04
146091,0.55
146092,0.18
146093,0.0
146094,0.0
146095,0.52
146096,0.06
146097,0.0
146098,0.0
146099,0.02
146100,0.01
146101,0.0
146102,0.02
146103,0.02
146104,0.04
146105,0.08
146106,0.0
146107,0.17
146108,0.36
146109,0.17
146110,0.1
146111,0.03
146112,0.0
146113,0.01
146114,0.05
146115,0.03
146116,0.08
146117,0.0
146118,0.0
146119,0.05
146120,0.13
146121,0.0
146122,0.01
146123,0.04
146124,0.01
146125,0.0
146126,0.0
146127,0.03
146128,0.0
146129,0.04
146130,0.01
146131,0.05
146132,0.01
146133,0.01
146134,0.0
146135,0.0
146136,0.0
146137,0.05
146138,0.25
146139,0.0
146140,0.03
146141,0.0
146142,0.05
146143,0.01
146144,0.0
146145,0.31
146146,0.01
146147,0.03
146148,0.02
146149,0.01
146150,0.04
146151,0.04
146152,0.01
146153,0.0
146154,0.0
146155,0.04
146156,0.01
146157,0.09
146158,0.02
146159,0.2
146160,0.24
146161,0.01
146162,0.01
146163,0.33
146164,0.0
146165,0.0
146166,0.0
146167,0.0
146168,0.5
146169,0.01
146170,0.0
146171,0.08
146172,0.07
146173,0.0
146174,0.03
146175,0.0
146176,0.04
146177,0.0
146178,0.12
146179,0.04
146180,0.0
146181,0.02
146182,0.09
146183,0.03
146184,0.0
146185,0.01
146186,0.16
146187,0.11
146188,0.14
146189,0.02
146190,0.02
146191,0.18
146192,0.04
146193,0.03
146194,0.02
146195,0.0
146196,0.0
146197,0.05
146198,0.02
146199,0.0
146200,0.03
146201,0.0
146202,0.0
146203,0.07
146204,0.07
146205,0.02
146206,0.03
146207,0.28
146208,0.08
146209,0.01
146210,0.0
146211,0.0
146212,0.01
146213,0.0
146214,0.03
146215,0.1
146216,0.24
146217,0.2
146218,0.0
146219,0.05
146220,0.18
146221,0.27
146222,0.03
146223,0.0
146224,0.0
146225,0.0
146226,0.0
146227,0.03
146228,0.19
146229,0.02
146230,0.04
146231,0.15
146232,0.24
146233,0.0
146234,0.01
146235,0.02
146236,0.09
146237,0.03
146238,0.21
146239,0.03
146240,0.05
146241,0.1
146242,0.0
146243,0.0
146244,0.0
146245,0.01
146246,0.03
146247,0.16
146248,0.0
146249,0.0
146250,0.01
146251,0.0
146252,0.08
146253,0.13
146254,0.01
146255,0.05
146256,0.03
146257,0.07
146258,0.01
146259,0.05
146260,0.01
146261,0.07
146262,0.0
146263,0.01
146264,0.16
146265,0.03
146266,0.14
146267,0.2
146268,0.01
146269,0.18
146270,0.0
146271,0.01
146272,0.06
146273,0.02
146274,0.05
146275,0.0
146276,0.0
146277,0.56
146278,0.0
146279,0.05
146280,0.2
146281,0.02
146282,0.08
146283,0.01
146284,0.03
146285,0.0
146286,0.0
146287,0.01
146288,0.0
146289,0.05
146290,0.0
146291,0.37
146292,0.01
146293,0.02
146294,0.0
146295,0.01
146296,0.04
146297,0.05
146298,0.12
146299,0.06
146300,0.41
146301,0.13
146302,0.01
146303,0.02
146304,0.01
146305,0.0
146306,0.21
146307,0.04
146308,0.0
146309,0.17
146310,0.17
146311,0.23
146312,0.13
146313,0.02
146314,0.06
146315,0.11
146316,0.02
146317,0.04
146318,0.02
146319,0.03
146320,0.0
146321,0.02
146322,0.28
146323,0.11
146324,0.02
146325,0.03
146326,0.02
146327,0.01
146328,0.01
146329,0.02
146330,0.0
146331,0.06
146332,0.05
146333,0.0
146334,0.04
146335,0.0
146336,0.39
146337,0.05
146338,0.0
146339,0.0
146340,0.03
146341,0.03
146342,0.01
146343,0.01
146344,0.14
146345,0.0
146346,0.0
146347,0.01
146348,0.04
146349,0.01
146350,0.0
146351,0.0
146352,0.02
146353,0.01
146354,0.11
146355,0.01
146356,0.07
146357,0.05
146358,0.11
146359,0.01
146360,0.03
146361,0.0
146362,0.0
146363,0.25
146364,0.69
146365,0.0
146366,0.01
146367,0.05
146368,0.02
146369,0.05
146370,0.05
146371,0.0
146372,0.0
146373,0.02
146374,0.0
146375,0.18
146376,0.0
146377,0.01
146378,0.48
146379,0.0
146380,0.02
146381,0.06
146382,0.07
146383,0.0
146384,0.01
146385,0.0
146386,0.04
146387,0.01
146388,0.0
146389,0.04
146390,0.03
146391,0.01
146392,0.34
146393,0.0
146394,0.14
146395,0.03
146396,0.04
146397,0.0
146398,0.21
146399,0.18
146400,0.01
146401,0.05
146402,0.36
146403,0.19
146404,0.04
146405,0.03
146406,0.44
146407,0.01
146408,0.29
146409,0.08
146410,0.0
146411,0.01
146412,0.07
146413,0.1
146414,0.04
146415,0.17
146416,0.02
146417,0.41
146418,0.06
146419,0.15
146420,0.0
146421,0.01
146422,0.06
146423,0.0
146424,0.0
146425,0.2
146426,0.13
146427,0.0
146428,0.05
146429,0.05
146430,0.01
146431,0.0
146432,0.0
146433,0.04
146434,0.0
146435,0.02
146436,0.56
146437,0.01
146438,0.06
146439,0.0
146440,0.04
146441,0.0
146442,0.06
146443,0.03
146444,0.01
146445,0.28
146446,0.01
146447,0.38
146448,0.27
146449,0.09
146450,0.01
146451,0.12
146452,0.05
146453,0.16
146454,0.25
146455,0.01
146456,0.29
146457,0.0
146458,0.0
146459,0.0
146460,0.07
146461,0.06
146462,0.13
146463,0.06
146464,0.02
146465,0.02
146466,0.09
146467,0.0
146468,0.03
146469,0.01
146470,0.05
146471,0.0
146472,0.08
146473,0.08
146474,0.01
146475,0.02
146476,0.41
146477,0.01
146478,0.06
146479,0.1
146480,0.06
146481,0.04
146482,0.01
146483,0.05
146484,0.05
146485,0.04
146486,0.04
146487,0.24
146488,0.05
146489,0.28
146490,0.03
146491,0.0
146492,0.0
146493,0.43
146494,0.0
146495,0.01
146496,0.03
146497,0.0
146498,0.03
146499,0.02
146500,0.0
146501,0.0
146502,0.13
146503,0.0
146504,0.02
146505,0.01
146506,0.04
146507,0.0
146508,0.34
146509,0.0
146510,0.18
146511,0.0
146512,0.03
146513,0.27
146514,0.01
146515,0.1
146516,0.0
146517,0.03
146518,0.01
146519,0.0
146520,0.04
146521,0.15
146522,0.52
146523,0.3
146524,0.0
146525,0.03
146526,0.0
146527,0.01
146528,0.0
146529,0.0
146530,0.01
146531,0.0
146532,0.02
146533,0.01
146534,0.01
146535,0.11
146536,0.0
146537,0.05
146538,0.01
146539,0.01
146540,0.01
146541,0.0
146542,0.0
146543,0.28
146544,0.04
146545,0.01
146546,0.32
146547,0.0
146548,0.03
146549,0.01
146550,0.0
146551,0.11
146552,0.05
146553,0.02
146554,0.03
146555,0.09
146556,0.07
146557,0.05
146558,0.0
146559,0.0
146560,0.0
146561,0.09
146562,0.0
146563,0.0
146564,0.0
146565,0.0
146566,0.05
146567,0.1
146568,0.05
146569,0.01
146570,0.13
146571,0.01
146572,0.01
146573,0.0
146574,0.28
146575,0.02
146576,0.0
146577,0.02
146578,0.06
146579,0.01
146580,0.11
146581,0.03
146582,0.04
146583,0.1
146584,0.02
146585,0.09
146586,0.02
146587,0.0
146588,0.02
146589,0.04
146590,0.1
146591,0.15
146592,0.04
146593,0.0
146594,0.04
146595,0.02
146596,0.01
146597,0.0
146598,0.18
146599,0.24
146600,0.02
146601,0.01
146602,0.03
146603,0.01
146604,0.04
146605,0.11
146606,0.13
146607,0.03
146608,0.06
146609,0.01
146610,0.02
146611,0.02
146612,0.01
146613,0.0
146614,0.06
146615,0.12
146616,0.17
146617,0.19
146618,0.01
146619,0.01
146620,0.03
146621,0.0
146622,0.19
146623,0.0
146624,0.0
146625,0.01
146626,0.03
146627,0.02
146628,0.08
146629,0.01
146630,0.08
146631,0.06
146632,0.02
146633,0.01
146634,0.08
146635,0.01
146636,0.04
146637,0.05
146638,0.02
146639,0.01
146640,0.1
146641,0.01
146642,0.04
146643,0.02
146644,0.37
146645,0.01
146646,0.01
146647,0.0
146648,0.41
146649,0.01
146650,0.09
146651,0.0
146652,0.01
146653,0.05
146654,0.04
146655,0.44
146656,0.07
146657,0.0
146658,0.01
146659,0.01
146660,0.0
146661,0.03
146662,0.22
146663,0.14
146664,0.0
146665,0.01
146666,0.02
146667,0.0
146668,0.09
146669,0.08
146670,0.02
146671,0.05
146672,0.0
146673,0.0
146674,0.03
146675,0.17
146676,0.0
146677,0.09
146678,0.15
146679,0.0
146680,0.16
146681,0.01
146682,0.14
146683,0.09
146684,0.06
146685,0.05
146686,0.26
146687,0.0
146688,0.01
146689,0.21
146690,0.01
146691,0.0
146692,0.01
146693,0.08
146694,0.0
146695,0.0
146696,0.04
146697,0.0
146698,0.02
146699,0.01
146700,0.0
146701,0.0
146702,0.0
146703,0.03
146704,0.0
146705,0.39
146706,0.05
146707,0.0
146708,0.04
146709,0.03
146710,0.0
146711,0.1
146712,0.07
146713,0.02
146714,0.35
146715,0.0
146716,0.01
146717,0.03
146718,0.0
146719,0.1
146720,0.01
146721,0.0
146722,0.06
146723,0.5
146724,0.0
146725,0.0
146726,0.21
146727,0.0
146728,0.0
146729,0.0
146730,0.0
146731,0.03
146732,0.0
146733,0.02
146734,0.18
146735,0.02
146736,0.02
146737,0.05
146738,0.05
146739,0.01
146740,0.02
146741,0.04
146742,0.02
146743,0.0
146744,0.01
146745,0.06
146746,0.02
146747,0.0
146748,0.17
146749,0.04
146750,0.03
146751,0.0
146752,0.04
146753,0.08
146754,0.24
146755,0.0
146756,0.0
146757,0.07
146758,0.03
146759,0.03
146760,0.03
146761,0.05
146762,0.03
146763,0.01
146764,0.01
146765,0.04
146766,0.52
146767,0.1
146768,0.0
146769,0.19
146770,0.01
146771,0.04
146772,0.0
146773,0.0
146774,0.0
146775,0.15
146776,0.02
146777,0.02
146778,0.0
146779,0.47
146780,0.0
146781,0.29
146782,0.02
146783,0.01
146784,0.0
146785,0.54
146786,0.02
146787,0.07
146788,0.21
146789,0.08
146790,0.24
146791,0.25
146792,0.01
146793,0.0
146794,0.53
146795,0.0
146796,0.02
146797,0.05
146798,0.17
146799,0.07
146800,0.01
146801,0.0
146802,0.03
146803,0.02
146804,0.04
146805,0.0
146806,0.01
146807,0.24
146808,0.04
146809,0.22
146810,0.0
146811,0.01
146812,0.06
146813,0.05
146814,0.0
146815,0.02
146816,0.0
146817,0.0
146818,0.1
146819,0.01
146820,0.09
146821,0.07
146822,0.0
146823,0.03
146824,0.27
146825,0.0
146826,0.01
146827,0.03
146828,0.0
146829,0.0
146830,0.0
146831,0.01
146832,0.02
146833,0.02
146834,0.01
146835,0.01
146836,0.09
146837,0.03
146838,0.31
146839,0.06
146840,0.0
146841,0.04
146842,0.19
146843,0.5
146844,0.02
146845,0.09
146846,0.26
146847,0.0
146848,0.12
146849,0.15
146850,0.29
146851,0.0
146852,0.02
146853,0.0
146854,0.0
146855,0.19
146856,0.0
146857,0.14
146858,0.0
146859,0.01
146860,0.0
146861,0.02
146862,0.17
146863,0.04
146864,0.0
146865,0.0
146866,0.07
146867,0.02
146868,0.02
146869,0.07
146870,0.0
146871,0.03
146872,0.01
146873,0.02
146874,0.07
146875,0.61
146876,0.03
146877,0.03
146878,0.0
146879,0.0
146880,0.01
146881,0.42
146882,0.02
146883,0.0
146884,0.03
146885,0.0
146886,0.0
146887,0.25
146888,0.0
146889,0.01
146890,0.01
146891,0.02
146892,0.05
146893,0.0
146894,0.0
146895,0.03
146896,0.03
146897,0.0
146898,0.0
146899,0.0
146900,0.0
146901,0.05
146902,0.17
146903,0.04
146904,0.0
146905,0.32
146906,0.0
146907,0.0
146908,0.46
146909,0.04
146910,0.0
146911,0.01
146912,0.0
146913,0.05
146914,0.02
146915,0.01
146916,0.0
146917,0.0
146918,0.13
146919,0.01
146920,0.0
146921,0.08
146922,0.07
146923,0.02
146924,0.1
146925,0.24
146926,0.02
146927,0.05
146928,0.0
146929,0.07
146930,0.0
146931,0.0
146932,0.01
146933,0.03
146934,0.0
146935,0.07
146936,0.02
146937,0.01
146938,0.02
146939,0.01
146940,0.0
146941,0.0
146942,0.01
146943,0.09
146944,0.61
146945,0.14
146946,0.02
146947,0.25
146948,0.09
146949,0.0
146950,0.06
146951,0.0
146952,0.01
146953,0.05
146954,0.0
146955,0.01
146956,0.18
146957,0.0
146958,0.0
146959,0.0
146960,0.04
146961,0.01
146962,0.0
146963,0.0
146964,0.0
146965,0.15
146966,0.02
146967,0.0
146968,0.01
146969,0.01
146970,0.0
146971,0.04
146972,0.28
146973,0.22
146974,0.06
146975,0.03
146976,0.14
146977,0.09
146978,0.1
146979,0.05
146980,0.11
146981,0.01
146982,0.0
146983,0.15
146984,0.02
146985,0.05
146986,0.06
146987,0.01
146988,0.0
146989,0.0
146990,0.39
146991,0.03
146992,0.12
146993,0.01
146994,0.01
146995,0.0
146996,0.36
146997,0.02
146998,0.04
146999,0.44
147000,0.11
147001,0.01
147002,0.05
147003,0.02
147004,0.06
147005,0.12
147006,0.0
147007,0.02
147008,0.04
147009,0.0
147010,0.01
147011,0.05
147012,0.02
147013,0.26
147014,0.0
147015,0.0
147016,0.02
147017,0.0
147018,0.17
147019,0.0
147020,0.03
147021,0.11
147022,0.1
147023,0.02
147024,0.0
147025,0.0
147026,0.01
147027,0.0
147028,0.04
147029,0.01
147030,0.1
147031,0.0
147032,0.0
147033,0.13
147034,0.47
147035,0.03
147036,0.04
147037,0.02
147038,0.0
147039,0.01
147040,0.0
147041,0.0
147042,0.37
147043,0.0
147044,0.0
147045,0.01
147046,0.09
147047,0.01
147048,0.07
147049,0.06
147050,0.04
147051,0.3
147052,0.0
147053,0.0
147054,0.0
147055,0.2
147056,0.14
147057,0.03
147058,0.0
147059,0.29
147060,0.0
147061,0.01
147062,0.0
147063,0.1
147064,0.06
147065,0.13
147066,0.0
147067,0.08
147068,0.0
147069,0.02
147070,0.22
147071,0.0
147072,0.02
147073,0.01
147074,0.01
147075,0.05
147076,0.02
147077,0.0
147078,0.0
147079,0.02
147080,0.11
147081,0.06
147082,0.01
147083,0.14
147084,0.0
147085,0.02
147086,0.01
147087,0.0
147088,0.19
147089,0.11
147090,0.47
147091,0.01
147092,0.01
147093,0.01
147094,0.07
147095,0.0
147096,0.0
147097,0.0
147098,0.01
147099,0.23
147100,0.0
147101,0.0
147102,0.0
147103,0.0
147104,0.02
147105,0.01
147106,0.03
147107,0.0
147108,0.28
147109,0.15
147110,0.0
147111,0.41
147112,0.01
147113,0.28
147114,0.0
147115,0.14
147116,0.01
147117,0.04
147118,0.06
147119,0.02
147120,0.0
147121,0.14
147122,0.0
147123,0.01
147124,0.16
147125,0.16
147126,0.03
147127,0.12
147128,0.34
147129,0.1
147130,0.02
147131,0.01
147132,0.05
147133,0.38
147134,0.02
147135,0.0
147136,0.02
147137,0.0
147138,0.02
147139,0.0
147140,0.01
147141,0.0
147142,0.0
147143,0.03
147144,0.07
147145,0.0
147146,0.0
147147,0.01
147148,0.13
147149,0.04
147150,0.0
147151,0.01
147152,0.02
147153,0.0
147154,0.03
147155,0.01
147156,0.0
147157,0.0
147158,0.01
147159,0.0
147160,0.0
147161,0.02
147162,0.02
147163,0.1
147164,0.0
147165,0.03
147166,0.11
147167,0.02
147168,0.03
147169,0.03
147170,0.0
147171,0.0
147172,0.01
147173,0.09
147174,0.0
147175,0.05
147176,0.0
147177,0.0
147178,0.12
147179,0.01
147180,0.0
147181,0.12
147182,0.01
147183,0.04
147184,0.07
147185,0.13
147186,0.0
147187,0.02
147188,0.01
147189,0.03
147190,0.0
147191,0.08
147192,0.1
147193,0.01
147194,0.01
147195,0.06
147196,0.0
147197,0.11
147198,0.02
147199,0.08
147200,0.0
147201,0.0
147202,0.08
147203,0.1
147204,0.17
147205,0.12
147206,0.01
147207,0.02
147208,0.11
147209,0.01
147210,0.44
147211,0.05
147212,0.0
147213,0.0
147214,0.01
147215,0.52
147216,0.08
147217,0.01
147218,0.05
147219,0.23
147220,0.01
147221,0.0
147222,0.01
147223,0.06
147224,0.13
147225,0.16
147226,0.05
147227,0.01
147228,0.02
147229,0.05
147230,0.15
147231,0.13
147232,0.0
147233,0.02
147234,0.0
147235,0.02
147236,0.04
147237,0.01
147238,0.01
147239,0.33
147240,0.05
147241,0.07
147242,0.06
147243,0.2
147244,0.05
147245,0.06
147246,0.03
147247,0.2
147248,0.0
147249,0.01
147250,0.01
147251,0.0
147252,0.0
147253,0.03
147254,0.0
147255,0.07
147256,0.03
147257,0.02
147258,0.0
147259,0.02
147260,0.3
147261,0.02
147262,0.0
147263,0.06
147264,0.22
147265,0.01
147266,0.07
147267,0.01
147268,0.09
147269,0.01
147270,0.01
147271,0.02
147272,0.06
147273,0.24
147274,0.11
147275,0.0
147276,0.12
147277,0.0
147278,0.0
147279,0.11
147280,0.01
147281,0.02
147282,0.07
147283,0.03
147284,0.03
147285,0.0
147286,0.05
147287,0.05
147288,0.14
147289,0.0
147290,0.09
147291,0.03
147292,0.03
147293,0.03
147294,0.02
147295,0.04
147296,0.01
147297,0.0
147298,0.42
147299,0.08
147300,0.01
147301,0.02
147302,0.0
147303,0.01
147304,0.0
147305,0.0
147306,0.0
147307,0.03
147308,0.56
147309,0.15
147310,0.0
147311,0.0
147312,0.02
147313,0.0
147314,0.04
147315,0.04
147316,0.08
147317,0.16
147318,0.17
147319,0.0
147320,0.0
147321,0.03
147322,0.1
147323,0.02
147324,0.18
147325,0.03
147326,0.02
147327,0.07
147328,0.0
147329,0.0
147330,0.08
147331,0.01
147332,0.04
147333,0.0
147334,0.03
147335,0.6
147336,0.0
147337,0.0
147338,0.01
147339,0.03
147340,0.35
147341,0.0
147342,0.0
147343,0.12
147344,0.06
147345,0.05
147346,0.14
147347,0.0
147348,0.04
147349,0.0
147350,0.09
147351,0.01
147352,0.0
147353,0.03
147354,0.06
147355,0.67
147356,0.01
147357,0.08
147358,0.04
147359,0.01
147360,0.08
147361,0.0
147362,0.03
147363,0.0
147364,0.02
147365,0.08
147366,0.0
147367,0.07
147368,0.01
147369,0.04
147370,0.01
147371,0.02
147372,0.09
147373,0.0
147374,0.12
147375,0.03
147376,0.15
147377,0.01
147378,0.0
147379,0.14
147380,0.0
147381,0.01
147382,0.35
147383,0.0
147384,0.03
147385,0.1
147386,0.0
147387,0.0
147388,0.43
147389,0.02
147390,0.02
147391,0.0
147392,0.08
147393,0.16
147394,0.03
147395,0.02
147396,0.48
147397,0.0
147398,0.01
147399,0.0
147400,0.02
147401,0.06
147402,0.03
147403,0.07
147404,0.22
147405,0.03
147406,0.04
147407,0.06
147408,0.0
147409,0.02
147410,0.0
147411,0.01
147412,0.04
147413,0.07
147414,0.06
147415,0.05
147416,0.19
147417,0.09
147418,0.05
147419,0.0
147420,0.1
147421,0.01
147422,0.0
147423,0.08
147424,0.01
147425,0.01
147426,0.75
147427,0.08
147428,0.04
147429,0.03
147430,0.02
147431,0.03
147432,0.02
147433,0.0
147434,0.09
147435,0.03
147436,0.01
147437,0.2
147438,0.0
147439,0.05
147440,0.0
147441,0.18
147442,0.01
147443,0.01
147444,0.05
147445,0.0
147446,0.03
147447,0.0
147448,0.35
147449,0.08
147450,0.0
147451,0.13
147452,0.0
147453,0.01
147454,0.03
147455,0.0
147456,0.17
147457,0.02
147458,0.15
147459,0.46
147460,0.0
147461,0.08
147462,0.02
147463,0.0
147464,0.03
147465,0.03
147466,0.0
147467,0.02
147468,0.0
147469,0.0
147470,0.19
147471,0.33
147472,0.0
147473,0.49
147474,0.0
147475,0.35
147476,0.0
147477,0.03
147478,0.01
147479,0.0
147480,0.05
147481,0.0
147482,0.03
147483,0.05
147484,0.02
147485,0.13
147486,0.02
147487,0.04
147488,0.0
147489,0.04
147490,0.01
147491,0.0
147492,0.02
147493,0.14
147494,0.0
147495,0.44
147496,0.0
147497,0.01
147498,0.01
147499,0.0
147500,0.05
147501,0.0
147502,0.0
147503,0.01
147504,0.01
147505,0.1
147506,0.02
147507,0.01
147508,0.05
147509,0.18
147510,0.01
147511,0.0
147512,0.01
147513,0.0
147514,0.0
147515,0.03
147516,0.11
147517,0.0
147518,0.03
147519,0.01
147520,0.0
147521,0.02
147522,0.05
147523,0.04
147524,0.01
147525,0.0
147526,0.0
147527,0.17
147528,0.17
147529,0.0
147530,0.06
147531,0.61
147532,0.0
147533,0.14
147534,0.02
147535,0.5
147536,0.11
147537,0.0
147538,0.26
147539,0.0
147540,0.02
147541,0.02
147542,0.14
147543,0.0
147544,0.14
147545,0.0
147546,0.0
147547,0.01
147548,0.1
147549,0.06
147550,0.02
147551,0.07
147552,0.0
147553,0.01
147554,0.02
147555,0.01
147556,0.4
147557,0.35
147558,0.01
147559,0.0
147560,0.03
147561,0.22
147562,0.03
147563,0.05
147564,0.02
147565,0.01
147566,0.07
147567,0.0
147568,0.03
147569,0.06
147570,0.27
147571,0.08
147572,0.56
147573,0.03
147574,0.11
147575,0.03
147576,0.03
147577,0.03
147578,0.01
147579,0.0
147580,0.0
147581,0.06
147582,0.07
147583,0.01
147584,0.0
147585,0.15
147586,0.02
147587,0.1
147588,0.17
147589,0.01
147590,0.0
147591,0.0
147592,0.02
147593,0.04
147594,0.02
147595,0.0
147596,0.03
147597,0.01
147598,0.05
147599,0.01
147600,0.0
147601,0.02
147602,0.03
147603,0.0
147604,0.07
147605,0.06
147606,0.0
147607,0.0
147608,0.06
147609,0.54
147610,0.13
147611,0.03
147612,0.01
147613,0.0
147614,0.01
147615,0.35
147616,0.09
147617,0.0
147618,0.01
147619,0.03
147620,0.0
147621,0.0
147622,0.05
147623,0.02
147624,0.08
147625,0.03
147626,0.02
147627,0.07
147628,0.01
147629,0.09
147630,0.03
147631,0.24
147632,0.01
147633,0.01
147634,0.3
147635,0.0
147636,0.38
147637,0.0
147638,0.0
147639,0.07
147640,0.17
147641,0.34
147642,0.04
147643,0.12
147644,0.1
147645,0.04
147646,0.02
147647,0.0
147648,0.28
147649,0.0
147650,0.01
147651,0.0
147652,0.04
147653,0.12
147654,0.02
147655,0.02
147656,0.0
147657,0.06
147658,0.03
147659,0.05
147660,0.01
147661,0.3
147662,0.31
147663,0.0
147664,0.64
147665,0.0
147666,0.19
147667,0.01
147668,0.0
147669,0.07
147670,0.47
147671,0.0
147672,0.0
147673,0.07
147674,0.07
147675,0.0
147676,0.11
147677,0.15
147678,0.02
147679,0.0
147680,0.02
147681,0.11
147682,0.0
147683,0.01
147684,0.01
147685,0.01
147686,0.0
147687,0.0
147688,0.26
147689,0.07
147690,0.0
147691,0.0
147692,0.01
147693,0.05
147694,0.0
147695,0.01
147696,0.0
147697,0.01
147698,0.07
147699,0.1
147700,0.01
147701,0.03
147702,0.05
147703,0.07
147704,0.18
147705,0.17
147706,0.0
147707,0.08
147708,0.0
147709,0.0
147710,0.01
147711,0.07
147712,0.35
147713,0.0
147714,0.0
147715,0.0
147716,0.12
147717,0.01
147718,0.18
147719,0.1
147720,0.05
147721,0.02
147722,0.11
147723,0.0
147724,0.02
147725,0.01
147726,0.0
147727,0.02
147728,0.01
147729,0.01
147730,0.01
147731,0.01
147732,0.11
147733,0.02
147734,0.05
147735,0.23
147736,0.12
147737,0.0
147738,0.06
147739,0.06
147740,0.0
147741,0.0
147742,0.08
147743,0.45
147744,0.08
147745,0.01
147746,0.0
147747,0.06
147748,0.04
147749,0.0
147750,0.03
147751,0.38
147752,0.36
147753,0.0
147754,0.0
147755,0.0
147756,0.06
147757,0.02
147758,0.12
147759,0.0
147760,0.0
147761,0.01
147762,0.1
147763,0.01
147764,0.18
147765,0.01
147766,0.07
147767,0.05
147768,0.0
147769,0.03
147770,0.0
147771,0.01
147772,0.2
147773,0.0
147774,0.37
147775,0.01
147776,0.02
147777,0.03
147778,0.19
147779,0.02
147780,0.0
147781,0.01
147782,0.02
147783,0.07
147784,0.0
147785,0.02
147786,0.29
147787,0.09
147788,0.02
147789,0.04
147790,0.02
147791,0.0
147792,0.35
147793,0.35
147794,0.03
147795,0.06
147796,0.01
147797,0.0
147798,0.06
147799,0.03
147800,0.02
147801,0.15
147802,0.0
147803,0.13
147804,0.09
147805,0.01
147806,0.0
147807,0.01
147808,0.04
147809,0.03
147810,0.04
147811,0.06
147812,0.0
147813,0.0
147814,0.19
147815,0.02
147816,0.0
147817,0.42
147818,0.04
147819,0.01
147820,0.01
147821,0.36
147822,0.48
147823,0.01
147824,0.25
147825,0.03
147826,0.2
147827,0.28
147828,0.02
147829,0.0
147830,0.01
147831,0.06
147832,0.31
147833,0.03
147834,0.06
147835,0.0
147836,0.0
147837,0.03
147838,0.04
147839,0.19
147840,0.07
147841,0.0
147842,0.0
147843,0.06
147844,0.0
147845,0.51
147846,0.09
147847,0.01
147848,0.17
147849,0.29
147850,0.05
147851,0.01
147852,0.11
147853,0.0
147854,0.37
147855,0.1
147856,0.02
147857,0.1
147858,0.25
147859,0.12
147860,0.22
147861,0.21
147862,0.33
147863,0.1
147864,0.0
147865,0.0
147866,0.0
147867,0.0
147868,0.19
147869,0.0
147870,0.03
147871,0.0
147872,0.0
147873,0.0
147874,0.05
147875,0.02
147876,0.0
147877,0.42
147878,0.02
147879,0.06
147880,0.08
147881,0.02
147882,0.12
147883,0.0
147884,0.0
147885,0.0
147886,0.14
147887,0.06
147888,0.04
147889,0.2
147890,0.0
147891,0.06
147892,0.15
147893,0.0
147894,0.0
147895,0.0
147896,0.0
147897,0.07
147898,0.0
147899,0.05
147900,0.07
147901,0.0
147902,0.02
147903,0.0
147904,0.47
147905,0.01
147906,0.15
147907,0.0
147908,0.01
147909,0.02
147910,0.0
147911,0.04
147912,0.11
147913,0.07
147914,0.08
147915,0.01
147916,0.06
147917,0.05
147918,0.03
147919,0.0
147920,0.04
147921,0.07
147922,0.02
147923,0.02
147924,0.02
147925,0.32
147926,0.18
147927,0.06
147928,0.01
147929,0.0
147930,0.05
147931,0.03
147932,0.05
147933,0.0
147934,0.14
147935,0.0
147936,0.11
147937,0.04
147938,0.0
147939,0.02
147940,0.0
147941,0.01
147942,0.47
147943,0.04
147944,0.03
147945,0.02
147946,0.0
147947,0.0
147948,0.02
147949,0.0
147950,0.23
147951,0.03
147952,0.0
147953,0.01
147954,0.03
147955,0.01
147956,0.05
147957,0.0
147958,0.08
147959,0.11
147960,0.0
147961,0.01
147962,0.0
147963,0.0
147964,0.03
147965,0.02
147966,0.0
147967,0.01
147968,0.01
147969,0.02
147970,0.03
147971,0.04
147972,0.03
147973,0.03
147974,0.0
147975,0.06
147976,0.03
147977,0.04
147978,0.04
147979,0.34
147980,0.01
147981,0.03
147982,0.0
147983,0.03
147984,0.01
147985,0.0
147986,0.0
147987,0.02
147988,0.53
147989,0.0
147990,0.37
147991,0.0
147992,0.0
147993,0.22
147994,0.0
147995,0.0
147996,0.0
147997,0.02
147998,0.04
147999,0.0
148000,0.01
148001,0.1
148002,0.01
148003,0.0
148004,0.08
148005,0.0
148006,0.09
148007,0.45
148008,0.25
148009,0.01
148010,0.64
148011,0.08
148012,0.43
148013,0.02
148014,0.0
148015,0.04
148016,0.2
148017,0.15
148018,0.0
148019,0.0
148020,0.06
148021,0.01
148022,0.01
148023,0.01
148024,0.04
148025,0.17
148026,0.02
148027,0.39
148028,0.0
148029,0.02
148030,0.0
148031,0.0
148032,0.03
148033,0.09
148034,0.06
148035,0.02
148036,0.01
148037,0.0
148038,0.0
148039,0.02
148040,0.18
148041,0.02
148042,0.02
148043,0.0
148044,0.0
148045,0.08
148046,0.0
148047,0.0
148048,0.09
148049,0.01
148050,0.06
148051,0.11
148052,0.0
148053,0.13
148054,0.0
148055,0.01
148056,0.0
148057,0.02
148058,0.2
148059,0.3
148060,0.02
148061,0.08
148062,0.02
148063,0.01
148064,0.32
148065,0.02
148066,0.0
148067,0.0
148068,0.36
148069,0.02
148070,0.0
148071,0.0
148072,0.02
148073,0.05
148074,0.01
148075,0.0
148076,0.39
148077,0.0
148078,0.0
148079,0.01
148080,0.05
148081,0.0
148082,0.45
148083,0.0
148084,0.18
148085,0.02
148086,0.08
148087,0.02
148088,0.0
148089,0.47
148090,0.26
148091,0.01
148092,0.0
148093,0.08
148094,0.1
148095,0.23
148096,0.02
148097,0.0
148098,0.01
148099,0.0
148100,0.02
148101,0.1
148102,0.01
148103,0.0
148104,0.0
148105,0.03
148106,0.05
148107,0.16
148108,0.06
148109,0.06
148110,0.02
148111,0.01
148112,0.0
148113,0.01
148114,0.14
148115,0.21
148116,0.06
148117,0.01
148118,0.11
148119,0.1
148120,0.08
148121,0.04
148122,0.0
148123,0.53
148124,0.0
148125,0.03
148126,0.0
148127,0.18
148128,0.06
148129,0.0
148130,0.03
148131,0.0
148132,0.01
148133,0.0
148134,0.0
148135,0.06
148136,0.42
148137,0.0
148138,0.0
148139,0.03
148140,0.08
148141,0.13
148142,0.13
148143,0.02
148144,0.0
148145,0.11
148146,0.29
148147,0.04
148148,0.06
148149,0.2
148150,0.02
148151,0.01
148152,0.01
148153,0.05
148154,0.01
148155,0.38
148156,0.02
148157,0.22
148158,0.52
148159,0.07
148160,0.0
148161,0.04
148162,0.1
148163,0.33
148164,0.01
148165,0.08
148166,0.0
148167,0.0
148168,0.01
148169,0.0
148170,0.0
148171,0.08
148172,0.05
148173,0.01
148174,0.55
148175,0.0
148176,0.01
148177,0.02
148178,0.04
148179,0.01
148180,0.0
148181,0.01
148182,0.06
148183,0.01
148184,0.02
148185,0.34
148186,0.05
148187,0.0
148188,0.05
148189,0.0
148190,0.08
148191,0.0
148192,0.19
148193,0.01
148194,0.01
148195,0.01
148196,0.0
148197,0.03
148198,0.01
148199,0.0
148200,0.05
148201,0.02
148202,0.0
148203,0.2
148204,0.04
148205,0.14
148206,0.05
148207,0.0
148208,0.02
148209,0.03
148210,0.0
148211,0.07
148212,0.02
148213,0.0
148214,0.25
148215,0.0
148216,0.01
148217,0.03
148218,0.2
148219,0.0
148220,0.2
148221,0.24
148222,0.0
148223,0.0
148224,0.04
148225,0.02
148226,0.08
148227,0.0
148228,0.0
148229,0.04
148230,0.02
148231,0.01
148232,0.03
148233,0.01
148234,0.01
148235,0.03
148236,0.03
148237,0.01
148238,0.34
148239,0.06
148240,0.22
148241,0.01
148242,0.44
148243,0.01
148244,0.0
148245,0.06
148246,0.01
148247,0.11
148248,0.01
148249,0.02
148250,0.01
148251,0.08
148252,0.0
148253,0.02
148254,0.0
148255,0.01
148256,0.29
148257,0.02
148258,0.29
148259,0.0
148260,0.01
148261,0.0
148262,0.07
148263,0.03
148264,0.06
148265,0.0
148266,0.02
148267,0.01
148268,0.02
148269,0.05
148270,0.0
148271,0.0
148272,0.01
148273,0.09
148274,0.17
148275,0.0
148276,0.02
148277,0.01
148278,0.09
148279,0.14
148280,0.01
148281,0.0
148282,0.02
148283,0.26
148284,0.01
148285,0.02
148286,0.18
148287,0.0
148288,0.0
148289,0.24
148290,0.02
148291,0.06
148292,0.0
148293,0.01
148294,0.18
148295,0.0
148296,0.01
148297,0.28
148298,0.03
148299,0.0
148300,0.11
148301,0.1
148302,0.05
148303,0.41
148304,0.01
148305,0.06
148306,0.0
148307,0.01
148308,0.51
148309,0.71
148310,0.63
148311,0.05
148312,0.02
148313,0.5
148314,0.0
148315,0.1
148316,0.01
148317,0.0
148318,0.02
148319,0.04
148320,0.02
148321,0.01
148322,0.18
148323,0.13
148324,0.02
148325,0.18
148326,0.0
148327,0.0
148328,0.0
148329,0.03
148330,0.01
148331,0.01
148332,0.03
148333,0.12
148334,0.03
148335,0.04
148336,0.0
148337,0.01
148338,0.05
148339,0.11
148340,0.08
148341,0.0
148342,0.01
148343,0.01
148344,0.47
148345,0.03
148346,0.03
148347,0.0
148348,0.0
148349,0.04
148350,0.13
148351,0.23
148352,0.01
148353,0.01
148354,0.06
148355,0.41
148356,0.01
148357,0.0
148358,0.11
148359,0.01
148360,0.04
148361,0.0
148362,0.0
148363,0.05
148364,0.03
148365,0.0
148366,0.04
148367,0.01
148368,0.0
148369,0.02
148370,0.0
148371,0.24
148372,0.02
148373,0.14
148374,0.02
148375,0.01
148376,0.0
148377,0.04
148378,0.02
148379,0.04
148380,0.58
148381,0.09
148382,0.1
148383,0.12
148384,0.04
148385,0.52
148386,0.0
148387,0.03
148388,0.01
148389,0.0
148390,0.19
148391,0.0
148392,0.16
148393,0.0
148394,0.0
148395,0.02
148396,0.0
148397,0.1
148398,0.02
148399,0.03
148400,0.09
148401,0.05
148402,0.0
148403,0.0
148404,0.32
148405,0.03
148406,0.19
148407,0.09
148408,0.01
148409,0.14
148410,0.0
148411,0.02
148412,0.02
148413,0.0
148414,0.0
148415,0.02
148416,0.05
148417,0.42
148418,0.09
148419,0.05
148420,0.0
148421,0.0
148422,0.01
148423,0.01
148424,0.02
148425,0.06
148426,0.04
148427,0.05
148428,0.22
148429,0.24
148430,0.02
148431,0.0
148432,0.09
148433,0.09
148434,0.0
148435,0.01
148436,0.02
148437,0.02
148438,0.03
148439,0.01
148440,0.02
148441,0.0
148442,0.02
148443,0.05
148444,0.13
148445,0.01
148446,0.0
148447,0.03
148448,0.0
148449,0.03
148450,0.0
148451,0.0
148452,0.0
148453,0.0
148454,0.03
148455,0.03
148456,0.0
148457,0.0
148458,0.22
148459,0.0
148460,0.0
148461,0.0
148462,0.0
148463,0.04
148464,0.0
148465,0.0
148466,0.32
148467,0.01
148468,0.01
148469,0.0
148470,0.15
148471,0.02
148472,0.2
148473,0.09
148474,0.0
148475,0.13
148476,0.06
148477,0.04
148478,0.08
148479,0.02
148480,0.0
148481,0.39
148482,0.01
148483,0.0
148484,0.01
148485,0.21
148486,0.0
148487,0.0
148488,0.01
148489,0.04
148490,0.0
148491,0.02
148492,0.23
148493,0.0
148494,0.39
148495,0.01
148496,0.01
148497,0.0
148498,0.13
148499,0.03
148500,0.24
148501,0.03
148502,0.0
148503,0.01
148504,0.12
148505,0.68
148506,0.12
148507,0.0
148508,0.07
148509,0.02
148510,0.04
148511,0.01
148512,0.0
148513,0.01
148514,0.27
148515,0.22
148516,0.0
148517,0.0
148518,0.0
148519,0.05
148520,0.06
148521,0.0
148522,0.1
148523,0.19
148524,0.0
148525,0.0
148526,0.08
148527,0.0
148528,0.0
148529,0.0
148530,0.01
148531,0.03
148532,0.03
148533,0.01
148534,0.0
148535,0.58
148536,0.36
148537,0.42
148538,0.02
148539,0.15
148540,0.07
148541,0.05
148542,0.0
148543,0.04
148544,0.0
148545,0.06
148546,0.01
148547,0.02
148548,0.0
148549,0.0
148550,0.02
148551,0.07
148552,0.04
148553,0.11
148554,0.21
148555,0.11
148556,0.17
148557,0.02
148558,0.0
148559,0.0
148560,0.0
148561,0.0
148562,0.02
148563,0.15
148564,0.0
148565,0.0
148566,0.0
148567,0.0
148568,0.0
148569,0.01
148570,0.02
148571,0.1
148572,0.0
148573,0.09
148574,0.04
148575,0.0
148576,0.01
148577,0.04
148578,0.28
148579,0.03
148580,0.01
148581,0.06
148582,0.03
148583,0.01
148584,0.02
148585,0.0
148586,0.54
148587,0.0
148588,0.0
148589,0.01
148590,0.0
148591,0.0
148592,0.0
148593,0.0
148594,0.0
148595,0.05
148596,0.01
148597,0.0
148598,0.0
148599,0.01
148600,0.0
148601,0.02
148602,0.01
148603,0.0
148604,0.19
148605,0.01
148606,0.14
148607,0.0
148608,0.54
148609,0.02
148610,0.22
148611,0.15
148612,0.0
148613,0.0
148614,0.01
148615,0.01
148616,0.12
148617,0.01
148618,0.01
148619,0.0
148620,0.0
148621,0.0
148622,0.01
148623,0.0
148624,0.04
148625,0.15
148626,0.15
148627,0.05
148628,0.04
148629,0.0
148630,0.01
148631,0.03
148632,0.11
148633,0.0
148634,0.06
148635,0.0
148636,0.01
148637,0.32
148638,0.03
148639,0.09
148640,0.03
148641,0.06
148642,0.0
148643,0.08
148644,0.03
148645,0.04
148646,0.01
148647,0.01
148648,0.02
148649,0.38
148650,0.17
148651,0.01
148652,0.0
148653,0.05
148654,0.34
148655,0.08
148656,0.03
148657,0.09
148658,0.0
148659,0.01
148660,0.06
148661,0.08
148662,0.01
148663,0.0
148664,0.11
148665,0.0
148666,0.01
148667,0.03
148668,0.03
148669,0.04
148670,0.0
148671,0.0
148672,0.34
148673,0.0
148674,0.0
148675,0.04
148676,0.01
148677,0.32
148678,0.0
148679,0.19
148680,0.05
148681,0.01
148682,0.11
148683,0.01
148684,0.08
148685,0.3
148686,0.28
148687,0.02
148688,0.1
148689,0.0
148690,0.07
148691,0.07
148692,0.01
148693,0.01
148694,0.03
148695,0.04
148696,0.03
148697,0.13
148698,0.02
148699,0.02
148700,0.0
148701,0.04
148702,0.23
148703,0.0
148704,0.05
148705,0.02
148706,0.01
148707,0.04
148708,0.0
148709,0.0
148710,0.02
148711,0.04
148712,0.11
148713,0.11
148714,0.02
148715,0.08
148716,0.0
148717,0.0
148718,0.02
148719,0.03
148720,0.04
148721,0.08
148722,0.05
148723,0.04
148724,0.26
148725,0.28
148726,0.0
148727,0.01
148728,0.24
148729,0.01
148730,0.01
148731,0.0
148732,0.21
148733,0.01
148734,0.01
148735,0.01
148736,0.02
148737,0.1
148738,0.0
148739,0.11
148740,0.04
148741,0.0
148742,0.01
148743,0.03
148744,0.01
148745,0.22
148746,0.03
148747,0.6
148748,0.06
148749,0.42
148750,0.22
148751,0.38
148752,0.0
148753,0.03
148754,0.0
148755,0.03
148756,0.05
148757,0.03
148758,0.11
148759,0.03
148760,0.01
148761,0.0
148762,0.01
148763,0.0
148764,0.03
148765,0.05
148766,0.0
148767,0.12
148768,0.0
148769,0.08
148770,0.04
148771,0.35
148772,0.1
148773,0.02
148774,0.0
148775,0.02
148776,0.01
148777,0.01
148778,0.0
148779,0.0
148780,0.1
148781,0.02
148782,0.03
148783,0.09
148784,0.56
148785,0.14
148786,0.0
148787,0.09
148788,0.11
148789,0.0
148790,0.24
148791,0.26
148792,0.01
148793,0.01
148794,0.17
148795,0.02
148796,0.0
148797,0.01
148798,0.02
148799,0.04
148800,0.01
148801,0.36
148802,0.06
148803,0.02
148804,0.81
148805,0.01
148806,0.01
148807,0.04
148808,0.01
148809,0.06
148810,0.0
148811,0.05
148812,0.01
148813,0.0
148814,0.01
148815,0.02
148816,0.01
148817,0.16
148818,0.02
148819,0.04
148820,0.01
148821,0.0
148822,0.02
148823,0.01
148824,0.43
148825,0.01
148826,0.0
148827,0.05
148828,0.01
148829,0.07
148830,0.04
148831,0.23
148832,0.11
148833,0.1
148834,0.13
148835,0.03
148836,0.0
148837,0.02
148838,0.13
148839,0.11
148840,0.09
148841,0.04
148842,0.04
148843,0.01
148844,0.0
148845,0.0
148846,0.03
148847,0.01
148848,0.0
148849,0.04
148850,0.04
148851,0.01
148852,0.03
148853,0.04
148854,0.42
148855,0.07
148856,0.0
148857,0.03
148858,0.14
148859,0.0
148860,0.0
148861,0.0
148862,0.05
148863,0.02
148864,0.0
148865,0.03
148866,0.08
148867,0.12
148868,0.01
148869,0.0
148870,0.11
148871,0.08
148872,0.01
148873,0.01
148874,0.01
148875,0.17
148876,0.01
148877,0.02
148878,0.03
148879,0.0
148880,0.03
148881,0.04
148882,0.09
148883,0.0
148884,0.21
148885,0.05
148886,0.03
148887,0.0
148888,0.04
148889,0.16
148890,0.0
148891,0.0
148892,0.03
148893,0.01
148894,0.07
148895,0.06
148896,0.0
148897,0.0
148898,0.13
148899,0.01
148900,0.01
148901,0.01
148902,0.0
148903,0.01
148904,0.0
148905,0.13
148906,0.06
148907,0.06
148908,0.0
148909,0.0
148910,0.0
148911,0.03
148912,0.01
148913,0.03
148914,0.0
148915,0.01
148916,0.09
148917,0.02
148918,0.01
148919,0.05
148920,0.09
148921,0.0
148922,0.01
148923,0.08
148924,0.09
148925,0.0
148926,0.0
148927,0.04
148928,0.04
148929,0.04
148930,0.02
148931,0.02
148932,0.02
148933,0.62
148934,0.13
148935,0.0
148936,0.0
148937,0.0
148938,0.01
148939,0.02
148940,0.01
148941,0.03
148942,0.0
148943,0.12
148944,0.02
148945,0.72
148946,0.74
148947,0.05
148948,0.04
148949,0.0
148950,0.04
148951,0.06
148952,0.77
148953,0.13
148954,0.0
148955,0.0
148956,0.01
148957,0.02
148958,0.03
148959,0.04
148960,0.01
148961,0.0
148962,0.03
148963,0.39
148964,0.03
148965,0.0
148966,0.0
148967,0.12
148968,0.03
148969,0.29
148970,0.4
148971,0.0
148972,0.08
148973,0.21
148974,0.01
148975,0.04
148976,0.01
148977,0.04
148978,0.04
148979,0.02
148980,0.0
148981,0.27
148982,0.51
148983,0.01
148984,0.02
148985,0.04
148986,0.0
148987,0.1
148988,0.21
148989,0.0
148990,0.02
148991,0.08
148992,0.48
148993,0.0
148994,0.08
148995,0.16
148996,0.0
148997,0.05
148998,0.52
148999,0.0
149000,0.06
149001,0.0
149002,0.01
149003,0.08
149004,0.0
149005,0.01
149006,0.0
149007,0.01
149008,0.03
149009,0.03
149010,0.04
149011,0.1
149012,0.1
149013,0.0
149014,0.05
149015,0.04
149016,0.03
149017,0.04
149018,0.01
149019,0.04
149020,0.06
149021,0.12
149022,0.01
149023,0.16
149024,0.0
149025,0.0
149026,0.03
149027,0.13
149028,0.29
149029,0.0
149030,0.02
149031,0.15
149032,0.02
149033,0.0
149034,0.0
149035,0.35
149036,0.48
149037,0.0
149038,0.0
149039,0.0
149040,0.01
149041,0.03
149042,0.0
149043,0.0
149044,0.01
149045,0.0
149046,0.05
149047,0.05
149048,0.02
149049,0.06
149050,0.0
149051,0.06
149052,0.02
149053,0.02
149054,0.19
149055,0.09
149056,0.01
149057,0.02
149058,0.0
149059,0.07
149060,0.3
149061,0.14
149062,0.0
149063,0.04
149064,0.39
149065,0.0
149066,0.02
149067,0.01
149068,0.04
149069,0.34
149070,0.04
149071,0.21
149072,0.01
149073,0.0
149074,0.05
149075,0.03
149076,0.04
149077,0.02
149078,0.13
149079,0.0
149080,0.05
149081,0.46
149082,0.01
149083,0.06
149084,0.31
149085,0.16
149086,0.34
149087,0.01
149088,0.08
149089,0.01
149090,0.0
149091,0.0
149092,0.37
149093,0.0
149094,0.38
149095,0.07
149096,0.21
149097,0.16
149098,0.01
149099,0.08
149100,0.03
149101,0.33
149102,0.2
149103,0.09
149104,0.0
149105,0.0
149106,0.0
149107,0.0
149108,0.05
149109,0.03
149110,0.08
149111,0.12
149112,0.03
149113,0.0
149114,0.04
149115,0.18
149116,0.0
149117,0.0
149118,0.0
149119,0.0
149120,0.04
149121,0.01
149122,0.05
149123,0.02
149124,0.0
149125,0.04
149126,0.21
149127,0.01
149128,0.12
149129,0.01
149130,0.05
149131,0.06
149132,0.56
149133,0.01
149134,0.05
149135,0.0
149136,0.0
149137,0.0
149138,0.04
149139,0.0
149140,0.04
149141,0.0
149142,0.0
149143,0.07
149144,0.15
149145,0.02
149146,0.0
149147,0.03
149148,0.03
149149,0.02
149150,0.0
149151,0.03
149152,0.0
149153,0.01
149154,0.01
149155,0.0
149156,0.07
149157,0.11
149158,0.01
149159,0.56
149160,0.28
149161,0.02
149162,0.14
149163,0.0
149164,0.0
149165,0.06
149166,0.02
149167,0.01
149168,0.23
149169,0.15
149170,0.0
149171,0.0
149172,0.0
149173,0.06
149174,0.42
149175,0.1
149176,0.01
149177,0.0
149178,0.05
149179,0.01
149180,0.12
149181,0.0
149182,0.01
149183,0.09
149184,0.01
149185,0.01
149186,0.05
149187,0.0
149188,0.0
149189,0.3
149190,0.0
149191,0.0
149192,0.0
149193,0.03
149194,0.0
149195,0.0
149196,0.19
149197,0.05
149198,0.05
149199,0.07
149200,0.0
149201,0.12
149202,0.0
149203,0.23
149204,0.03
149205,0.03
149206,0.0
149207,0.05
149208,0.09
149209,0.03
149210,0.03
149211,0.1
149212,0.02
149213,0.0
149214,0.01
149215,0.01
149216,0.0
149217,0.0
149218,0.02
149219,0.0
149220,0.13
149221,0.02
149222,0.0
149223,0.01
149224,0.17
149225,0.02
149226,0.23
149227,0.0
149228,0.02
149229,0.09
149230,0.0
149231,0.05
149232,0.01
149233,0.01
149234,0.06
149235,0.04
149236,0.08
149237,0.3
149238,0.05
149239,0.01
149240,0.02
149241,0.22
149242,0.31
149243,0.01
149244,0.01
149245,0.01
149246,0.12
149247,0.02
149248,0.18
149249,0.02
149250,0.01
149251,0.02
149252,0.0
149253,0.06
149254,0.11
149255,0.01
149256,0.03
149257,0.27
149258,0.01
149259,0.02
149260,0.01
149261,0.01
149262,0.02
149263,0.03
149264,0.03
149265,0.09
149266,0.07
149267,0.0
149268,0.1
149269,0.04
149270,0.23
149271,0.0
149272,0.02
149273,0.01
149274,0.0
149275,0.0
149276,0.23
149277,0.04
149278,0.01
149279,0.0
149280,0.14
149281,0.0
149282,0.03
149283,0.19
149284,0.01
149285,0.06
149286,0.0
149287,0.09
149288,0.14
149289,0.05
149290,0.0
149291,0.01
149292,0.12
149293,0.0
149294,0.46
149295,0.01
149296,0.2
149297,0.01
149298,0.01
149299,0.01
149300,0.01
149301,0.01
149302,0.02
149303,0.01
149304,0.07
149305,0.18
149306,0.0
149307,0.01
149308,0.42
149309,0.0
149310,0.12
149311,0.09
149312,0.01
149313,0.08
149314,0.02
149315,0.05
149316,0.01
149317,0.0
149318,0.0
149319,0.08
149320,0.02
149321,0.13
149322,0.12
149323,0.0
149324,0.0
149325,0.0
149326,0.02
149327,0.01
149328,0.01
149329,0.0
149330,0.01
149331,0.0
149332,0.13
149333,0.04
149334,0.1
149335,0.01
149336,0.05
149337,0.04
149338,0.05
149339,0.01
149340,0.0
149341,0.08
149342,0.07
149343,0.1
149344,0.0
149345,0.0
149346,0.0
149347,0.0
149348,0.32
149349,0.02
149350,0.03
149351,0.1
149352,0.0
149353,0.0
149354,0.18
149355,0.03
149356,0.13
149357,0.01
149358,0.0
149359,0.01
149360,0.0
149361,0.57
149362,0.2
149363,0.14
149364,0.25
149365,0.13
149366,0.0
149367,0.04
149368,0.03
149369,0.16
149370,0.07
149371,0.0
149372,0.02
149373,0.05
149374,0.0
149375,0.11
149376,0.13
149377,0.21
149378,0.0
149379,0.09
149380,0.28
149381,0.01
149382,0.0
149383,0.14
149384,0.05
149385,0.02
149386,0.0
149387,0.0
149388,0.0
149389,0.01
149390,0.01
149391,0.1
149392,0.26
149393,0.0
149394,0.0
149395,0.0
149396,0.06
149397,0.12
149398,0.24
149399,0.01
149400,0.04
149401,0.0
149402,0.05
149403,0.11
149404,0.06
149405,0.0
149406,0.12
149407,0.05
149408,0.0
149409,0.04
149410,0.0
149411,0.06
149412,0.34
149413,0.04
149414,0.0
149415,0.08
149416,0.0
149417,0.1
149418,0.0
149419,0.21
149420,0.02
149421,0.0
149422,0.02
149423,0.01
149424,0.01
149425,0.0
149426,0.04
149427,0.0
149428,0.02
149429,0.13
149430,0.0
149431,0.02
149432,0.0
149433,0.06
149434,0.01
149435,0.0
149436,0.04
149437,0.01
149438,0.05
149439,0.02
149440,0.0
149441,0.09
149442,0.0
149443,0.14
149444,0.04
149445,0.01
149446,0.0
149447,0.0
149448,0.02
149449,0.08
149450,0.0
149451,0.07
149452,0.47
149453,0.01
149454,0.0
149455,0.03
149456,0.05
149457,0.11
149458,0.09
149459,0.12
149460,0.0
149461,0.03
149462,0.0
149463,0.01
149464,0.44
149465,0.04
149466,0.01
149467,0.0
149468,0.06
149469,0.02
149470,0.01
149471,0.25
149472,0.01
149473,0.0
149474,0.16
149475,0.02
149476,0.01
149477,0.01
149478,0.0
149479,0.0
149480,0.06
149481,0.06
149482,0.11
149483,0.03
149484,0.0
149485,0.12
149486,0.02
149487,0.01
149488,0.0
149489,0.0
149490,0.03
149491,0.24
149492,0.0
149493,0.0
149494,0.0
149495,0.43
149496,0.16
149497,0.04
149498,0.01
149499,0.0
149500,0.08
149501,0.02
149502,0.01
149503,0.05
149504,0.01
149505,0.17
149506,0.02
149507,0.03
149508,0.0
149509,0.1
149510,0.39
149511,0.08
149512,0.0
149513,0.0
149514,0.0
149515,0.05
149516,0.01
149517,0.41
149518,0.04
149519,0.11
149520,0.0
149521,0.0
149522,0.0
149523,0.02
149524,0.07
149525,0.08
149526,0.04
149527,0.01
149528,0.04
149529,0.2
149530,0.0
149531,0.39
149532,0.07
149533,0.03
149534,0.0
149535,0.04
149536,0.02
149537,0.02
149538,0.06
149539,0.01
149540,0.02
149541,0.15
149542,0.21
149543,0.0
149544,0.03
149545,0.01
149546,0.0
149547,0.16
149548,0.02
149549,0.0
149550,0.29
149551,0.06
149552,0.2
149553,0.01
149554,0.17
149555,0.0
149556,0.0
149557,0.36
149558,0.0
149559,0.1
149560,0.2
149561,0.01
149562,0.06
149563,0.02
149564,0.1
149565,0.17
149566,0.1
149567,0.32
149568,0.01
149569,0.03
149570,0.2
149571,0.08
149572,0.25
149573,0.05
149574,0.31
149575,0.0
149576,0.04
149577,0.01
149578,0.04
149579,0.16
149580,0.02
149581,0.06
149582,0.0
149583,0.01
149584,0.05
149585,0.03
149586,0.0
149587,0.01
149588,0.09
149589,0.37
149590,0.12
149591,0.45
149592,0.02
149593,0.03
149594,0.03
149595,0.02
149596,0.12
149597,0.0
149598,0.44
149599,0.0
149600,0.2
149601,0.0
149602,0.0
149603,0.2
149604,0.0
149605,0.19
149606,0.0
149607,0.06
149608,0.0
149609,0.15
149610,0.07
149611,0.03
149612,0.0
149613,0.0
149614,0.0
149615,0.05
149616,0.16
149617,0.02
149618,0.0
149619,0.02
149620,0.02
149621,0.09
149622,0.15
149623,0.22
149624,0.03
149625,0.02
149626,0.04
149627,0.28
149628,0.14
149629,0.01
149630,0.05
149631,0.01
149632,0.0
149633,0.01
149634,0.01
149635,0.0
149636,0.0
149637,0.06
149638,0.55
149639,0.04
149640,0.08
149641,0.0
149642,0.18
149643,0.01
149644,0.06
149645,0.05
149646,0.04
149647,0.01
149648,0.0
149649,0.04
149650,0.0
149651,0.0
149652,0.01
149653,0.01
149654,0.1
149655,0.01
149656,0.09
149657,0.03
149658,0.16
149659,0.0
149660,0.32
149661,0.05
149662,0.08
149663,0.0
149664,0.0
149665,0.08
149666,0.0
149667,0.0
149668,0.33
149669,0.03
149670,0.02
149671,0.0
149672,0.39
149673,0.0
149674,0.15
149675,0.0
149676,0.01
149677,0.02
149678,0.05
149679,0.0
149680,0.0
149681,0.2
149682,0.0
149683,0.04
149684,0.04
149685,0.1
149686,0.0
149687,0.64
149688,0.04
149689,0.22
149690,0.03
149691,0.0
149692,0.02
149693,0.02
149694,0.04
149695,0.01
149696,0.0
149697,0.0
149698,0.0
149699,0.01
149700,0.03
149701,0.04
149702,0.07
149703,0.05
149704,0.06
149705,0.06
149706,0.14
149707,0.0
149708,0.04
149709,0.04
149710,0.0
149711,0.18
149712,0.01
149713,0.01
149714,0.03
149715,0.05
149716,0.02
149717,0.07
149718,0.01
149719,0.14
149720,0.06
149721,0.12
149722,0.02
149723,0.05
149724,0.02
149725,0.09
149726,0.08
149727,0.0
149728,0.0
149729,0.04
149730,0.02
149731,0.0
149732,0.01
149733,0.0
149734,0.02
149735,0.01
149736,0.17
149737,0.0
149738,0.02
149739,0.08
149740,0.02
149741,0.04
149742,0.03
149743,0.18
149744,0.01
149745,0.0
149746,0.01
149747,0.07
149748,0.03
149749,0.13
149750,0.02
149751,0.01
149752,0.05
149753,0.03
149754,0.02
149755,0.03
149756,0.2
149757,0.12
149758,0.29
149759,0.05
149760,0.01
149761,0.38
149762,0.11
149763,0.01
149764,0.02
149765,0.0
149766,0.0
149767,0.22
149768,0.0
149769,0.29
149770,0.21
149771,0.01
149772,0.02
149773,0.0
149774,0.04
149775,0.01
149776,0.11
149777,0.1
149778,0.01
149779,0.02
149780,0.0
149781,0.01
149782,0.01
149783,0.03
149784,0.0
149785,0.02
149786,0.0
149787,0.37
149788,0.01
149789,0.05
149790,0.06
149791,0.02
149792,0.0
149793,0.0
149794,0.04
149795,0.01
149796,0.06
149797,0.27
149798,0.02
149799,0.1
149800,0.06
149801,0.01
149802,0.08
149803,0.03
149804,0.01
149805,0.0
149806,0.0
149807,0.0
149808,0.0
149809,0.12
149810,0.0
149811,0.0
149812,0.01
149813,0.01
149814,0.03
149815,0.02
149816,0.12
149817,0.05
149818,0.01
149819,0.1
149820,0.14
149821,0.0
149822,0.03
149823,0.14
149824,0.01
149825,0.1
149826,0.01
149827,0.03
149828,0.03
149829,0.0
149830,0.2
149831,0.0
149832,0.01
149833,0.27
149834,0.06
149835,0.02
149836,0.01
149837,0.01
149838,0.07
149839,0.1
149840,0.0
149841,0.01
149842,0.03
149843,0.01
149844,0.04
149845,0.02
149846,0.11
149847,0.02
149848,0.14
149849,0.0
149850,0.09
149851,0.01
149852,0.08
149853,0.17
149854,0.0
149855,0.06
149856,0.0
149857,0.0
149858,0.06
149859,0.11
149860,0.04
149861,0.01
149862,0.11
149863,0.0
149864,0.03
149865,0.04
149866,0.48
149867,0.08
149868,0.0
149869,0.05
149870,0.0
149871,0.06
149872,0.02
149873,0.01
149874,0.0
149875,0.03
149876,0.26
149877,0.03
149878,0.05
149879,0.0
149880,0.06
149881,0.0
149882,0.02
149883,0.13
149884,0.02
149885,0.01
149886,0.01
149887,0.07
149888,0.0
149889,0.0
149890,0.0
149891,0.09
149892,0.05
149893,0.0
149894,0.01
149895,0.0
149896,0.03
149897,0.0
149898,0.0
149899,0.02
149900,0.0
149901,0.37
149902,0.01
149903,0.08
149904,0.0
149905,0.29
149906,0.01
149907,0.04
149908,0.0
149909,0.0
149910,0.0
149911,0.0
149912,0.07
149913,0.03
149914,0.03
149915,0.1
149916,0.18
149917,0.03
149918,0.04
149919,0.04
149920,0.06
149921,0.0
149922,0.12
149923,0.0
149924,0.06
149925,0.02
149926,0.06
149927,0.08
149928,0.01
149929,0.0
149930,0.0
149931,0.07
149932,0.06
149933,0.05
149934,0.17
149935,0.0
149936,0.33
149937,0.61
149938,0.22
149939,0.26
149940,0.0
149941,0.0
149942,0.0
149943,0.04
149944,0.01
149945,0.01
149946,0.01
149947,0.01
149948,0.0
149949,0.04
149950,0.01
149951,0.13
149952,0.25
149953,0.0
149954,0.19
149955,0.37
149956,0.0
149957,0.24
149958,0.11
149959,0.03
149960,0.09
149961,0.0
149962,0.0
149963,0.0
149964,0.11
149965,0.0
149966,0.09
149967,0.28
149968,0.0
149969,0.02
149970,0.0
149971,0.0
149972,0.0
149973,0.04
149974,0.01
149975,0.03
149976,0.03
149977,0.0
149978,0.0
149979,0.28
149980,0.0
149981,0.03
149982,0.03
149983,0.0
149984,0.02
149985,0.18
149986,0.01
149987,0.09
149988,0.14
149989,0.02
149990,0.01
149991,0.0
149992,0.01
149993,0.08
149994,0.58
149995,0.0
149996,0.03
149997,0.04
149998,0.0
149999,0.04
