client_id,Delinquent90
75000,0.07
75001,0.61
75002,0.0
75003,0.17
75004,0.0
75005,0.02
75006,0.0
75007,0.0
75008,0.02
75009,0.1
75010,0.12
75011,0.0
75012,0.13
75013,0.0
75014,0.35
75015,0.35
75016,0.16
75017,0.08
75018,0.0
75019,0.07
75020,0.0
75021,0.07
75022,0.13
75023,0.0
75024,0.07
75025,0.16
75026,0.0
75027,0.0
75028,0.03
75029,0.0
75030,0.01
75031,0.0
75032,0.05
75033,0.08
75034,0.0
75035,0.0
75036,0.0
75037,0.0
75038,0.0
75039,0.12
75040,0.01
75041,0.0
75042,0.0
75043,0.0
75044,0.04
75045,0.15
75046,0.0
75047,0.02
75048,0.13
75049,0.17
75050,0.0
75051,0.0
75052,0.23
75053,0.01
75054,0.01
75055,0.02
75056,0.02
75057,0.1
75058,0.0
75059,0.05
75060,0.14
75061,0.0
75062,0.08
75063,0.0
75064,0.02
75065,0.02
75066,0.04
75067,0.01
75068,0.03
75069,0.0
75070,0.01
75071,0.06
75072,0.03
75073,0.0
75074,0.07
75075,0.01
75076,0.0
75077,0.04
75078,0.12
75079,0.0
75080,0.01
75081,0.2
75082,0.0
75083,0.01
75084,0.01
75085,0.01
75086,0.04
75087,0.01
75088,0.0
75089,0.01
75090,0.0
75091,0.04
75092,0.18
75093,0.01
75094,0.0
75095,0.02
75096,0.0
75097,0.03
75098,0.04
75099,0.04
75100,0.07
75101,0.0
75102,0.0
75103,0.03
75104,0.34
75105,0.18
75106,0.01
75107,0.1
75108,0.01
75109,0.01
75110,0.0
75111,0.12
75112,0.0
75113,0.0
75114,0.0
75115,0.01
75116,0.0
75117,0.0
75118,0.0
75119,0.4
75120,0.0
75121,0.13
75122,0.0
75123,0.25
75124,0.0
75125,0.01
75126,0.0
75127,0.02
75128,0.24
75129,0.03
75130,0.12
75131,0.02
75132,0.39
75133,0.01
75134,0.33
75135,0.1
75136,0.24
75137,0.0
75138,0.0
75139,0.02
75140,0.0
75141,0.01
75142,0.1
75143,0.01
75144,0.09
75145,0.41
75146,0.18
75147,0.0
75148,0.08
75149,0.02
75150,0.37
75151,0.03
75152,0.15
75153,0.03
75154,0.03
75155,0.02
75156,0.0
75157,0.0
75158,0.01
75159,0.04
75160,0.02
75161,0.04
75162,0.26
75163,0.01
75164,0.0
75165,0.0
75166,0.07
75167,0.13
75168,0.05
75169,0.06
75170,0.11
75171,0.01
75172,0.02
75173,0.0
75174,0.01
75175,0.01
75176,0.03
75177,0.01
75178,0.0
75179,0.06
75180,0.01
75181,0.07
75182,0.11
75183,0.01
75184,0.33
75185,0.07
75186,0.04
75187,0.0
75188,0.08
75189,0.0
75190,0.09
75191,0.02
75192,0.08
75193,0.0
75194,0.34
75195,0.0
75196,0.08
75197,0.07
75198,0.14
75199,0.02
75200,0.01
75201,0.35
75202,0.1
75203,0.0
75204,0.03
75205,0.01
75206,0.01
75207,0.21
75208,0.02
75209,0.02
75210,0.01
75211,0.05
75212,0.14
75213,0.06
75214,0.12
75215,0.01
75216,0.0
75217,0.24
75218,0.01
75219,0.06
75220,0.1
75221,0.07
75222,0.0
75223,0.0
75224,0.06
75225,0.02
75226,0.0
75227,0.0
75228,0.04
75229,0.12
75230,0.09
75231,0.01
75232,0.11
75233,0.0
75234,0.06
75235,0.0
75236,0.05
75237,0.18
75238,0.06
75239,0.0
75240,0.0
75241,0.0
75242,0.33
75243,0.0
75244,0.0
75245,0.24
75246,0.0
75247,0.0
75248,0.03
75249,0.0
75250,0.12
75251,0.0
75252,0.03
75253,0.0
75254,0.01
75255,0.0
75256,0.03
75257,0.22
75258,0.0
75259,0.15
75260,0.09
75261,0.11
75262,0.02
75263,0.0
75264,0.01
75265,0.01
75266,0.01
75267,0.03
75268,0.0
75269,0.0
75270,0.04
75271,0.01
75272,0.23
75273,0.0
75274,0.19
75275,0.01
75276,0.03
75277,0.0
75278,0.09
75279,0.0
75280,0.0
75281,0.05
75282,0.01
75283,0.01
75284,0.02
75285,0.01
75286,0.0
75287,0.08
75288,0.05
75289,0.0
75290,0.0
75291,0.0
75292,0.02
75293,0.23
75294,0.03
75295,0.04
75296,0.0
75297,0.01
75298,0.0
75299,0.01
75300,0.07
75301,0.53
75302,0.06
75303,0.03
75304,0.18
75305,0.0
75306,0.0
75307,0.02
75308,0.0
75309,0.06
75310,0.01
75311,0.12
75312,0.01
75313,0.2
75314,0.01
75315,0.0
75316,0.05
75317,0.05
75318,0.23
75319,0.03
75320,0.21
75321,0.01
75322,0.01
75323,0.04
75324,0.0
75325,0.29
75326,0.04
75327,0.29
75328,0.01
75329,0.09
75330,0.01
75331,0.02
75332,0.0
75333,0.12
75334,0.0
75335,0.14
75336,0.0
75337,0.16
75338,0.0
75339,0.06
75340,0.04
75341,0.0
75342,0.0
75343,0.07
75344,0.09
75345,0.01
75346,0.1
75347,0.09
75348,0.01
75349,0.03
75350,0.0
75351,0.0
75352,0.05
75353,0.0
75354,0.39
75355,0.0
75356,0.26
75357,0.15
75358,0.0
75359,0.05
75360,0.0
75361,0.35
75362,0.04
75363,0.0
75364,0.02
75365,0.02
75366,0.0
75367,0.0
75368,0.01
75369,0.35
75370,0.0
75371,0.02
75372,0.02
75373,0.24
75374,0.06
75375,0.02
75376,0.0
75377,0.05
75378,0.02
75379,0.04
75380,0.0
75381,0.0
75382,0.08
75383,0.16
75384,0.01
75385,0.03
75386,0.08
75387,0.1
75388,0.0
75389,0.05
75390,0.02
75391,0.05
75392,0.0
75393,0.02
75394,0.01
75395,0.1
75396,0.14
75397,0.0
75398,0.0
75399,0.0
75400,0.61
75401,0.0
75402,0.01
75403,0.01
75404,0.26
75405,0.26
75406,0.02
75407,0.05
75408,0.02
75409,0.05
75410,0.16
75411,0.05
75412,0.0
75413,0.02
75414,0.11
75415,0.05
75416,0.03
75417,0.1
75418,0.08
75419,0.02
75420,0.07
75421,0.01
75422,0.0
75423,0.07
75424,0.01
75425,0.04
75426,0.06
75427,0.38
75428,0.01
75429,0.0
75430,0.11
75431,0.02
75432,0.03
75433,0.0
75434,0.08
75435,0.0
75436,0.03
75437,0.0
75438,0.11
75439,0.0
75440,0.0
75441,0.0
75442,0.0
75443,0.08
75444,0.03
75445,0.04
75446,0.03
75447,0.72
75448,0.0
75449,0.09
75450,0.08
75451,0.01
75452,0.0
75453,0.0
75454,0.04
75455,0.01
75456,0.16
75457,0.07
75458,0.03
75459,0.04
75460,0.0
75461,0.06
75462,0.03
75463,0.08
75464,0.52
75465,0.0
75466,0.39
75467,0.0
75468,0.0
75469,0.11
75470,0.0
75471,0.02
75472,0.03
75473,0.04
75474,0.01
75475,0.0
75476,0.0
75477,0.01
75478,0.02
75479,0.03
75480,0.3
75481,0.02
75482,0.01
75483,0.0
75484,0.08
75485,0.11
75486,0.05
75487,0.04
75488,0.08
75489,0.58
75490,0.01
75491,0.0
75492,0.0
75493,0.03
75494,0.15
75495,0.0
75496,0.02
75497,0.02
75498,0.11
75499,0.0
75500,0.18
75501,0.03
75502,0.05
75503,0.01
75504,0.1
75505,0.0
75506,0.04
75507,0.02
75508,0.0
75509,0.21
75510,0.22
75511,0.38
75512,0.08
75513,0.08
75514,0.04
75515,0.04
75516,0.07
75517,0.07
75518,0.02
75519,0.0
75520,0.43
75521,0.0
75522,0.17
75523,0.0
75524,0.0
75525,0.1
75526,0.21
75527,0.01
75528,0.1
75529,0.0
75530,0.04
75531,0.0
75532,0.14
75533,0.18
75534,0.11
75535,0.06
75536,0.02
75537,0.0
75538,0.02
75539,0.46
75540,0.01
75541,0.06
75542,0.47
75543,0.44
75544,0.0
75545,0.17
75546,0.07
75547,0.0
75548,0.0
75549,0.01
75550,0.34
75551,0.01
75552,0.07
75553,0.38
75554,0.33
75555,0.0
75556,0.13
75557,0.0
75558,0.02
75559,0.0
75560,0.0
75561,0.05
75562,0.4
75563,0.04
75564,0.0
75565,0.01
75566,0.0
75567,0.23
75568,0.0
75569,0.2
75570,0.0
75571,0.0
75572,0.03
75573,0.01
75574,0.11
75575,0.0
75576,0.18
75577,0.0
75578,0.03
75579,0.03
75580,0.0
75581,0.01
75582,0.05
75583,0.33
75584,0.0
75585,0.01
75586,0.0
75587,0.04
75588,0.01
75589,0.03
75590,0.0
75591,0.46
75592,0.07
75593,0.0
75594,0.01
75595,0.32
75596,0.07
75597,0.04
75598,0.03
75599,0.03
75600,0.06
75601,0.0
75602,0.06
75603,0.0
75604,0.13
75605,0.02
75606,0.01
75607,0.48
75608,0.15
75609,0.07
75610,0.07
75611,0.02
75612,0.04
75613,0.0
75614,0.0
75615,0.0
75616,0.0
75617,0.75
75618,0.09
75619,0.01
75620,0.28
75621,0.15
75622,0.0
75623,0.02
75624,0.14
75625,0.08
75626,0.02
75627,0.05
75628,0.12
75629,0.05
75630,0.1
75631,0.05
75632,0.01
75633,0.08
75634,0.0
75635,0.01
75636,0.06
75637,0.06
75638,0.0
75639,0.11
75640,0.0
75641,0.02
75642,0.02
75643,0.03
75644,0.0
75645,0.13
75646,0.01
75647,0.01
75648,0.14
75649,0.02
75650,0.23
75651,0.04
75652,0.2
75653,0.11
75654,0.04
75655,0.09
75656,0.15
75657,0.01
75658,0.44
75659,0.13
75660,0.55
75661,0.03
75662,0.0
75663,0.13
75664,0.02
75665,0.52
75666,0.01
75667,0.0
75668,0.01
75669,0.03
75670,0.01
75671,0.03
75672,0.05
75673,0.0
75674,0.0
75675,0.62
75676,0.08
75677,0.06
75678,0.0
75679,0.06
75680,0.13
75681,0.01
75682,0.12
75683,0.0
75684,0.0
75685,0.03
75686,0.21
75687,0.06
75688,0.11
75689,0.03
75690,0.0
75691,0.01
75692,0.01
75693,0.02
75694,0.12
75695,0.23
75696,0.05
75697,0.02
75698,0.35
75699,0.03
75700,0.01
75701,0.0
75702,0.01
75703,0.07
75704,0.03
75705,0.09
75706,0.02
75707,0.14
75708,0.0
75709,0.24
75710,0.11
75711,0.2
75712,0.13
75713,0.15
75714,0.04
75715,0.01
75716,0.01
75717,0.0
75718,0.02
75719,0.0
75720,0.03
75721,0.0
75722,0.0
75723,0.0
75724,0.02
75725,0.02
75726,0.0
75727,0.02
75728,0.04
75729,0.03
75730,0.0
75731,0.01
75732,0.01
75733,0.0
75734,0.24
75735,0.34
75736,0.27
75737,0.02
75738,0.04
75739,0.0
75740,0.01
75741,0.0
75742,0.0
75743,0.0
75744,0.0
75745,0.05
75746,0.0
75747,0.04
75748,0.02
75749,0.01
75750,0.01
75751,0.0
75752,0.15
75753,0.01
75754,0.03
75755,0.0
75756,0.0
75757,0.08
75758,0.0
75759,0.03
75760,0.08
75761,0.0
75762,0.0
75763,0.12
75764,0.0
75765,0.0
75766,0.0
75767,0.29
75768,0.0
75769,0.12
75770,0.03
75771,0.0
75772,0.03
75773,0.0
75774,0.03
75775,0.25
75776,0.5
75777,0.01
75778,0.0
75779,0.0
75780,0.0
75781,0.32
75782,0.09
75783,0.36
75784,0.0
75785,0.27
75786,0.01
75787,0.08
75788,0.0
75789,0.04
75790,0.01
75791,0.02
75792,0.02
75793,0.03
75794,0.24
75795,0.01
75796,0.01
75797,0.01
75798,0.05
75799,0.03
75800,0.25
75801,0.17
75802,0.0
75803,0.01
75804,0.02
75805,0.01
75806,0.17
75807,0.01
75808,0.0
75809,0.09
75810,0.5
75811,0.12
75812,0.0
75813,0.03
75814,0.01
75815,0.07
75816,0.08
75817,0.07
75818,0.08
75819,0.06
75820,0.0
75821,0.0
75822,0.0
75823,0.02
75824,0.03
75825,0.02
75826,0.0
75827,0.15
75828,0.0
75829,0.02
75830,0.1
75831,0.13
75832,0.02
75833,0.01
75834,0.05
75835,0.03
75836,0.01
75837,0.0
75838,0.0
75839,0.02
75840,0.02
75841,0.28
75842,0.01
75843,0.06
75844,0.11
75845,0.0
75846,0.0
75847,0.05
75848,0.36
75849,0.04
75850,0.0
75851,0.0
75852,0.05
75853,0.09
75854,0.03
75855,0.02
75856,0.01
75857,0.43
75858,0.18
75859,0.38
75860,0.01
75861,0.08
75862,0.15
75863,0.46
75864,0.01
75865,0.05
75866,0.02
75867,0.0
75868,0.02
75869,0.01
75870,0.2
75871,0.08
75872,0.23
75873,0.03
75874,0.01
75875,0.05
75876,0.02
75877,0.02
75878,0.02
75879,0.0
75880,0.01
75881,0.0
75882,0.0
75883,0.01
75884,0.06
75885,0.09
75886,0.0
75887,0.0
75888,0.04
75889,0.0
75890,0.03
75891,0.07
75892,0.05
75893,0.02
75894,0.02
75895,0.21
75896,0.02
75897,0.0
75898,0.02
75899,0.15
75900,0.01
75901,0.01
75902,0.0
75903,0.02
75904,0.07
75905,0.11
75906,0.05
75907,0.17
75908,0.02
75909,0.02
75910,0.07
75911,0.0
75912,0.02
75913,0.0
75914,0.07
75915,0.0
75916,0.03
75917,0.03
75918,0.0
75919,0.45
75920,0.13
75921,0.15
75922,0.57
75923,0.18
75924,0.06
75925,0.0
75926,0.68
75927,0.1
75928,0.0
75929,0.27
75930,0.0
75931,0.0
75932,0.4
75933,0.0
75934,0.03
75935,0.26
75936,0.21
75937,0.23
75938,0.22
75939,0.0
75940,0.21
75941,0.03
75942,0.0
75943,0.01
75944,0.0
75945,0.0
75946,0.02
75947,0.02
75948,0.09
75949,0.06
75950,0.01
75951,0.05
75952,0.0
75953,0.0
75954,0.14
75955,0.02
75956,0.02
75957,0.01
75958,0.0
75959,0.08
75960,0.01
75961,0.02
75962,0.0
75963,0.0
75964,0.0
75965,0.0
75966,0.08
75967,0.03
75968,0.0
75969,0.22
75970,0.01
75971,0.05
75972,0.25
75973,0.01
75974,0.01
75975,0.02
75976,0.02
75977,0.68
75978,0.02
75979,0.06
75980,0.44
75981,0.05
75982,0.02
75983,0.02
75984,0.04
75985,0.0
75986,0.03
75987,0.06
75988,0.03
75989,0.13
75990,0.05
75991,0.07
75992,0.07
75993,0.0
75994,0.35
75995,0.0
75996,0.13
75997,0.01
75998,0.01
75999,0.15
76000,0.01
76001,0.0
76002,0.0
76003,0.0
76004,0.53
76005,0.11
76006,0.04
76007,0.0
76008,0.26
76009,0.0
76010,0.01
76011,0.08
76012,0.0
76013,0.0
76014,0.0
76015,0.03
76016,0.0
76017,0.1
76018,0.06
76019,0.01
76020,0.17
76021,0.07
76022,0.0
76023,0.0
76024,0.0
76025,0.05
76026,0.01
76027,0.0
76028,0.01
76029,0.01
76030,0.3
76031,0.69
76032,0.03
76033,0.0
76034,0.01
76035,0.02
76036,0.0
76037,0.01
76038,0.07
76039,0.0
76040,0.03
76041,0.03
76042,0.03
76043,0.0
76044,0.2
76045,0.0
76046,0.42
76047,0.19
76048,0.48
76049,0.02
76050,0.12
76051,0.12
76052,0.0
76053,0.01
76054,0.0
76055,0.0
76056,0.0
76057,0.01
76058,0.0
76059,0.0
76060,0.08
76061,0.0
76062,0.04
76063,0.05
76064,0.2
76065,0.02
76066,0.04
76067,0.12
76068,0.02
76069,0.0
76070,0.26
76071,0.0
76072,0.02
76073,0.03
76074,0.49
76075,0.11
76076,0.04
76077,0.0
76078,0.08
76079,0.03
76080,0.01
76081,0.0
76082,0.01
76083,0.01
76084,0.06
76085,0.0
76086,0.05
76087,0.37
76088,0.24
76089,0.03
76090,0.02
76091,0.01
76092,0.0
76093,0.05
76094,0.0
76095,0.0
76096,0.01
76097,0.04
76098,0.0
76099,0.03
76100,0.0
76101,0.01
76102,0.03
76103,0.26
76104,0.11
76105,0.63
76106,0.08
76107,0.12
76108,0.0
76109,0.14
76110,0.18
76111,0.02
76112,0.0
76113,0.01
76114,0.01
76115,0.05
76116,0.17
76117,0.09
76118,0.05
76119,0.18
76120,0.0
76121,0.03
76122,0.0
76123,0.0
76124,0.0
76125,0.0
76126,0.09
76127,0.31
76128,0.03
76129,0.0
76130,0.01
76131,0.01
76132,0.06
76133,0.05
76134,0.09
76135,0.5
76136,0.49
76137,0.01
76138,0.0
76139,0.02
76140,0.13
76141,0.1
76142,0.0
76143,0.29
76144,0.04
76145,0.01
76146,0.03
76147,0.0
76148,0.0
76149,0.0
76150,0.35
76151,0.02
76152,0.0
76153,0.1
76154,0.02
76155,0.09
76156,0.05
76157,0.04
76158,0.0
76159,0.0
76160,0.26
76161,0.01
76162,0.25
76163,0.0
76164,0.04
76165,0.0
76166,0.33
76167,0.0
76168,0.38
76169,0.02
76170,0.0
76171,0.13
76172,0.08
76173,0.03
76174,0.02
76175,0.0
76176,0.04
76177,0.0
76178,0.21
76179,0.01
76180,0.01
76181,0.12
76182,0.29
76183,0.0
76184,0.0
76185,0.06
76186,0.41
76187,0.0
76188,0.02
76189,0.24
76190,0.03
76191,0.01
76192,0.02
76193,0.0
76194,0.08
76195,0.05
76196,0.51
76197,0.07
76198,0.01
76199,0.0
76200,0.01
76201,0.02
76202,0.37
76203,0.03
76204,0.0
76205,0.13
76206,0.08
76207,0.02
76208,0.03
76209,0.02
76210,0.01
76211,0.0
76212,0.04
76213,0.46
76214,0.1
76215,0.01
76216,0.01
76217,0.1
76218,0.05
76219,0.0
76220,0.0
76221,0.0
76222,0.04
76223,0.11
76224,0.0
76225,0.0
76226,0.01
76227,0.0
76228,0.0
76229,0.03
76230,0.01
76231,0.01
76232,0.22
76233,0.02
76234,0.01
76235,0.02
76236,0.02
76237,0.02
76238,0.04
76239,0.06
76240,0.06
76241,0.04
76242,0.05
76243,0.01
76244,0.06
76245,0.16
76246,0.0
76247,0.11
76248,0.05
76249,0.1
76250,0.35
76251,0.0
76252,0.0
76253,0.05
76254,0.0
76255,0.04
76256,0.0
76257,0.12
76258,0.01
76259,0.18
76260,0.06
76261,0.0
76262,0.0
76263,0.13
76264,0.01
76265,0.01
76266,0.0
76267,0.01
76268,0.01
76269,0.0
76270,0.02
76271,0.08
76272,0.01
76273,0.04
76274,0.01
76275,0.03
76276,0.05
76277,0.02
76278,0.0
76279,0.07
76280,0.04
76281,0.04
76282,0.01
76283,0.01
76284,0.0
76285,0.06
76286,0.06
76287,0.13
76288,0.0
76289,0.02
76290,0.02
76291,0.46
76292,0.03
76293,0.07
76294,0.1
76295,0.0
76296,0.01
76297,0.01
76298,0.0
76299,0.01
76300,0.0
76301,0.0
76302,0.07
76303,0.0
76304,0.03
76305,0.0
76306,0.0
76307,0.06
76308,0.26
76309,0.02
76310,0.03
76311,0.15
76312,0.0
76313,0.05
76314,0.06
76315,0.01
76316,0.1
76317,0.0
76318,0.02
76319,0.05
76320,0.03
76321,0.0
76322,0.0
76323,0.07
76324,0.01
76325,0.01
76326,0.0
76327,0.0
76328,0.07
76329,0.13
76330,0.13
76331,0.06
76332,0.0
76333,0.03
76334,0.01
76335,0.18
76336,0.0
76337,0.02
76338,0.02
76339,0.21
76340,0.14
76341,0.03
76342,0.08
76343,0.02
76344,0.0
76345,0.01
76346,0.03
76347,0.01
76348,0.0
76349,0.03
76350,0.36
76351,0.38
76352,0.03
76353,0.15
76354,0.0
76355,0.04
76356,0.0
76357,0.03
76358,0.0
76359,0.01
76360,0.11
76361,0.07
76362,0.1
76363,0.0
76364,0.22
76365,0.04
76366,0.0
76367,0.04
76368,0.06
76369,0.27
76370,0.19
76371,0.0
76372,0.01
76373,0.0
76374,0.26
76375,0.01
76376,0.02
76377,0.08
76378,0.0
76379,0.0
76380,0.18
76381,0.0
76382,0.02
76383,0.02
76384,0.03
76385,0.1
76386,0.0
76387,0.47
76388,0.01
76389,0.01
76390,0.0
76391,0.0
76392,0.01
76393,0.03
76394,0.25
76395,0.0
76396,0.39
76397,0.0
76398,0.03
76399,0.06
76400,0.04
76401,0.0
76402,0.21
76403,0.01
76404,0.15
76405,0.04
76406,0.0
76407,0.14
76408,0.63
76409,0.12
76410,0.01
76411,0.04
76412,0.0
76413,0.01
76414,0.1
76415,0.02
76416,0.0
76417,0.12
76418,0.09
76419,0.0
76420,0.15
76421,0.03
76422,0.06
76423,0.01
76424,0.27
76425,0.12
76426,0.0
76427,0.0
76428,0.09
76429,0.04
76430,0.07
76431,0.24
76432,0.07
76433,0.3
76434,0.12
76435,0.37
76436,0.01
76437,0.0
76438,0.13
76439,0.16
76440,0.19
76441,0.09
76442,0.05
76443,0.09
76444,0.0
76445,0.0
76446,0.07
76447,0.0
76448,0.49
76449,0.08
76450,0.05
76451,0.0
76452,0.1
76453,0.0
76454,0.01
76455,0.02
76456,0.07
76457,0.06
76458,0.0
76459,0.02
76460,0.36
76461,0.05
76462,0.03
76463,0.0
76464,0.0
76465,0.39
76466,0.02
76467,0.24
76468,0.02
76469,0.0
76470,0.0
76471,0.07
76472,0.11
76473,0.0
76474,0.0
76475,0.0
76476,0.03
76477,0.04
76478,0.19
76479,0.02
76480,0.01
76481,0.0
76482,0.0
76483,0.0
76484,0.06
76485,0.09
76486,0.0
76487,0.01
76488,0.21
76489,0.0
76490,0.01
76491,0.11
76492,0.08
76493,0.02
76494,0.01
76495,0.01
76496,0.03
76497,0.08
76498,0.0
76499,0.0
76500,0.0
76501,0.04
76502,0.1
76503,0.0
76504,0.01
76505,0.05
76506,0.01
76507,0.0
76508,0.48
76509,0.02
76510,0.23
76511,0.46
76512,0.05
76513,0.0
76514,0.07
76515,0.01
76516,0.01
76517,0.01
76518,0.07
76519,0.01
76520,0.0
76521,0.04
76522,0.0
76523,0.06
76524,0.11
76525,0.12
76526,0.01
76527,0.27
76528,0.01
76529,0.01
76530,0.01
76531,0.01
76532,0.12
76533,0.03
76534,0.03
76535,0.01
76536,0.04
76537,0.0
76538,0.13
76539,0.05
76540,0.1
76541,0.01
76542,0.25
76543,0.09
76544,0.01
76545,0.0
76546,0.13
76547,0.06
76548,0.62
76549,0.23
76550,0.01
76551,0.26
76552,0.06
76553,0.17
76554,0.06
76555,0.0
76556,0.13
76557,0.0
76558,0.01
76559,0.06
76560,0.0
76561,0.01
76562,0.0
76563,0.27
76564,0.0
76565,0.01
76566,0.03
76567,0.07
76568,0.05
76569,0.01
76570,0.03
76571,0.05
76572,0.03
76573,0.0
76574,0.08
76575,0.3
76576,0.19
76577,0.08
76578,0.0
76579,0.0
76580,0.01
76581,0.01
76582,0.05
76583,0.07
76584,0.09
76585,0.01
76586,0.18
76587,0.01
76588,0.02
76589,0.02
76590,0.11
76591,0.17
76592,0.5
76593,0.31
76594,0.4
76595,0.0
76596,0.04
76597,0.01
76598,0.08
76599,0.06
76600,0.12
76601,0.14
76602,0.0
76603,0.1
76604,0.26
76605,0.06
76606,0.09
76607,0.0
76608,0.0
76609,0.0
76610,0.16
76611,0.02
76612,0.08
76613,0.05
76614,0.0
76615,0.15
76616,0.43
76617,0.0
76618,0.01
76619,0.24
76620,0.0
76621,0.01
76622,0.15
76623,0.0
76624,0.0
76625,0.17
76626,0.0
76627,0.07
76628,0.08
76629,0.28
76630,0.01
76631,0.3
76632,0.04
76633,0.01
76634,0.0
76635,0.1
76636,0.03
76637,0.13
76638,0.01
76639,0.02
76640,0.04
76641,0.01
76642,0.07
76643,0.0
76644,0.05
76645,0.07
76646,0.03
76647,0.01
76648,0.03
76649,0.03
76650,0.01
76651,0.07
76652,0.0
76653,0.36
76654,0.01
76655,0.01
76656,0.53
76657,0.0
76658,0.08
76659,0.01
76660,0.02
76661,0.0
76662,0.0
76663,0.01
76664,0.0
76665,0.0
76666,0.12
76667,0.0
76668,0.0
76669,0.0
76670,0.02
76671,0.02
76672,0.03
76673,0.16
76674,0.01
76675,0.02
76676,0.0
76677,0.01
76678,0.21
76679,0.16
76680,0.0
76681,0.0
76682,0.0
76683,0.0
76684,0.0
76685,0.03
76686,0.21
76687,0.2
76688,0.0
76689,0.0
76690,0.0
76691,0.0
76692,0.02
76693,0.0
76694,0.09
76695,0.13
76696,0.2
76697,0.07
76698,0.07
76699,0.14
76700,0.03
76701,0.15
76702,0.0
76703,0.01
76704,0.0
76705,0.0
76706,0.08
76707,0.01
76708,0.02
76709,0.01
76710,0.01
76711,0.0
76712,0.0
76713,0.0
76714,0.0
76715,0.01
76716,0.02
76717,0.05
76718,0.05
76719,0.01
76720,0.0
76721,0.04
76722,0.02
76723,0.39
76724,0.0
76725,0.01
76726,0.02
76727,0.02
76728,0.0
76729,0.12
76730,0.01
76731,0.0
76732,0.1
76733,0.01
76734,0.13
76735,0.03
76736,0.0
76737,0.02
76738,0.01
76739,0.0
76740,0.02
76741,0.06
76742,0.22
76743,0.13
76744,0.02
76745,0.08
76746,0.02
76747,0.03
76748,0.02
76749,0.02
76750,0.03
76751,0.3
76752,0.07
76753,0.03
76754,0.01
76755,0.22
76756,0.14
76757,0.28
76758,0.07
76759,0.07
76760,0.03
76761,0.06
76762,0.1
76763,0.03
76764,0.0
76765,0.04
76766,0.0
76767,0.19
76768,0.19
76769,0.01
76770,0.02
76771,0.06
76772,0.04
76773,0.04
76774,0.09
76775,0.01
76776,0.02
76777,0.03
76778,0.01
76779,0.1
76780,0.02
76781,0.0
76782,0.0
76783,0.0
76784,0.0
76785,0.05
76786,0.02
76787,0.26
76788,0.01
76789,0.11
76790,0.01
76791,0.0
76792,0.0
76793,0.0
76794,0.0
76795,0.0
76796,0.37
76797,0.0
76798,0.05
76799,0.01
76800,0.01
76801,0.0
76802,0.0
76803,0.02
76804,0.04
76805,0.05
76806,0.0
76807,0.0
76808,0.0
76809,0.0
76810,0.14
76811,0.02
76812,0.51
76813,0.02
76814,0.01
76815,0.17
76816,0.0
76817,0.0
76818,0.01
76819,0.04
76820,0.0
76821,0.02
76822,0.04
76823,0.04
76824,0.03
76825,0.57
76826,0.09
76827,0.15
76828,0.0
76829,0.08
76830,0.02
76831,0.02
76832,0.04
76833,0.04
76834,0.37
76835,0.03
76836,0.04
76837,0.02
76838,0.02
76839,0.0
76840,0.0
76841,0.0
76842,0.0
76843,0.23
76844,0.01
76845,0.0
76846,0.0
76847,0.02
76848,0.07
76849,0.01
76850,0.02
76851,0.08
76852,0.51
76853,0.08
76854,0.01
76855,0.01
76856,0.13
76857,0.01
76858,0.0
76859,0.01
76860,0.01
76861,0.08
76862,0.0
76863,0.01
76864,0.02
76865,0.33
76866,0.03
76867,0.6
76868,0.1
76869,0.01
76870,0.11
76871,0.01
76872,0.0
76873,0.19
76874,0.65
76875,0.02
76876,0.0
76877,0.01
76878,0.0
76879,0.04
76880,0.18
76881,0.0
76882,0.8
76883,0.1
76884,0.25
76885,0.0
76886,0.33
76887,0.02
76888,0.04
76889,0.02
76890,0.08
76891,0.07
76892,0.25
76893,0.07
76894,0.0
76895,0.0
76896,0.13
76897,0.02
76898,0.01
76899,0.05
76900,0.0
76901,0.01
76902,0.0
76903,0.0
76904,0.0
76905,0.01
76906,0.1
76907,0.05
76908,0.09
76909,0.0
76910,0.03
76911,0.01
76912,0.06
76913,0.02
76914,0.02
76915,0.38
76916,0.0
76917,0.01
76918,0.0
76919,0.01
76920,0.0
76921,0.0
76922,0.02
76923,0.03
76924,0.0
76925,0.14
76926,0.65
76927,0.02
76928,0.03
76929,0.33
76930,0.0
76931,0.09
76932,0.0
76933,0.02
76934,0.01
76935,0.12
76936,0.01
76937,0.05
76938,0.06
76939,0.0
76940,0.09
76941,0.26
76942,0.02
76943,0.01
76944,0.0
76945,0.02
76946,0.26
76947,0.24
76948,0.22
76949,0.03
76950,0.19
76951,0.39
76952,0.29
76953,0.0
76954,0.03
76955,0.39
76956,0.01
76957,0.26
76958,0.01
76959,0.02
76960,0.31
76961,0.14
76962,0.0
76963,0.07
76964,0.11
76965,0.0
76966,0.04
76967,0.07
76968,0.2
76969,0.01
76970,0.2
76971,0.01
76972,0.0
76973,0.32
76974,0.29
76975,0.18
76976,0.0
76977,0.0
76978,0.03
76979,0.0
76980,0.02
76981,0.1
76982,0.0
76983,0.01
76984,0.01
76985,0.03
76986,0.1
76987,0.0
76988,0.02
76989,0.02
76990,0.27
76991,0.48
76992,0.02
76993,0.03
76994,0.0
76995,0.07
76996,0.0
76997,0.0
76998,0.03
76999,0.01
77000,0.04
77001,0.24
77002,0.01
77003,0.0
77004,0.0
77005,0.0
77006,0.12
77007,0.0
77008,0.03
77009,0.02
77010,0.0
77011,0.01
77012,0.06
77013,0.03
77014,0.12
77015,0.46
77016,0.1
77017,0.01
77018,0.03
77019,0.18
77020,0.0
77021,0.02
77022,0.01
77023,0.01
77024,0.04
77025,0.02
77026,0.39
77027,0.02
77028,0.05
77029,0.09
77030,0.02
77031,0.04
77032,0.01
77033,0.02
77034,0.23
77035,0.36
77036,0.08
77037,0.03
77038,0.0
77039,0.07
77040,0.08
77041,0.0
77042,0.02
77043,0.02
77044,0.0
77045,0.02
77046,0.0
77047,0.24
77048,0.03
77049,0.02
77050,0.0
77051,0.07
77052,0.0
77053,0.03
77054,0.03
77055,0.13
77056,0.3
77057,0.02
77058,0.0
77059,0.17
77060,0.24
77061,0.03
77062,0.21
77063,0.03
77064,0.5
77065,0.02
77066,0.02
77067,0.42
77068,0.0
77069,0.0
77070,0.03
77071,0.0
77072,0.09
77073,0.0
77074,0.0
77075,0.16
77076,0.01
77077,0.04
77078,0.14
77079,0.05
77080,0.02
77081,0.03
77082,0.02
77083,0.0
77084,0.0
77085,0.07
77086,0.02
77087,0.02
77088,0.01
77089,0.0
77090,0.23
77091,0.12
77092,0.01
77093,0.0
77094,0.0
77095,0.07
77096,0.0
77097,0.05
77098,0.13
77099,0.03
77100,0.04
77101,0.03
77102,0.07
77103,0.03
77104,0.01
77105,0.02
77106,0.33
77107,0.0
77108,0.24
77109,0.0
77110,0.06
77111,0.08
77112,0.18
77113,0.01
77114,0.04
77115,0.05
77116,0.0
77117,0.0
77118,0.0
77119,0.04
77120,0.03
77121,0.05
77122,0.02
77123,0.02
77124,0.07
77125,0.01
77126,0.12
77127,0.0
77128,0.02
77129,0.12
77130,0.05
77131,0.17
77132,0.04
77133,0.0
77134,0.02
77135,0.03
77136,0.0
77137,0.0
77138,0.1
77139,0.01
77140,0.0
77141,0.07
77142,0.5
77143,0.04
77144,0.05
77145,0.01
77146,0.01
77147,0.19
77148,0.0
77149,0.05
77150,0.05
77151,0.18
77152,0.08
77153,0.23
77154,0.01
77155,0.03
77156,0.0
77157,0.21
77158,0.01
77159,0.0
77160,0.01
77161,0.1
77162,0.03
77163,0.01
77164,0.02
77165,0.16
77166,0.0
77167,0.0
77168,0.02
77169,0.0
77170,0.01
77171,0.0
77172,0.12
77173,0.0
77174,0.35
77175,0.03
77176,0.02
77177,0.01
77178,0.02
77179,0.02
77180,0.1
77181,0.06
77182,0.03
77183,0.11
77184,0.41
77185,0.0
77186,0.19
77187,0.04
77188,0.09
77189,0.05
77190,0.0
77191,0.12
77192,0.0
77193,0.0
77194,0.09
77195,0.0
77196,0.0
77197,0.07
77198,0.0
77199,0.0
77200,0.0
77201,0.01
77202,0.01
77203,0.1
77204,0.0
77205,0.01
77206,0.01
77207,0.0
77208,0.06
77209,0.0
77210,0.36
77211,0.0
77212,0.14
77213,0.08
77214,0.19
77215,0.14
77216,0.06
77217,0.02
77218,0.0
77219,0.01
77220,0.0
77221,0.02
77222,0.33
77223,0.06
77224,0.0
77225,0.1
77226,0.39
77227,0.05
77228,0.19
77229,0.02
77230,0.0
77231,0.03
77232,0.0
77233,0.28
77234,0.09
77235,0.08
77236,0.19
77237,0.01
77238,0.24
77239,0.43
77240,0.0
77241,0.05
77242,0.28
77243,0.03
77244,0.0
77245,0.44
77246,0.06
77247,0.02
77248,0.54
77249,0.01
77250,0.0
77251,0.03
77252,0.02
77253,0.59
77254,0.02
77255,0.01
77256,0.01
77257,0.03
77258,0.06
77259,0.0
77260,0.0
77261,0.26
77262,0.01
77263,0.02
77264,0.12
77265,0.0
77266,0.0
77267,0.0
77268,0.01
77269,0.08
77270,0.41
77271,0.0
77272,0.0
77273,0.01
77274,0.04
77275,0.19
77276,0.0
77277,0.02
77278,0.0
77279,0.07
77280,0.02
77281,0.11
77282,0.47
77283,0.0
77284,0.02
77285,0.06
77286,0.02
77287,0.01
77288,0.01
77289,0.03
77290,0.12
77291,0.01
77292,0.07
77293,0.37
77294,0.15
77295,0.01
77296,0.04
77297,0.0
77298,0.0
77299,0.0
77300,0.0
77301,0.05
77302,0.0
77303,0.09
77304,0.0
77305,0.05
77306,0.0
77307,0.1
77308,0.0
77309,0.09
77310,0.07
77311,0.0
77312,0.52
77313,0.01
77314,0.0
77315,0.04
77316,0.03
77317,0.49
77318,0.0
77319,0.0
77320,0.23
77321,0.0
77322,0.3
77323,0.12
77324,0.0
77325,0.01
77326,0.02
77327,0.01
77328,0.01
77329,0.03
77330,0.09
77331,0.0
77332,0.0
77333,0.0
77334,0.0
77335,0.0
77336,0.01
77337,0.0
77338,0.01
77339,0.01
77340,0.02
77341,0.01
77342,0.02
77343,0.01
77344,0.0
77345,0.0
77346,0.01
77347,0.11
77348,0.09
77349,0.02
77350,0.06
77351,0.01
77352,0.22
77353,0.01
77354,0.01
77355,0.01
77356,0.01
77357,0.01
77358,0.0
77359,0.02
77360,0.0
77361,0.0
77362,0.0
77363,0.07
77364,0.06
77365,0.06
77366,0.04
77367,0.03
77368,0.0
77369,0.15
77370,0.0
77371,0.0
77372,0.03
77373,0.07
77374,0.01
77375,0.0
77376,0.05
77377,0.11
77378,0.09
77379,0.01
77380,0.0
77381,0.03
77382,0.0
77383,0.03
77384,0.04
77385,0.03
77386,0.0
77387,0.03
77388,0.02
77389,0.11
77390,0.11
77391,0.01
77392,0.17
77393,0.0
77394,0.02
77395,0.03
77396,0.02
77397,0.0
77398,0.0
77399,0.21
77400,0.28
77401,0.02
77402,0.01
77403,0.0
77404,0.01
77405,0.12
77406,0.04
77407,0.0
77408,0.03
77409,0.0
77410,0.08
77411,0.0
77412,0.0
77413,0.07
77414,0.0
77415,0.52
77416,0.09
77417,0.03
77418,0.0
77419,0.0
77420,0.01
77421,0.22
77422,0.04
77423,0.01
77424,0.13
77425,0.0
77426,0.04
77427,0.3
77428,0.11
77429,0.01
77430,0.06
77431,0.01
77432,0.02
77433,0.0
77434,0.0
77435,0.0
77436,0.03
77437,0.01
77438,0.21
77439,0.0
77440,0.01
77441,0.0
77442,0.06
77443,0.49
77444,0.39
77445,0.0
77446,0.06
77447,0.01
77448,0.44
77449,0.1
77450,0.03
77451,0.03
77452,0.0
77453,0.01
77454,0.02
77455,0.02
77456,0.16
77457,0.04
77458,0.04
77459,0.07
77460,0.75
77461,0.0
77462,0.26
77463,0.0
77464,0.05
77465,0.01
77466,0.32
77467,0.03
77468,0.02
77469,0.18
77470,0.03
77471,0.03
77472,0.0
77473,0.41
77474,0.01
77475,0.0
77476,0.03
77477,0.05
77478,0.57
77479,0.12
77480,0.07
77481,0.05
77482,0.0
77483,0.08
77484,0.55
77485,0.01
77486,0.06
77487,0.0
77488,0.57
77489,0.06
77490,0.0
77491,0.01
77492,0.06
77493,0.21
77494,0.07
77495,0.08
77496,0.0
77497,0.01
77498,0.0
77499,0.11
77500,0.05
77501,0.06
77502,0.05
77503,0.08
77504,0.0
77505,0.21
77506,0.03
77507,0.01
77508,0.01
77509,0.12
77510,0.36
77511,0.0
77512,0.02
77513,0.01
77514,0.0
77515,0.03
77516,0.04
77517,0.0
77518,0.02
77519,0.08
77520,0.0
77521,0.19
77522,0.12
77523,0.03
77524,0.01
77525,0.09
77526,0.02
77527,0.07
77528,0.08
77529,0.02
77530,0.02
77531,0.15
77532,0.32
77533,0.01
77534,0.11
77535,0.0
77536,0.0
77537,0.0
77538,0.18
77539,0.11
77540,0.13
77541,0.0
77542,0.18
77543,0.09
77544,0.03
77545,0.02
77546,0.07
77547,0.01
77548,0.2
77549,0.0
77550,0.09
77551,0.51
77552,0.01
77553,0.05
77554,0.26
77555,0.01
77556,0.14
77557,0.0
77558,0.0
77559,0.01
77560,0.01
77561,0.04
77562,0.79
77563,0.0
77564,0.0
77565,0.02
77566,0.0
77567,0.0
77568,0.01
77569,0.0
77570,0.0
77571,0.67
77572,0.02
77573,0.0
77574,0.06
77575,0.09
77576,0.09
77577,0.0
77578,0.02
77579,0.05
77580,0.01
77581,0.0
77582,0.02
77583,0.07
77584,0.05
77585,0.19
77586,0.06
77587,0.16
77588,0.05
77589,0.41
77590,0.25
77591,0.15
77592,0.03
77593,0.0
77594,0.45
77595,0.18
77596,0.01
77597,0.05
77598,0.09
77599,0.0
77600,0.0
77601,0.05
77602,0.0
77603,0.42
77604,0.01
77605,0.0
77606,0.0
77607,0.0
77608,0.28
77609,0.06
77610,0.16
77611,0.03
77612,0.04
77613,0.06
77614,0.0
77615,0.0
77616,0.15
77617,0.01
77618,0.02
77619,0.04
77620,0.01
77621,0.02
77622,0.04
77623,0.01
77624,0.0
77625,0.01
77626,0.0
77627,0.0
77628,0.02
77629,0.01
77630,0.0
77631,0.02
77632,0.0
77633,0.0
77634,0.0
77635,0.0
77636,0.0
77637,0.0
77638,0.03
77639,0.06
77640,0.05
77641,0.06
77642,0.02
77643,0.01
77644,0.0
77645,0.01
77646,0.13
77647,0.01
77648,0.02
77649,0.02
77650,0.01
77651,0.06
77652,0.05
77653,0.01
77654,0.0
77655,0.0
77656,0.36
77657,0.01
77658,0.02
77659,0.06
77660,0.02
77661,0.06
77662,0.42
77663,0.0
77664,0.05
77665,0.05
77666,0.05
77667,0.14
77668,0.02
77669,0.02
77670,0.01
77671,0.03
77672,0.0
77673,0.62
77674,0.0
77675,0.01
77676,0.02
77677,0.06
77678,0.05
77679,0.15
77680,0.01
77681,0.0
77682,0.16
77683,0.01
77684,0.0
77685,0.03
77686,0.0
77687,0.03
77688,0.06
77689,0.0
77690,0.0
77691,0.22
77692,0.06
77693,0.0
77694,0.0
77695,0.07
77696,0.13
77697,0.01
77698,0.0
77699,0.0
77700,0.02
77701,0.08
77702,0.01
77703,0.13
77704,0.03
77705,0.0
77706,0.02
77707,0.0
77708,0.04
77709,0.0
77710,0.24
77711,0.0
77712,0.0
77713,0.01
77714,0.72
77715,0.0
77716,0.39
77717,0.0
77718,0.1
77719,0.25
77720,0.01
77721,0.08
77722,0.46
77723,0.01
77724,0.01
77725,0.0
77726,0.04
77727,0.0
77728,0.0
77729,0.09
77730,0.03
77731,0.42
77732,0.07
77733,0.08
77734,0.0
77735,0.02
77736,0.0
77737,0.0
77738,0.45
77739,0.02
77740,0.0
77741,0.02
77742,0.01
77743,0.09
77744,0.0
77745,0.06
77746,0.0
77747,0.06
77748,0.0
77749,0.4
77750,0.01
77751,0.0
77752,0.01
77753,0.07
77754,0.01
77755,0.38
77756,0.0
77757,0.35
77758,0.0
77759,0.03
77760,0.01
77761,0.02
77762,0.0
77763,0.11
77764,0.02
77765,0.0
77766,0.09
77767,0.0
77768,0.0
77769,0.0
77770,0.55
77771,0.05
77772,0.19
77773,0.05
77774,0.01
77775,0.02
77776,0.07
77777,0.2
77778,0.02
77779,0.01
77780,0.01
77781,0.02
77782,0.0
77783,0.0
77784,0.03
77785,0.03
77786,0.26
77787,0.03
77788,0.0
77789,0.13
77790,0.0
77791,0.01
77792,0.0
77793,0.0
77794,0.13
77795,0.25
77796,0.0
77797,0.0
77798,0.04
77799,0.12
77800,0.0
77801,0.03
77802,0.01
77803,0.08
77804,0.06
77805,0.0
77806,0.03
77807,0.0
77808,0.02
77809,0.11
77810,0.07
77811,0.01
77812,0.04
77813,0.0
77814,0.04
77815,0.01
77816,0.07
77817,0.0
77818,0.24
77819,0.09
77820,0.02
77821,0.04
77822,0.11
77823,0.0
77824,0.0
77825,0.01
77826,0.02
77827,0.01
77828,0.0
77829,0.07
77830,0.01
77831,0.04
77832,0.01
77833,0.0
77834,0.03
77835,0.0
77836,0.04
77837,0.0
77838,0.18
77839,0.04
77840,0.0
77841,0.01
77842,0.01
77843,0.01
77844,0.01
77845,0.0
77846,0.18
77847,0.02
77848,0.05
77849,0.6
77850,0.05
77851,0.0
77852,0.02
77853,0.02
77854,0.0
77855,0.02
77856,0.07
77857,0.0
77858,0.01
77859,0.0
77860,0.02
77861,0.01
77862,0.0
77863,0.01
77864,0.0
77865,0.01
77866,0.18
77867,0.03
77868,0.0
77869,0.17
77870,0.04
77871,0.03
77872,0.03
77873,0.0
77874,0.02
77875,0.04
77876,0.03
77877,0.05
77878,0.0
77879,0.07
77880,0.02
77881,0.04
77882,0.01
77883,0.01
77884,0.0
77885,0.13
77886,0.09
77887,0.01
77888,0.0
77889,0.27
77890,0.08
77891,0.01
77892,0.23
77893,0.0
77894,0.0
77895,0.0
77896,0.23
77897,0.04
77898,0.03
77899,0.12
77900,0.02
77901,0.16
77902,0.01
77903,0.02
77904,0.05
77905,0.07
77906,0.08
77907,0.04
77908,0.1
77909,0.1
77910,0.14
77911,0.01
77912,0.0
77913,0.27
77914,0.02
77915,0.0
77916,0.02
77917,0.12
77918,0.0
77919,0.02
77920,0.02
77921,0.09
77922,0.08
77923,0.08
77924,0.01
77925,0.05
77926,0.0
77927,0.0
77928,0.03
77929,0.06
77930,0.01
77931,0.12
77932,0.27
77933,0.0
77934,0.02
77935,0.02
77936,0.06
77937,0.31
77938,0.1
77939,0.01
77940,0.0
77941,0.05
77942,0.14
77943,0.0
77944,0.01
77945,0.0
77946,0.18
77947,0.01
77948,0.0
77949,0.0
77950,0.03
77951,0.11
77952,0.0
77953,0.0
77954,0.0
77955,0.72
77956,0.0
77957,0.18
77958,0.05
77959,0.4
77960,0.01
77961,0.01
77962,0.01
77963,0.01
77964,0.03
77965,0.0
77966,0.04
77967,0.01
77968,0.02
77969,0.0
77970,0.24
77971,0.0
77972,0.3
77973,0.32
77974,0.19
77975,0.0
77976,0.05
77977,0.0
77978,0.01
77979,0.08
77980,0.15
77981,0.05
77982,0.01
77983,0.01
77984,0.5
77985,0.13
77986,0.0
77987,0.01
77988,0.01
77989,0.0
77990,0.05
77991,0.12
77992,0.0
77993,0.03
77994,0.0
77995,0.01
77996,0.05
77997,0.0
77998,0.0
77999,0.03
78000,0.04
78001,0.08
78002,0.05
78003,0.05
78004,0.07
78005,0.02
78006,0.0
78007,0.1
78008,0.12
78009,0.0
78010,0.01
78011,0.01
78012,0.13
78013,0.02
78014,0.01
78015,0.02
78016,0.0
78017,0.01
78018,0.02
78019,0.0
78020,0.0
78021,0.16
78022,0.47
78023,0.01
78024,0.0
78025,0.03
78026,0.02
78027,0.11
78028,0.03
78029,0.13
78030,0.02
78031,0.0
78032,0.0
78033,0.02
78034,0.02
78035,0.0
78036,0.02
78037,0.43
78038,0.14
78039,0.04
78040,0.28
78041,0.04
78042,0.18
78043,0.01
78044,0.0
78045,0.02
78046,0.3
78047,0.19
78048,0.0
78049,0.0
78050,0.06
78051,0.02
78052,0.06
78053,0.08
78054,0.0
78055,0.07
78056,0.01
78057,0.06
78058,0.01
78059,0.0
78060,0.17
78061,0.18
78062,0.02
78063,0.0
78064,0.0
78065,0.0
78066,0.0
78067,0.19
78068,0.01
78069,0.5
78070,0.04
78071,0.12
78072,0.01
78073,0.0
78074,0.0
78075,0.0
78076,0.01
78077,0.02
78078,0.0
78079,0.38
78080,0.01
78081,0.05
78082,0.0
78083,0.64
78084,0.05
78085,0.12
78086,0.0
78087,0.08
78088,0.02
78089,0.52
78090,0.4
78091,0.0
78092,0.0
78093,0.05
78094,0.02
78095,0.03
78096,0.29
78097,0.06
78098,0.01
78099,0.03
78100,0.17
78101,0.0
78102,0.14
78103,0.0
78104,0.0
78105,0.0
78106,0.02
78107,0.08
78108,0.0
78109,0.01
78110,0.01
78111,0.07
78112,0.05
78113,0.16
78114,0.01
78115,0.12
78116,0.02
78117,0.0
78118,0.05
78119,0.0
78120,0.11
78121,0.03
78122,0.0
78123,0.0
78124,0.12
78125,0.02
78126,0.06
78127,0.22
78128,0.08
78129,0.0
78130,0.05
78131,0.0
78132,0.05
78133,0.04
78134,0.01
78135,0.0
78136,0.01
78137,0.0
78138,0.0
78139,0.01
78140,0.04
78141,0.0
78142,0.01
78143,0.1
78144,0.04
78145,0.06
78146,0.02
78147,0.0
78148,0.17
78149,0.08
78150,0.03
78151,0.14
78152,0.08
78153,0.0
78154,0.16
78155,0.05
78156,0.0
78157,0.0
78158,0.04
78159,0.09
78160,0.01
78161,0.0
78162,0.11
78163,0.01
78164,0.09
78165,0.06
78166,0.0
78167,0.54
78168,0.01
78169,0.0
78170,0.4
78171,0.09
78172,0.04
78173,0.08
78174,0.01
78175,0.06
78176,0.02
78177,0.38
78178,0.0
78179,0.01
78180,0.18
78181,0.41
78182,0.02
78183,0.02
78184,0.01
78185,0.06
78186,0.02
78187,0.01
78188,0.22
78189,0.0
78190,0.33
78191,0.19
78192,0.01
78193,0.01
78194,0.11
78195,0.0
78196,0.0
78197,0.14
78198,0.01
78199,0.15
78200,0.45
78201,0.0
78202,0.01
78203,0.14
78204,0.0
78205,0.04
78206,0.44
78207,0.0
78208,0.0
78209,0.08
78210,0.0
78211,0.01
78212,0.02
78213,0.0
78214,0.0
78215,0.11
78216,0.0
78217,0.01
78218,0.03
78219,0.0
78220,0.02
78221,0.04
78222,0.03
78223,0.0
78224,0.0
78225,0.41
78226,0.0
78227,0.0
78228,0.03
78229,0.18
78230,0.0
78231,0.02
78232,0.3
78233,0.53
78234,0.01
78235,0.37
78236,0.05
78237,0.0
78238,0.09
78239,0.0
78240,0.22
78241,0.19
78242,0.02
78243,0.0
78244,0.17
78245,0.0
78246,0.01
78247,0.0
78248,0.0
78249,0.02
78250,0.0
78251,0.0
78252,0.05
78253,0.03
78254,0.01
78255,0.28
78256,0.01
78257,0.13
78258,0.15
78259,0.0
78260,0.0
78261,0.01
78262,0.03
78263,0.12
78264,0.0
78265,0.15
78266,0.0
78267,0.08
78268,0.03
78269,0.01
78270,0.01
78271,0.23
78272,0.0
78273,0.02
78274,0.48
78275,0.15
78276,0.04
78277,0.01
78278,0.0
78279,0.09
78280,0.11
78281,0.04
78282,0.01
78283,0.0
78284,0.03
78285,0.05
78286,0.0
78287,0.01
78288,0.01
78289,0.01
78290,0.0
78291,0.0
78292,0.02
78293,0.02
78294,0.0
78295,0.01
78296,0.02
78297,0.0
78298,0.13
78299,0.0
78300,0.02
78301,0.08
78302,0.07
78303,0.01
78304,0.01
78305,0.08
78306,0.15
78307,0.01
78308,0.09
78309,0.0
78310,0.0
78311,0.11
78312,0.01
78313,0.02
78314,0.08
78315,0.15
78316,0.0
78317,0.06
78318,0.01
78319,0.1
78320,0.0
78321,0.0
78322,0.0
78323,0.03
78324,0.03
78325,0.18
78326,0.0
78327,0.0
78328,0.0
78329,0.07
78330,0.01
78331,0.01
78332,0.33
78333,0.01
78334,0.0
78335,0.15
78336,0.02
78337,0.0
78338,0.0
78339,0.07
78340,0.26
78341,0.03
78342,0.03
78343,0.17
78344,0.01
78345,0.14
78346,0.15
78347,0.0
78348,0.0
78349,0.04
78350,0.01
78351,0.01
78352,0.03
78353,0.05
78354,0.01
78355,0.07
78356,0.24
78357,0.05
78358,0.01
78359,0.02
78360,0.02
78361,0.03
78362,0.02
78363,0.35
78364,0.0
78365,0.0
78366,0.1
78367,0.13
78368,0.22
78369,0.1
78370,0.0
78371,0.0
78372,0.0
78373,0.1
78374,0.01
78375,0.01
78376,0.03
78377,0.01
78378,0.01
78379,0.0
78380,0.09
78381,0.04
78382,0.01
78383,0.08
78384,0.04
78385,0.0
78386,0.03
78387,0.1
78388,0.01
78389,0.04
78390,0.07
78391,0.25
78392,0.03
78393,0.13
78394,0.04
78395,0.12
78396,0.0
78397,0.02
78398,0.15
78399,0.01
78400,0.21
78401,0.36
78402,0.0
78403,0.4
78404,0.0
78405,0.0
78406,0.0
78407,0.0
78408,0.29
78409,0.0
78410,0.01
78411,0.01
78412,0.22
78413,0.07
78414,0.01
78415,0.43
78416,0.01
78417,0.03
78418,0.15
78419,0.08
78420,0.0
78421,0.04
78422,0.3
78423,0.13
78424,0.02
78425,0.15
78426,0.01
78427,0.01
78428,0.0
78429,0.02
78430,0.02
78431,0.13
78432,0.0
78433,0.09
78434,0.0
78435,0.0
78436,0.0
78437,0.12
78438,0.0
78439,0.08
78440,0.0
78441,0.0
78442,0.01
78443,0.04
78444,0.62
78445,0.11
78446,0.03
78447,0.03
78448,0.0
78449,0.12
78450,0.03
78451,0.15
78452,0.3
78453,0.11
78454,0.02
78455,0.13
78456,0.02
78457,0.06
78458,0.36
78459,0.0
78460,0.0
78461,0.0
78462,0.03
78463,0.07
78464,0.54
78465,0.06
78466,0.66
78467,0.18
78468,0.12
78469,0.4
78470,0.0
78471,0.06
78472,0.0
78473,0.05
78474,0.26
78475,0.02
78476,0.01
78477,0.0
78478,0.35
78479,0.0
78480,0.0
78481,0.09
78482,0.0
78483,0.0
78484,0.03
78485,0.0
78486,0.02
78487,0.04
78488,0.02
78489,0.0
78490,0.01
78491,0.03
78492,0.0
78493,0.26
78494,0.12
78495,0.01
78496,0.0
78497,0.04
78498,0.05
78499,0.0
78500,0.0
78501,0.03
78502,0.0
78503,0.02
78504,0.02
78505,0.02
78506,0.02
78507,0.0
78508,0.07
78509,0.03
78510,0.11
78511,0.05
78512,0.0
78513,0.0
78514,0.0
78515,0.41
78516,0.15
78517,0.5
78518,0.0
78519,0.05
78520,0.01
78521,0.02
78522,0.38
78523,0.1
78524,0.0
78525,0.0
78526,0.14
78527,0.0
78528,0.0
78529,0.05
78530,0.02
78531,0.08
78532,0.02
78533,0.22
78534,0.02
78535,0.16
78536,0.28
78537,0.09
78538,0.04
78539,0.03
78540,0.05
78541,0.0
78542,0.01
78543,0.06
78544,0.02
78545,0.0
78546,0.01
78547,0.04
78548,0.11
78549,0.14
78550,0.29
78551,0.0
78552,0.01
78553,0.01
78554,0.01
78555,0.0
78556,0.0
78557,0.04
78558,0.03
78559,0.0
78560,0.01
78561,0.59
78562,0.02
78563,0.08
78564,0.07
78565,0.05
78566,0.09
78567,0.03
78568,0.01
78569,0.03
78570,0.01
78571,0.02
78572,0.09
78573,0.04
78574,0.68
78575,0.02
78576,0.75
78577,0.03
78578,0.05
78579,0.08
78580,0.27
78581,0.01
78582,0.0
78583,0.0
78584,0.62
78585,0.04
78586,0.13
78587,0.02
78588,0.11
78589,0.0
78590,0.13
78591,0.0
78592,0.02
78593,0.0
78594,0.0
78595,0.0
78596,0.03
78597,0.01
78598,0.03
78599,0.06
78600,0.0
78601,0.0
78602,0.18
78603,0.34
78604,0.0
78605,0.07
78606,0.11
78607,0.0
78608,0.22
78609,0.0
78610,0.03
78611,0.0
78612,0.0
78613,0.01
78614,0.3
78615,0.0
78616,0.1
78617,0.01
78618,0.31
78619,0.0
78620,0.0
78621,0.0
78622,0.07
78623,0.0
78624,0.02
78625,0.0
78626,0.03
78627,0.26
78628,0.01
78629,0.1
78630,0.01
78631,0.01
78632,0.0
78633,0.05
78634,0.06
78635,0.04
78636,0.0
78637,0.52
78638,0.24
78639,0.01
78640,0.15
78641,0.12
78642,0.01
78643,0.07
78644,0.32
78645,0.13
78646,0.31
78647,0.3
78648,0.15
78649,0.29
78650,0.01
78651,0.1
78652,0.19
78653,0.1
78654,0.0
78655,0.04
78656,0.04
78657,0.21
78658,0.22
78659,0.2
78660,0.02
78661,0.16
78662,0.01
78663,0.0
78664,0.72
78665,0.32
78666,0.0
78667,0.03
78668,0.01
78669,0.19
78670,0.01
78671,0.0
78672,0.07
78673,0.08
78674,0.01
78675,0.04
78676,0.14
78677,0.12
78678,0.0
78679,0.05
78680,0.02
78681,0.0
78682,0.01
78683,0.02
78684,0.0
78685,0.03
78686,0.03
78687,0.0
78688,0.3
78689,0.0
78690,0.1
78691,0.14
78692,0.4
78693,0.0
78694,0.11
78695,0.0
78696,0.02
78697,0.02
78698,0.01
78699,0.0
78700,0.0
78701,0.32
78702,0.09
78703,0.0
78704,0.09
78705,0.03
78706,0.0
78707,0.1
78708,0.01
78709,0.06
78710,0.01
78711,0.04
78712,0.01
78713,0.05
78714,0.0
78715,0.01
78716,0.0
78717,0.02
78718,0.0
78719,0.12
78720,0.0
78721,0.04
78722,0.0
78723,0.0
78724,0.0
78725,0.0
78726,0.01
78727,0.0
78728,0.02
78729,0.02
78730,0.01
78731,0.18
78732,0.01
78733,0.03
78734,0.04
78735,0.01
78736,0.01
78737,0.15
78738,0.01
78739,0.01
78740,0.18
78741,0.01
78742,0.02
78743,0.0
78744,0.0
78745,0.0
78746,0.07
78747,0.01
78748,0.0
78749,0.05
78750,0.28
78751,0.07
78752,0.08
78753,0.0
78754,0.19
78755,0.05
78756,0.45
78757,0.26
78758,0.01
78759,0.0
78760,0.04
78761,0.01
78762,0.02
78763,0.06
78764,0.03
78765,0.01
78766,0.06
78767,0.0
78768,0.01
78769,0.16
78770,0.01
78771,0.09
78772,0.18
78773,0.0
78774,0.08
78775,0.03
78776,0.0
78777,0.03
78778,0.03
78779,0.0
78780,0.0
78781,0.0
78782,0.0
78783,0.0
78784,0.01
78785,0.62
78786,0.03
78787,0.02
78788,0.01
78789,0.04
78790,0.07
78791,0.13
78792,0.0
78793,0.02
78794,0.05
78795,0.0
78796,0.04
78797,0.16
78798,0.13
78799,0.02
78800,0.0
78801,0.0
78802,0.01
78803,0.0
78804,0.03
78805,0.14
78806,0.0
78807,0.0
78808,0.32
78809,0.0
78810,0.1
78811,0.0
78812,0.36
78813,0.02
78814,0.01
78815,0.02
78816,0.01
78817,0.03
78818,0.0
78819,0.06
78820,0.01
78821,0.03
78822,0.75
78823,0.0
78824,0.09
78825,0.04
78826,0.02
78827,0.28
78828,0.0
78829,0.01
78830,0.33
78831,0.03
78832,0.01
78833,0.27
78834,0.52
78835,0.02
78836,0.02
78837,0.04
78838,0.09
78839,0.08
78840,0.0
78841,0.05
78842,0.06
78843,0.08
78844,0.65
78845,0.0
78846,0.0
78847,0.01
78848,0.04
78849,0.0
78850,0.0
78851,0.0
78852,0.03
78853,0.05
78854,0.0
78855,0.14
78856,0.0
78857,0.09
78858,0.13
78859,0.09
78860,0.02
78861,0.08
78862,0.0
78863,0.08
78864,0.03
78865,0.06
78866,0.14
78867,0.22
78868,0.36
78869,0.0
78870,0.13
78871,0.49
78872,0.01
78873,0.12
78874,0.03
78875,0.01
78876,0.06
78877,0.0
78878,0.0
78879,0.09
78880,0.02
78881,0.0
78882,0.14
78883,0.06
78884,0.09
78885,0.08
78886,0.01
78887,0.0
78888,0.0
78889,0.02
78890,0.13
78891,0.07
78892,0.0
78893,0.0
78894,0.01
78895,0.05
78896,0.0
78897,0.0
78898,0.03
78899,0.06
78900,0.09
78901,0.06
78902,0.01
78903,0.1
78904,0.0
78905,0.01
78906,0.08
78907,0.04
78908,0.03
78909,0.0
78910,0.11
78911,0.0
78912,0.01
78913,0.05
78914,0.0
78915,0.0
78916,0.03
78917,0.01
78918,0.0
78919,0.0
78920,0.0
78921,0.01
78922,0.0
78923,0.24
78924,0.0
78925,0.0
78926,0.18
78927,0.0
78928,0.18
78929,0.0
78930,0.01
78931,0.0
78932,0.11
78933,0.0
78934,0.31
78935,0.0
78936,0.0
78937,0.0
78938,0.09
78939,0.0
78940,0.0
78941,0.05
78942,0.13
78943,0.14
78944,0.05
78945,0.04
78946,0.0
78947,0.04
78948,0.01
78949,0.11
78950,0.0
78951,0.03
78952,0.02
78953,0.0
78954,0.07
78955,0.35
78956,0.02
78957,0.11
78958,0.2
78959,0.0
78960,0.01
78961,0.06
78962,0.03
78963,0.42
78964,0.53
78965,0.28
78966,0.11
78967,0.0
78968,0.03
78969,0.03
78970,0.01
78971,0.04
78972,0.05
78973,0.0
78974,0.0
78975,0.0
78976,0.25
78977,0.1
78978,0.0
78979,0.02
78980,0.01
78981,0.12
78982,0.0
78983,0.04
78984,0.06
78985,0.04
78986,0.01
78987,0.0
78988,0.06
78989,0.09
78990,0.32
78991,0.0
78992,0.04
78993,0.32
78994,0.0
78995,0.53
78996,0.02
78997,0.0
78998,0.02
78999,0.0
79000,0.12
79001,0.04
79002,0.0
79003,0.04
79004,0.17
79005,0.05
79006,0.0
79007,0.05
79008,0.01
79009,0.0
79010,0.0
79011,0.0
79012,0.08
79013,0.12
79014,0.01
79015,0.29
79016,0.0
79017,0.11
79018,0.0
79019,0.02
79020,0.0
79021,0.12
79022,0.0
79023,0.0
79024,0.17
79025,0.01
79026,0.02
79027,0.01
79028,0.11
79029,0.0
79030,0.04
79031,0.02
79032,0.02
79033,0.3
79034,0.03
79035,0.0
79036,0.03
79037,0.07
79038,0.28
79039,0.09
79040,0.01
79041,0.0
79042,0.06
79043,0.12
79044,0.03
79045,0.05
79046,0.01
79047,0.0
79048,0.02
79049,0.01
79050,0.0
79051,0.01
79052,0.35
79053,0.52
79054,0.07
79055,0.02
79056,0.0
79057,0.05
79058,0.03
79059,0.06
79060,0.0
79061,0.0
79062,0.0
79063,0.0
79064,0.01
79065,0.08
79066,0.0
79067,0.0
79068,0.0
79069,0.18
79070,0.0
79071,0.06
79072,0.0
79073,0.01
79074,0.01
79075,0.01
79076,0.01
79077,0.02
79078,0.0
79079,0.07
79080,0.17
79081,0.01
79082,0.08
79083,0.02
79084,0.42
79085,0.01
79086,0.0
79087,0.0
79088,0.12
79089,0.15
79090,0.14
79091,0.79
79092,0.16
79093,0.0
79094,0.0
79095,0.03
79096,0.1
79097,0.0
79098,0.02
79099,0.01
79100,0.06
79101,0.01
79102,0.01
79103,0.0
79104,0.14
79105,0.22
79106,0.02
79107,0.03
79108,0.0
79109,0.05
79110,0.0
79111,0.0
79112,0.03
79113,0.04
79114,0.01
79115,0.0
79116,0.0
79117,0.01
79118,0.0
79119,0.03
79120,0.0
79121,0.0
79122,0.17
79123,0.05
79124,0.21
79125,0.01
79126,0.0
79127,0.07
79128,0.03
79129,0.0
79130,0.0
79131,0.0
79132,0.03
79133,0.09
79134,0.1
79135,0.0
79136,0.19
79137,0.0
79138,0.27
79139,0.04
79140,0.29
79141,0.0
79142,0.0
79143,0.5
79144,0.0
79145,0.0
79146,0.0
79147,0.02
79148,0.0
79149,0.0
79150,0.01
79151,0.02
79152,0.02
79153,0.02
79154,0.01
79155,0.0
79156,0.03
79157,0.01
79158,0.15
79159,0.07
79160,0.07
79161,0.03
79162,0.0
79163,0.0
79164,0.0
79165,0.14
79166,0.07
79167,0.07
79168,0.04
79169,0.03
79170,0.06
79171,0.03
79172,0.0
79173,0.3
79174,0.08
79175,0.1
79176,0.05
79177,0.04
79178,0.0
79179,0.03
79180,0.0
79181,0.11
79182,0.11
79183,0.0
79184,0.0
79185,0.0
79186,0.0
79187,0.05
79188,0.37
79189,0.02
79190,0.0
79191,0.24
79192,0.09
79193,0.24
79194,0.06
79195,0.11
79196,0.21
79197,0.0
79198,0.02
79199,0.0
79200,0.09
79201,0.05
79202,0.02
79203,0.01
79204,0.04
79205,0.03
79206,0.0
79207,0.22
79208,0.0
79209,0.26
79210,0.16
79211,0.0
79212,0.0
79213,0.01
79214,0.0
79215,0.0
79216,0.1
79217,0.03
79218,0.07
79219,0.0
79220,0.03
79221,0.0
79222,0.1
79223,0.49
79224,0.01
79225,0.15
79226,0.02
79227,0.15
79228,0.15
79229,0.05
79230,0.09
79231,0.0
79232,0.01
79233,0.02
79234,0.0
79235,0.09
79236,0.6
79237,0.01
79238,0.0
79239,0.0
79240,0.06
79241,0.0
79242,0.03
79243,0.01
79244,0.0
79245,0.01
79246,0.01
79247,0.12
79248,0.05
79249,0.09
79250,0.0
79251,0.02
79252,0.01
79253,0.13
79254,0.0
79255,0.09
79256,0.14
79257,0.04
79258,0.01
79259,0.5
79260,0.0
79261,0.05
79262,0.02
79263,0.15
79264,0.08
79265,0.01
79266,0.0
79267,0.03
79268,0.03
79269,0.0
79270,0.03
79271,0.24
79272,0.03
79273,0.04
79274,0.02
79275,0.02
79276,0.0
79277,0.02
79278,0.02
79279,0.0
79280,0.07
79281,0.04
79282,0.0
79283,0.05
79284,0.0
79285,0.01
79286,0.01
79287,0.0
79288,0.1
79289,0.03
79290,0.09
79291,0.0
79292,0.0
79293,0.05
79294,0.19
79295,0.0
79296,0.0
79297,0.01
79298,0.04
79299,0.05
79300,0.0
79301,0.02
79302,0.0
79303,0.03
79304,0.01
79305,0.06
79306,0.0
79307,0.07
79308,0.0
79309,0.26
79310,0.0
79311,0.25
79312,0.01
79313,0.05
79314,0.02
79315,0.0
79316,0.01
79317,0.01
79318,0.02
79319,0.08
79320,0.01
79321,0.03
79322,0.06
79323,0.04
79324,0.01
79325,0.0
79326,0.03
79327,0.0
79328,0.01
79329,0.09
79330,0.01
79331,0.43
79332,0.11
79333,0.01
79334,0.02
79335,0.06
79336,0.01
79337,0.09
79338,0.13
79339,0.0
79340,0.0
79341,0.36
79342,0.04
79343,0.06
79344,0.0
79345,0.0
79346,0.06
79347,0.17
79348,0.11
79349,0.11
79350,0.0
79351,0.0
79352,0.09
79353,0.0
79354,0.0
79355,0.0
79356,0.01
79357,0.04
79358,0.08
79359,0.01
79360,0.18
79361,0.15
79362,0.05
79363,0.0
79364,0.0
79365,0.02
79366,0.08
79367,0.68
79368,0.03
79369,0.25
79370,0.01
79371,0.25
79372,0.0
79373,0.01
79374,0.22
79375,0.1
79376,0.0
79377,0.1
79378,0.01
79379,0.04
79380,0.03
79381,0.06
79382,0.01
79383,0.05
79384,0.0
79385,0.24
79386,0.0
79387,0.07
79388,0.05
79389,0.03
79390,0.03
79391,0.02
79392,0.0
79393,0.11
79394,0.02
79395,0.17
79396,0.08
79397,0.28
79398,0.07
79399,0.03
79400,0.07
79401,0.23
79402,0.03
79403,0.0
79404,0.01
79405,0.09
79406,0.01
79407,0.0
79408,0.0
79409,0.48
79410,0.02
79411,0.03
79412,0.14
79413,0.06
79414,0.0
79415,0.0
79416,0.06
79417,0.07
79418,0.06
79419,0.05
79420,0.0
79421,0.06
79422,0.0
79423,0.6
79424,0.0
79425,0.0
79426,0.31
79427,0.02
79428,0.01
79429,0.05
79430,0.0
79431,0.0
79432,0.0
79433,0.08
79434,0.08
79435,0.05
79436,0.03
79437,0.2
79438,0.03
79439,0.1
79440,0.0
79441,0.0
79442,0.14
79443,0.0
79444,0.0
79445,0.0
79446,0.01
79447,0.0
79448,0.0
79449,0.01
79450,0.0
79451,0.18
79452,0.0
79453,0.6
79454,0.04
79455,0.02
79456,0.0
79457,0.01
79458,0.12
79459,0.02
79460,0.12
79461,0.0
79462,0.02
79463,0.01
79464,0.12
79465,0.21
79466,0.01
79467,0.0
79468,0.0
79469,0.0
79470,0.0
79471,0.1
79472,0.08
79473,0.04
79474,0.53
79475,0.0
79476,0.01
79477,0.0
79478,0.0
79479,0.0
79480,0.01
79481,0.03
79482,0.02
79483,0.01
79484,0.01
79485,0.0
79486,0.01
79487,0.0
79488,0.0
79489,0.0
79490,0.2
79491,0.01
79492,0.3
79493,0.07
79494,0.09
79495,0.05
79496,0.0
79497,0.0
79498,0.0
79499,0.0
79500,0.0
79501,0.02
79502,0.0
79503,0.0
79504,0.03
79505,0.08
79506,0.01
79507,0.05
79508,0.0
79509,0.0
79510,0.0
79511,0.15
79512,0.01
79513,0.02
79514,0.02
79515,0.01
79516,0.03
79517,0.03
79518,0.06
79519,0.01
79520,0.07
79521,0.3
79522,0.18
79523,0.13
79524,0.26
79525,0.08
79526,0.02
79527,0.1
79528,0.0
79529,0.08
79530,0.01
79531,0.0
79532,0.0
79533,0.02
79534,0.18
79535,0.11
79536,0.05
79537,0.14
79538,0.05
79539,0.15
79540,0.0
79541,0.03
79542,0.02
79543,0.01
79544,0.37
79545,0.01
79546,0.0
79547,0.03
79548,0.01
79549,0.02
79550,0.0
79551,0.01
79552,0.02
79553,0.0
79554,0.0
79555,0.05
79556,0.01
79557,0.0
79558,0.01
79559,0.01
79560,0.03
79561,0.0
79562,0.08
79563,0.08
79564,0.04
79565,0.0
79566,0.02
79567,0.0
79568,0.01
79569,0.01
79570,0.04
79571,0.0
79572,0.01
79573,0.28
79574,0.1
79575,0.24
79576,0.06
79577,0.0
79578,0.03
79579,0.0
79580,0.04
79581,0.07
79582,0.04
79583,0.01
79584,0.07
79585,0.0
79586,0.01
79587,0.04
79588,0.0
79589,0.02
79590,0.19
79591,0.19
79592,0.0
79593,0.0
79594,0.0
79595,0.0
79596,0.05
79597,0.02
79598,0.0
79599,0.07
79600,0.03
79601,0.0
79602,0.0
79603,0.0
79604,0.02
79605,0.0
79606,0.02
79607,0.0
79608,0.14
79609,0.01
79610,0.0
79611,0.0
79612,0.02
79613,0.08
79614,0.02
79615,0.52
79616,0.02
79617,0.0
79618,0.04
79619,0.03
79620,0.04
79621,0.02
79622,0.0
79623,0.2
79624,0.01
79625,0.08
79626,0.18
79627,0.07
79628,0.01
79629,0.0
79630,0.0
79631,0.04
79632,0.53
79633,0.0
79634,0.0
79635,0.02
79636,0.02
79637,0.0
79638,0.08
79639,0.07
79640,0.1
79641,0.06
79642,0.0
79643,0.62
79644,0.0
79645,0.22
79646,0.01
79647,0.0
79648,0.06
79649,0.01
79650,0.02
79651,0.12
79652,0.0
79653,0.02
79654,0.11
79655,0.03
79656,0.6
79657,0.08
79658,0.09
79659,0.01
79660,0.39
79661,0.12
79662,0.01
79663,0.08
79664,0.0
79665,0.1
79666,0.01
79667,0.01
79668,0.0
79669,0.03
79670,0.02
79671,0.02
79672,0.16
79673,0.03
79674,0.09
79675,0.15
79676,0.05
79677,0.0
79678,0.01
79679,0.02
79680,0.05
79681,0.11
79682,0.05
79683,0.0
79684,0.03
79685,0.01
79686,0.1
79687,0.0
79688,0.0
79689,0.02
79690,0.09
79691,0.03
79692,0.0
79693,0.01
79694,0.02
79695,0.16
79696,0.02
79697,0.0
79698,0.06
79699,0.03
79700,0.01
79701,0.0
79702,0.05
79703,0.01
79704,0.02
79705,0.0
79706,0.0
79707,0.02
79708,0.0
79709,0.04
79710,0.0
79711,0.01
79712,0.08
79713,0.13
79714,0.0
79715,0.05
79716,0.03
79717,0.0
79718,0.0
79719,0.1
79720,0.02
79721,0.0
79722,0.06
79723,0.01
79724,0.0
79725,0.01
79726,0.03
79727,0.0
79728,0.0
79729,0.02
79730,0.1
79731,0.0
79732,0.39
79733,0.24
79734,0.07
79735,0.46
79736,0.0
79737,0.03
79738,0.04
79739,0.0
79740,0.0
79741,0.26
79742,0.0
79743,0.0
79744,0.07
79745,0.01
79746,0.0
79747,0.04
79748,0.07
79749,0.01
79750,0.0
79751,0.08
79752,0.02
79753,0.0
79754,0.24
79755,0.19
79756,0.0
79757,0.0
79758,0.04
79759,0.0
79760,0.0
79761,0.01
79762,0.24
79763,0.01
79764,0.33
79765,0.02
79766,0.01
79767,0.05
79768,0.03
79769,0.03
79770,0.02
79771,0.08
79772,0.0
79773,0.18
79774,0.01
79775,0.08
79776,0.01
79777,0.01
79778,0.01
79779,0.16
79780,0.04
79781,0.04
79782,0.01
79783,0.12
79784,0.1
79785,0.07
79786,0.0
79787,0.07
79788,0.69
79789,0.0
79790,0.06
79791,0.04
79792,0.12
79793,0.01
79794,0.72
79795,0.01
79796,0.0
79797,0.01
79798,0.01
79799,0.14
79800,0.0
79801,0.0
79802,0.01
79803,0.07
79804,0.0
79805,0.0
79806,0.0
79807,0.15
79808,0.04
79809,0.04
79810,0.03
79811,0.03
79812,0.1
79813,0.06
79814,0.0
79815,0.01
79816,0.13
79817,0.0
79818,0.14
79819,0.01
79820,0.0
79821,0.03
79822,0.0
79823,0.01
79824,0.0
79825,0.0
79826,0.02
79827,0.0
79828,0.11
79829,0.0
79830,0.03
79831,0.1
79832,0.0
79833,0.0
79834,0.0
79835,0.34
79836,0.05
79837,0.0
79838,0.33
79839,0.02
79840,0.02
79841,0.17
79842,0.0
79843,0.01
79844,0.02
79845,0.07
79846,0.0
79847,0.59
79848,0.0
79849,0.04
79850,0.02
79851,0.0
79852,0.01
79853,0.0
79854,0.01
79855,0.0
79856,0.02
79857,0.37
79858,0.02
79859,0.0
79860,0.0
79861,0.0
79862,0.03
79863,0.15
79864,0.14
79865,0.28
79866,0.08
79867,0.0
79868,0.16
79869,0.1
79870,0.0
79871,0.05
79872,0.03
79873,0.0
79874,0.03
79875,0.08
79876,0.02
79877,0.02
79878,0.44
79879,0.02
79880,0.02
79881,0.05
79882,0.09
79883,0.32
79884,0.05
79885,0.02
79886,0.0
79887,0.03
79888,0.01
79889,0.0
79890,0.04
79891,0.28
79892,0.0
79893,0.0
79894,0.08
79895,0.03
79896,0.02
79897,0.07
79898,0.06
79899,0.14
79900,0.05
79901,0.03
79902,0.29
79903,0.0
79904,0.13
79905,0.04
79906,0.01
79907,0.02
79908,0.17
79909,0.0
79910,0.0
79911,0.05
79912,0.06
79913,0.03
79914,0.0
79915,0.17
79916,0.05
79917,0.0
79918,0.35
79919,0.02
79920,0.06
79921,0.0
79922,0.18
79923,0.03
79924,0.01
79925,0.11
79926,0.0
79927,0.05
79928,0.0
79929,0.0
79930,0.01
79931,0.05
79932,0.01
79933,0.0
79934,0.01
79935,0.0
79936,0.04
79937,0.44
79938,0.02
79939,0.02
79940,0.0
79941,0.01
79942,0.53
79943,0.0
79944,0.7
79945,0.0
79946,0.02
79947,0.08
79948,0.46
79949,0.24
79950,0.03
79951,0.39
79952,0.01
79953,0.08
79954,0.03
79955,0.0
79956,0.01
79957,0.17
79958,0.0
79959,0.0
79960,0.01
79961,0.02
79962,0.0
79963,0.02
79964,0.01
79965,0.19
79966,0.0
79967,0.21
79968,0.07
79969,0.03
79970,0.04
79971,0.0
79972,0.0
79973,0.02
79974,0.02
79975,0.0
79976,0.06
79977,0.0
79978,0.0
79979,0.0
79980,0.01
79981,0.0
79982,0.15
79983,0.0
79984,0.02
79985,0.04
79986,0.02
79987,0.0
79988,0.04
79989,0.0
79990,0.01
79991,0.0
79992,0.09
79993,0.38
79994,0.01
79995,0.5
79996,0.01
79997,0.12
79998,0.0
79999,0.0
80000,0.09
80001,0.01
80002,0.08
80003,0.11
80004,0.0
80005,0.01
80006,0.0
80007,0.0
80008,0.39
80009,0.04
80010,0.0
80011,0.05
80012,0.0
80013,0.0
80014,0.01
80015,0.02
80016,0.01
80017,0.0
80018,0.0
80019,0.06
80020,0.02
80021,0.02
80022,0.11
80023,0.01
80024,0.01
80025,0.0
80026,0.06
80027,0.01
80028,0.0
80029,0.24
80030,0.15
80031,0.13
80032,0.0
80033,0.01
80034,0.03
80035,0.17
80036,0.0
80037,0.03
80038,0.12
80039,0.38
80040,0.04
80041,0.03
80042,0.33
80043,0.06
80044,0.03
80045,0.0
80046,0.01
80047,0.03
80048,0.0
80049,0.01
80050,0.13
80051,0.05
80052,0.52
80053,0.0
80054,0.45
80055,0.11
80056,0.12
80057,0.02
80058,0.01
80059,0.02
80060,0.27
80061,0.29
80062,0.02
80063,0.17
80064,0.0
80065,0.06
80066,0.0
80067,0.06
80068,0.02
80069,0.0
80070,0.12
80071,0.01
80072,0.0
80073,0.31
80074,0.01
80075,0.34
80076,0.01
80077,0.02
80078,0.0
80079,0.01
80080,0.0
80081,0.36
80082,0.01
80083,0.03
80084,0.08
80085,0.05
80086,0.03
80087,0.06
80088,0.01
80089,0.09
80090,0.05
80091,0.07
80092,0.0
80093,0.01
80094,0.01
80095,0.24
80096,0.08
80097,0.02
80098,0.01
80099,0.02
80100,0.0
80101,0.04
80102,0.03
80103,0.07
80104,0.07
80105,0.44
80106,0.44
80107,0.11
80108,0.0
80109,0.0
80110,0.33
80111,0.01
80112,0.1
80113,0.06
80114,0.0
80115,0.01
80116,0.09
80117,0.13
80118,0.48
80119,0.01
80120,0.02
80121,0.03
80122,0.0
80123,0.1
80124,0.17
80125,0.02
80126,0.03
80127,0.01
80128,0.15
80129,0.0
80130,0.0
80131,0.17
80132,0.09
80133,0.32
80134,0.02
80135,0.34
80136,0.0
80137,0.01
80138,0.02
80139,0.0
80140,0.0
80141,0.07
80142,0.02
80143,0.0
80144,0.0
80145,0.05
80146,0.06
80147,0.05
80148,0.0
80149,0.08
80150,0.03
80151,0.07
80152,0.0
80153,0.05
80154,0.09
80155,0.02
80156,0.05
80157,0.01
80158,0.01
80159,0.0
80160,0.02
80161,0.35
80162,0.14
80163,0.41
80164,0.0
80165,0.13
80166,0.57
80167,0.09
80168,0.0
80169,0.02
80170,0.01
80171,0.08
80172,0.0
80173,0.02
80174,0.11
80175,0.01
80176,0.11
80177,0.0
80178,0.01
80179,0.0
80180,0.03
80181,0.0
80182,0.0
80183,0.0
80184,0.02
80185,0.01
80186,0.01
80187,0.0
80188,0.0
80189,0.01
80190,0.0
80191,0.0
80192,0.01
80193,0.02
80194,0.11
80195,0.04
80196,0.01
80197,0.02
80198,0.0
80199,0.0
80200,0.27
80201,0.35
80202,0.0
80203,0.0
80204,0.01
80205,0.08
80206,0.0
80207,0.01
80208,0.02
80209,0.01
80210,0.16
80211,0.0
80212,0.0
80213,0.62
80214,0.02
80215,0.3
80216,0.2
80217,0.14
80218,0.09
80219,0.01
80220,0.12
80221,0.07
80222,0.01
80223,0.03
80224,0.04
80225,0.12
80226,0.04
80227,0.0
80228,0.0
80229,0.01
80230,0.02
80231,0.27
80232,0.04
80233,0.08
80234,0.0
80235,0.02
80236,0.01
80237,0.01
80238,0.0
80239,0.04
80240,0.28
80241,0.03
80242,0.05
80243,0.62
80244,0.01
80245,0.01
80246,0.04
80247,0.0
80248,0.01
80249,0.0
80250,0.04
80251,0.03
80252,0.0
80253,0.01
80254,0.0
80255,0.07
80256,0.01
80257,0.01
80258,0.45
80259,0.02
80260,0.0
80261,0.05
80262,0.0
80263,0.11
80264,0.0
80265,0.01
80266,0.02
80267,0.0
80268,0.01
80269,0.01
80270,0.04
80271,0.15
80272,0.19
80273,0.38
80274,0.08
80275,0.44
80276,0.06
80277,0.0
80278,0.0
80279,0.0
80280,0.02
80281,0.01
80282,0.01
80283,0.01
80284,0.0
80285,0.02
80286,0.0
80287,0.0
80288,0.05
80289,0.0
80290,0.06
80291,0.03
80292,0.09
80293,0.0
80294,0.12
80295,0.03
80296,0.04
80297,0.0
80298,0.29
80299,0.13
80300,0.1
80301,0.0
80302,0.02
80303,0.0
80304,0.01
80305,0.0
80306,0.0
80307,0.0
80308,0.13
80309,0.05
80310,0.11
80311,0.04
80312,0.0
80313,0.04
80314,0.46
80315,0.02
80316,0.03
80317,0.03
80318,0.05
80319,0.08
80320,0.08
80321,0.25
80322,0.16
80323,0.02
80324,0.03
80325,0.03
80326,0.06
80327,0.06
80328,0.01
80329,0.01
80330,0.0
80331,0.01
80332,0.0
80333,0.0
80334,0.1
80335,0.04
80336,0.0
80337,0.0
80338,0.0
80339,0.49
80340,0.0
80341,0.07
80342,0.02
80343,0.07
80344,0.01
80345,0.01
80346,0.02
80347,0.68
80348,0.15
80349,0.0
80350,0.01
80351,0.09
80352,0.22
80353,0.08
80354,0.01
80355,0.01
80356,0.0
80357,0.19
80358,0.09
80359,0.19
80360,0.09
80361,0.0
80362,0.04
80363,0.24
80364,0.28
80365,0.07
80366,0.24
80367,0.0
80368,0.01
80369,0.0
80370,0.11
80371,0.01
80372,0.03
80373,0.04
80374,0.0
80375,0.48
80376,0.01
80377,0.12
80378,0.06
80379,0.07
80380,0.0
80381,0.03
80382,0.16
80383,0.12
80384,0.05
80385,0.05
80386,0.02
80387,0.12
80388,0.03
80389,0.07
80390,0.05
80391,0.01
80392,0.06
80393,0.0
80394,0.08
80395,0.4
80396,0.03
80397,0.02
80398,0.19
80399,0.0
80400,0.32
80401,0.03
80402,0.05
80403,0.35
80404,0.2
80405,0.01
80406,0.0
80407,0.02
80408,0.07
80409,0.01
80410,0.06
80411,0.0
80412,0.07
80413,0.0
80414,0.01
80415,0.82
80416,0.01
80417,0.01
80418,0.03
80419,0.06
80420,0.2
80421,0.11
80422,0.03
80423,0.0
80424,0.36
80425,0.05
80426,0.34
80427,0.0
80428,0.07
80429,0.21
80430,0.02
80431,0.02
80432,0.14
80433,0.07
80434,0.02
80435,0.1
80436,0.2
80437,0.01
80438,0.0
80439,0.0
80440,0.24
80441,0.03
80442,0.0
80443,0.21
80444,0.03
80445,0.06
80446,0.01
80447,0.0
80448,0.01
80449,0.02
80450,0.03
80451,0.06
80452,0.01
80453,0.01
80454,0.02
80455,0.0
80456,0.0
80457,0.04
80458,0.47
80459,0.01
80460,0.04
80461,0.0
80462,0.0
80463,0.1
80464,0.07
80465,0.0
80466,0.32
80467,0.02
80468,0.08
80469,0.06
80470,0.19
80471,0.0
80472,0.0
80473,0.0
80474,0.07
80475,0.19
80476,0.0
80477,0.55
80478,0.14
80479,0.34
80480,0.03
80481,0.0
80482,0.0
80483,0.08
80484,0.02
80485,0.01
80486,0.0
80487,0.0
80488,0.0
80489,0.11
80490,0.07
80491,0.0
80492,0.04
80493,0.03
80494,0.02
80495,0.03
80496,0.11
80497,0.21
80498,0.2
80499,0.06
80500,0.13
80501,0.04
80502,0.01
80503,0.02
80504,0.03
80505,0.01
80506,0.0
80507,0.25
80508,0.1
80509,0.01
80510,0.04
80511,0.02
80512,0.0
80513,0.07
80514,0.0
80515,0.22
80516,0.19
80517,0.01
80518,0.07
80519,0.01
80520,0.0
80521,0.01
80522,0.21
80523,0.22
80524,0.02
80525,0.04
80526,0.07
80527,0.01
80528,0.0
80529,0.01
80530,0.0
80531,0.13
80532,0.0
80533,0.0
80534,0.0
80535,0.05
80536,0.32
80537,0.0
80538,0.0
80539,0.13
80540,0.16
80541,0.07
80542,0.58
80543,0.02
80544,0.01
80545,0.32
80546,0.09
80547,0.02
80548,0.0
80549,0.06
80550,0.01
80551,0.03
80552,0.02
80553,0.07
80554,0.03
80555,0.05
80556,0.0
80557,0.57
80558,0.0
80559,0.13
80560,0.28
80561,0.02
80562,0.02
80563,0.0
80564,0.05
80565,0.0
80566,0.04
80567,0.01
80568,0.0
80569,0.08
80570,0.0
80571,0.0
80572,0.0
80573,0.03
80574,0.01
80575,0.19
80576,0.0
80577,0.07
80578,0.0
80579,0.0
80580,0.03
80581,0.14
80582,0.0
80583,0.02
80584,0.0
80585,0.08
80586,0.0
80587,0.11
80588,0.38
80589,0.0
80590,0.14
80591,0.0
80592,0.03
80593,0.13
80594,0.08
80595,0.0
80596,0.0
80597,0.02
80598,0.04
80599,0.2
80600,0.01
80601,0.29
80602,0.0
80603,0.13
80604,0.0
80605,0.0
80606,0.02
80607,0.07
80608,0.0
80609,0.49
80610,0.04
80611,0.02
80612,0.01
80613,0.3
80614,0.0
80615,0.0
80616,0.03
80617,0.02
80618,0.0
80619,0.03
80620,0.01
80621,0.01
80622,0.58
80623,0.03
80624,0.04
80625,0.0
80626,0.0
80627,0.01
80628,0.01
80629,0.05
80630,0.17
80631,0.05
80632,0.0
80633,0.2
80634,0.0
80635,0.02
80636,0.0
80637,0.09
80638,0.44
80639,0.04
80640,0.0
80641,0.0
80642,0.01
80643,0.01
80644,0.02
80645,0.05
80646,0.25
80647,0.28
80648,0.01
80649,0.0
80650,0.03
80651,0.01
80652,0.12
80653,0.1
80654,0.2
80655,0.66
80656,0.02
80657,0.0
80658,0.01
80659,0.0
80660,0.03
80661,0.0
80662,0.01
80663,0.01
80664,0.09
80665,0.14
80666,0.0
80667,0.0
80668,0.0
80669,0.0
80670,0.01
80671,0.49
80672,0.11
80673,0.04
80674,0.0
80675,0.25
80676,0.0
80677,0.04
80678,0.0
80679,0.02
80680,0.05
80681,0.03
80682,0.0
80683,0.0
80684,0.07
80685,0.03
80686,0.05
80687,0.0
80688,0.0
80689,0.02
80690,0.0
80691,0.0
80692,0.01
80693,0.02
80694,0.0
80695,0.04
80696,0.02
80697,0.0
80698,0.0
80699,0.21
80700,0.15
80701,0.06
80702,0.06
80703,0.0
80704,0.05
80705,0.13
80706,0.36
80707,0.02
80708,0.08
80709,0.0
80710,0.02
80711,0.01
80712,0.1
80713,0.04
80714,0.0
80715,0.64
80716,0.03
80717,0.02
80718,0.12
80719,0.0
80720,0.0
80721,0.21
80722,0.0
80723,0.16
80724,0.04
80725,0.01
80726,0.04
80727,0.0
80728,0.14
80729,0.29
80730,0.0
80731,0.01
80732,0.32
80733,0.01
80734,0.01
80735,0.02
80736,0.13
80737,0.04
80738,0.04
80739,0.0
80740,0.05
80741,0.08
80742,0.16
80743,0.02
80744,0.0
80745,0.06
80746,0.0
80747,0.07
80748,0.15
80749,0.38
80750,0.28
80751,0.01
80752,0.07
80753,0.0
80754,0.0
80755,0.0
80756,0.0
80757,0.0
80758,0.0
80759,0.01
80760,0.0
80761,0.0
80762,0.0
80763,0.03
80764,0.0
80765,0.03
80766,0.11
80767,0.0
80768,0.04
80769,0.0
80770,0.01
80771,0.23
80772,0.14
80773,0.0
80774,0.08
80775,0.12
80776,0.0
80777,0.0
80778,0.14
80779,0.06
80780,0.13
80781,0.53
80782,0.04
80783,0.01
80784,0.0
80785,0.01
80786,0.1
80787,0.04
80788,0.0
80789,0.12
80790,0.0
80791,0.0
80792,0.0
80793,0.13
80794,0.38
80795,0.0
80796,0.01
80797,0.02
80798,0.11
80799,0.52
80800,0.03
80801,0.78
80802,0.07
80803,0.0
80804,0.35
80805,0.02
80806,0.01
80807,0.0
80808,0.01
80809,0.0
80810,0.11
80811,0.06
80812,0.11
80813,0.01
80814,0.01
80815,0.01
80816,0.0
80817,0.0
80818,0.07
80819,0.03
80820,0.05
80821,0.01
80822,0.18
80823,0.0
80824,0.07
80825,0.1
80826,0.0
80827,0.0
80828,0.0
80829,0.03
80830,0.04
80831,0.18
80832,0.05
80833,0.03
80834,0.02
80835,0.0
80836,0.0
80837,0.2
80838,0.19
80839,0.0
80840,0.0
80841,0.0
80842,0.04
80843,0.04
80844,0.02
80845,0.01
80846,0.02
80847,0.0
80848,0.39
80849,0.0
80850,0.01
80851,0.01
80852,0.02
80853,0.01
80854,0.08
80855,0.04
80856,0.03
80857,0.0
80858,0.08
80859,0.01
80860,0.06
80861,0.1
80862,0.51
80863,0.42
80864,0.0
80865,0.0
80866,0.01
80867,0.02
80868,0.01
80869,0.04
80870,0.12
80871,0.64
80872,0.29
80873,0.0
80874,0.04
80875,0.0
80876,0.01
80877,0.01
80878,0.11
80879,0.02
80880,0.0
80881,0.02
80882,0.0
80883,0.0
80884,0.19
80885,0.03
80886,0.02
80887,0.02
80888,0.24
80889,0.03
80890,0.16
80891,0.09
80892,0.03
80893,0.36
80894,0.34
80895,0.0
80896,0.32
80897,0.09
80898,0.03
80899,0.0
80900,0.12
80901,0.0
80902,0.01
80903,0.02
80904,0.02
80905,0.01
80906,0.1
80907,0.06
80908,0.0
80909,0.0
80910,0.02
80911,0.04
80912,0.0
80913,0.0
80914,0.01
80915,0.0
80916,0.07
80917,0.35
80918,0.0
80919,0.01
80920,0.0
80921,0.05
80922,0.0
80923,0.34
80924,0.01
80925,0.0
80926,0.02
80927,0.0
80928,0.16
80929,0.11
80930,0.01
80931,0.0
80932,0.35
80933,0.28
80934,0.0
80935,0.0
80936,0.02
80937,0.07
80938,0.04
80939,0.0
80940,0.0
80941,0.0
80942,0.03
80943,0.08
80944,0.1
80945,0.01
80946,0.08
80947,0.51
80948,0.03
80949,0.04
80950,0.02
80951,0.06
80952,0.47
80953,0.01
80954,0.01
80955,0.05
80956,0.15
80957,0.04
80958,0.17
80959,0.01
80960,0.05
80961,0.14
80962,0.04
80963,0.0
80964,0.01
80965,0.0
80966,0.11
80967,0.02
80968,0.05
80969,0.01
80970,0.01
80971,0.01
80972,0.01
80973,0.02
80974,0.05
80975,0.0
80976,0.01
80977,0.0
80978,0.01
80979,0.07
80980,0.0
80981,0.0
80982,0.02
80983,0.0
80984,0.08
80985,0.01
80986,0.0
80987,0.0
80988,0.0
80989,0.03
80990,0.02
80991,0.04
80992,0.05
80993,0.0
80994,0.02
80995,0.16
80996,0.08
80997,0.0
80998,0.11
80999,0.02
81000,0.09
81001,0.0
81002,0.0
81003,0.0
81004,0.07
81005,0.0
81006,0.13
81007,0.02
81008,0.0
81009,0.0
81010,0.05
81011,0.15
81012,0.17
81013,0.03
81014,0.0
81015,0.01
81016,0.1
81017,0.56
81018,0.08
81019,0.0
81020,0.45
81021,0.01
81022,0.0
81023,0.24
81024,0.07
81025,0.0
81026,0.01
81027,0.0
81028,0.01
81029,0.02
81030,0.0
81031,0.0
81032,0.03
81033,0.04
81034,0.26
81035,0.01
81036,0.01
81037,0.0
81038,0.02
81039,0.14
81040,0.01
81041,0.02
81042,0.0
81043,0.0
81044,0.01
81045,0.0
81046,0.0
81047,0.29
81048,0.04
81049,0.0
81050,0.15
81051,0.1
81052,0.0
81053,0.01
81054,0.01
81055,0.03
81056,0.0
81057,0.05
81058,0.68
81059,0.01
81060,0.0
81061,0.0
81062,0.0
81063,0.0
81064,0.01
81065,0.02
81066,0.01
81067,0.02
81068,0.0
81069,0.0
81070,0.05
81071,0.14
81072,0.16
81073,0.0
81074,0.07
81075,0.01
81076,0.0
81077,0.05
81078,0.37
81079,0.02
81080,0.01
81081,0.0
81082,0.03
81083,0.08
81084,0.04
81085,0.15
81086,0.0
81087,0.05
81088,0.07
81089,0.17
81090,0.0
81091,0.02
81092,0.0
81093,0.0
81094,0.03
81095,0.27
81096,0.0
81097,0.0
81098,0.04
81099,0.05
81100,0.02
81101,0.13
81102,0.01
81103,0.05
81104,0.04
81105,0.08
81106,0.1
81107,0.02
81108,0.01
81109,0.02
81110,0.01
81111,0.01
81112,0.1
81113,0.0
81114,0.1
81115,0.01
81116,0.0
81117,0.0
81118,0.05
81119,0.05
81120,0.01
81121,0.0
81122,0.0
81123,0.02
81124,0.44
81125,0.12
81126,0.09
81127,0.01
81128,0.16
81129,0.0
81130,0.17
81131,0.0
81132,0.01
81133,0.32
81134,0.1
81135,0.02
81136,0.08
81137,0.0
81138,0.01
81139,0.03
81140,0.0
81141,0.0
81142,0.0
81143,0.81
81144,0.07
81145,0.06
81146,0.01
81147,0.0
81148,0.09
81149,0.06
81150,0.1
81151,0.01
81152,0.04
81153,0.0
81154,0.01
81155,0.05
81156,0.04
81157,0.13
81158,0.0
81159,0.0
81160,0.06
81161,0.01
81162,0.31
81163,0.01
81164,0.0
81165,0.01
81166,0.14
81167,0.46
81168,0.0
81169,0.03
81170,0.07
81171,0.23
81172,0.03
81173,0.02
81174,0.01
81175,0.05
81176,0.04
81177,0.1
81178,0.25
81179,0.05
81180,0.01
81181,0.1
81182,0.0
81183,0.01
81184,0.0
81185,0.0
81186,0.05
81187,0.05
81188,0.44
81189,0.0
81190,0.02
81191,0.09
81192,0.06
81193,0.0
81194,0.04
81195,0.05
81196,0.13
81197,0.03
81198,0.0
81199,0.02
81200,0.0
81201,0.18
81202,0.0
81203,0.0
81204,0.04
81205,0.0
81206,0.0
81207,0.04
81208,0.05
81209,0.0
81210,0.0
81211,0.13
81212,0.12
81213,0.04
81214,0.04
81215,0.0
81216,0.05
81217,0.01
81218,0.05
81219,0.02
81220,0.3
81221,0.01
81222,0.0
81223,0.12
81224,0.02
81225,0.0
81226,0.39
81227,0.06
81228,0.0
81229,0.02
81230,0.0
81231,0.23
81232,0.06
81233,0.14
81234,0.0
81235,0.0
81236,0.07
81237,0.02
81238,0.03
81239,0.15
81240,0.39
81241,0.0
81242,0.11
81243,0.03
81244,0.0
81245,0.03
81246,0.27
81247,0.0
81248,0.0
81249,0.09
81250,0.0
81251,0.15
81252,0.07
81253,0.15
81254,0.05
81255,0.15
81256,0.11
81257,0.01
81258,0.01
81259,0.0
81260,0.11
81261,0.06
81262,0.01
81263,0.0
81264,0.13
81265,0.02
81266,0.06
81267,0.0
81268,0.0
81269,0.01
81270,0.03
81271,0.14
81272,0.12
81273,0.4
81274,0.0
81275,0.0
81276,0.07
81277,0.04
81278,0.01
81279,0.44
81280,0.0
81281,0.1
81282,0.0
81283,0.0
81284,0.09
81285,0.02
81286,0.07
81287,0.01
81288,0.02
81289,0.05
81290,0.09
81291,0.04
81292,0.01
81293,0.07
81294,0.04
81295,0.0
81296,0.0
81297,0.15
81298,0.03
81299,0.18
81300,0.0
81301,0.11
81302,0.13
81303,0.18
81304,0.0
81305,0.6
81306,0.1
81307,0.31
81308,0.1
81309,0.04
81310,0.0
81311,0.12
81312,0.04
81313,0.02
81314,0.23
81315,0.01
81316,0.02
81317,0.01
81318,0.25
81319,0.0
81320,0.17
81321,0.01
81322,0.52
81323,0.1
81324,0.06
81325,0.0
81326,0.13
81327,0.01
81328,0.01
81329,0.12
81330,0.01
81331,0.43
81332,0.26
81333,0.02
81334,0.04
81335,0.0
81336,0.0
81337,0.0
81338,0.06
81339,0.02
81340,0.01
81341,0.0
81342,0.0
81343,0.03
81344,0.1
81345,0.05
81346,0.07
81347,0.01
81348,0.02
81349,0.03
81350,0.01
81351,0.0
81352,0.05
81353,0.0
81354,0.0
81355,0.01
81356,0.0
81357,0.0
81358,0.0
81359,0.05
81360,0.0
81361,0.02
81362,0.02
81363,0.01
81364,0.19
81365,0.24
81366,0.01
81367,0.06
81368,0.03
81369,0.01
81370,0.0
81371,0.03
81372,0.12
81373,0.06
81374,0.0
81375,0.03
81376,0.15
81377,0.0
81378,0.12
81379,0.15
81380,0.1
81381,0.01
81382,0.12
81383,0.07
81384,0.04
81385,0.0
81386,0.04
81387,0.0
81388,0.01
81389,0.24
81390,0.0
81391,0.21
81392,0.01
81393,0.15
81394,0.07
81395,0.0
81396,0.0
81397,0.01
81398,0.0
81399,0.47
81400,0.18
81401,0.2
81402,0.12
81403,0.01
81404,0.0
81405,0.01
81406,0.13
81407,0.0
81408,0.12
81409,0.14
81410,0.0
81411,0.14
81412,0.05
81413,0.12
81414,0.01
81415,0.0
81416,0.12
81417,0.05
81418,0.0
81419,0.06
81420,0.0
81421,0.04
81422,0.01
81423,0.01
81424,0.0
81425,0.01
81426,0.25
81427,0.2
81428,0.02
81429,0.0
81430,0.02
81431,0.05
81432,0.01
81433,0.03
81434,0.01
81435,0.0
81436,0.03
81437,0.02
81438,0.01
81439,0.43
81440,0.4
81441,0.04
81442,0.06
81443,0.01
81444,0.01
81445,0.07
81446,0.01
81447,0.0
81448,0.0
81449,0.0
81450,0.1
81451,0.34
81452,0.01
81453,0.0
81454,0.0
81455,0.18
81456,0.13
81457,0.03
81458,0.19
81459,0.04
81460,0.31
81461,0.01
81462,0.0
81463,0.0
81464,0.16
81465,0.0
81466,0.04
81467,0.03
81468,0.0
81469,0.01
81470,0.06
81471,0.06
81472,0.0
81473,0.02
81474,0.37
81475,0.0
81476,0.05
81477,0.01
81478,0.0
81479,0.01
81480,0.15
81481,0.08
81482,0.31
81483,0.01
81484,0.02
81485,0.04
81486,0.01
81487,0.0
81488,0.02
81489,0.0
81490,0.03
81491,0.0
81492,0.0
81493,0.25
81494,0.0
81495,0.0
81496,0.48
81497,0.0
81498,0.05
81499,0.02
81500,0.0
81501,0.12
81502,0.02
81503,0.07
81504,0.04
81505,0.0
81506,0.03
81507,0.04
81508,0.02
81509,0.02
81510,0.01
81511,0.01
81512,0.06
81513,0.01
81514,0.07
81515,0.04
81516,0.28
81517,0.03
81518,0.0
81519,0.0
81520,0.04
81521,0.0
81522,0.0
81523,0.08
81524,0.05
81525,0.02
81526,0.01
81527,0.03
81528,0.03
81529,0.14
81530,0.02
81531,0.26
81532,0.03
81533,0.0
81534,0.04
81535,0.03
81536,0.0
81537,0.04
81538,0.04
81539,0.1
81540,0.16
81541,0.0
81542,0.01
81543,0.0
81544,0.04
81545,0.0
81546,0.14
81547,0.01
81548,0.08
81549,0.01
81550,0.0
81551,0.25
81552,0.0
81553,0.0
81554,0.01
81555,0.01
81556,0.41
81557,0.13
81558,0.03
81559,0.01
81560,0.0
81561,0.02
81562,0.44
81563,0.08
81564,0.06
81565,0.0
81566,0.0
81567,0.72
81568,0.04
81569,0.01
81570,0.12
81571,0.07
81572,0.0
81573,0.0
81574,0.05
81575,0.05
81576,0.0
81577,0.04
81578,0.0
81579,0.01
81580,0.1
81581,0.0
81582,0.01
81583,0.0
81584,0.04
81585,0.22
81586,0.01
81587,0.04
81588,0.0
81589,0.03
81590,0.09
81591,0.0
81592,0.16
81593,0.09
81594,0.06
81595,0.0
81596,0.22
81597,0.02
81598,0.0
81599,0.46
81600,0.03
81601,0.17
81602,0.01
81603,0.0
81604,0.04
81605,0.0
81606,0.06
81607,0.0
81608,0.0
81609,0.01
81610,0.07
81611,0.0
81612,0.03
81613,0.03
81614,0.03
81615,0.01
81616,0.07
81617,0.0
81618,0.03
81619,0.0
81620,0.0
81621,0.08
81622,0.42
81623,0.02
81624,0.01
81625,0.0
81626,0.0
81627,0.01
81628,0.03
81629,0.09
81630,0.1
81631,0.01
81632,0.08
81633,0.01
81634,0.06
81635,0.02
81636,0.03
81637,0.01
81638,0.02
81639,0.0
81640,0.02
81641,0.0
81642,0.11
81643,0.06
81644,0.02
81645,0.01
81646,0.03
81647,0.06
81648,0.05
81649,0.07
81650,0.0
81651,0.0
81652,0.0
81653,0.01
81654,0.06
81655,0.05
81656,0.0
81657,0.02
81658,0.17
81659,0.13
81660,0.01
81661,0.11
81662,0.04
81663,0.06
81664,0.0
81665,0.25
81666,0.02
81667,0.01
81668,0.01
81669,0.01
81670,0.0
81671,0.0
81672,0.03
81673,0.08
81674,0.36
81675,0.01
81676,0.0
81677,0.07
81678,0.01
81679,0.2
81680,0.0
81681,0.0
81682,0.03
81683,0.06
81684,0.0
81685,0.01
81686,0.01
81687,0.05
81688,0.17
81689,0.05
81690,0.05
81691,0.03
81692,0.07
81693,0.4
81694,0.0
81695,0.0
81696,0.03
81697,0.06
81698,0.0
81699,0.0
81700,0.14
81701,0.3
81702,0.06
81703,0.23
81704,0.27
81705,0.09
81706,0.57
81707,0.06
81708,0.59
81709,0.05
81710,0.02
81711,0.02
81712,0.02
81713,0.02
81714,0.1
81715,0.37
81716,0.0
81717,0.06
81718,0.23
81719,0.0
81720,0.06
81721,0.57
81722,0.03
81723,0.08
81724,0.01
81725,0.25
81726,0.66
81727,0.23
81728,0.06
81729,0.02
81730,0.02
81731,0.0
81732,0.0
81733,0.1
81734,0.02
81735,0.0
81736,0.16
81737,0.06
81738,0.0
81739,0.29
81740,0.11
81741,0.04
81742,0.08
81743,0.0
81744,0.19
81745,0.03
81746,0.19
81747,0.03
81748,0.02
81749,0.02
81750,0.0
81751,0.05
81752,0.0
81753,0.13
81754,0.01
81755,0.06
81756,0.08
81757,0.26
81758,0.08
81759,0.0
81760,0.02
81761,0.26
81762,0.01
81763,0.0
81764,0.15
81765,0.01
81766,0.0
81767,0.01
81768,0.33
81769,0.0
81770,0.07
81771,0.05
81772,0.22
81773,0.0
81774,0.0
81775,0.02
81776,0.02
81777,0.0
81778,0.02
81779,0.0
81780,0.01
81781,0.01
81782,0.0
81783,0.05
81784,0.01
81785,0.01
81786,0.08
81787,0.07
81788,0.07
81789,0.01
81790,0.07
81791,0.0
81792,0.02
81793,0.0
81794,0.0
81795,0.04
81796,0.0
81797,0.01
81798,0.04
81799,0.0
81800,0.02
81801,0.06
81802,0.03
81803,0.21
81804,0.0
81805,0.06
81806,0.0
81807,0.15
81808,0.01
81809,0.02
81810,0.12
81811,0.01
81812,0.01
81813,0.09
81814,0.18
81815,0.02
81816,0.0
81817,0.02
81818,0.2
81819,0.02
81820,0.06
81821,0.0
81822,0.0
81823,0.0
81824,0.06
81825,0.0
81826,0.02
81827,0.33
81828,0.0
81829,0.04
81830,0.06
81831,0.07
81832,0.05
81833,0.01
81834,0.07
81835,0.0
81836,0.0
81837,0.0
81838,0.17
81839,0.01
81840,0.02
81841,0.0
81842,0.16
81843,0.0
81844,0.06
81845,0.05
81846,0.01
81847,0.17
81848,0.02
81849,0.09
81850,0.01
81851,0.0
81852,0.02
81853,0.0
81854,0.01
81855,0.01
81856,0.04
81857,0.0
81858,0.0
81859,0.42
81860,0.11
81861,0.02
81862,0.02
81863,0.0
81864,0.02
81865,0.0
81866,0.03
81867,0.38
81868,0.14
81869,0.0
81870,0.01
81871,0.24
81872,0.01
81873,0.05
81874,0.11
81875,0.0
81876,0.0
81877,0.15
81878,0.44
81879,0.46
81880,0.11
81881,0.01
81882,0.06
81883,0.0
81884,0.01
81885,0.01
81886,0.09
81887,0.33
81888,0.0
81889,0.0
81890,0.02
81891,0.0
81892,0.05
81893,0.01
81894,0.02
81895,0.0
81896,0.01
81897,0.0
81898,0.02
81899,0.0
81900,0.01
81901,0.0
81902,0.01
81903,0.02
81904,0.09
81905,0.04
81906,0.01
81907,0.01
81908,0.45
81909,0.27
81910,0.0
81911,0.0
81912,0.03
81913,0.06
81914,0.01
81915,0.06
81916,0.0
81917,0.0
81918,0.06
81919,0.02
81920,0.07
81921,0.17
81922,0.02
81923,0.01
81924,0.06
81925,0.02
81926,0.36
81927,0.05
81928,0.02
81929,0.0
81930,0.27
81931,0.4
81932,0.12
81933,0.0
81934,0.0
81935,0.1
81936,0.0
81937,0.0
81938,0.01
81939,0.0
81940,0.07
81941,0.05
81942,0.05
81943,0.0
81944,0.01
81945,0.0
81946,0.01
81947,0.02
81948,0.02
81949,0.02
81950,0.02
81951,0.14
81952,0.01
81953,0.07
81954,0.0
81955,0.01
81956,0.01
81957,0.07
81958,0.01
81959,0.14
81960,0.06
81961,0.15
81962,0.0
81963,0.14
81964,0.0
81965,0.01
81966,0.03
81967,0.01
81968,0.08
81969,0.0
81970,0.19
81971,0.12
81972,0.0
81973,0.32
81974,0.0
81975,0.16
81976,0.08
81977,0.0
81978,0.0
81979,0.03
81980,0.0
81981,0.25
81982,0.17
81983,0.02
81984,0.07
81985,0.0
81986,0.02
81987,0.17
81988,0.12
81989,0.02
81990,0.01
81991,0.01
81992,0.75
81993,0.0
81994,0.81
81995,0.04
81996,0.0
81997,0.23
81998,0.0
81999,0.03
82000,0.01
82001,0.0
82002,0.22
82003,0.14
82004,0.03
82005,0.0
82006,0.02
82007,0.05
82008,0.32
82009,0.06
82010,0.01
82011,0.0
82012,0.02
82013,0.0
82014,0.05
82015,0.1
82016,0.02
82017,0.0
82018,0.05
82019,0.0
82020,0.04
82021,0.03
82022,0.14
82023,0.05
82024,0.0
82025,0.03
82026,0.02
82027,0.28
82028,0.0
82029,0.02
82030,0.03
82031,0.0
82032,0.02
82033,0.09
82034,0.11
82035,0.31
82036,0.06
82037,0.0
82038,0.02
82039,0.02
82040,0.05
82041,0.01
82042,0.15
82043,0.02
82044,0.27
82045,0.14
82046,0.01
82047,0.07
82048,0.0
82049,0.0
82050,0.27
82051,0.03
82052,0.07
82053,0.05
82054,0.0
82055,0.01
82056,0.0
82057,0.05
82058,0.05
82059,0.13
82060,0.0
82061,0.0
82062,0.0
82063,0.0
82064,0.0
82065,0.05
82066,0.1
82067,0.03
82068,0.11
82069,0.0
82070,0.52
82071,0.0
82072,0.0
82073,0.01
82074,0.01
82075,0.0
82076,0.0
82077,0.01
82078,0.0
82079,0.12
82080,0.04
82081,0.09
82082,0.1
82083,0.01
82084,0.01
82085,0.02
82086,0.0
82087,0.0
82088,0.12
82089,0.03
82090,0.07
82091,0.0
82092,0.0
82093,0.1
82094,0.38
82095,0.0
82096,0.04
82097,0.03
82098,0.0
82099,0.1
82100,0.06
82101,0.01
82102,0.14
82103,0.0
82104,0.02
82105,0.0
82106,0.0
82107,0.0
82108,0.68
82109,0.26
82110,0.37
82111,0.03
82112,0.43
82113,0.0
82114,0.01
82115,0.15
82116,0.0
82117,0.01
82118,0.0
82119,0.12
82120,0.34
82121,0.53
82122,0.0
82123,0.07
82124,0.0
82125,0.02
82126,0.35
82127,0.0
82128,0.06
82129,0.1
82130,0.06
82131,0.0
82132,0.02
82133,0.0
82134,0.04
82135,0.01
82136,0.01
82137,0.03
82138,0.04
82139,0.02
82140,0.01
82141,0.05
82142,0.09
82143,0.01
82144,0.11
82145,0.13
82146,0.02
82147,0.03
82148,0.06
82149,0.05
82150,0.02
82151,0.07
82152,0.04
82153,0.09
82154,0.4
82155,0.53
82156,0.08
82157,0.01
82158,0.09
82159,0.02
82160,0.06
82161,0.04
82162,0.3
82163,0.05
82164,0.32
82165,0.11
82166,0.0
82167,0.02
82168,0.0
82169,0.0
82170,0.12
82171,0.09
82172,0.02
82173,0.02
82174,0.55
82175,0.0
82176,0.08
82177,0.01
82178,0.13
82179,0.0
82180,0.03
82181,0.03
82182,0.04
82183,0.03
82184,0.0
82185,0.02
82186,0.03
82187,0.08
82188,0.0
82189,0.09
82190,0.0
82191,0.26
82192,0.0
82193,0.39
82194,0.02
82195,0.03
82196,0.03
82197,0.1
82198,0.1
82199,0.0
82200,0.02
82201,0.0
82202,0.06
82203,0.0
82204,0.03
82205,0.02
82206,0.05
82207,0.0
82208,0.01
82209,0.02
82210,0.02
82211,0.0
82212,0.0
82213,0.07
82214,0.22
82215,0.02
82216,0.16
82217,0.01
82218,0.01
82219,0.0
82220,0.02
82221,0.04
82222,0.02
82223,0.05
82224,0.05
82225,0.0
82226,0.4
82227,0.03
82228,0.14
82229,0.66
82230,0.11
82231,0.0
82232,0.03
82233,0.02
82234,0.05
82235,0.12
82236,0.05
82237,0.08
82238,0.0
82239,0.0
82240,0.03
82241,0.09
82242,0.0
82243,0.1
82244,0.0
82245,0.0
82246,0.53
82247,0.22
82248,0.02
82249,0.15
82250,0.09
82251,0.05
82252,0.3
82253,0.0
82254,0.04
82255,0.04
82256,0.03
82257,0.0
82258,0.0
82259,0.05
82260,0.0
82261,0.06
82262,0.0
82263,0.04
82264,0.09
82265,0.05
82266,0.08
82267,0.01
82268,0.01
82269,0.0
82270,0.01
82271,0.0
82272,0.11
82273,0.13
82274,0.0
82275,0.01
82276,0.0
82277,0.09
82278,0.02
82279,0.01
82280,0.05
82281,0.05
82282,0.0
82283,0.09
82284,0.1
82285,0.01
82286,0.03
82287,0.0
82288,0.16
82289,0.12
82290,0.13
82291,0.01
82292,0.18
82293,0.01
82294,0.0
82295,0.06
82296,0.09
82297,0.05
82298,0.04
82299,0.27
82300,0.07
82301,0.1
82302,0.0
82303,0.01
82304,0.04
82305,0.0
82306,0.01
82307,0.04
82308,0.15
82309,0.05
82310,0.14
82311,0.04
82312,0.0
82313,0.01
82314,0.0
82315,0.05
82316,0.05
82317,0.02
82318,0.0
82319,0.24
82320,0.1
82321,0.05
82322,0.04
82323,0.0
82324,0.2
82325,0.0
82326,0.0
82327,0.0
82328,0.0
82329,0.22
82330,0.02
82331,0.16
82332,0.0
82333,0.08
82334,0.05
82335,0.01
82336,0.07
82337,0.29
82338,0.0
82339,0.3
82340,0.06
82341,0.06
82342,0.03
82343,0.04
82344,0.01
82345,0.13
82346,0.01
82347,0.04
82348,0.03
82349,0.56
82350,0.01
82351,0.03
82352,0.04
82353,0.11
82354,0.15
82355,0.0
82356,0.06
82357,0.03
82358,0.11
82359,0.0
82360,0.13
82361,0.0
82362,0.02
82363,0.06
82364,0.0
82365,0.18
82366,0.15
82367,0.22
82368,0.0
82369,0.04
82370,0.01
82371,0.1
82372,0.02
82373,0.0
82374,0.1
82375,0.18
82376,0.02
82377,0.0
82378,0.05
82379,0.09
82380,0.04
82381,0.0
82382,0.44
82383,0.06
82384,0.47
82385,0.09
82386,0.01
82387,0.03
82388,0.01
82389,0.04
82390,0.0
82391,0.09
82392,0.0
82393,0.0
82394,0.01
82395,0.0
82396,0.02
82397,0.17
82398,0.02
82399,0.1
82400,0.02
82401,0.02
82402,0.01
82403,0.18
82404,0.02
82405,0.03
82406,0.03
82407,0.05
82408,0.68
82409,0.2
82410,0.0
82411,0.0
82412,0.15
82413,0.02
82414,0.52
82415,0.05
82416,0.02
82417,0.02
82418,0.02
82419,0.03
82420,0.01
82421,0.0
82422,0.07
82423,0.02
82424,0.03
82425,0.09
82426,0.04
82427,0.0
82428,0.0
82429,0.0
82430,0.04
82431,0.01
82432,0.0
82433,0.45
82434,0.02
82435,0.16
82436,0.06
82437,0.01
82438,0.06
82439,0.08
82440,0.02
82441,0.0
82442,0.0
82443,0.01
82444,0.0
82445,0.04
82446,0.0
82447,0.04
82448,0.0
82449,0.0
82450,0.52
82451,0.06
82452,0.02
82453,0.0
82454,0.07
82455,0.05
82456,0.0
82457,0.22
82458,0.0
82459,0.0
82460,0.02
82461,0.03
82462,0.02
82463,0.09
82464,0.07
82465,0.0
82466,0.01
82467,0.0
82468,0.0
82469,0.02
82470,0.63
82471,0.13
82472,0.0
82473,0.0
82474,0.0
82475,0.0
82476,0.2
82477,0.08
82478,0.43
82479,0.0
82480,0.17
82481,0.01
82482,0.06
82483,0.02
82484,0.0
82485,0.0
82486,0.01
82487,0.06
82488,0.05
82489,0.0
82490,0.38
82491,0.0
82492,0.0
82493,0.0
82494,0.01
82495,0.22
82496,0.25
82497,0.0
82498,0.04
82499,0.21
82500,0.03
82501,0.17
82502,0.04
82503,0.12
82504,0.04
82505,0.15
82506,0.06
82507,0.09
82508,0.0
82509,0.01
82510,0.08
82511,0.08
82512,0.0
82513,0.05
82514,0.09
82515,0.0
82516,0.01
82517,0.01
82518,0.03
82519,0.03
82520,0.21
82521,0.0
82522,0.04
82523,0.02
82524,0.0
82525,0.01
82526,0.15
82527,0.15
82528,0.0
82529,0.03
82530,0.14
82531,0.0
82532,0.18
82533,0.02
82534,0.03
82535,0.06
82536,0.01
82537,0.02
82538,0.04
82539,0.12
82540,0.02
82541,0.02
82542,0.03
82543,0.0
82544,0.02
82545,0.02
82546,0.6
82547,0.08
82548,0.04
82549,0.03
82550,0.07
82551,0.03
82552,0.01
82553,0.95
82554,0.0
82555,0.0
82556,0.02
82557,0.12
82558,0.05
82559,0.01
82560,0.01
82561,0.06
82562,0.0
82563,0.04
82564,0.19
82565,0.0
82566,0.17
82567,0.0
82568,0.02
82569,0.28
82570,0.22
82571,0.0
82572,0.0
82573,0.0
82574,0.06
82575,0.08
82576,0.08
82577,0.0
82578,0.06
82579,0.0
82580,0.14
82581,0.0
82582,0.01
82583,0.01
82584,0.0
82585,0.01
82586,0.01
82587,0.04
82588,0.0
82589,0.0
82590,0.02
82591,0.03
82592,0.01
82593,0.0
82594,0.02
82595,0.18
82596,0.05
82597,0.04
82598,0.31
82599,0.0
82600,0.01
82601,0.01
82602,0.15
82603,0.1
82604,0.0
82605,0.01
82606,0.0
82607,0.01
82608,0.0
82609,0.03
82610,0.06
82611,0.01
82612,0.1
82613,0.0
82614,0.05
82615,0.12
82616,0.01
82617,0.22
82618,0.09
82619,0.01
82620,0.08
82621,0.01
82622,0.01
82623,0.14
82624,0.01
82625,0.0
82626,0.09
82627,0.02
82628,0.0
82629,0.0
82630,0.02
82631,0.0
82632,0.01
82633,0.03
82634,0.0
82635,0.43
82636,0.1
82637,0.01
82638,0.06
82639,0.06
82640,0.12
82641,0.01
82642,0.39
82643,0.0
82644,0.0
82645,0.0
82646,0.01
82647,0.17
82648,0.01
82649,0.02
82650,0.06
82651,0.04
82652,0.04
82653,0.02
82654,0.01
82655,0.02
82656,0.01
82657,0.02
82658,0.02
82659,0.13
82660,0.03
82661,0.0
82662,0.04
82663,0.02
82664,0.23
82665,0.0
82666,0.0
82667,0.01
82668,0.0
82669,0.09
82670,0.02
82671,0.0
82672,0.09
82673,0.0
82674,0.22
82675,0.03
82676,0.0
82677,0.3
82678,0.02
82679,0.16
82680,0.02
82681,0.03
82682,0.02
82683,0.0
82684,0.02
82685,0.57
82686,0.13
82687,0.27
82688,0.0
82689,0.19
82690,0.0
82691,0.0
82692,0.15
82693,0.02
82694,0.1
82695,0.0
82696,0.03
82697,0.01
82698,0.0
82699,0.09
82700,0.18
82701,0.07
82702,0.32
82703,0.01
82704,0.01
82705,0.09
82706,0.0
82707,0.11
82708,0.19
82709,0.03
82710,0.0
82711,0.0
82712,0.0
82713,0.01
82714,0.06
82715,0.0
82716,0.06
82717,0.42
82718,0.0
82719,0.0
82720,0.0
82721,0.07
82722,0.02
82723,0.32
82724,0.05
82725,0.0
82726,0.01
82727,0.09
82728,0.0
82729,0.0
82730,0.11
82731,0.0
82732,0.0
82733,0.0
82734,0.21
82735,0.0
82736,0.0
82737,0.12
82738,0.07
82739,0.01
82740,0.0
82741,0.01
82742,0.03
82743,0.0
82744,0.4
82745,0.22
82746,0.04
82747,0.0
82748,0.09
82749,0.08
82750,0.01
82751,0.15
82752,0.0
82753,0.14
82754,0.03
82755,0.0
82756,0.6
82757,0.0
82758,0.0
82759,0.04
82760,0.08
82761,0.04
82762,0.0
82763,0.04
82764,0.01
82765,0.0
82766,0.0
82767,0.0
82768,0.14
82769,0.26
82770,0.46
82771,0.07
82772,0.0
82773,0.06
82774,0.02
82775,0.01
82776,0.26
82777,0.01
82778,0.0
82779,0.01
82780,0.06
82781,0.26
82782,0.02
82783,0.13
82784,0.36
82785,0.0
82786,0.0
82787,0.1
82788,0.0
82789,0.61
82790,0.09
82791,0.0
82792,0.04
82793,0.02
82794,0.01
82795,0.02
82796,0.01
82797,0.02
82798,0.03
82799,0.06
82800,0.08
82801,0.0
82802,0.43
82803,0.5
82804,0.04
82805,0.0
82806,0.0
82807,0.01
82808,0.0
82809,0.01
82810,0.07
82811,0.01
82812,0.16
82813,0.53
82814,0.0
82815,0.0
82816,0.0
82817,0.1
82818,0.01
82819,0.23
82820,0.04
82821,0.0
82822,0.02
82823,0.0
82824,0.0
82825,0.06
82826,0.05
82827,0.04
82828,0.0
82829,0.0
82830,0.03
82831,0.0
82832,0.0
82833,0.0
82834,0.01
82835,0.17
82836,0.01
82837,0.05
82838,0.52
82839,0.0
82840,0.01
82841,0.04
82842,0.0
82843,0.31
82844,0.01
82845,0.04
82846,0.15
82847,0.03
82848,0.01
82849,0.06
82850,0.02
82851,0.0
82852,0.16
82853,0.02
82854,0.01
82855,0.09
82856,0.04
82857,0.0
82858,0.01
82859,0.07
82860,0.08
82861,0.16
82862,0.02
82863,0.03
82864,0.14
82865,0.06
82866,0.01
82867,0.02
82868,0.04
82869,0.0
82870,0.0
82871,0.0
82872,0.15
82873,0.09
82874,0.13
82875,0.04
82876,0.0
82877,0.01
82878,0.34
82879,0.39
82880,0.01
82881,0.02
82882,0.09
82883,0.03
82884,0.02
82885,0.09
82886,0.06
82887,0.0
82888,0.02
82889,0.06
82890,0.01
82891,0.01
82892,0.02
82893,0.07
82894,0.05
82895,0.0
82896,0.0
82897,0.0
82898,0.0
82899,0.01
82900,0.0
82901,0.09
82902,0.11
82903,0.07
82904,0.03
82905,0.04
82906,0.14
82907,0.0
82908,0.01
82909,0.07
82910,0.01
82911,0.0
82912,0.0
82913,0.02
82914,0.1
82915,0.05
82916,0.0
82917,0.08
82918,0.2
82919,0.32
82920,0.04
82921,0.02
82922,0.0
82923,0.09
82924,0.0
82925,0.08
82926,0.0
82927,0.07
82928,0.0
82929,0.01
82930,0.0
82931,0.02
82932,0.04
82933,0.0
82934,0.02
82935,0.01
82936,0.21
82937,0.07
82938,0.05
82939,0.02
82940,0.09
82941,0.0
82942,0.03
82943,0.0
82944,0.26
82945,0.0
82946,0.01
82947,0.06
82948,0.02
82949,0.0
82950,0.02
82951,0.05
82952,0.0
82953,0.07
82954,0.02
82955,0.0
82956,0.02
82957,0.0
82958,0.45
82959,0.0
82960,0.24
82961,0.01
82962,0.19
82963,0.03
82964,0.0
82965,0.0
82966,0.12
82967,0.0
82968,0.03
82969,0.02
82970,0.04
82971,0.22
82972,0.52
82973,0.02
82974,0.06
82975,0.09
82976,0.04
82977,0.01
82978,0.04
82979,0.14
82980,0.0
82981,0.1
82982,0.0
82983,0.0
82984,0.01
82985,0.0
82986,0.05
82987,0.72
82988,0.01
82989,0.01
82990,0.03
82991,0.27
82992,0.0
82993,0.05
82994,0.0
82995,0.16
82996,0.32
82997,0.0
82998,0.01
82999,0.0
83000,0.02
83001,0.03
83002,0.01
83003,0.6
83004,0.0
83005,0.05
83006,0.0
83007,0.75
83008,0.01
83009,0.0
83010,0.02
83011,0.0
83012,0.19
83013,0.01
83014,0.01
83015,0.01
83016,0.77
83017,0.01
83018,0.17
83019,0.0
83020,0.0
83021,0.06
83022,0.0
83023,0.02
83024,0.01
83025,0.07
83026,0.44
83027,0.06
83028,0.08
83029,0.0
83030,0.02
83031,0.02
83032,0.0
83033,0.01
83034,0.21
83035,0.14
83036,0.0
83037,0.0
83038,0.17
83039,0.0
83040,0.55
83041,0.05
83042,0.05
83043,0.02
83044,0.01
83045,0.02
83046,0.01
83047,0.0
83048,0.13
83049,0.01
83050,0.06
83051,0.02
83052,0.03
83053,0.0
83054,0.01
83055,0.09
83056,0.0
83057,0.05
83058,0.01
83059,0.01
83060,0.02
83061,0.01
83062,0.0
83063,0.2
83064,0.1
83065,0.1
83066,0.12
83067,0.01
83068,0.13
83069,0.0
83070,0.0
83071,0.0
83072,0.19
83073,0.13
83074,0.0
83075,0.0
83076,0.0
83077,0.06
83078,0.0
83079,0.0
83080,0.18
83081,0.08
83082,0.02
83083,0.08
83084,0.02
83085,0.02
83086,0.14
83087,0.01
83088,0.0
83089,0.03
83090,0.0
83091,0.0
83092,0.26
83093,0.31
83094,0.09
83095,0.02
83096,0.03
83097,0.01
83098,0.12
83099,0.13
83100,0.0
83101,0.31
83102,0.07
83103,0.02
83104,0.11
83105,0.03
83106,0.0
83107,0.2
83108,0.02
83109,0.04
83110,0.01
83111,0.01
83112,0.22
83113,0.01
83114,0.06
83115,0.0
83116,0.0
83117,0.09
83118,0.07
83119,0.0
83120,0.06
83121,0.19
83122,0.03
83123,0.03
83124,0.0
83125,0.55
83126,0.0
83127,0.02
83128,0.01
83129,0.11
83130,0.02
83131,0.22
83132,0.0
83133,0.03
83134,0.0
83135,0.0
83136,0.12
83137,0.01
83138,0.04
83139,0.0
83140,0.0
83141,0.0
83142,0.05
83143,0.06
83144,0.0
83145,0.29
83146,0.0
83147,0.01
83148,0.17
83149,0.0
83150,0.28
83151,0.01
83152,0.0
83153,0.02
83154,0.04
83155,0.23
83156,0.01
83157,0.01
83158,0.0
83159,0.15
83160,0.04
83161,0.05
83162,0.0
83163,0.0
83164,0.47
83165,0.01
83166,0.0
83167,0.02
83168,0.08
83169,0.04
83170,0.08
83171,0.01
83172,0.03
83173,0.03
83174,0.0
83175,0.0
83176,0.0
83177,0.01
83178,0.03
83179,0.0
83180,0.04
83181,0.0
83182,0.0
83183,0.48
83184,0.01
83185,0.0
83186,0.01
83187,0.4
83188,0.11
83189,0.07
83190,0.04
83191,0.0
83192,0.22
83193,0.25
83194,0.0
83195,0.01
83196,0.04
83197,0.07
83198,0.02
83199,0.24
83200,0.05
83201,0.02
83202,0.0
83203,0.0
83204,0.01
83205,0.2
83206,0.05
83207,0.01
83208,0.0
83209,0.21
83210,0.01
83211,0.0
83212,0.01
83213,0.04
83214,0.01
83215,0.06
83216,0.03
83217,0.0
83218,0.22
83219,0.01
83220,0.17
83221,0.0
83222,0.03
83223,0.18
83224,0.01
83225,0.35
83226,0.0
83227,0.0
83228,0.1
83229,0.01
83230,0.0
83231,0.1
83232,0.02
83233,0.0
83234,0.01
83235,0.02
83236,0.01
83237,0.15
83238,0.02
83239,0.0
83240,0.01
83241,0.0
83242,0.26
83243,0.14
83244,0.03
83245,0.01
83246,0.0
83247,0.11
83248,0.47
83249,0.0
83250,0.02
83251,0.02
83252,0.01
83253,0.0
83254,0.01
83255,0.0
83256,0.03
83257,0.0
83258,0.71
83259,0.01
83260,0.0
83261,0.03
83262,0.0
83263,0.01
83264,0.0
83265,0.05
83266,0.02
83267,0.07
83268,0.03
83269,0.11
83270,0.0
83271,0.01
83272,0.01
83273,0.13
83274,0.0
83275,0.01
83276,0.01
83277,0.03
83278,0.01
83279,0.0
83280,0.13
83281,0.03
83282,0.34
83283,0.04
83284,0.02
83285,0.01
83286,0.08
83287,0.04
83288,0.0
83289,0.01
83290,0.54
83291,0.15
83292,0.0
83293,0.0
83294,0.01
83295,0.01
83296,0.0
83297,0.01
83298,0.33
83299,0.83
83300,0.0
83301,0.41
83302,0.04
83303,0.01
83304,0.0
83305,0.13
83306,0.07
83307,0.01
83308,0.0
83309,0.0
83310,0.07
83311,0.21
83312,0.0
83313,0.01
83314,0.09
83315,0.01
83316,0.03
83317,0.14
83318,0.0
83319,0.01
83320,0.01
83321,0.0
83322,0.09
83323,0.51
83324,0.0
83325,0.06
83326,0.04
83327,0.0
83328,0.01
83329,0.01
83330,0.01
83331,0.1
83332,0.23
83333,0.0
83334,0.0
83335,0.01
83336,0.15
83337,0.0
83338,0.0
83339,0.0
83340,0.0
83341,0.06
83342,0.05
83343,0.08
83344,0.06
83345,0.19
83346,0.0
83347,0.0
83348,0.04
83349,0.02
83350,0.01
83351,0.02
83352,0.29
83353,0.1
83354,0.39
83355,0.15
83356,0.14
83357,0.01
83358,0.01
83359,0.28
83360,0.09
83361,0.02
83362,0.0
83363,0.12
83364,0.0
83365,0.05
83366,0.01
83367,0.04
83368,0.16
83369,0.01
83370,0.0
83371,0.1
83372,0.02
83373,0.13
83374,0.07
83375,0.01
83376,0.03
83377,0.0
83378,0.02
83379,0.0
83380,0.0
83381,0.02
83382,0.13
83383,0.14
83384,0.01
83385,0.01
83386,0.12
83387,0.0
83388,0.0
83389,0.0
83390,0.03
83391,0.0
83392,0.33
83393,0.0
83394,0.06
83395,0.0
83396,0.31
83397,0.01
83398,0.0
83399,0.0
83400,0.0
83401,0.0
83402,0.0
83403,0.05
83404,0.04
83405,0.03
83406,0.01
83407,0.06
83408,0.09
83409,0.03
83410,0.1
83411,0.03
83412,0.45
83413,0.3
83414,0.04
83415,0.0
83416,0.06
83417,0.04
83418,0.0
83419,0.09
83420,0.0
83421,0.0
83422,0.01
83423,0.05
83424,0.0
83425,0.0
83426,0.04
83427,0.04
83428,0.02
83429,0.03
83430,0.0
83431,0.02
83432,0.03
83433,0.08
83434,0.02
83435,0.23
83436,0.0
83437,0.31
83438,0.02
83439,0.03
83440,0.03
83441,0.03
83442,0.03
83443,0.35
83444,0.01
83445,0.03
83446,0.1
83447,0.0
83448,0.01
83449,0.16
83450,0.02
83451,0.0
83452,0.04
83453,0.05
83454,0.02
83455,0.07
83456,0.17
83457,0.0
83458,0.0
83459,0.0
83460,0.12
83461,0.01
83462,0.11
83463,0.05
83464,0.1
83465,0.04
83466,0.01
83467,0.37
83468,0.02
83469,0.04
83470,0.11
83471,0.02
83472,0.01
83473,0.14
83474,0.0
83475,0.05
83476,0.02
83477,0.16
83478,0.0
83479,0.03
83480,0.1
83481,0.0
83482,0.09
83483,0.03
83484,0.01
83485,0.04
83486,0.35
83487,0.0
83488,0.01
83489,0.0
83490,0.0
83491,0.08
83492,0.13
83493,0.0
83494,0.04
83495,0.08
83496,0.01
83497,0.16
83498,0.0
83499,0.38
83500,0.04
83501,0.04
83502,0.28
83503,0.01
83504,0.02
83505,0.01
83506,0.03
83507,0.0
83508,0.0
83509,0.72
83510,0.03
83511,0.04
83512,0.0
83513,0.0
83514,0.05
83515,0.16
83516,0.0
83517,0.21
83518,0.02
83519,0.04
83520,0.07
83521,0.03
83522,0.1
83523,0.36
83524,0.05
83525,0.08
83526,0.29
83527,0.08
83528,0.0
83529,0.01
83530,0.0
83531,0.05
83532,0.03
83533,0.05
83534,0.03
83535,0.01
83536,0.0
83537,0.01
83538,0.0
83539,0.0
83540,0.0
83541,0.01
83542,0.06
83543,0.38
83544,0.01
83545,0.0
83546,0.02
83547,0.1
83548,0.03
83549,0.0
83550,0.06
83551,0.14
83552,0.0
83553,0.03
83554,0.05
83555,0.47
83556,0.01
83557,0.0
83558,0.0
83559,0.0
83560,0.0
83561,0.0
83562,0.07
83563,0.0
83564,0.01
83565,0.03
83566,0.03
83567,0.22
83568,0.0
83569,0.06
83570,0.01
83571,0.0
83572,0.11
83573,0.11
83574,0.02
83575,0.07
83576,0.06
83577,0.0
83578,0.0
83579,0.08
83580,0.01
83581,0.0
83582,0.0
83583,0.0
83584,0.61
83585,0.01
83586,0.06
83587,0.33
83588,0.12
83589,0.0
83590,0.01
83591,0.31
83592,0.03
83593,0.01
83594,0.35
83595,0.01
83596,0.0
83597,0.0
83598,0.12
83599,0.01
83600,0.37
83601,0.11
83602,0.05
83603,0.0
83604,0.38
83605,0.0
83606,0.0
83607,0.53
83608,0.01
83609,0.11
83610,0.01
83611,0.11
83612,0.01
83613,0.05
83614,0.04
83615,0.35
83616,0.01
83617,0.05
83618,0.0
83619,0.01
83620,0.02
83621,0.0
83622,0.07
83623,0.55
83624,0.19
83625,0.04
83626,0.0
83627,0.06
83628,0.04
83629,0.0
83630,0.06
83631,0.68
83632,0.21
83633,0.02
83634,0.01
83635,0.04
83636,0.02
83637,0.01
83638,0.13
83639,0.0
83640,0.2
83641,0.02
83642,0.01
83643,0.07
83644,0.32
83645,0.83
83646,0.09
83647,0.03
83648,0.01
83649,0.0
83650,0.03
83651,0.02
83652,0.03
83653,0.07
83654,0.0
83655,0.0
83656,0.02
83657,0.03
83658,0.0
83659,0.0
83660,0.12
83661,0.15
83662,0.32
83663,0.01
83664,0.0
83665,0.0
83666,0.0
83667,0.02
83668,0.0
83669,0.08
83670,0.0
83671,0.08
83672,0.0
83673,0.0
83674,0.06
83675,0.04
83676,0.01
83677,0.03
83678,0.02
83679,0.36
83680,0.18
83681,0.0
83682,0.0
83683,0.24
83684,0.0
83685,0.15
83686,0.04
83687,0.0
83688,0.0
83689,0.27
83690,0.05
83691,0.14
83692,0.15
83693,0.47
83694,0.01
83695,0.49
83696,0.0
83697,0.02
83698,0.01
83699,0.3
83700,0.01
83701,0.07
83702,0.03
83703,0.03
83704,0.01
83705,0.01
83706,0.03
83707,0.01
83708,0.02
83709,0.0
83710,0.03
83711,0.14
83712,0.02
83713,0.21
83714,0.0
83715,0.0
83716,0.0
83717,0.0
83718,0.03
83719,0.0
83720,0.0
83721,0.0
83722,0.47
83723,0.0
83724,0.03
83725,0.04
83726,0.01
83727,0.01
83728,0.0
83729,0.0
83730,0.16
83731,0.0
83732,0.02
83733,0.0
83734,0.0
83735,0.25
83736,0.0
83737,0.0
83738,0.42
83739,0.0
83740,0.03
83741,0.06
83742,0.03
83743,0.06
83744,0.05
83745,0.03
83746,0.28
83747,0.08
83748,0.07
83749,0.02
83750,0.0
83751,0.03
83752,0.11
83753,0.0
83754,0.14
83755,0.13
83756,0.04
83757,0.0
83758,0.01
83759,0.03
83760,0.0
83761,0.49
83762,0.01
83763,0.21
83764,0.0
83765,0.0
83766,0.32
83767,0.0
83768,0.01
83769,0.0
83770,0.19
83771,0.0
83772,0.1
83773,0.31
83774,0.0
83775,0.05
83776,0.09
83777,0.02
83778,0.02
83779,0.13
83780,0.1
83781,0.01
83782,0.05
83783,0.13
83784,0.0
83785,0.06
83786,0.0
83787,0.48
83788,0.05
83789,0.01
83790,0.01
83791,0.07
83792,0.06
83793,0.25
83794,0.08
83795,0.0
83796,0.0
83797,0.01
83798,0.16
83799,0.0
83800,0.31
83801,0.01
83802,0.15
83803,0.01
83804,0.1
83805,0.02
83806,0.15
83807,0.02
83808,0.06
83809,0.22
83810,0.0
83811,0.09
83812,0.01
83813,0.51
83814,0.14
83815,0.0
83816,0.08
83817,0.05
83818,0.0
83819,0.32
83820,0.0
83821,0.0
83822,0.0
83823,0.01
83824,0.01
83825,0.04
83826,0.01
83827,0.0
83828,0.0
83829,0.02
83830,0.0
83831,0.26
83832,0.18
83833,0.08
83834,0.0
83835,0.02
83836,0.03
83837,0.01
83838,0.03
83839,0.01
83840,0.05
83841,0.03
83842,0.03
83843,0.02
83844,0.02
83845,0.04
83846,0.1
83847,0.2
83848,0.03
83849,0.01
83850,0.07
83851,0.24
83852,0.04
83853,0.0
83854,0.02
83855,0.0
83856,0.02
83857,0.2
83858,0.0
83859,0.04
83860,0.0
83861,0.0
83862,0.09
83863,0.17
83864,0.02
83865,0.13
83866,0.02
83867,0.29
83868,0.09
83869,0.01
83870,0.0
83871,0.1
83872,0.12
83873,0.01
83874,0.27
83875,0.0
83876,0.42
83877,0.0
83878,0.0
83879,0.0
83880,0.01
83881,0.01
83882,0.02
83883,0.01
83884,0.0
83885,0.04
83886,0.02
83887,0.52
83888,0.05
83889,0.01
83890,0.03
83891,0.04
83892,0.01
83893,0.06
83894,0.0
83895,0.0
83896,0.08
83897,0.0
83898,0.0
83899,0.02
83900,0.01
83901,0.0
83902,0.01
83903,0.0
83904,0.29
83905,0.32
83906,0.02
83907,0.03
83908,0.05
83909,0.0
83910,0.07
83911,0.12
83912,0.0
83913,0.0
83914,0.0
83915,0.08
83916,0.02
83917,0.01
83918,0.07
83919,0.08
83920,0.0
83921,0.01
83922,0.0
83923,0.02
83924,0.01
83925,0.0
83926,0.01
83927,0.0
83928,0.07
83929,0.26
83930,0.09
83931,0.02
83932,0.05
83933,0.2
83934,0.0
83935,0.08
83936,0.22
83937,0.0
83938,0.03
83939,0.0
83940,0.04
83941,0.0
83942,0.01
83943,0.02
83944,0.06
83945,0.0
83946,0.05
83947,0.12
83948,0.06
83949,0.01
83950,0.31
83951,0.03
83952,0.03
83953,0.07
83954,0.01
83955,0.12
83956,0.0
83957,0.0
83958,0.0
83959,0.01
83960,0.0
83961,0.02
83962,0.05
83963,0.04
83964,0.02
83965,0.07
83966,0.01
83967,0.0
83968,0.0
83969,0.01
83970,0.01
83971,0.03
83972,0.06
83973,0.08
83974,0.0
83975,0.0
83976,0.04
83977,0.15
83978,0.13
83979,0.36
83980,0.03
83981,0.07
83982,0.28
83983,0.0
83984,0.0
83985,0.07
83986,0.01
83987,0.0
83988,0.0
83989,0.07
83990,0.03
83991,0.04
83992,0.32
83993,0.03
83994,0.0
83995,0.02
83996,0.16
83997,0.3
83998,0.0
83999,0.0
84000,0.02
84001,0.06
84002,0.08
84003,0.04
84004,0.27
84005,0.07
84006,0.0
84007,0.05
84008,0.01
84009,0.0
84010,0.0
84011,0.03
84012,0.04
84013,0.03
84014,0.11
84015,0.33
84016,0.05
84017,0.12
84018,0.0
84019,0.02
84020,0.07
84021,0.01
84022,0.01
84023,0.01
84024,0.0
84025,0.01
84026,0.0
84027,0.04
84028,0.15
84029,0.05
84030,0.0
84031,0.02
84032,0.02
84033,0.13
84034,0.0
84035,0.04
84036,0.04
84037,0.25
84038,0.0
84039,0.0
84040,0.0
84041,0.06
84042,0.01
84043,0.0
84044,0.0
84045,0.46
84046,0.01
84047,0.0
84048,0.03
84049,0.0
84050,0.0
84051,0.31
84052,0.0
84053,0.0
84054,0.02
84055,0.4
84056,0.0
84057,0.0
84058,0.0
84059,0.19
84060,0.28
84061,0.0
84062,0.0
84063,0.0
84064,0.0
84065,0.0
84066,0.02
84067,0.03
84068,0.0
84069,0.45
84070,0.0
84071,0.04
84072,0.01
84073,0.0
84074,0.12
84075,0.03
84076,0.06
84077,0.03
84078,0.05
84079,0.01
84080,0.39
84081,0.09
84082,0.08
84083,0.0
84084,0.02
84085,0.01
84086,0.01
84087,0.02
84088,0.0
84089,0.15
84090,0.25
84091,0.01
84092,0.0
84093,0.02
84094,0.06
84095,0.0
84096,0.0
84097,0.1
84098,0.31
84099,0.27
84100,0.02
84101,0.09
84102,0.04
84103,0.0
84104,0.01
84105,0.02
84106,0.0
84107,0.08
84108,0.37
84109,0.02
84110,0.24
84111,0.0
84112,0.04
84113,0.01
84114,0.03
84115,0.02
84116,0.05
84117,0.05
84118,0.03
84119,0.04
84120,0.0
84121,0.05
84122,0.0
84123,0.21
84124,0.03
84125,0.01
84126,0.0
84127,0.4
84128,0.04
84129,0.02
84130,0.13
84131,0.03
84132,0.01
84133,0.01
84134,0.0
84135,0.01
84136,0.03
84137,0.12
84138,0.0
84139,0.0
84140,0.05
84141,0.26
84142,0.22
84143,0.48
84144,0.01
84145,0.01
84146,0.0
84147,0.0
84148,0.0
84149,0.01
84150,0.0
84151,0.17
84152,0.0
84153,0.03
84154,0.0
84155,0.17
84156,0.0
84157,0.0
84158,0.01
84159,0.0
84160,0.17
84161,0.01
84162,0.0
84163,0.02
84164,0.02
84165,0.03
84166,0.16
84167,0.0
84168,0.01
84169,0.01
84170,0.12
84171,0.09
84172,0.01
84173,0.09
84174,0.01
84175,0.01
84176,0.03
84177,0.39
84178,0.0
84179,0.35
84180,0.0
84181,0.0
84182,0.39
84183,0.77
84184,0.09
84185,0.15
84186,0.16
84187,0.0
84188,0.35
84189,0.0
84190,0.0
84191,0.12
84192,0.0
84193,0.0
84194,0.03
84195,0.0
84196,0.01
84197,0.04
84198,0.02
84199,0.1
84200,0.04
84201,0.06
84202,0.12
84203,0.0
84204,0.0
84205,0.06
84206,0.18
84207,0.02
84208,0.03
84209,0.01
84210,0.0
84211,0.02
84212,0.0
84213,0.05
84214,0.05
84215,0.02
84216,0.0
84217,0.11
84218,0.0
84219,0.09
84220,0.03
84221,0.0
84222,0.03
84223,0.0
84224,0.0
84225,0.07
84226,0.02
84227,0.01
84228,0.0
84229,0.25
84230,0.42
84231,0.01
84232,0.0
84233,0.0
84234,0.0
84235,0.0
84236,0.39
84237,0.02
84238,0.0
84239,0.01
84240,0.01
84241,0.06
84242,0.61
84243,0.01
84244,0.0
84245,0.04
84246,0.0
84247,0.01
84248,0.02
84249,0.05
84250,0.12
84251,0.0
84252,0.0
84253,0.12
84254,0.09
84255,0.01
84256,0.35
84257,0.01
84258,0.01
84259,0.06
84260,0.01
84261,0.0
84262,0.01
84263,0.11
84264,0.0
84265,0.02
84266,0.05
84267,0.05
84268,0.0
84269,0.01
84270,0.15
84271,0.01
84272,0.0
84273,0.0
84274,0.07
84275,0.0
84276,0.01
84277,0.0
84278,0.2
84279,0.01
84280,0.01
84281,0.35
84282,0.07
84283,0.07
84284,0.0
84285,0.0
84286,0.52
84287,0.0
84288,0.0
84289,0.04
84290,0.0
84291,0.11
84292,0.22
84293,0.1
84294,0.03
84295,0.0
84296,0.53
84297,0.0
84298,0.3
84299,0.02
84300,0.0
84301,0.04
84302,0.09
84303,0.0
84304,0.0
84305,0.05
84306,0.0
84307,0.01
84308,0.0
84309,0.7
84310,0.69
84311,0.01
84312,0.28
84313,0.0
84314,0.07
84315,0.02
84316,0.05
84317,0.03
84318,0.02
84319,0.04
84320,0.02
84321,0.01
84322,0.18
84323,0.12
84324,0.0
84325,0.08
84326,0.04
84327,0.01
84328,0.0
84329,0.0
84330,0.1
84331,0.03
84332,0.05
84333,0.05
84334,0.02
84335,0.03
84336,0.0
84337,0.0
84338,0.05
84339,0.36
84340,0.01
84341,0.0
84342,0.02
84343,0.0
84344,0.0
84345,0.0
84346,0.14
84347,0.15
84348,0.08
84349,0.01
84350,0.03
84351,0.03
84352,0.06
84353,0.04
84354,0.02
84355,0.14
84356,0.1
84357,0.02
84358,0.01
84359,0.08
84360,0.35
84361,0.0
84362,0.0
84363,0.0
84364,0.04
84365,0.0
84366,0.0
84367,0.06
84368,0.01
84369,0.02
84370,0.01
84371,0.0
84372,0.01
84373,0.02
84374,0.08
84375,0.05
84376,0.1
84377,0.02
84378,0.06
84379,0.0
84380,0.0
84381,0.12
84382,0.17
84383,0.37
84384,0.0
84385,0.25
84386,0.02
84387,0.0
84388,0.0
84389,0.0
84390,0.0
84391,0.01
84392,0.04
84393,0.02
84394,0.01
84395,0.0
84396,0.0
84397,0.03
84398,0.01
84399,0.0
84400,0.0
84401,0.0
84402,0.0
84403,0.02
84404,0.03
84405,0.2
84406,0.02
84407,0.01
84408,0.06
84409,0.02
84410,0.49
84411,0.0
84412,0.11
84413,0.0
84414,0.01
84415,0.02
84416,0.0
84417,0.02
84418,0.05
84419,0.07
84420,0.03
84421,0.02
84422,0.01
84423,0.01
84424,0.0
84425,0.02
84426,0.0
84427,0.02
84428,0.0
84429,0.06
84430,0.06
84431,0.31
84432,0.07
84433,0.0
84434,0.01
84435,0.09
84436,0.3
84437,0.54
84438,0.03
84439,0.12
84440,0.18
84441,0.03
84442,0.08
84443,0.0
84444,0.01
84445,0.02
84446,0.11
84447,0.0
84448,0.0
84449,0.06
84450,0.0
84451,0.07
84452,0.11
84453,0.0
84454,0.0
84455,0.0
84456,0.0
84457,0.01
84458,0.01
84459,0.02
84460,0.0
84461,0.0
84462,0.07
84463,0.01
84464,0.05
84465,0.12
84466,0.03
84467,0.0
84468,0.0
84469,0.01
84470,0.01
84471,0.0
84472,0.0
84473,0.02
84474,0.0
84475,0.04
84476,0.01
84477,0.07
84478,0.01
84479,0.0
84480,0.04
84481,0.01
84482,0.05
84483,0.08
84484,0.04
84485,0.08
84486,0.0
84487,0.0
84488,0.13
84489,0.02
84490,0.08
84491,0.04
84492,0.18
84493,0.0
84494,0.08
84495,0.1
84496,0.48
84497,0.15
84498,0.67
84499,0.26
84500,0.03
84501,0.0
84502,0.01
84503,0.0
84504,0.11
84505,0.04
84506,0.04
84507,0.09
84508,0.35
84509,0.32
84510,0.21
84511,0.03
84512,0.0
84513,0.01
84514,0.0
84515,0.0
84516,0.0
84517,0.32
84518,0.0
84519,0.24
84520,0.59
84521,0.0
84522,0.0
84523,0.0
84524,0.0
84525,0.0
84526,0.0
84527,0.04
84528,0.01
84529,0.01
84530,0.0
84531,0.01
84532,0.0
84533,0.0
84534,0.12
84535,0.0
84536,0.07
84537,0.06
84538,0.0
84539,0.2
84540,0.05
84541,0.02
84542,0.33
84543,0.1
84544,0.01
84545,0.01
84546,0.02
84547,0.0
84548,0.08
84549,0.01
84550,0.0
84551,0.0
84552,0.07
84553,0.04
84554,0.02
84555,0.1
84556,0.04
84557,0.02
84558,0.0
84559,0.03
84560,0.0
84561,0.0
84562,0.19
84563,0.03
84564,0.01
84565,0.01
84566,0.0
84567,0.0
84568,0.04
84569,0.06
84570,0.05
84571,0.05
84572,0.0
84573,0.01
84574,0.0
84575,0.0
84576,0.04
84577,0.0
84578,0.0
84579,0.0
84580,0.07
84581,0.0
84582,0.02
84583,0.14
84584,0.0
84585,0.04
84586,0.2
84587,0.13
84588,0.03
84589,0.49
84590,0.25
84591,0.05
84592,0.03
84593,0.0
84594,0.04
84595,0.0
84596,0.1
84597,0.02
84598,0.0
84599,0.08
84600,0.11
84601,0.01
84602,0.0
84603,0.01
84604,0.3
84605,0.02
84606,0.02
84607,0.0
84608,0.01
84609,0.7
84610,0.06
84611,0.0
84612,0.03
84613,0.0
84614,0.0
84615,0.3
84616,0.0
84617,0.0
84618,0.0
84619,0.04
84620,0.12
84621,0.01
84622,0.03
84623,0.0
84624,0.21
84625,0.01
84626,0.12
84627,0.04
84628,0.21
84629,0.06
84630,0.01
84631,0.0
84632,0.19
84633,0.01
84634,0.08
84635,0.01
84636,0.03
84637,0.0
84638,0.0
84639,0.01
84640,0.04
84641,0.1
84642,0.0
84643,0.08
84644,0.0
84645,0.0
84646,0.0
84647,0.01
84648,0.02
84649,0.3
84650,0.01
84651,0.0
84652,0.04
84653,0.73
84654,0.02
84655,0.0
84656,0.0
84657,0.0
84658,0.0
84659,0.07
84660,0.02
84661,0.35
84662,0.0
84663,0.21
84664,0.08
84665,0.0
84666,0.06
84667,0.0
84668,0.0
84669,0.12
84670,0.04
84671,0.04
84672,0.02
84673,0.01
84674,0.0
84675,0.02
84676,0.03
84677,0.18
84678,0.21
84679,0.0
84680,0.01
84681,0.13
84682,0.0
84683,0.01
84684,0.25
84685,0.36
84686,0.0
84687,0.1
84688,0.03
84689,0.02
84690,0.05
84691,0.02
84692,0.0
84693,0.1
84694,0.02
84695,0.16
84696,0.03
84697,0.21
84698,0.0
84699,0.0
84700,0.02
84701,0.05
84702,0.15
84703,0.06
84704,0.07
84705,0.05
84706,0.0
84707,0.03
84708,0.05
84709,0.03
84710,0.0
84711,0.0
84712,0.01
84713,0.01
84714,0.0
84715,0.0
84716,0.0
84717,0.0
84718,0.06
84719,0.01
84720,0.04
84721,0.09
84722,0.03
84723,0.02
84724,0.03
84725,0.0
84726,0.01
84727,0.04
84728,0.07
84729,0.0
84730,0.0
84731,0.01
84732,0.07
84733,0.11
84734,0.0
84735,0.0
84736,0.47
84737,0.25
84738,0.0
84739,0.0
84740,0.05
84741,0.0
84742,0.0
84743,0.03
84744,0.05
84745,0.13
84746,0.07
84747,0.01
84748,0.12
84749,0.0
84750,0.03
84751,0.01
84752,0.12
84753,0.0
84754,0.02
84755,0.02
84756,0.46
84757,0.19
84758,0.08
84759,0.17
84760,0.04
84761,0.01
84762,0.01
84763,0.02
84764,0.02
84765,0.29
84766,0.13
84767,0.02
84768,0.01
84769,0.0
84770,0.81
84771,0.19
84772,0.01
84773,0.0
84774,0.0
84775,0.12
84776,0.03
84777,0.0
84778,0.09
84779,0.0
84780,0.07
84781,0.01
84782,0.11
84783,0.02
84784,0.0
84785,0.0
84786,0.03
84787,0.0
84788,0.03
84789,0.23
84790,0.14
84791,0.13
84792,0.25
84793,0.03
84794,0.0
84795,0.01
84796,0.09
84797,0.01
84798,0.0
84799,0.0
84800,0.03
84801,0.0
84802,0.1
84803,0.06
84804,0.01
84805,0.04
84806,0.28
84807,0.01
84808,0.0
84809,0.0
84810,0.02
84811,0.03
84812,0.15
84813,0.1
84814,0.01
84815,0.46
84816,0.15
84817,0.05
84818,0.0
84819,0.0
84820,0.07
84821,0.03
84822,0.13
84823,0.02
84824,0.16
84825,0.02
84826,0.07
84827,0.23
84828,0.13
84829,0.07
84830,0.29
84831,0.64
84832,0.0
84833,0.14
84834,0.01
84835,0.05
84836,0.03
84837,0.03
84838,0.01
84839,0.1
84840,0.13
84841,0.07
84842,0.02
84843,0.0
84844,0.15
84845,0.05
84846,0.01
84847,0.0
84848,0.0
84849,0.01
84850,0.05
84851,0.05
84852,0.01
84853,0.06
84854,0.01
84855,0.0
84856,0.22
84857,0.17
84858,0.24
84859,0.07
84860,0.05
84861,0.23
84862,0.05
84863,0.02
84864,0.01
84865,0.0
84866,0.0
84867,0.23
84868,0.0
84869,0.07
84870,0.02
84871,0.0
84872,0.0
84873,0.41
84874,0.0
84875,0.17
84876,0.01
84877,0.0
84878,0.61
84879,0.01
84880,0.04
84881,0.0
84882,0.0
84883,0.0
84884,0.4
84885,0.0
84886,0.06
84887,0.01
84888,0.02
84889,0.0
84890,0.0
84891,0.0
84892,0.0
84893,0.06
84894,0.0
84895,0.59
84896,0.09
84897,0.02
84898,0.0
84899,0.05
84900,0.03
84901,0.02
84902,0.09
84903,0.01
84904,0.11
84905,0.03
84906,0.03
84907,0.06
84908,0.01
84909,0.09
84910,0.15
84911,0.06
84912,0.0
84913,0.09
84914,0.01
84915,0.0
84916,0.0
84917,0.05
84918,0.0
84919,0.0
84920,0.0
84921,0.04
84922,0.0
84923,0.02
84924,0.03
84925,0.24
84926,0.0
84927,0.13
84928,0.18
84929,0.0
84930,0.34
84931,0.06
84932,0.06
84933,0.46
84934,0.02
84935,0.09
84936,0.2
84937,0.0
84938,0.01
84939,0.01
84940,0.04
84941,0.01
84942,0.0
84943,0.02
84944,0.0
84945,0.02
84946,0.01
84947,0.01
84948,0.0
84949,0.0
84950,0.01
84951,0.01
84952,0.0
84953,0.0
84954,0.0
84955,0.0
84956,0.01
84957,0.33
84958,0.0
84959,0.06
84960,0.22
84961,0.02
84962,0.04
84963,0.0
84964,0.33
84965,0.01
84966,0.1
84967,0.05
84968,0.1
84969,0.0
84970,0.01
84971,0.0
84972,0.01
84973,0.08
84974,0.0
84975,0.0
84976,0.04
84977,0.19
84978,0.08
84979,0.03
84980,0.01
84981,0.12
84982,0.03
84983,0.0
84984,0.05
84985,0.02
84986,0.1
84987,0.0
84988,0.15
84989,0.0
84990,0.03
84991,0.0
84992,0.0
84993,0.0
84994,0.01
84995,0.11
84996,0.02
84997,0.06
84998,0.16
84999,0.03
85000,0.03
85001,0.04
85002,0.04
85003,0.0
85004,0.0
85005,0.04
85006,0.0
85007,0.19
85008,0.0
85009,0.05
85010,0.12
85011,0.06
85012,0.0
85013,0.29
85014,0.0
85015,0.16
85016,0.13
85017,0.0
85018,0.41
85019,0.0
85020,0.11
85021,0.0
85022,0.08
85023,0.01
85024,0.04
85025,0.0
85026,0.18
85027,0.07
85028,0.23
85029,0.03
85030,0.0
85031,0.01
85032,0.1
85033,0.12
85034,0.05
85035,0.01
85036,0.05
85037,0.01
85038,0.01
85039,0.0
85040,0.06
85041,0.0
85042,0.0
85043,0.0
85044,0.08
85045,0.0
85046,0.0
85047,0.02
85048,0.44
85049,0.05
85050,0.01
85051,0.06
85052,0.0
85053,0.0
85054,0.07
85055,0.0
85056,0.04
85057,0.03
85058,0.23
85059,0.02
85060,0.0
85061,0.02
85062,0.01
85063,0.01
85064,0.01
85065,0.31
85066,0.08
85067,0.5
85068,0.02
85069,0.02
85070,0.46
85071,0.0
85072,0.0
85073,0.31
85074,0.02
85075,0.15
85076,0.01
85077,0.01
85078,0.09
85079,0.25
85080,0.11
85081,0.01
85082,0.21
85083,0.04
85084,0.04
85085,0.48
85086,0.0
85087,0.26
85088,0.01
85089,0.0
85090,0.03
85091,0.1
85092,0.0
85093,0.02
85094,0.07
85095,0.07
85096,0.0
85097,0.0
85098,0.01
85099,0.0
85100,0.04
85101,0.03
85102,0.52
85103,0.1
85104,0.09
85105,0.02
85106,0.0
85107,0.01
85108,0.01
85109,0.23
85110,0.0
85111,0.0
85112,0.4
85113,0.0
85114,0.0
85115,0.0
85116,0.14
85117,0.0
85118,0.02
85119,0.03
85120,0.18
85121,0.0
85122,0.1
85123,0.02
85124,0.09
85125,0.37
85126,0.0
85127,0.02
85128,0.06
85129,0.01
85130,0.0
85131,0.0
85132,0.01
85133,0.03
85134,0.02
85135,0.02
85136,0.02
85137,0.0
85138,0.06
85139,0.05
85140,0.01
85141,0.01
85142,0.0
85143,0.06
85144,0.01
85145,0.03
85146,0.0
85147,0.0
85148,0.09
85149,0.03
85150,0.09
85151,0.19
85152,0.0
85153,0.04
85154,0.0
85155,0.15
85156,0.19
85157,0.01
85158,0.0
85159,0.06
85160,0.01
85161,0.03
85162,0.0
85163,0.05
85164,0.0
85165,0.03
85166,0.02
85167,0.06
85168,0.0
85169,0.0
85170,0.01
85171,0.02
85172,0.02
85173,0.12
85174,0.0
85175,0.02
85176,0.15
85177,0.01
85178,0.02
85179,0.0
85180,0.28
85181,0.49
85182,0.08
85183,0.47
85184,0.08
85185,0.0
85186,0.17
85187,0.0
85188,0.27
85189,0.01
85190,0.0
85191,0.0
85192,0.0
85193,0.06
85194,0.08
85195,0.07
85196,0.01
85197,0.0
85198,0.01
85199,0.14
85200,0.03
85201,0.0
85202,0.01
85203,0.06
85204,0.03
85205,0.08
85206,0.0
85207,0.0
85208,0.15
85209,0.08
85210,0.0
85211,0.0
85212,0.18
85213,0.03
85214,0.16
85215,0.0
85216,0.01
85217,0.15
85218,0.1
85219,0.01
85220,0.11
85221,0.05
85222,0.11
85223,0.0
85224,0.0
85225,0.14
85226,0.0
85227,0.0
85228,0.03
85229,0.02
85230,0.09
85231,0.0
85232,0.03
85233,0.01
85234,0.0
85235,0.0
85236,0.0
85237,0.04
85238,0.04
85239,0.03
85240,0.01
85241,0.0
85242,0.02
85243,0.0
85244,0.3
85245,0.0
85246,0.01
85247,0.04
85248,0.01
85249,0.14
85250,0.0
85251,0.08
85252,0.02
85253,0.01
85254,0.06
85255,0.18
85256,0.02
85257,0.0
85258,0.03
85259,0.07
85260,0.01
85261,0.07
85262,0.03
85263,0.1
85264,0.1
85265,0.02
85266,0.1
85267,0.04
85268,0.01
85269,0.34
85270,0.0
85271,0.01
85272,0.0
85273,0.02
85274,0.0
85275,0.0
85276,0.03
85277,0.05
85278,0.03
85279,0.02
85280,0.01
85281,0.04
85282,0.0
85283,0.02
85284,0.33
85285,0.03
85286,0.0
85287,0.05
85288,0.18
85289,0.0
85290,0.01
85291,0.12
85292,0.01
85293,0.0
85294,0.01
85295,0.01
85296,0.08
85297,0.19
85298,0.56
85299,0.07
85300,0.06
85301,0.0
85302,0.0
85303,0.0
85304,0.04
85305,0.01
85306,0.08
85307,0.09
85308,0.01
85309,0.24
85310,0.0
85311,0.02
85312,0.02
85313,0.03
85314,0.12
85315,0.05
85316,0.02
85317,0.02
85318,0.0
85319,0.0
85320,0.0
85321,0.02
85322,0.0
85323,0.01
85324,0.1
85325,0.0
85326,0.46
85327,0.01
85328,0.0
85329,0.0
85330,0.18
85331,0.0
85332,0.0
85333,0.21
85334,0.0
85335,0.01
85336,0.27
85337,0.42
85338,0.0
85339,0.02
85340,0.03
85341,0.02
85342,0.0
85343,0.13
85344,0.0
85345,0.04
85346,0.14
85347,0.01
85348,0.03
85349,0.16
85350,0.08
85351,0.02
85352,0.03
85353,0.08
85354,0.04
85355,0.01
85356,0.07
85357,0.02
85358,0.0
85359,0.0
85360,0.08
85361,0.32
85362,0.0
85363,0.02
85364,0.03
85365,0.02
85366,0.02
85367,0.01
85368,0.09
85369,0.32
85370,0.03
85371,0.0
85372,0.0
85373,0.14
85374,0.03
85375,0.02
85376,0.0
85377,0.01
85378,0.02
85379,0.03
85380,0.11
85381,0.07
85382,0.03
85383,0.76
85384,0.2
85385,0.03
85386,0.0
85387,0.08
85388,0.03
85389,0.03
85390,0.0
85391,0.01
85392,0.12
85393,0.01
85394,0.0
85395,0.0
85396,0.17
85397,0.0
85398,0.04
85399,0.02
85400,0.02
85401,0.0
85402,0.0
85403,0.01
85404,0.01
85405,0.0
85406,0.18
85407,0.03
85408,0.0
85409,0.04
85410,0.01
85411,0.01
85412,0.42
85413,0.09
85414,0.04
85415,0.32
85416,0.58
85417,0.02
85418,0.02
85419,0.11
85420,0.0
85421,0.0
85422,0.08
85423,0.21
85424,0.02
85425,0.0
85426,0.22
85427,0.0
85428,0.05
85429,0.0
85430,0.07
85431,0.04
85432,0.22
85433,0.05
85434,0.0
85435,0.09
85436,0.11
85437,0.0
85438,0.01
85439,0.0
85440,0.01
85441,0.01
85442,0.1
85443,0.05
85444,0.0
85445,0.12
85446,0.03
85447,0.02
85448,0.03
85449,0.42
85450,0.0
85451,0.06
85452,0.11
85453,0.09
85454,0.03
85455,0.0
85456,0.08
85457,0.04
85458,0.01
85459,0.04
85460,0.2
85461,0.0
85462,0.04
85463,0.64
85464,0.02
85465,0.07
85466,0.0
85467,0.0
85468,0.0
85469,0.0
85470,0.13
85471,0.01
85472,0.04
85473,0.01
85474,0.21
85475,0.0
85476,0.4
85477,0.0
85478,0.11
85479,0.0
85480,0.0
85481,0.0
85482,0.0
85483,0.01
85484,0.0
85485,0.01
85486,0.05
85487,0.04
85488,0.0
85489,0.0
85490,0.01
85491,0.07
85492,0.06
85493,0.02
85494,0.03
85495,0.02
85496,0.0
85497,0.01
85498,0.1
85499,0.09
85500,0.03
85501,0.02
85502,0.05
85503,0.07
85504,0.07
85505,0.0
85506,0.27
85507,0.05
85508,0.0
85509,0.0
85510,0.0
85511,0.0
85512,0.0
85513,0.01
85514,0.0
85515,0.09
85516,0.02
85517,0.0
85518,0.0
85519,0.03
85520,0.01
85521,0.07
85522,0.02
85523,0.0
85524,0.0
85525,0.03
85526,0.43
85527,0.57
85528,0.33
85529,0.05
85530,0.02
85531,0.36
85532,0.19
85533,0.0
85534,0.0
85535,0.0
85536,0.0
85537,0.01
85538,0.0
85539,0.01
85540,0.01
85541,0.01
85542,0.01
85543,0.29
85544,0.11
85545,0.01
85546,0.1
85547,0.01
85548,0.02
85549,0.0
85550,0.18
85551,0.0
85552,0.48
85553,0.0
85554,0.19
85555,0.17
85556,0.07
85557,0.0
85558,0.05
85559,0.1
85560,0.16
85561,0.16
85562,0.02
85563,0.0
85564,0.02
85565,0.0
85566,0.02
85567,0.05
85568,0.03
85569,0.23
85570,0.0
85571,0.0
85572,0.02
85573,0.01
85574,0.0
85575,0.02
85576,0.18
85577,0.0
85578,0.26
85579,0.0
85580,0.05
85581,0.05
85582,0.0
85583,0.0
85584,0.05
85585,0.12
85586,0.0
85587,0.06
85588,0.07
85589,0.01
85590,0.01
85591,0.0
85592,0.04
85593,0.02
85594,0.0
85595,0.07
85596,0.0
85597,0.19
85598,0.0
85599,0.01
85600,0.0
85601,0.0
85602,0.21
85603,0.03
85604,0.05
85605,0.0
85606,0.04
85607,0.01
85608,0.01
85609,0.42
85610,0.0
85611,0.07
85612,0.25
85613,0.32
85614,0.02
85615,0.1
85616,0.1
85617,0.13
85618,0.11
85619,0.01
85620,0.0
85621,0.0
85622,0.0
85623,0.0
85624,0.21
85625,0.05
85626,0.08
85627,0.02
85628,0.03
85629,0.1
85630,0.0
85631,0.0
85632,0.0
85633,0.03
85634,0.04
85635,0.03
85636,0.11
85637,0.04
85638,0.0
85639,0.11
85640,0.01
85641,0.0
85642,0.15
85643,0.02
85644,0.19
85645,0.02
85646,0.0
85647,0.16
85648,0.01
85649,0.0
85650,0.29
85651,0.23
85652,0.05
85653,0.0
85654,0.77
85655,0.0
85656,0.01
85657,0.0
85658,0.0
85659,0.14
85660,0.09
85661,0.02
85662,0.07
85663,0.07
85664,0.14
85665,0.05
85666,0.0
85667,0.01
85668,0.0
85669,0.0
85670,0.0
85671,0.14
85672,0.08
85673,0.06
85674,0.07
85675,0.03
85676,0.02
85677,0.13
85678,0.01
85679,0.1
85680,0.02
85681,0.0
85682,0.02
85683,0.0
85684,0.11
85685,0.0
85686,0.0
85687,0.02
85688,0.01
85689,0.01
85690,0.0
85691,0.07
85692,0.09
85693,0.0
85694,0.0
85695,0.0
85696,0.28
85697,0.0
85698,0.04
85699,0.03
85700,0.0
85701,0.0
85702,0.03
85703,0.01
85704,0.35
85705,0.01
85706,0.0
85707,0.33
85708,0.04
85709,0.16
85710,0.02
85711,0.01
85712,0.0
85713,0.03
85714,0.05
85715,0.1
85716,0.01
85717,0.06
85718,0.0
85719,0.08
85720,0.13
85721,0.02
85722,0.0
85723,0.05
85724,0.23
85725,0.0
85726,0.05
85727,0.0
85728,0.02
85729,0.03
85730,0.47
85731,0.03
85732,0.09
85733,0.05
85734,0.11
85735,0.1
85736,0.02
85737,0.01
85738,0.12
85739,0.0
85740,0.05
85741,0.02
85742,0.05
85743,0.29
85744,0.02
85745,0.2
85746,0.02
85747,0.03
85748,0.06
85749,0.03
85750,0.02
85751,0.03
85752,0.0
85753,0.0
85754,0.09
85755,0.0
85756,0.01
85757,0.0
85758,0.0
85759,0.0
85760,0.02
85761,0.01
85762,0.03
85763,0.0
85764,0.17
85765,0.03
85766,0.0
85767,0.01
85768,0.0
85769,0.01
85770,0.01
85771,0.04
85772,0.02
85773,0.15
85774,0.0
85775,0.35
85776,0.05
85777,0.0
85778,0.0
85779,0.01
85780,0.15
85781,0.0
85782,0.04
85783,0.0
85784,0.07
85785,0.0
85786,0.01
85787,0.41
85788,0.15
85789,0.02
85790,0.0
85791,0.38
85792,0.46
85793,0.06
85794,0.07
85795,0.01
85796,0.12
85797,0.0
85798,0.07
85799,0.0
85800,0.31
85801,0.1
85802,0.19
85803,0.01
85804,0.02
85805,0.0
85806,0.04
85807,0.01
85808,0.0
85809,0.0
85810,0.02
85811,0.14
85812,0.06
85813,0.87
85814,0.01
85815,0.73
85816,0.0
85817,0.13
85818,0.11
85819,0.0
85820,0.17
85821,0.02
85822,0.11
85823,0.01
85824,0.0
85825,0.05
85826,0.05
85827,0.0
85828,0.03
85829,0.16
85830,0.18
85831,0.0
85832,0.0
85833,0.0
85834,0.06
85835,0.11
85836,0.03
85837,0.01
85838,0.14
85839,0.02
85840,0.02
85841,0.01
85842,0.11
85843,0.0
85844,0.0
85845,0.02
85846,0.06
85847,0.04
85848,0.17
85849,0.1
85850,0.01
85851,0.16
85852,0.15
85853,0.03
85854,0.04
85855,0.32
85856,0.0
85857,0.07
85858,0.37
85859,0.04
85860,0.0
85861,0.03
85862,0.02
85863,0.08
85864,0.01
85865,0.36
85866,0.06
85867,0.0
85868,0.16
85869,0.01
85870,0.22
85871,0.03
85872,0.14
85873,0.07
85874,0.03
85875,0.0
85876,0.05
85877,0.01
85878,0.0
85879,0.11
85880,0.0
85881,0.02
85882,0.03
85883,0.04
85884,0.16
85885,0.0
85886,0.01
85887,0.05
85888,0.0
85889,0.47
85890,0.02
85891,0.03
85892,0.01
85893,0.02
85894,0.34
85895,0.16
85896,0.01
85897,0.0
85898,0.03
85899,0.0
85900,0.43
85901,0.05
85902,0.06
85903,0.02
85904,0.0
85905,0.02
85906,0.1
85907,0.4
85908,0.01
85909,0.02
85910,0.14
85911,0.14
85912,0.01
85913,0.25
85914,0.08
85915,0.11
85916,0.0
85917,0.33
85918,0.18
85919,0.0
85920,0.06
85921,0.24
85922,0.0
85923,0.04
85924,0.36
85925,0.08
85926,0.07
85927,0.0
85928,0.0
85929,0.0
85930,0.42
85931,0.01
85932,0.0
85933,0.21
85934,0.02
85935,0.02
85936,0.0
85937,0.02
85938,0.05
85939,0.08
85940,0.2
85941,0.02
85942,0.08
85943,0.0
85944,0.0
85945,0.16
85946,0.02
85947,0.07
85948,0.2
85949,0.28
85950,0.0
85951,0.0
85952,0.0
85953,0.07
85954,0.0
85955,0.01
85956,0.01
85957,0.06
85958,0.11
85959,0.34
85960,0.03
85961,0.02
85962,0.06
85963,0.01
85964,0.07
85965,0.14
85966,0.11
85967,0.07
85968,0.02
85969,0.21
85970,0.23
85971,0.17
85972,0.28
85973,0.02
85974,0.01
85975,0.06
85976,0.05
85977,0.1
85978,0.0
85979,0.1
85980,0.01
85981,0.02
85982,0.05
85983,0.25
85984,0.1
85985,0.05
85986,0.0
85987,0.0
85988,0.25
85989,0.02
85990,0.02
85991,0.29
85992,0.0
85993,0.09
85994,0.02
85995,0.01
85996,0.26
85997,0.0
85998,0.03
85999,0.09
86000,0.0
86001,0.04
86002,0.0
86003,0.0
86004,0.03
86005,0.22
86006,0.0
86007,0.0
86008,0.0
86009,0.02
86010,0.0
86011,0.06
86012,0.0
86013,0.01
86014,0.3
86015,0.01
86016,0.14
86017,0.02
86018,0.25
86019,0.06
86020,0.0
86021,0.09
86022,0.02
86023,0.03
86024,0.02
86025,0.01
86026,0.1
86027,0.03
86028,0.23
86029,0.15
86030,0.0
86031,0.02
86032,0.54
86033,0.03
86034,0.28
86035,0.0
86036,0.03
86037,0.04
86038,0.0
86039,0.06
86040,0.0
86041,0.04
86042,0.0
86043,0.06
86044,0.0
86045,0.01
86046,0.03
86047,0.04
86048,0.01
86049,0.05
86050,0.0
86051,0.0
86052,0.16
86053,0.12
86054,0.01
86055,0.0
86056,0.1
86057,0.23
86058,0.09
86059,0.0
86060,0.01
86061,0.0
86062,0.0
86063,0.01
86064,0.25
86065,0.03
86066,0.02
86067,0.02
86068,0.03
86069,0.01
86070,0.0
86071,0.0
86072,0.02
86073,0.0
86074,0.22
86075,0.12
86076,0.0
86077,0.16
86078,0.03
86079,0.18
86080,0.23
86081,0.04
86082,0.0
86083,0.03
86084,0.03
86085,0.39
86086,0.02
86087,0.07
86088,0.05
86089,0.37
86090,0.68
86091,0.01
86092,0.05
86093,0.2
86094,0.01
86095,0.05
86096,0.34
86097,0.01
86098,0.0
86099,0.04
86100,0.08
86101,0.02
86102,0.01
86103,0.01
86104,0.11
86105,0.24
86106,0.0
86107,0.08
86108,0.02
86109,0.01
86110,0.14
86111,0.01
86112,0.03
86113,0.01
86114,0.19
86115,0.04
86116,0.0
86117,0.13
86118,0.0
86119,0.0
86120,0.05
86121,0.0
86122,0.02
86123,0.42
86124,0.01
86125,0.4
86126,0.15
86127,0.22
86128,0.0
86129,0.03
86130,0.0
86131,0.01
86132,0.04
86133,0.0
86134,0.0
86135,0.01
86136,0.0
86137,0.01
86138,0.01
86139,0.09
86140,0.11
86141,0.06
86142,0.14
86143,0.0
86144,0.0
86145,0.03
86146,0.08
86147,0.09
86148,0.02
86149,0.06
86150,0.16
86151,0.31
86152,0.0
86153,0.05
86154,0.0
86155,0.0
86156,0.02
86157,0.0
86158,0.05
86159,0.27
86160,0.62
86161,0.04
86162,0.01
86163,0.03
86164,0.04
86165,0.02
86166,0.11
86167,0.0
86168,0.12
86169,0.26
86170,0.04
86171,0.54
86172,0.0
86173,0.01
86174,0.0
86175,0.01
86176,0.0
86177,0.03
86178,0.0
86179,0.01
86180,0.05
86181,0.1
86182,0.0
86183,0.04
86184,0.01
86185,0.41
86186,0.16
86187,0.02
86188,0.0
86189,0.12
86190,0.01
86191,0.2
86192,0.03
86193,0.0
86194,0.02
86195,0.04
86196,0.0
86197,0.48
86198,0.11
86199,0.16
86200,0.01
86201,0.0
86202,0.04
86203,0.01
86204,0.0
86205,0.0
86206,0.0
86207,0.0
86208,0.03
86209,0.05
86210,0.16
86211,0.02
86212,0.06
86213,0.0
86214,0.0
86215,0.07
86216,0.22
86217,0.04
86218,0.08
86219,0.0
86220,0.36
86221,0.03
86222,0.65
86223,0.0
86224,0.0
86225,0.15
86226,0.0
86227,0.14
86228,0.0
86229,0.31
86230,0.12
86231,0.03
86232,0.07
86233,0.09
86234,0.13
86235,0.02
86236,0.0
86237,0.0
86238,0.0
86239,0.0
86240,0.13
86241,0.01
86242,0.0
86243,0.01
86244,0.02
86245,0.0
86246,0.09
86247,0.0
86248,0.02
86249,0.0
86250,0.16
86251,0.0
86252,0.03
86253,0.03
86254,0.0
86255,0.02
86256,0.03
86257,0.0
86258,0.04
86259,0.13
86260,0.03
86261,0.0
86262,0.04
86263,0.0
86264,0.0
86265,0.16
86266,0.01
86267,0.0
86268,0.0
86269,0.02
86270,0.0
86271,0.28
86272,0.02
86273,0.0
86274,0.0
86275,0.0
86276,0.19
86277,0.04
86278,0.0
86279,0.02
86280,0.02
86281,0.03
86282,0.2
86283,0.0
86284,0.01
86285,0.22
86286,0.0
86287,0.05
86288,0.0
86289,0.0
86290,0.14
86291,0.14
86292,0.06
86293,0.12
86294,0.03
86295,0.0
86296,0.65
86297,0.33
86298,0.15
86299,0.13
86300,0.01
86301,0.03
86302,0.0
86303,0.01
86304,0.01
86305,0.0
86306,0.01
86307,0.05
86308,0.0
86309,0.42
86310,0.14
86311,0.01
86312,0.0
86313,0.0
86314,0.0
86315,0.0
86316,0.17
86317,0.01
86318,0.0
86319,0.08
86320,0.06
86321,0.02
86322,0.02
86323,0.02
86324,0.1
86325,0.01
86326,0.02
86327,0.0
86328,0.0
86329,0.0
86330,0.68
86331,0.0
86332,0.02
86333,0.0
86334,0.03
86335,0.0
86336,0.04
86337,0.65
86338,0.3
86339,0.0
86340,0.01
86341,0.08
86342,0.0
86343,0.02
86344,0.0
86345,0.02
86346,0.02
86347,0.09
86348,0.01
86349,0.0
86350,0.0
86351,0.34
86352,0.21
86353,0.05
86354,0.01
86355,0.3
86356,0.07
86357,0.04
86358,0.06
86359,0.38
86360,0.0
86361,0.02
86362,0.05
86363,0.04
86364,0.0
86365,0.08
86366,0.38
86367,0.06
86368,0.0
86369,0.0
86370,0.04
86371,0.03
86372,0.0
86373,0.11
86374,0.02
86375,0.01
86376,0.01
86377,0.1
86378,0.08
86379,0.0
86380,0.06
86381,0.04
86382,0.0
86383,0.06
86384,0.04
86385,0.05
86386,0.03
86387,0.09
86388,0.02
86389,0.1
86390,0.06
86391,0.01
86392,0.13
86393,0.01
86394,0.0
86395,0.16
86396,0.12
86397,0.0
86398,0.0
86399,0.0
86400,0.02
86401,0.01
86402,0.43
86403,0.0
86404,0.02
86405,0.03
86406,0.02
86407,0.0
86408,0.07
86409,0.16
86410,0.0
86411,0.0
86412,0.0
86413,0.26
86414,0.0
86415,0.0
86416,0.03
86417,0.12
86418,0.1
86419,0.0
86420,0.08
86421,0.05
86422,0.01
86423,0.04
86424,0.19
86425,0.0
86426,0.04
86427,0.01
86428,0.01
86429,0.0
86430,0.01
86431,0.04
86432,0.01
86433,0.0
86434,0.53
86435,0.0
86436,0.03
86437,0.0
86438,0.07
86439,0.02
86440,0.06
86441,0.1
86442,0.02
86443,0.08
86444,0.0
86445,0.01
86446,0.0
86447,0.02
86448,0.05
86449,0.0
86450,0.0
86451,0.0
86452,0.1
86453,0.36
86454,0.02
86455,0.01
86456,0.0
86457,0.18
86458,0.01
86459,0.01
86460,0.0
86461,0.0
86462,0.03
86463,0.44
86464,0.0
86465,0.02
86466,0.52
86467,0.78
86468,0.01
86469,0.04
86470,0.01
86471,0.01
86472,0.02
86473,0.04
86474,0.05
86475,0.03
86476,0.01
86477,0.0
86478,0.01
86479,0.37
86480,0.47
86481,0.0
86482,0.0
86483,0.0
86484,0.0
86485,0.02
86486,0.02
86487,0.05
86488,0.0
86489,0.05
86490,0.04
86491,0.02
86492,0.0
86493,0.05
86494,0.17
86495,0.56
86496,0.01
86497,0.02
86498,0.01
86499,0.01
86500,0.01
86501,0.29
86502,0.0
86503,0.05
86504,0.44
86505,0.07
86506,0.0
86507,0.04
86508,0.06
86509,0.01
86510,0.5
86511,0.05
86512,0.02
86513,0.0
86514,0.01
86515,0.34
86516,0.33
86517,0.04
86518,0.22
86519,0.24
86520,0.02
86521,0.01
86522,0.0
86523,0.01
86524,0.18
86525,0.02
86526,0.0
86527,0.12
86528,0.02
86529,0.0
86530,0.07
86531,0.11
86532,0.0
86533,0.0
86534,0.0
86535,0.07
86536,0.03
86537,0.24
86538,0.02
86539,0.09
86540,0.07
86541,0.06
86542,0.01
86543,0.01
86544,0.0
86545,0.03
86546,0.01
86547,0.02
86548,0.0
86549,0.09
86550,0.0
86551,0.02
86552,0.0
86553,0.01
86554,0.1
86555,0.19
86556,0.0
86557,0.0
86558,0.01
86559,0.04
86560,0.05
86561,0.09
86562,0.02
86563,0.0
86564,0.0
86565,0.03
86566,0.15
86567,0.16
86568,0.16
86569,0.29
86570,0.01
86571,0.12
86572,0.01
86573,0.01
86574,0.01
86575,0.3
86576,0.01
86577,0.02
86578,0.01
86579,0.0
86580,0.0
86581,0.05
86582,0.65
86583,0.01
86584,0.05
86585,0.38
86586,0.0
86587,0.01
86588,0.01
86589,0.04
86590,0.01
86591,0.21
86592,0.15
86593,0.0
86594,0.01
86595,0.01
86596,0.02
86597,0.0
86598,0.01
86599,0.0
86600,0.02
86601,0.01
86602,0.02
86603,0.0
86604,0.01
86605,0.08
86606,0.21
86607,0.07
86608,0.08
86609,0.02
86610,0.0
86611,0.0
86612,0.0
86613,0.03
86614,0.01
86615,0.0
86616,0.01
86617,0.01
86618,0.01
86619,0.01
86620,0.01
86621,0.02
86622,0.04
86623,0.0
86624,0.02
86625,0.03
86626,0.06
86627,0.23
86628,0.01
86629,0.0
86630,0.0
86631,0.02
86632,0.06
86633,0.1
86634,0.0
86635,0.04
86636,0.1
86637,0.05
86638,0.0
86639,0.32
86640,0.04
86641,0.0
86642,0.02
86643,0.02
86644,0.2
86645,0.0
86646,0.0
86647,0.0
86648,0.0
86649,0.01
86650,0.0
86651,0.14
86652,0.0
86653,0.01
86654,0.01
86655,0.01
86656,0.01
86657,0.04
86658,0.0
86659,0.03
86660,0.02
86661,0.04
86662,0.18
86663,0.03
86664,0.12
86665,0.08
86666,0.0
86667,0.05
86668,0.0
86669,0.04
86670,0.0
86671,0.32
86672,0.26
86673,0.04
86674,0.03
86675,0.0
86676,0.0
86677,0.06
86678,0.01
86679,0.0
86680,0.03
86681,0.0
86682,0.01
86683,0.09
86684,0.01
86685,0.0
86686,0.0
86687,0.59
86688,0.02
86689,0.0
86690,0.13
86691,0.05
86692,0.07
86693,0.03
86694,0.0
86695,0.0
86696,0.09
86697,0.02
86698,0.08
86699,0.0
86700,0.07
86701,0.01
86702,0.01
86703,0.0
86704,0.02
86705,0.01
86706,0.0
86707,0.02
86708,0.14
86709,0.0
86710,0.0
86711,0.01
86712,0.04
86713,0.04
86714,0.1
86715,0.0
86716,0.0
86717,0.03
86718,0.0
86719,0.43
86720,0.0
86721,0.42
86722,0.02
86723,0.02
86724,0.0
86725,0.01
86726,0.1
86727,0.02
86728,0.11
86729,0.03
86730,0.2
86731,0.0
86732,0.0
86733,0.0
86734,0.03
86735,0.0
86736,0.1
86737,0.03
86738,0.03
86739,0.06
86740,0.49
86741,0.16
86742,0.02
86743,0.05
86744,0.0
86745,0.02
86746,0.02
86747,0.02
86748,0.01
86749,0.03
86750,0.0
86751,0.03
86752,0.03
86753,0.02
86754,0.07
86755,0.02
86756,0.08
86757,0.14
86758,0.1
86759,0.01
86760,0.0
86761,0.32
86762,0.08
86763,0.04
86764,0.19
86765,0.01
86766,0.04
86767,0.02
86768,0.06
86769,0.51
86770,0.0
86771,0.01
86772,0.0
86773,0.03
86774,0.03
86775,0.02
86776,0.0
86777,0.02
86778,0.02
86779,0.0
86780,0.13
86781,0.01
86782,0.05
86783,0.01
86784,0.08
86785,0.49
86786,0.14
86787,0.01
86788,0.01
86789,0.0
86790,0.04
86791,0.0
86792,0.01
86793,0.24
86794,0.0
86795,0.0
86796,0.0
86797,0.19
86798,0.09
86799,0.2
86800,0.04
86801,0.12
86802,0.5
86803,0.01
86804,0.01
86805,0.01
86806,0.01
86807,0.01
86808,0.02
86809,0.07
86810,0.0
86811,0.01
86812,0.05
86813,0.03
86814,0.04
86815,0.1
86816,0.01
86817,0.13
86818,0.02
86819,0.03
86820,0.0
86821,0.0
86822,0.0
86823,0.0
86824,0.07
86825,0.0
86826,0.03
86827,0.01
86828,0.17
86829,0.0
86830,0.07
86831,0.11
86832,0.0
86833,0.0
86834,0.04
86835,0.04
86836,0.01
86837,0.03
86838,0.02
86839,0.32
86840,0.09
86841,0.02
86842,0.01
86843,0.0
86844,0.21
86845,0.16
86846,0.01
86847,0.0
86848,0.0
86849,0.01
86850,0.01
86851,0.0
86852,0.05
86853,0.01
86854,0.06
86855,0.06
86856,0.06
86857,0.05
86858,0.02
86859,0.0
86860,0.09
86861,0.02
86862,0.0
86863,0.03
86864,0.0
86865,0.0
86866,0.0
86867,0.01
86868,0.24
86869,0.24
86870,0.07
86871,0.0
86872,0.0
86873,0.01
86874,0.0
86875,0.0
86876,0.01
86877,0.0
86878,0.01
86879,0.0
86880,0.01
86881,0.0
86882,0.09
86883,0.19
86884,0.07
86885,0.0
86886,0.0
86887,0.01
86888,0.0
86889,0.01
86890,0.36
86891,0.11
86892,0.0
86893,0.09
86894,0.43
86895,0.02
86896,0.05
86897,0.0
86898,0.01
86899,0.08
86900,0.03
86901,0.02
86902,0.01
86903,0.08
86904,0.04
86905,0.0
86906,0.27
86907,0.01
86908,0.02
86909,0.0
86910,0.04
86911,0.26
86912,0.3
86913,0.05
86914,0.37
86915,0.04
86916,0.25
86917,0.02
86918,0.0
86919,0.03
86920,0.11
86921,0.31
86922,0.0
86923,0.15
86924,0.18
86925,0.0
86926,0.18
86927,0.07
86928,0.07
86929,0.07
86930,0.01
86931,0.3
86932,0.03
86933,0.0
86934,0.02
86935,0.03
86936,0.01
86937,0.04
86938,0.05
86939,0.0
86940,0.0
86941,0.0
86942,0.05
86943,0.0
86944,0.0
86945,0.0
86946,0.0
86947,0.02
86948,0.07
86949,0.02
86950,0.1
86951,0.01
86952,0.0
86953,0.0
86954,0.0
86955,0.05
86956,0.01
86957,0.13
86958,0.01
86959,0.0
86960,0.03
86961,0.1
86962,0.04
86963,0.0
86964,0.01
86965,0.08
86966,0.24
86967,0.09
86968,0.06
86969,0.03
86970,0.0
86971,0.0
86972,0.07
86973,0.01
86974,0.02
86975,0.15
86976,0.0
86977,0.01
86978,0.0
86979,0.23
86980,0.19
86981,0.02
86982,0.03
86983,0.15
86984,0.46
86985,0.01
86986,0.01
86987,0.02
86988,0.0
86989,0.01
86990,0.01
86991,0.14
86992,0.0
86993,0.14
86994,0.12
86995,0.0
86996,0.09
86997,0.01
86998,0.01
86999,0.01
87000,0.0
87001,0.0
87002,0.01
87003,0.03
87004,0.04
87005,0.01
87006,0.01
87007,0.04
87008,0.02
87009,0.14
87010,0.0
87011,0.01
87012,0.01
87013,0.03
87014,0.09
87015,0.2
87016,0.11
87017,0.04
87018,0.02
87019,0.0
87020,0.2
87021,0.0
87022,0.03
87023,0.13
87024,0.14
87025,0.04
87026,0.11
87027,0.0
87028,0.0
87029,0.0
87030,0.0
87031,0.0
87032,0.03
87033,0.0
87034,0.01
87035,0.01
87036,0.11
87037,0.04
87038,0.01
87039,0.04
87040,0.03
87041,0.01
87042,0.0
87043,0.12
87044,0.07
87045,0.07
87046,0.04
87047,0.01
87048,0.04
87049,0.04
87050,0.01
87051,0.0
87052,0.04
87053,0.02
87054,0.0
87055,0.17
87056,0.19
87057,0.01
87058,0.0
87059,0.02
87060,0.09
87061,0.05
87062,0.01
87063,0.04
87064,0.1
87065,0.17
87066,0.08
87067,0.05
87068,0.0
87069,0.02
87070,0.0
87071,0.04
87072,0.03
87073,0.52
87074,0.0
87075,0.05
87076,0.01
87077,0.07
87078,0.0
87079,0.11
87080,0.02
87081,0.0
87082,0.02
87083,0.0
87084,0.02
87085,0.01
87086,0.05
87087,0.14
87088,0.03
87089,0.01
87090,0.15
87091,0.19
87092,0.13
87093,0.01
87094,0.02
87095,0.11
87096,0.01
87097,0.0
87098,0.01
87099,0.0
87100,0.0
87101,0.03
87102,0.01
87103,0.03
87104,0.41
87105,0.01
87106,0.01
87107,0.0
87108,0.01
87109,0.0
87110,0.0
87111,0.0
87112,0.24
87113,0.02
87114,0.03
87115,0.07
87116,0.03
87117,0.05
87118,0.0
87119,0.02
87120,0.02
87121,0.12
87122,0.02
87123,0.1
87124,0.01
87125,0.0
87126,0.03
87127,0.01
87128,0.01
87129,0.06
87130,0.05
87131,0.03
87132,0.11
87133,0.11
87134,0.0
87135,0.0
87136,0.04
87137,0.01
87138,0.39
87139,0.01
87140,0.0
87141,0.0
87142,0.0
87143,0.16
87144,0.0
87145,0.01
87146,0.15
87147,0.04
87148,0.02
87149,0.0
87150,0.0
87151,0.0
87152,0.27
87153,0.0
87154,0.07
87155,0.63
87156,0.3
87157,0.04
87158,0.02
87159,0.18
87160,0.27
87161,0.05
87162,0.0
87163,0.08
87164,0.13
87165,0.67
87166,0.0
87167,0.01
87168,0.01
87169,0.05
87170,0.0
87171,0.0
87172,0.03
87173,0.01
87174,0.0
87175,0.04
87176,0.0
87177,0.03
87178,0.11
87179,0.0
87180,0.01
87181,0.0
87182,0.02
87183,0.09
87184,0.01
87185,0.01
87186,0.1
87187,0.0
87188,0.0
87189,0.04
87190,0.21
87191,0.29
87192,0.0
87193,0.01
87194,0.02
87195,0.1
87196,0.02
87197,0.01
87198,0.02
87199,0.03
87200,0.29
87201,0.02
87202,0.05
87203,0.13
87204,0.13
87205,0.22
87206,0.35
87207,0.07
87208,0.0
87209,0.01
87210,0.05
87211,0.0
87212,0.25
87213,0.0
87214,0.0
87215,0.02
87216,0.0
87217,0.01
87218,0.02
87219,0.25
87220,0.04
87221,0.15
87222,0.32
87223,0.02
87224,0.1
87225,0.0
87226,0.03
87227,0.01
87228,0.0
87229,0.0
87230,0.0
87231,0.12
87232,0.07
87233,0.0
87234,0.04
87235,0.02
87236,0.0
87237,0.1
87238,0.05
87239,0.33
87240,0.15
87241,0.01
87242,0.01
87243,0.02
87244,0.33
87245,0.27
87246,0.0
87247,0.03
87248,0.02
87249,0.01
87250,0.68
87251,0.12
87252,0.0
87253,0.02
87254,0.01
87255,0.02
87256,0.25
87257,0.1
87258,0.01
87259,0.19
87260,0.13
87261,0.24
87262,0.0
87263,0.0
87264,0.06
87265,0.0
87266,0.01
87267,0.02
87268,0.08
87269,0.03
87270,0.01
87271,0.04
87272,0.11
87273,0.35
87274,0.16
87275,0.1
87276,0.14
87277,0.0
87278,0.07
87279,0.01
87280,0.0
87281,0.0
87282,0.41
87283,0.04
87284,0.02
87285,0.26
87286,0.0
87287,0.2
87288,0.12
87289,0.02
87290,0.07
87291,0.47
87292,0.22
87293,0.27
87294,0.04
87295,0.11
87296,0.01
87297,0.31
87298,0.01
87299,0.01
87300,0.07
87301,0.02
87302,0.0
87303,0.02
87304,0.01
87305,0.0
87306,0.01
87307,0.0
87308,0.13
87309,0.0
87310,0.0
87311,0.0
87312,0.33
87313,0.03
87314,0.0
87315,0.01
87316,0.13
87317,0.01
87318,0.0
87319,0.08
87320,0.02
87321,0.0
87322,0.0
87323,0.45
87324,0.04
87325,0.0
87326,0.0
87327,0.02
87328,0.1
87329,0.0
87330,0.05
87331,0.0
87332,0.02
87333,0.08
87334,0.0
87335,0.13
87336,0.0
87337,0.15
87338,0.22
87339,0.11
87340,0.01
87341,0.0
87342,0.01
87343,0.0
87344,0.07
87345,0.0
87346,0.31
87347,0.29
87348,0.03
87349,0.0
87350,0.1
87351,0.01
87352,0.0
87353,0.03
87354,0.0
87355,0.0
87356,0.01
87357,0.02
87358,0.01
87359,0.11
87360,0.09
87361,0.03
87362,0.0
87363,0.03
87364,0.0
87365,0.04
87366,0.54
87367,0.0
87368,0.18
87369,0.45
87370,0.03
87371,0.02
87372,0.0
87373,0.02
87374,0.04
87375,0.73
87376,0.0
87377,0.12
87378,0.0
87379,0.01
87380,0.0
87381,0.04
87382,0.04
87383,0.02
87384,0.01
87385,0.0
87386,0.0
87387,0.0
87388,0.05
87389,0.02
87390,0.5
87391,0.09
87392,0.0
87393,0.05
87394,0.04
87395,0.06
87396,0.0
87397,0.03
87398,0.02
87399,0.08
87400,0.17
87401,0.0
87402,0.06
87403,0.01
87404,0.03
87405,0.0
87406,0.01
87407,0.0
87408,0.05
87409,0.0
87410,0.0
87411,0.04
87412,0.23
87413,0.0
87414,0.01
87415,0.32
87416,0.03
87417,0.0
87418,0.09
87419,0.0
87420,0.02
87421,0.0
87422,0.09
87423,0.02
87424,0.0
87425,0.0
87426,0.17
87427,0.27
87428,0.03
87429,0.0
87430,0.02
87431,0.0
87432,0.0
87433,0.05
87434,0.1
87435,0.01
87436,0.01
87437,0.01
87438,0.1
87439,0.01
87440,0.0
87441,0.44
87442,0.05
87443,0.0
87444,0.0
87445,0.09
87446,0.04
87447,0.02
87448,0.1
87449,0.02
87450,0.0
87451,0.07
87452,0.01
87453,0.24
87454,0.01
87455,0.32
87456,0.05
87457,0.0
87458,0.0
87459,0.04
87460,0.74
87461,0.0
87462,0.0
87463,0.13
87464,0.0
87465,0.06
87466,0.04
87467,0.0
87468,0.0
87469,0.01
87470,0.0
87471,0.01
87472,0.18
87473,0.21
87474,0.0
87475,0.1
87476,0.07
87477,0.02
87478,0.04
87479,0.0
87480,0.08
87481,0.19
87482,0.04
87483,0.0
87484,0.03
87485,0.01
87486,0.26
87487,0.06
87488,0.09
87489,0.01
87490,0.02
87491,0.05
87492,0.02
87493,0.0
87494,0.03
87495,0.46
87496,0.0
87497,0.29
87498,0.24
87499,0.07
87500,0.04
87501,0.04
87502,0.54
87503,0.14
87504,0.04
87505,0.06
87506,0.06
87507,0.0
87508,0.13
87509,0.09
87510,0.07
87511,0.01
87512,0.0
87513,0.0
87514,0.0
87515,0.08
87516,0.0
87517,0.0
87518,0.01
87519,0.0
87520,0.02
87521,0.03
87522,0.37
87523,0.02
87524,0.01
87525,0.07
87526,0.12
87527,0.16
87528,0.12
87529,0.55
87530,0.07
87531,0.0
87532,0.0
87533,0.11
87534,0.01
87535,0.37
87536,0.03
87537,0.01
87538,0.1
87539,0.0
87540,0.03
87541,0.03
87542,0.14
87543,0.18
87544,0.02
87545,0.0
87546,0.01
87547,0.05
87548,0.01
87549,0.03
87550,0.07
87551,0.05
87552,0.07
87553,0.0
87554,0.0
87555,0.03
87556,0.01
87557,0.02
87558,0.02
87559,0.62
87560,0.0
87561,0.0
87562,0.0
87563,0.02
87564,0.01
87565,0.12
87566,0.01
87567,0.06
87568,0.08
87569,0.02
87570,0.0
87571,0.0
87572,0.1
87573,0.02
87574,0.0
87575,0.03
87576,0.09
87577,0.0
87578,0.02
87579,0.06
87580,0.02
87581,0.02
87582,0.65
87583,0.03
87584,0.31
87585,0.01
87586,0.02
87587,0.13
87588,0.22
87589,0.0
87590,0.01
87591,0.16
87592,0.18
87593,0.03
87594,0.07
87595,0.0
87596,0.03
87597,0.05
87598,0.01
87599,0.06
87600,0.0
87601,0.12
87602,0.47
87603,0.02
87604,0.29
87605,0.02
87606,0.02
87607,0.0
87608,0.0
87609,0.03
87610,0.0
87611,0.04
87612,0.02
87613,0.11
87614,0.12
87615,0.01
87616,0.16
87617,0.01
87618,0.18
87619,0.01
87620,0.03
87621,0.01
87622,0.05
87623,0.23
87624,0.25
87625,0.12
87626,0.0
87627,0.03
87628,0.02
87629,0.36
87630,0.06
87631,0.09
87632,0.0
87633,0.01
87634,0.09
87635,0.0
87636,0.01
87637,0.01
87638,0.03
87639,0.03
87640,0.17
87641,0.04
87642,0.07
87643,0.08
87644,0.78
87645,0.04
87646,0.14
87647,0.45
87648,0.0
87649,0.03
87650,0.25
87651,0.23
87652,0.22
87653,0.05
87654,0.08
87655,0.08
87656,0.05
87657,0.01
87658,0.16
87659,0.16
87660,0.0
87661,0.0
87662,0.0
87663,0.1
87664,0.06
87665,0.08
87666,0.01
87667,0.0
87668,0.0
87669,0.0
87670,0.03
87671,0.05
87672,0.06
87673,0.3
87674,0.01
87675,0.38
87676,0.03
87677,0.0
87678,0.06
87679,0.06
87680,0.02
87681,0.01
87682,0.0
87683,0.05
87684,0.04
87685,0.07
87686,0.09
87687,0.01
87688,0.16
87689,0.0
87690,0.0
87691,0.41
87692,0.05
87693,0.15
87694,0.0
87695,0.0
87696,0.02
87697,0.3
87698,0.0
87699,0.04
87700,0.05
87701,0.01
87702,0.01
87703,0.09
87704,0.05
87705,0.02
87706,0.02
87707,0.0
87708,0.39
87709,0.1
87710,0.01
87711,0.0
87712,0.07
87713,0.24
87714,0.5
87715,0.1
87716,0.0
87717,0.07
87718,0.04
87719,0.72
87720,0.04
87721,0.51
87722,0.06
87723,0.06
87724,0.01
87725,0.12
87726,0.04
87727,0.19
87728,0.0
87729,0.29
87730,0.0
87731,0.07
87732,0.38
87733,0.13
87734,0.0
87735,0.01
87736,0.0
87737,0.03
87738,0.01
87739,0.01
87740,0.17
87741,0.03
87742,0.01
87743,0.01
87744,0.01
87745,0.01
87746,0.01
87747,0.0
87748,0.0
87749,0.0
87750,0.0
87751,0.0
87752,0.03
87753,0.02
87754,0.04
87755,0.03
87756,0.01
87757,0.06
87758,0.16
87759,0.13
87760,0.0
87761,0.07
87762,0.03
87763,0.02
87764,0.04
87765,0.15
87766,0.01
87767,0.08
87768,0.38
87769,0.01
87770,0.05
87771,0.18
87772,0.0
87773,0.0
87774,0.02
87775,0.02
87776,0.01
87777,0.0
87778,0.18
87779,0.0
87780,0.01
87781,0.25
87782,0.01
87783,0.01
87784,0.0
87785,0.0
87786,0.0
87787,0.04
87788,0.01
87789,0.17
87790,0.0
87791,0.0
87792,0.0
87793,0.25
87794,0.0
87795,0.0
87796,0.07
87797,0.0
87798,0.0
87799,0.01
87800,0.58
87801,0.03
87802,0.0
87803,0.01
87804,0.0
87805,0.18
87806,0.04
87807,0.04
87808,0.0
87809,0.05
87810,0.25
87811,0.01
87812,0.0
87813,0.02
87814,0.06
87815,0.04
87816,0.02
87817,0.23
87818,0.02
87819,0.0
87820,0.16
87821,0.01
87822,0.0
87823,0.0
87824,0.03
87825,0.0
87826,0.0
87827,0.08
87828,0.0
87829,0.0
87830,0.36
87831,0.0
87832,0.0
87833,0.0
87834,0.09
87835,0.02
87836,0.0
87837,0.02
87838,0.11
87839,0.02
87840,0.02
87841,0.0
87842,0.14
87843,0.01
87844,0.04
87845,0.02
87846,0.57
87847,0.03
87848,0.02
87849,0.01
87850,0.01
87851,0.09
87852,0.0
87853,0.02
87854,0.04
87855,0.02
87856,0.17
87857,0.18
87858,0.01
87859,0.0
87860,0.0
87861,0.22
87862,0.26
87863,0.02
87864,0.09
87865,0.01
87866,0.01
87867,0.06
87868,0.24
87869,0.0
87870,0.0
87871,0.14
87872,0.01
87873,0.21
87874,0.06
87875,0.0
87876,0.02
87877,0.0
87878,0.02
87879,0.0
87880,0.53
87881,0.0
87882,0.02
87883,0.01
87884,0.12
87885,0.0
87886,0.04
87887,0.09
87888,0.04
87889,0.0
87890,0.0
87891,0.0
87892,0.0
87893,0.05
87894,0.02
87895,0.12
87896,0.0
87897,0.0
87898,0.0
87899,0.0
87900,0.03
87901,0.02
87902,0.02
87903,0.22
87904,0.11
87905,0.05
87906,0.08
87907,0.05
87908,0.03
87909,0.68
87910,0.0
87911,0.0
87912,0.0
87913,0.06
87914,0.0
87915,0.0
87916,0.02
87917,0.0
87918,0.0
87919,0.03
87920,0.01
87921,0.01
87922,0.24
87923,0.02
87924,0.0
87925,0.0
87926,0.01
87927,0.01
87928,0.13
87929,0.02
87930,0.08
87931,0.03
87932,0.01
87933,0.03
87934,0.0
87935,0.04
87936,0.47
87937,0.01
87938,0.0
87939,0.04
87940,0.17
87941,0.08
87942,0.01
87943,0.01
87944,0.27
87945,0.0
87946,0.09
87947,0.0
87948,0.08
87949,0.02
87950,0.02
87951,0.05
87952,0.01
87953,0.52
87954,0.03
87955,0.07
87956,0.0
87957,0.01
87958,0.25
87959,0.0
87960,0.02
87961,0.01
87962,0.03
87963,0.18
87964,0.21
87965,0.0
87966,0.0
87967,0.36
87968,0.05
87969,0.1
87970,0.03
87971,0.0
87972,0.0
87973,0.01
87974,0.02
87975,0.02
87976,0.26
87977,0.1
87978,0.17
87979,0.0
87980,0.0
87981,0.05
87982,0.09
87983,0.01
87984,0.01
87985,0.12
87986,0.37
87987,0.13
87988,0.01
87989,0.12
87990,0.01
87991,0.0
87992,0.0
87993,0.03
87994,0.07
87995,0.0
87996,0.16
87997,0.0
87998,0.0
87999,0.41
88000,0.02
88001,0.0
88002,0.05
88003,0.0
88004,0.04
88005,0.09
88006,0.08
88007,0.09
88008,0.0
88009,0.03
88010,0.0
88011,0.11
88012,0.0
88013,0.05
88014,0.35
88015,0.0
88016,0.11
88017,0.02
88018,0.03
88019,0.01
88020,0.0
88021,0.01
88022,0.0
88023,0.32
88024,0.01
88025,0.08
88026,0.01
88027,0.02
88028,0.0
88029,0.05
88030,0.01
88031,0.01
88032,0.01
88033,0.0
88034,0.37
88035,0.02
88036,0.06
88037,0.0
88038,0.07
88039,0.0
88040,0.11
88041,0.02
88042,0.04
88043,0.17
88044,0.0
88045,0.0
88046,0.0
88047,0.0
88048,0.0
88049,0.01
88050,0.0
88051,0.03
88052,0.0
88053,0.02
88054,0.01
88055,0.05
88056,0.08
88057,0.0
88058,0.0
88059,0.0
88060,0.0
88061,0.0
88062,0.01
88063,0.01
88064,0.24
88065,0.19
88066,0.0
88067,0.1
88068,0.02
88069,0.02
88070,0.21
88071,0.29
88072,0.01
88073,0.0
88074,0.0
88075,0.0
88076,0.0
88077,0.03
88078,0.0
88079,0.0
88080,0.04
88081,0.09
88082,0.19
88083,0.0
88084,0.02
88085,0.02
88086,0.02
88087,0.03
88088,0.0
88089,0.0
88090,0.3
88091,0.0
88092,0.0
88093,0.04
88094,0.02
88095,0.08
88096,0.0
88097,0.09
88098,0.02
88099,0.43
88100,0.01
88101,0.0
88102,0.0
88103,0.0
88104,0.01
88105,0.06
88106,0.02
88107,0.1
88108,0.01
88109,0.1
88110,0.07
88111,0.51
88112,0.0
88113,0.0
88114,0.0
88115,0.0
88116,0.2
88117,0.08
88118,0.01
88119,0.0
88120,0.07
88121,0.05
88122,0.15
88123,0.0
88124,0.01
88125,0.08
88126,0.22
88127,0.02
88128,0.08
88129,0.04
88130,0.25
88131,0.36
88132,0.0
88133,0.07
88134,0.0
88135,0.01
88136,0.0
88137,0.32
88138,0.16
88139,0.0
88140,0.08
88141,0.04
88142,0.04
88143,0.01
88144,0.05
88145,0.0
88146,0.29
88147,0.0
88148,0.04
88149,0.02
88150,0.0
88151,0.32
88152,0.0
88153,0.05
88154,0.0
88155,0.0
88156,0.03
88157,0.0
88158,0.1
88159,0.01
88160,0.01
88161,0.01
88162,0.0
88163,0.15
88164,0.01
88165,0.01
88166,0.0
88167,0.01
88168,0.14
88169,0.0
88170,0.0
88171,0.01
88172,0.41
88173,0.0
88174,0.0
88175,0.25
88176,0.02
88177,0.04
88178,0.0
88179,0.01
88180,0.0
88181,0.09
88182,0.0
88183,0.17
88184,0.0
88185,0.01
88186,0.1
88187,0.01
88188,0.1
88189,0.37
88190,0.11
88191,0.0
88192,0.03
88193,0.0
88194,0.12
88195,0.21
88196,0.0
88197,0.0
88198,0.0
88199,0.01
88200,0.0
88201,0.38
88202,0.08
88203,0.09
88204,0.48
88205,0.08
88206,0.09
88207,0.15
88208,0.0
88209,0.05
88210,0.45
88211,0.11
88212,0.0
88213,0.2
88214,0.49
88215,0.01
88216,0.07
88217,0.34
88218,0.0
88219,0.01
88220,0.0
88221,0.07
88222,0.05
88223,0.04
88224,0.01
88225,0.04
88226,0.23
88227,0.07
88228,0.29
88229,0.02
88230,0.05
88231,0.0
88232,0.0
88233,0.0
88234,0.0
88235,0.45
88236,0.04
88237,0.0
88238,0.0
88239,0.01
88240,0.0
88241,0.02
88242,0.06
88243,0.0
88244,0.08
88245,0.01
88246,0.15
88247,0.01
88248,0.02
88249,0.02
88250,0.0
88251,0.0
88252,0.06
88253,0.79
88254,0.0
88255,0.0
88256,0.0
88257,0.0
88258,0.19
88259,0.01
88260,0.01
88261,0.13
88262,0.13
88263,0.0
88264,0.03
88265,0.01
88266,0.08
88267,0.05
88268,0.0
88269,0.02
88270,0.05
88271,0.02
88272,0.02
88273,0.02
88274,0.04
88275,0.0
88276,0.02
88277,0.01
88278,0.0
88279,0.0
88280,0.02
88281,0.0
88282,0.0
88283,0.0
88284,0.0
88285,0.1
88286,0.04
88287,0.03
88288,0.0
88289,0.0
88290,0.0
88291,0.02
88292,0.07
88293,0.28
88294,0.07
88295,0.06
88296,0.04
88297,0.0
88298,0.0
88299,0.05
88300,0.04
88301,0.09
88302,0.0
88303,0.0
88304,0.04
88305,0.0
88306,0.04
88307,0.0
88308,0.0
88309,0.0
88310,0.07
88311,0.0
88312,0.55
88313,0.0
88314,0.22
88315,0.02
88316,0.01
88317,0.03
88318,0.0
88319,0.17
88320,0.0
88321,0.0
88322,0.02
88323,0.01
88324,0.14
88325,0.06
88326,0.02
88327,0.02
88328,0.02
88329,0.04
88330,0.06
88331,0.58
88332,0.0
88333,0.07
88334,0.04
88335,0.03
88336,0.0
88337,0.01
88338,0.07
88339,0.05
88340,0.02
88341,0.0
88342,0.0
88343,0.01
88344,0.0
88345,0.14
88346,0.02
88347,0.01
88348,0.17
88349,0.0
88350,0.39
88351,0.03
88352,0.0
88353,0.03
88354,0.19
88355,0.0
88356,0.19
88357,0.0
88358,0.06
88359,0.01
88360,0.01
88361,0.01
88362,0.06
88363,0.03
88364,0.0
88365,0.03
88366,0.05
88367,0.02
88368,0.03
88369,0.11
88370,0.01
88371,0.07
88372,0.0
88373,0.06
88374,0.0
88375,0.02
88376,0.05
88377,0.08
88378,0.05
88379,0.36
88380,0.0
88381,0.01
88382,0.65
88383,0.01
88384,0.01
88385,0.02
88386,0.02
88387,0.02
88388,0.05
88389,0.01
88390,0.19
88391,0.01
88392,0.09
88393,0.01
88394,0.13
88395,0.05
88396,0.03
88397,0.0
88398,0.06
88399,0.01
88400,0.0
88401,0.03
88402,0.01
88403,0.69
88404,0.01
88405,0.02
88406,0.21
88407,0.0
88408,0.01
88409,0.0
88410,0.1
88411,0.0
88412,0.07
88413,0.02
88414,0.04
88415,0.33
88416,0.0
88417,0.4
88418,0.0
88419,0.0
88420,0.0
88421,0.19
88422,0.0
88423,0.03
88424,0.0
88425,0.05
88426,0.01
88427,0.0
88428,0.01
88429,0.0
88430,0.72
88431,0.0
88432,0.06
88433,0.01
88434,0.29
88435,0.0
88436,0.01
88437,0.04
88438,0.34
88439,0.36
88440,0.03
88441,0.07
88442,0.0
88443,0.0
88444,0.0
88445,0.02
88446,0.07
88447,0.06
88448,0.02
88449,0.0
88450,0.19
88451,0.02
88452,0.03
88453,0.01
88454,0.62
88455,0.02
88456,0.07
88457,0.0
88458,0.03
88459,0.0
88460,0.07
88461,0.02
88462,0.14
88463,0.0
88464,0.08
88465,0.0
88466,0.0
88467,0.04
88468,0.0
88469,0.27
88470,0.03
88471,0.0
88472,0.0
88473,0.0
88474,0.11
88475,0.0
88476,0.01
88477,0.0
88478,0.74
88479,0.03
88480,0.04
88481,0.04
88482,0.0
88483,0.18
88484,0.05
88485,0.0
88486,0.25
88487,0.35
88488,0.09
88489,0.03
88490,0.0
88491,0.01
88492,0.08
88493,0.14
88494,0.01
88495,0.01
88496,0.0
88497,0.02
88498,0.0
88499,0.12
88500,0.01
88501,0.07
88502,0.02
88503,0.0
88504,0.04
88505,0.04
88506,0.09
88507,0.01
88508,0.09
88509,0.71
88510,0.0
88511,0.02
88512,0.0
88513,0.0
88514,0.0
88515,0.06
88516,0.0
88517,0.01
88518,0.03
88519,0.0
88520,0.0
88521,0.02
88522,0.03
88523,0.01
88524,0.0
88525,0.08
88526,0.29
88527,0.22
88528,0.08
88529,0.0
88530,0.01
88531,0.03
88532,0.01
88533,0.15
88534,0.11
88535,0.0
88536,0.07
88537,0.0
88538,0.34
88539,0.2
88540,0.33
88541,0.01
88542,0.0
88543,0.0
88544,0.02
88545,0.02
88546,0.01
88547,0.0
88548,0.0
88549,0.08
88550,0.01
88551,0.0
88552,0.0
88553,0.02
88554,0.03
88555,0.02
88556,0.02
88557,0.03
88558,0.01
88559,0.03
88560,0.01
88561,0.02
88562,0.0
88563,0.04
88564,0.03
88565,0.02
88566,0.01
88567,0.42
88568,0.02
88569,0.07
88570,0.0
88571,0.05
88572,0.01
88573,0.02
88574,0.0
88575,0.13
88576,0.01
88577,0.04
88578,0.0
88579,0.03
88580,0.01
88581,0.0
88582,0.02
88583,0.01
88584,0.0
88585,0.04
88586,0.03
88587,0.0
88588,0.18
88589,0.04
88590,0.05
88591,0.09
88592,0.06
88593,0.04
88594,0.09
88595,0.06
88596,0.01
88597,0.0
88598,0.01
88599,0.06
88600,0.0
88601,0.0
88602,0.01
88603,0.03
88604,0.03
88605,0.02
88606,0.02
88607,0.0
88608,0.23
88609,0.14
88610,0.14
88611,0.0
88612,0.01
88613,0.36
88614,0.08
88615,0.12
88616,0.01
88617,0.01
88618,0.05
88619,0.02
88620,0.0
88621,0.23
88622,0.5
88623,0.05
88624,0.0
88625,0.03
88626,0.14
88627,0.0
88628,0.07
88629,0.13
88630,0.03
88631,0.2
88632,0.07
88633,0.0
88634,0.04
88635,0.04
88636,0.0
88637,0.5
88638,0.04
88639,0.01
88640,0.16
88641,0.0
88642,0.06
88643,0.03
88644,0.04
88645,0.01
88646,0.01
88647,0.12
88648,0.01
88649,0.0
88650,0.0
88651,0.0
88652,0.07
88653,0.0
88654,0.01
88655,0.0
88656,0.02
88657,0.0
88658,0.01
88659,0.01
88660,0.04
88661,0.01
88662,0.03
88663,0.01
88664,0.0
88665,0.05
88666,0.21
88667,0.0
88668,0.0
88669,0.62
88670,0.02
88671,0.0
88672,0.01
88673,0.0
88674,0.03
88675,0.14
88676,0.05
88677,0.03
88678,0.01
88679,0.0
88680,0.03
88681,0.03
88682,0.07
88683,0.24
88684,0.06
88685,0.0
88686,0.16
88687,0.07
88688,0.0
88689,0.05
88690,0.01
88691,0.0
88692,0.1
88693,0.21
88694,0.02
88695,0.07
88696,0.19
88697,0.0
88698,0.17
88699,0.04
88700,0.01
88701,0.03
88702,0.24
88703,0.01
88704,0.0
88705,0.08
88706,0.03
88707,0.02
88708,0.32
88709,0.17
88710,0.02
88711,0.33
88712,0.02
88713,0.03
88714,0.01
88715,0.28
88716,0.0
88717,0.02
88718,0.2
88719,0.13
88720,0.0
88721,0.0
88722,0.05
88723,0.02
88724,0.02
88725,0.19
88726,0.0
88727,0.04
88728,0.03
88729,0.26
88730,0.01
88731,0.24
88732,0.26
88733,0.19
88734,0.69
88735,0.12
88736,0.11
88737,0.0
88738,0.03
88739,0.02
88740,0.0
88741,0.08
88742,0.04
88743,0.01
88744,0.2
88745,0.01
88746,0.06
88747,0.01
88748,0.0
88749,0.01
88750,0.0
88751,0.22
88752,0.0
88753,0.06
88754,0.0
88755,0.0
88756,0.02
88757,0.03
88758,0.38
88759,0.0
88760,0.01
88761,0.03
88762,0.0
88763,0.09
88764,0.29
88765,0.01
88766,0.02
88767,0.04
88768,0.0
88769,0.04
88770,0.0
88771,0.05
88772,0.0
88773,0.05
88774,0.29
88775,0.08
88776,0.04
88777,0.02
88778,0.0
88779,0.13
88780,0.0
88781,0.03
88782,0.01
88783,0.03
88784,0.0
88785,0.0
88786,0.01
88787,0.21
88788,0.1
88789,0.18
88790,0.0
88791,0.0
88792,0.03
88793,0.15
88794,0.01
88795,0.0
88796,0.0
88797,0.03
88798,0.04
88799,0.01
88800,0.13
88801,0.16
88802,0.13
88803,0.02
88804,0.0
88805,0.05
88806,0.04
88807,0.03
88808,0.0
88809,0.42
88810,0.18
88811,0.0
88812,0.0
88813,0.02
88814,0.03
88815,0.35
88816,0.0
88817,0.1
88818,0.14
88819,0.0
88820,0.0
88821,0.08
88822,0.09
88823,0.24
88824,0.49
88825,0.0
88826,0.19
88827,0.0
88828,0.09
88829,0.02
88830,0.05
88831,0.0
88832,0.0
88833,0.0
88834,0.02
88835,0.0
88836,0.01
88837,0.0
88838,0.04
88839,0.51
88840,0.1
88841,0.08
88842,0.0
88843,0.54
88844,0.0
88845,0.01
88846,0.07
88847,0.05
88848,0.0
88849,0.01
88850,0.17
88851,0.0
88852,0.07
88853,0.06
88854,0.15
88855,0.02
88856,0.02
88857,0.01
88858,0.01
88859,0.03
88860,0.13
88861,0.02
88862,0.0
88863,0.03
88864,0.03
88865,0.0
88866,0.02
88867,0.03
88868,0.1
88869,0.0
88870,0.0
88871,0.0
88872,0.01
88873,0.01
88874,0.0
88875,0.0
88876,0.03
88877,0.02
88878,0.03
88879,0.06
88880,0.18
88881,0.53
88882,0.0
88883,0.09
88884,0.0
88885,0.04
88886,0.01
88887,0.0
88888,0.08
88889,0.12
88890,0.5
88891,0.0
88892,0.0
88893,0.04
88894,0.01
88895,0.0
88896,0.0
88897,0.41
88898,0.07
88899,0.0
88900,0.01
88901,0.0
88902,0.02
88903,0.03
88904,0.01
88905,0.08
88906,0.01
88907,0.01
88908,0.07
88909,0.02
88910,0.0
88911,0.08
88912,0.09
88913,0.01
88914,0.01
88915,0.02
88916,0.0
88917,0.23
88918,0.03
88919,0.32
88920,0.0
88921,0.0
88922,0.0
88923,0.0
88924,0.23
88925,0.02
88926,0.07
88927,0.04
88928,0.22
88929,0.02
88930,0.0
88931,0.12
88932,0.0
88933,0.02
88934,0.01
88935,0.01
88936,0.24
88937,0.0
88938,0.08
88939,0.02
88940,0.01
88941,0.05
88942,0.0
88943,0.02
88944,0.04
88945,0.04
88946,0.08
88947,0.03
88948,0.0
88949,0.06
88950,0.03
88951,0.04
88952,0.0
88953,0.0
88954,0.06
88955,0.0
88956,0.01
88957,0.0
88958,0.36
88959,0.27
88960,0.01
88961,0.07
88962,0.0
88963,0.17
88964,0.02
88965,0.01
88966,0.03
88967,0.31
88968,0.04
88969,0.13
88970,0.0
88971,0.01
88972,0.0
88973,0.09
88974,0.01
88975,0.0
88976,0.02
88977,0.06
88978,0.21
88979,0.07
88980,0.07
88981,0.12
88982,0.0
88983,0.0
88984,0.1
88985,0.01
88986,0.01
88987,0.07
88988,0.07
88989,0.03
88990,0.03
88991,0.53
88992,0.05
88993,0.0
88994,0.03
88995,0.03
88996,0.0
88997,0.0
88998,0.29
88999,0.08
89000,0.0
89001,0.08
89002,0.07
89003,0.0
89004,0.03
89005,0.04
89006,0.34
89007,0.03
89008,0.01
89009,0.18
89010,0.01
89011,0.27
89012,0.03
89013,0.03
89014,0.03
89015,0.35
89016,0.28
89017,0.0
89018,0.01
89019,0.06
89020,0.01
89021,0.52
89022,0.0
89023,0.18
89024,0.01
89025,0.26
89026,0.01
89027,0.0
89028,0.0
89029,0.08
89030,0.02
89031,0.02
89032,0.01
89033,0.25
89034,0.05
89035,0.07
89036,0.1
89037,0.13
89038,0.04
89039,0.01
89040,0.0
89041,0.01
89042,0.02
89043,0.06
89044,0.0
89045,0.05
89046,0.3
89047,0.25
89048,0.0
89049,0.37
89050,0.06
89051,0.01
89052,0.0
89053,0.0
89054,0.0
89055,0.06
89056,0.05
89057,0.06
89058,0.01
89059,0.0
89060,0.04
89061,0.0
89062,0.01
89063,0.01
89064,0.02
89065,0.0
89066,0.01
89067,0.02
89068,0.0
89069,0.06
89070,0.02
89071,0.09
89072,0.0
89073,0.0
89074,0.01
89075,0.0
89076,0.03
89077,0.04
89078,0.01
89079,0.09
89080,0.0
89081,0.03
89082,0.16
89083,0.55
89084,0.0
89085,0.11
89086,0.04
89087,0.35
89088,0.0
89089,0.0
89090,0.0
89091,0.51
89092,0.12
89093,0.0
89094,0.09
89095,0.17
89096,0.0
89097,0.03
89098,0.11
89099,0.0
89100,0.1
89101,0.0
89102,0.03
89103,0.07
89104,0.0
89105,0.08
89106,0.15
89107,0.01
89108,0.0
89109,0.01
89110,0.0
89111,0.28
89112,0.0
89113,0.29
89114,0.0
89115,0.0
89116,0.09
89117,0.0
89118,0.02
89119,0.12
89120,0.14
89121,0.37
89122,0.18
89123,0.22
89124,0.0
89125,0.0
89126,0.0
89127,0.0
89128,0.0
89129,0.02
89130,0.05
89131,0.17
89132,0.26
89133,0.0
89134,0.16
89135,0.0
89136,0.22
89137,0.01
89138,0.1
89139,0.0
89140,0.02
89141,0.01
89142,0.0
89143,0.05
89144,0.04
89145,0.0
89146,0.0
89147,0.0
89148,0.02
89149,0.02
89150,0.01
89151,0.17
89152,0.36
89153,0.0
89154,0.28
89155,0.0
89156,0.08
89157,0.0
89158,0.04
89159,0.02
89160,0.15
89161,0.0
89162,0.0
89163,0.02
89164,0.11
89165,0.01
89166,0.0
89167,0.14
89168,0.05
89169,0.06
89170,0.23
89171,0.49
89172,0.0
89173,0.0
89174,0.1
89175,0.0
89176,0.02
89177,0.0
89178,0.09
89179,0.02
89180,0.0
89181,0.26
89182,0.0
89183,0.02
89184,0.29
89185,0.0
89186,0.05
89187,0.64
89188,0.17
89189,0.07
89190,0.07
89191,0.02
89192,0.06
89193,0.16
89194,0.0
89195,0.07
89196,0.05
89197,0.0
89198,0.0
89199,0.03
89200,0.19
89201,0.08
89202,0.07
89203,0.06
89204,0.0
89205,0.21
89206,0.02
89207,0.27
89208,0.16
89209,0.06
89210,0.1
89211,0.0
89212,0.08
89213,0.07
89214,0.04
89215,0.08
89216,0.04
89217,0.03
89218,0.0
89219,0.12
89220,0.0
89221,0.0
89222,0.08
89223,0.06
89224,0.09
89225,0.08
89226,0.05
89227,0.0
89228,0.0
89229,0.0
89230,0.05
89231,0.0
89232,0.01
89233,0.11
89234,0.0
89235,0.0
89236,0.0
89237,0.0
89238,0.12
89239,0.01
89240,0.24
89241,0.0
89242,0.02
89243,0.01
89244,0.0
89245,0.04
89246,0.01
89247,0.03
89248,0.03
89249,0.07
89250,0.01
89251,0.01
89252,0.08
89253,0.0
89254,0.01
89255,0.18
89256,0.36
89257,0.23
89258,0.0
89259,0.29
89260,0.0
89261,0.0
89262,0.09
89263,0.04
89264,0.0
89265,0.0
89266,0.05
89267,0.05
89268,0.03
89269,0.34
89270,0.31
89271,0.01
89272,0.02
89273,0.0
89274,0.02
89275,0.1
89276,0.0
89277,0.02
89278,0.12
89279,0.05
89280,0.07
89281,0.0
89282,0.06
89283,0.36
89284,0.0
89285,0.04
89286,0.0
89287,0.0
89288,0.01
89289,0.0
89290,0.01
89291,0.03
89292,0.05
89293,0.02
89294,0.02
89295,0.25
89296,0.09
89297,0.0
89298,0.01
89299,0.05
89300,0.0
89301,0.06
89302,0.04
89303,0.13
89304,0.03
89305,0.01
89306,0.01
89307,0.04
89308,0.02
89309,0.06
89310,0.07
89311,0.49
89312,0.01
89313,0.35
89314,0.0
89315,0.27
89316,0.09
89317,0.04
89318,0.0
89319,0.0
89320,0.2
89321,0.21
89322,0.03
89323,0.0
89324,0.05
89325,0.05
89326,0.04
89327,0.0
89328,0.03
89329,0.04
89330,0.01
89331,0.03
89332,0.0
89333,0.03
89334,0.0
89335,0.05
89336,0.0
89337,0.0
89338,0.07
89339,0.16
89340,0.0
89341,0.24
89342,0.19
89343,0.08
89344,0.15
89345,0.0
89346,0.05
89347,0.05
89348,0.03
89349,0.03
89350,0.06
89351,0.0
89352,0.0
89353,0.0
89354,0.06
89355,0.02
89356,0.0
89357,0.23
89358,0.0
89359,0.08
89360,0.3
89361,0.08
89362,0.0
89363,0.04
89364,0.18
89365,0.15
89366,0.02
89367,0.0
89368,0.03
89369,0.08
89370,0.11
89371,0.03
89372,0.0
89373,0.0
89374,0.0
89375,0.11
89376,0.9
89377,0.01
89378,0.1
89379,0.03
89380,0.01
89381,0.04
89382,0.01
89383,0.69
89384,0.02
89385,0.15
89386,0.28
89387,0.03
89388,0.1
89389,0.13
89390,0.01
89391,0.09
89392,0.03
89393,0.02
89394,0.3
89395,0.04
89396,0.01
89397,0.06
89398,0.01
89399,0.0
89400,0.0
89401,0.03
89402,0.01
89403,0.0
89404,0.0
89405,0.02
89406,0.03
89407,0.03
89408,0.0
89409,0.01
89410,0.05
89411,0.16
89412,0.0
89413,0.07
89414,0.01
89415,0.04
89416,0.0
89417,0.31
89418,0.07
89419,0.0
89420,0.12
89421,0.03
89422,0.0
89423,0.05
89424,0.0
89425,0.03
89426,0.07
89427,0.01
89428,0.0
89429,0.0
89430,0.02
89431,0.04
89432,0.05
89433,0.03
89434,0.0
89435,0.0
89436,0.02
89437,0.0
89438,0.04
89439,0.0
89440,0.0
89441,0.09
89442,0.07
89443,0.0
89444,0.58
89445,0.16
89446,0.0
89447,0.0
89448,0.03
89449,0.0
89450,0.04
89451,0.03
89452,0.01
89453,0.15
89454,0.0
89455,0.01
89456,0.0
89457,0.0
89458,0.52
89459,0.04
89460,0.0
89461,0.07
89462,0.02
89463,0.0
89464,0.16
89465,0.08
89466,0.05
89467,0.37
89468,0.06
89469,0.06
89470,0.13
89471,0.01
89472,0.06
89473,0.05
89474,0.15
89475,0.19
89476,0.14
89477,0.19
89478,0.02
89479,0.05
89480,0.09
89481,0.0
89482,0.65
89483,0.0
89484,0.0
89485,0.0
89486,0.0
89487,0.1
89488,0.04
89489,0.0
89490,0.24
89491,0.03
89492,0.01
89493,0.05
89494,0.08
89495,0.02
89496,0.0
89497,0.0
89498,0.03
89499,0.02
89500,0.01
89501,0.01
89502,0.07
89503,0.05
89504,0.02
89505,0.09
89506,0.0
89507,0.01
89508,0.0
89509,0.01
89510,0.0
89511,0.0
89512,0.27
89513,0.01
89514,0.0
89515,0.04
89516,0.07
89517,0.0
89518,0.0
89519,0.23
89520,0.03
89521,0.1
89522,0.14
89523,0.0
89524,0.01
89525,0.02
89526,0.2
89527,0.2
89528,0.03
89529,0.0
89530,0.01
89531,0.02
89532,0.0
89533,0.0
89534,0.01
89535,0.5
89536,0.14
89537,0.02
89538,0.0
89539,0.0
89540,0.57
89541,0.01
89542,0.03
89543,0.0
89544,0.01
89545,0.05
89546,0.01
89547,0.01
89548,0.01
89549,0.0
89550,0.02
89551,0.01
89552,0.0
89553,0.01
89554,0.1
89555,0.07
89556,0.14
89557,0.03
89558,0.03
89559,0.02
89560,0.01
89561,0.02
89562,0.4
89563,0.49
89564,0.01
89565,0.01
89566,0.08
89567,0.03
89568,0.45
89569,0.04
89570,0.01
89571,0.03
89572,0.28
89573,0.0
89574,0.01
89575,0.0
89576,0.03
89577,0.01
89578,0.0
89579,0.0
89580,0.06
89581,0.41
89582,0.07
89583,0.0
89584,0.0
89585,0.0
89586,0.0
89587,0.0
89588,0.02
89589,0.02
89590,0.0
89591,0.02
89592,0.0
89593,0.04
89594,0.04
89595,0.0
89596,0.0
89597,0.06
89598,0.02
89599,0.05
89600,0.0
89601,0.02
89602,0.0
89603,0.09
89604,0.02
89605,0.05
89606,0.27
89607,0.06
89608,0.0
89609,0.07
89610,0.02
89611,0.37
89612,0.01
89613,0.14
89614,0.57
89615,0.08
89616,0.01
89617,0.04
89618,0.23
89619,0.0
89620,0.02
89621,0.24
89622,0.02
89623,0.04
89624,0.17
89625,0.0
89626,0.22
89627,0.06
89628,0.12
89629,0.09
89630,0.03
89631,0.15
89632,0.14
89633,0.02
89634,0.02
89635,0.03
89636,0.03
89637,0.07
89638,0.0
89639,0.0
89640,0.0
89641,0.08
89642,0.04
89643,0.02
89644,0.0
89645,0.01
89646,0.0
89647,0.03
89648,0.18
89649,0.02
89650,0.02
89651,0.22
89652,0.0
89653,0.05
89654,0.0
89655,0.68
89656,0.57
89657,0.06
89658,0.23
89659,0.0
89660,0.03
89661,0.12
89662,0.05
89663,0.0
89664,0.0
89665,0.15
89666,0.0
89667,0.0
89668,0.24
89669,0.0
89670,0.0
89671,0.01
89672,0.0
89673,0.35
89674,0.01
89675,0.0
89676,0.15
89677,0.02
89678,0.02
89679,0.02
89680,0.3
89681,0.17
89682,0.0
89683,0.01
89684,0.0
89685,0.02
89686,0.02
89687,0.0
89688,0.0
89689,0.0
89690,0.01
89691,0.28
89692,0.05
89693,0.32
89694,0.01
89695,0.01
89696,0.01
89697,0.01
89698,0.08
89699,0.01
89700,0.0
89701,0.11
89702,0.0
89703,0.0
89704,0.02
89705,0.01
89706,0.22
89707,0.02
89708,0.01
89709,0.0
89710,0.01
89711,0.45
89712,0.14
89713,0.04
89714,0.11
89715,0.19
89716,0.17
89717,0.0
89718,0.29
89719,0.21
89720,0.0
89721,0.2
89722,0.22
89723,0.0
89724,0.02
89725,0.01
89726,0.06
89727,0.03
89728,0.24
89729,0.06
89730,0.01
89731,0.0
89732,0.02
89733,0.06
89734,0.01
89735,0.04
89736,0.03
89737,0.01
89738,0.25
89739,0.21
89740,0.07
89741,0.0
89742,0.0
89743,0.01
89744,0.1
89745,0.01
89746,0.01
89747,0.14
89748,0.0
89749,0.01
89750,0.02
89751,0.07
89752,0.09
89753,0.0
89754,0.09
89755,0.09
89756,0.01
89757,0.0
89758,0.41
89759,0.0
89760,0.2
89761,0.01
89762,0.05
89763,0.0
89764,0.01
89765,0.06
89766,0.0
89767,0.05
89768,0.03
89769,0.0
89770,0.01
89771,0.02
89772,0.01
89773,0.12
89774,0.08
89775,0.01
89776,0.02
89777,0.0
89778,0.0
89779,0.02
89780,0.0
89781,0.18
89782,0.16
89783,0.39
89784,0.06
89785,0.19
89786,0.01
89787,0.05
89788,0.04
89789,0.0
89790,0.01
89791,0.06
89792,0.15
89793,0.01
89794,0.06
89795,0.42
89796,0.01
89797,0.06
89798,0.02
89799,0.12
89800,0.01
89801,0.0
89802,0.01
89803,0.04
89804,0.04
89805,0.21
89806,0.81
89807,0.02
89808,0.0
89809,0.0
89810,0.0
89811,0.01
89812,0.01
89813,0.0
89814,0.12
89815,0.07
89816,0.0
89817,0.02
89818,0.04
89819,0.01
89820,0.09
89821,0.33
89822,0.0
89823,0.0
89824,0.38
89825,0.13
89826,0.01
89827,0.0
89828,0.06
89829,0.07
89830,0.14
89831,0.04
89832,0.13
89833,0.01
89834,0.0
89835,0.03
89836,0.0
89837,0.06
89838,0.01
89839,0.0
89840,0.01
89841,0.03
89842,0.0
89843,0.05
89844,0.23
89845,0.0
89846,0.29
89847,0.0
89848,0.06
89849,0.13
89850,0.03
89851,0.11
89852,0.05
89853,0.01
89854,0.01
89855,0.02
89856,0.09
89857,0.01
89858,0.07
89859,0.05
89860,0.0
89861,0.11
89862,0.04
89863,0.08
89864,0.02
89865,0.0
89866,0.0
89867,0.46
89868,0.0
89869,0.0
89870,0.0
89871,0.2
89872,0.06
89873,0.0
89874,0.02
89875,0.15
89876,0.02
89877,0.0
89878,0.35
89879,0.01
89880,0.07
89881,0.01
89882,0.0
89883,0.0
89884,0.0
89885,0.31
89886,0.01
89887,0.01
89888,0.0
89889,0.01
89890,0.15
89891,0.0
89892,0.04
89893,0.05
89894,0.09
89895,0.11
89896,0.0
89897,0.05
89898,0.0
89899,0.07
89900,0.0
89901,0.0
89902,0.35
89903,0.06
89904,0.21
89905,0.01
89906,0.2
89907,0.0
89908,0.0
89909,0.0
89910,0.0
89911,0.1
89912,0.15
89913,0.0
89914,0.09
89915,0.0
89916,0.08
89917,0.02
89918,0.02
89919,0.0
89920,0.0
89921,0.04
89922,0.0
89923,0.02
89924,0.02
89925,0.1
89926,0.04
89927,0.02
89928,0.01
89929,0.0
89930,0.06
89931,0.5
89932,0.0
89933,0.0
89934,0.01
89935,0.01
89936,0.0
89937,0.07
89938,0.0
89939,0.17
89940,0.04
89941,0.01
89942,0.0
89943,0.0
89944,0.01
89945,0.23
89946,0.01
89947,0.0
89948,0.06
89949,0.1
89950,0.03
89951,0.04
89952,0.08
89953,0.01
89954,0.04
89955,0.0
89956,0.03
89957,0.05
89958,0.09
89959,0.01
89960,0.02
89961,0.0
89962,0.0
89963,0.36
89964,0.0
89965,0.16
89966,0.18
89967,0.0
89968,0.03
89969,0.31
89970,0.04
89971,0.0
89972,0.05
89973,0.0
89974,0.0
89975,0.12
89976,0.0
89977,0.55
89978,0.0
89979,0.15
89980,0.08
89981,0.0
89982,0.03
89983,0.19
89984,0.05
89985,0.0
89986,0.02
89987,0.06
89988,0.04
89989,0.0
89990,0.01
89991,0.0
89992,0.06
89993,0.22
89994,0.0
89995,0.01
89996,0.0
89997,0.01
89998,0.0
89999,0.08
90000,0.03
90001,0.14
90002,0.0
90003,0.48
90004,0.01
90005,0.01
90006,0.01
90007,0.01
90008,0.0
90009,0.0
90010,0.1
90011,0.02
90012,0.57
90013,0.29
90014,0.02
90015,0.05
90016,0.2
90017,0.05
90018,0.01
90019,0.22
90020,0.03
90021,0.03
90022,0.03
90023,0.1
90024,0.03
90025,0.08
90026,0.11
90027,0.1
90028,0.0
90029,0.02
90030,0.0
90031,0.16
90032,0.03
90033,0.01
90034,0.08
90035,0.0
90036,0.02
90037,0.21
90038,0.36
90039,0.0
90040,0.07
90041,0.09
90042,0.03
90043,0.04
90044,0.06
90045,0.04
90046,0.15
90047,0.02
90048,0.0
90049,0.03
90050,0.01
90051,0.0
90052,0.01
90053,0.05
90054,0.06
90055,0.04
90056,0.01
90057,0.04
90058,0.01
90059,0.07
90060,0.01
90061,0.0
90062,0.0
90063,0.04
90064,0.0
90065,0.0
90066,0.01
90067,0.08
90068,0.02
90069,0.05
90070,0.11
90071,0.03
90072,0.02
90073,0.04
90074,0.03
90075,0.0
90076,0.0
90077,0.02
90078,0.08
90079,0.0
90080,0.33
90081,0.0
90082,0.0
90083,0.05
90084,0.0
90085,0.09
90086,0.1
90087,0.14
90088,0.05
90089,0.22
90090,0.0
90091,0.06
90092,0.03
90093,0.53
90094,0.01
90095,0.07
90096,0.01
90097,0.42
90098,0.02
90099,0.0
90100,0.0
90101,0.0
90102,0.45
90103,0.16
90104,0.4
90105,0.01
90106,0.0
90107,0.27
90108,0.17
90109,0.1
90110,0.0
90111,0.01
90112,0.0
90113,0.0
90114,0.24
90115,0.01
90116,0.01
90117,0.01
90118,0.46
90119,0.05
90120,0.0
90121,0.0
90122,0.16
90123,0.1
90124,0.03
90125,0.0
90126,0.02
90127,0.01
90128,0.0
90129,0.07
90130,0.04
90131,0.08
90132,0.03
90133,0.03
90134,0.1
90135,0.27
90136,0.01
90137,0.0
90138,0.0
90139,0.0
90140,0.07
90141,0.09
90142,0.01
90143,0.0
90144,0.02
90145,0.0
90146,0.02
90147,0.18
90148,0.0
90149,0.05
90150,0.0
90151,0.01
90152,0.0
90153,0.12
90154,0.39
90155,0.01
90156,0.05
90157,0.01
90158,0.1
90159,0.26
90160,0.02
90161,0.0
90162,0.01
90163,0.02
90164,0.01
90165,0.0
90166,0.03
90167,0.0
90168,0.0
90169,0.1
90170,0.05
90171,0.0
90172,0.1
90173,0.02
90174,0.36
90175,0.01
90176,0.09
90177,0.21
90178,0.01
90179,0.03
90180,0.01
90181,0.03
90182,0.01
90183,0.1
90184,0.0
90185,0.01
90186,0.02
90187,0.01
90188,0.0
90189,0.01
90190,0.0
90191,0.02
90192,0.59
90193,0.12
90194,0.21
90195,0.02
90196,0.01
90197,0.0
90198,0.01
90199,0.05
90200,0.12
90201,0.0
90202,0.0
90203,0.02
90204,0.01
90205,0.0
90206,0.03
90207,0.0
90208,0.13
90209,0.0
90210,0.05
90211,0.32
90212,0.38
90213,0.13
90214,0.01
90215,0.04
90216,0.01
90217,0.02
90218,0.14
90219,0.01
90220,0.02
90221,0.0
90222,0.06
90223,0.03
90224,0.35
90225,0.04
90226,0.07
90227,0.01
90228,0.31
90229,0.0
90230,0.58
90231,0.0
90232,0.02
90233,0.0
90234,0.3
90235,0.05
90236,0.04
90237,0.04
90238,0.0
90239,0.06
90240,0.02
90241,0.0
90242,0.34
90243,0.0
90244,0.0
90245,0.0
90246,0.0
90247,0.36
90248,0.1
90249,0.0
90250,0.0
90251,0.01
90252,0.02
90253,0.22
90254,0.01
90255,0.09
90256,0.43
90257,0.05
90258,0.06
90259,0.03
90260,0.05
90261,0.46
90262,0.0
90263,0.02
90264,0.04
90265,0.17
90266,0.07
90267,0.08
90268,0.02
90269,0.06
90270,0.0
90271,0.0
90272,0.0
90273,0.06
90274,0.0
90275,0.05
90276,0.01
90277,0.1
90278,0.0
90279,0.02
90280,0.43
90281,0.04
90282,0.0
90283,0.13
90284,0.01
90285,0.07
90286,0.0
90287,0.07
90288,0.02
90289,0.0
90290,0.0
90291,0.06
90292,0.02
90293,0.0
90294,0.03
90295,0.01
90296,0.56
90297,0.05
90298,0.02
90299,0.25
90300,0.0
90301,0.0
90302,0.12
90303,0.03
90304,0.0
90305,0.0
90306,0.15
90307,0.16
90308,0.08
90309,0.02
90310,0.01
90311,0.01
90312,0.01
90313,0.15
90314,0.03
90315,0.0
90316,0.02
90317,0.02
90318,0.0
90319,0.0
90320,0.01
90321,0.18
90322,0.0
90323,0.01
90324,0.01
90325,0.04
90326,0.47
90327,0.0
90328,0.0
90329,0.01
90330,0.04
90331,0.0
90332,0.02
90333,0.04
90334,0.0
90335,0.02
90336,0.05
90337,0.05
90338,0.02
90339,0.02
90340,0.01
90341,0.11
90342,0.35
90343,0.22
90344,0.03
90345,0.01
90346,0.05
90347,0.0
90348,0.09
90349,0.0
90350,0.17
90351,0.4
90352,0.0
90353,0.27
90354,0.0
90355,0.01
90356,0.0
90357,0.07
90358,0.0
90359,0.0
90360,0.0
90361,0.0
90362,0.0
90363,0.0
90364,0.0
90365,0.0
90366,0.0
90367,0.05
90368,0.01
90369,0.02
90370,0.0
90371,0.02
90372,0.0
90373,0.01
90374,0.06
90375,0.08
90376,0.01
90377,0.05
90378,0.0
90379,0.03
90380,0.1
90381,0.0
90382,0.01
90383,0.0
90384,0.02
90385,0.05
90386,0.08
90387,0.03
90388,0.06
90389,0.01
90390,0.17
90391,0.0
90392,0.14
90393,0.01
90394,0.03
90395,0.0
90396,0.0
90397,0.01
90398,0.04
90399,0.0
90400,0.01
90401,0.15
90402,0.02
90403,0.09
90404,0.05
90405,0.19
90406,0.35
90407,0.28
90408,0.05
90409,0.01
90410,0.01
90411,0.02
90412,0.06
90413,0.03
90414,0.02
90415,0.0
90416,0.08
90417,0.0
90418,0.08
90419,0.0
90420,0.1
90421,0.01
90422,0.01
90423,0.03
90424,0.06
90425,0.0
90426,0.01
90427,0.46
90428,0.05
90429,0.0
90430,0.01
90431,0.25
90432,0.01
90433,0.03
90434,0.11
90435,0.04
90436,0.28
90437,0.0
90438,0.0
90439,0.02
90440,0.04
90441,0.03
90442,0.0
90443,0.02
90444,0.02
90445,0.16
90446,0.01
90447,0.02
90448,0.0
90449,0.02
90450,0.02
90451,0.01
90452,0.0
90453,0.0
90454,0.01
90455,0.32
90456,0.02
90457,0.01
90458,0.07
90459,0.09
90460,0.44
90461,0.0
90462,0.04
90463,0.03
90464,0.26
90465,0.33
90466,0.02
90467,0.01
90468,0.0
90469,0.11
90470,0.0
90471,0.05
90472,0.04
90473,0.02
90474,0.0
90475,0.0
90476,0.0
90477,0.0
90478,0.0
90479,0.0
90480,0.01
90481,0.0
90482,0.04
90483,0.12
90484,0.02
90485,0.04
90486,0.0
90487,0.12
90488,0.16
90489,0.11
90490,0.07
90491,0.21
90492,0.01
90493,0.0
90494,0.0
90495,0.02
90496,0.09
90497,0.05
90498,0.0
90499,0.12
90500,0.04
90501,0.26
90502,0.63
90503,0.04
90504,0.0
90505,0.0
90506,0.02
90507,0.02
90508,0.15
90509,0.05
90510,0.0
90511,0.01
90512,0.0
90513,0.05
90514,0.0
90515,0.01
90516,0.08
90517,0.08
90518,0.0
90519,0.01
90520,0.0
90521,0.1
90522,0.01
90523,0.0
90524,0.0
90525,0.6
90526,0.06
90527,0.0
90528,0.06
90529,0.04
90530,0.0
90531,0.33
90532,0.0
90533,0.08
90534,0.01
90535,0.05
90536,0.03
90537,0.0
90538,0.05
90539,0.01
90540,0.65
90541,0.02
90542,0.05
90543,0.06
90544,0.02
90545,0.0
90546,0.07
90547,0.0
90548,0.0
90549,0.1
90550,0.62
90551,0.0
90552,0.02
90553,0.08
90554,0.15
90555,0.16
90556,0.17
90557,0.23
90558,0.12
90559,0.05
90560,0.0
90561,0.13
90562,0.01
90563,0.14
90564,0.0
90565,0.0
90566,0.08
90567,0.01
90568,0.04
90569,0.01
90570,0.11
90571,0.3
90572,0.17
90573,0.01
90574,0.01
90575,0.05
90576,0.02
90577,0.0
90578,0.28
90579,0.02
90580,0.0
90581,0.0
90582,0.05
90583,0.0
90584,0.07
90585,0.01
90586,0.03
90587,0.02
90588,0.0
90589,0.02
90590,0.25
90591,0.0
90592,0.06
90593,0.0
90594,0.0
90595,0.0
90596,0.02
90597,0.01
90598,0.57
90599,0.01
90600,0.13
90601,0.0
90602,0.0
90603,0.01
90604,0.0
90605,0.01
90606,0.37
90607,0.0
90608,0.01
90609,0.05
90610,0.01
90611,0.3
90612,0.05
90613,0.2
90614,0.08
90615,0.02
90616,0.01
90617,0.14
90618,0.02
90619,0.0
90620,0.0
90621,0.0
90622,0.48
90623,0.03
90624,0.09
90625,0.0
90626,0.01
90627,0.0
90628,0.05
90629,0.05
90630,0.03
90631,0.13
90632,0.0
90633,0.09
90634,0.0
90635,0.04
90636,0.0
90637,0.03
90638,0.0
90639,0.03
90640,0.01
90641,0.0
90642,0.12
90643,0.0
90644,0.01
90645,0.24
90646,0.01
90647,0.01
90648,0.11
90649,0.08
90650,0.0
90651,0.0
90652,0.01
90653,0.03
90654,0.02
90655,0.13
90656,0.16
90657,0.05
90658,0.0
90659,0.01
90660,0.09
90661,0.0
90662,0.0
90663,0.0
90664,0.01
90665,0.08
90666,0.0
90667,0.27
90668,0.09
90669,0.08
90670,0.02
90671,0.05
90672,0.16
90673,0.58
90674,0.0
90675,0.07
90676,0.07
90677,0.01
90678,0.2
90679,0.04
90680,0.01
90681,0.0
90682,0.02
90683,0.07
90684,0.13
90685,0.39
90686,0.01
90687,0.0
90688,0.0
90689,0.0
90690,0.05
90691,0.04
90692,0.48
90693,0.0
90694,0.03
90695,0.0
90696,0.01
90697,0.0
90698,0.0
90699,0.01
90700,0.3
90701,0.0
90702,0.14
90703,0.01
90704,0.04
90705,0.0
90706,0.01
90707,0.0
90708,0.04
90709,0.11
90710,0.0
90711,0.02
90712,0.04
90713,0.0
90714,0.03
90715,0.0
90716,0.01
90717,0.03
90718,0.02
90719,0.0
90720,0.41
90721,0.0
90722,0.01
90723,0.01
90724,0.0
90725,0.0
90726,0.02
90727,0.0
90728,0.0
90729,0.0
90730,0.06
90731,0.02
90732,0.0
90733,0.0
90734,0.11
90735,0.11
90736,0.09
90737,0.0
90738,0.0
90739,0.03
90740,0.0
90741,0.01
90742,0.02
90743,0.09
90744,0.06
90745,0.01
90746,0.02
90747,0.04
90748,0.03
90749,0.0
90750,0.04
90751,0.06
90752,0.0
90753,0.07
90754,0.0
90755,0.0
90756,0.0
90757,0.0
90758,0.01
90759,0.02
90760,0.17
90761,0.49
90762,0.29
90763,0.14
90764,0.02
90765,0.16
90766,0.29
90767,0.0
90768,0.0
90769,0.05
90770,0.03
90771,0.21
90772,0.09
90773,0.01
90774,0.09
90775,0.13
90776,0.01
90777,0.01
90778,0.51
90779,0.2
90780,0.05
90781,0.03
90782,0.04
90783,0.0
90784,0.02
90785,0.0
90786,0.14
90787,0.12
90788,0.01
90789,0.02
90790,0.01
90791,0.0
90792,0.0
90793,0.02
90794,0.27
90795,0.0
90796,0.0
90797,0.05
90798,0.24
90799,0.01
90800,0.02
90801,0.37
90802,0.07
90803,0.07
90804,0.0
90805,0.16
90806,0.31
90807,0.0
90808,0.08
90809,0.0
90810,0.09
90811,0.1
90812,0.04
90813,0.0
90814,0.49
90815,0.0
90816,0.01
90817,0.03
90818,0.02
90819,0.0
90820,0.0
90821,0.0
90822,0.0
90823,0.03
90824,0.0
90825,0.22
90826,0.0
90827,0.0
90828,0.01
90829,0.09
90830,0.01
90831,0.11
90832,0.07
90833,0.01
90834,0.07
90835,0.12
90836,0.0
90837,0.0
90838,0.09
90839,0.04
90840,0.05
90841,0.0
90842,0.0
90843,0.0
90844,0.02
90845,0.06
90846,0.0
90847,0.02
90848,0.02
90849,0.0
90850,0.0
90851,0.03
90852,0.02
90853,0.0
90854,0.02
90855,0.01
90856,0.04
90857,0.02
90858,0.0
90859,0.01
90860,0.1
90861,0.29
90862,0.01
90863,0.0
90864,0.0
90865,0.0
90866,0.09
90867,0.0
90868,0.0
90869,0.01
90870,0.0
90871,0.02
90872,0.01
90873,0.0
90874,0.0
90875,0.12
90876,0.05
90877,0.03
90878,0.37
90879,0.12
90880,0.02
90881,0.07
90882,0.0
90883,0.0
90884,0.04
90885,0.05
90886,0.09
90887,0.02
90888,0.03
90889,0.06
90890,0.42
90891,0.0
90892,0.12
90893,0.0
90894,0.1
90895,0.0
90896,0.03
90897,0.15
90898,0.02
90899,0.0
90900,0.05
90901,0.07
90902,0.33
90903,0.01
90904,0.11
90905,0.01
90906,0.01
90907,0.03
90908,0.0
90909,0.03
90910,0.05
90911,0.02
90912,0.0
90913,0.03
90914,0.06
90915,0.19
90916,0.02
90917,0.22
90918,0.07
90919,0.0
90920,0.48
90921,0.16
90922,0.03
90923,0.24
90924,0.02
90925,0.1
90926,0.05
90927,0.01
90928,0.0
90929,0.48
90930,0.0
90931,0.0
90932,0.09
90933,0.0
90934,0.05
90935,0.02
90936,0.02
90937,0.12
90938,0.01
90939,0.01
90940,0.01
90941,0.36
90942,0.18
90943,0.08
90944,0.01
90945,0.0
90946,0.07
90947,0.14
90948,0.06
90949,0.06
90950,0.0
90951,0.0
90952,0.02
90953,0.08
90954,0.02
90955,0.0
90956,0.01
90957,0.0
90958,0.03
90959,0.0
90960,0.04
90961,0.0
90962,0.01
90963,0.05
90964,0.0
90965,0.0
90966,0.0
90967,0.1
90968,0.0
90969,0.0
90970,0.17
90971,0.12
90972,0.03
90973,0.09
90974,0.0
90975,0.0
90976,0.0
90977,0.31
90978,0.06
90979,0.0
90980,0.0
90981,0.24
90982,0.4
90983,0.02
90984,0.01
90985,0.0
90986,0.14
90987,0.0
90988,0.63
90989,0.0
90990,0.14
90991,0.05
90992,0.02
90993,0.0
90994,0.04
90995,0.15
90996,0.06
90997,0.0
90998,0.02
90999,0.01
91000,0.06
91001,0.07
91002,0.01
91003,0.09
91004,0.47
91005,0.0
91006,0.36
91007,0.0
91008,0.05
91009,0.01
91010,0.02
91011,0.12
91012,0.07
91013,0.29
91014,0.01
91015,0.01
91016,0.02
91017,0.11
91018,0.16
91019,0.0
91020,0.1
91021,0.05
91022,0.02
91023,0.0
91024,0.04
91025,0.01
91026,0.09
91027,0.01
91028,0.3
91029,0.08
91030,0.12
91031,0.02
91032,0.08
91033,0.06
91034,0.14
91035,0.29
91036,0.0
91037,0.09
91038,0.01
91039,0.0
91040,0.0
91041,0.01
91042,0.03
91043,0.0
91044,0.36
91045,0.0
91046,0.01
91047,0.3
91048,0.6
91049,0.01
91050,0.15
91051,0.02
91052,0.12
91053,0.12
91054,0.09
91055,0.01
91056,0.04
91057,0.02
91058,0.38
91059,0.0
91060,0.02
91061,0.03
91062,0.0
91063,0.0
91064,0.06
91065,0.04
91066,0.01
91067,0.03
91068,0.13
91069,0.06
91070,0.01
91071,0.02
91072,0.01
91073,0.53
91074,0.02
91075,0.02
91076,0.03
91077,0.02
91078,0.04
91079,0.02
91080,0.04
91081,0.08
91082,0.01
91083,0.1
91084,0.02
91085,0.01
91086,0.03
91087,0.5
91088,0.47
91089,0.1
91090,0.0
91091,0.0
91092,0.08
91093,0.0
91094,0.0
91095,0.0
91096,0.02
91097,0.17
91098,0.12
91099,0.01
91100,0.0
91101,0.07
91102,0.1
91103,0.0
91104,0.02
91105,0.0
91106,0.07
91107,0.33
91108,0.0
91109,0.03
91110,0.01
91111,0.53
91112,0.0
91113,0.09
91114,0.0
91115,0.0
91116,0.0
91117,0.04
91118,0.0
91119,0.06
91120,0.05
91121,0.58
91122,0.04
91123,0.02
91124,0.0
91125,0.03
91126,0.2
91127,0.0
91128,0.03
91129,0.02
91130,0.02
91131,0.01
91132,0.19
91133,0.03
91134,0.04
91135,0.05
91136,0.02
91137,0.39
91138,0.06
91139,0.13
91140,0.02
91141,0.05
91142,0.29
91143,0.0
91144,0.04
91145,0.0
91146,0.0
91147,0.03
91148,0.01
91149,0.02
91150,0.71
91151,0.0
91152,0.0
91153,0.11
91154,0.35
91155,0.0
91156,0.01
91157,0.01
91158,0.0
91159,0.05
91160,0.09
91161,0.0
91162,0.01
91163,0.01
91164,0.03
91165,0.02
91166,0.01
91167,0.0
91168,0.52
91169,0.02
91170,0.0
91171,0.0
91172,0.0
91173,0.0
91174,0.04
91175,0.06
91176,0.0
91177,0.07
91178,0.32
91179,0.04
91180,0.17
91181,0.01
91182,0.0
91183,0.11
91184,0.11
91185,0.45
91186,0.32
91187,0.01
91188,0.03
91189,0.01
91190,0.15
91191,0.04
91192,0.08
91193,0.0
91194,0.04
91195,0.04
91196,0.03
91197,0.16
91198,0.0
91199,0.04
91200,0.02
91201,0.06
91202,0.0
91203,0.07
91204,0.07
91205,0.58
91206,0.01
91207,0.02
91208,0.04
91209,0.01
91210,0.05
91211,0.0
91212,0.11
91213,0.53
91214,0.0
91215,0.03
91216,0.0
91217,0.26
91218,0.0
91219,0.01
91220,0.04
91221,0.37
91222,0.04
91223,0.0
91224,0.0
91225,0.06
91226,0.05
91227,0.0
91228,0.13
91229,0.04
91230,0.09
91231,0.01
91232,0.59
91233,0.13
91234,0.01
91235,0.04
91236,0.0
91237,0.05
91238,0.02
91239,0.01
91240,0.04
91241,0.03
91242,0.04
91243,0.0
91244,0.0
91245,0.04
91246,0.01
91247,0.0
91248,0.73
91249,0.0
91250,0.0
91251,0.12
91252,0.18
91253,0.01
91254,0.29
91255,0.12
91256,0.03
91257,0.0
91258,0.17
91259,0.06
91260,0.02
91261,0.01
91262,0.03
91263,0.22
91264,0.05
91265,0.02
91266,0.06
91267,0.01
91268,0.05
91269,0.01
91270,0.09
91271,0.0
91272,0.0
91273,0.0
91274,0.0
91275,0.01
91276,0.0
91277,0.0
91278,0.0
91279,0.0
91280,0.04
91281,0.05
91282,0.07
91283,0.01
91284,0.0
91285,0.32
91286,0.01
91287,0.12
91288,0.06
91289,0.05
91290,0.01
91291,0.15
91292,0.01
91293,0.0
91294,0.04
91295,0.01
91296,0.04
91297,0.12
91298,0.0
91299,0.0
91300,0.03
91301,0.03
91302,0.0
91303,0.0
91304,0.06
91305,0.0
91306,0.0
91307,0.22
91308,0.01
91309,0.01
91310,0.06
91311,0.0
91312,0.11
91313,0.01
91314,0.0
91315,0.02
91316,0.0
91317,0.3
91318,0.03
91319,0.08
91320,0.02
91321,0.38
91322,0.04
91323,0.0
91324,0.04
91325,0.01
91326,0.17
91327,0.29
91328,0.12
91329,0.0
91330,0.01
91331,0.02
91332,0.01
91333,0.0
91334,0.02
91335,0.0
91336,0.05
91337,0.01
91338,0.01
91339,0.12
91340,0.0
91341,0.02
91342,0.13
91343,0.03
91344,0.05
91345,0.26
91346,0.48
91347,0.42
91348,0.0
91349,0.0
91350,0.0
91351,0.16
91352,0.06
91353,0.02
91354,0.07
91355,0.03
91356,0.0
91357,0.01
91358,0.22
91359,0.0
91360,0.01
91361,0.1
91362,0.0
91363,0.1
91364,0.04
91365,0.11
91366,0.05
91367,0.04
91368,0.25
91369,0.0
91370,0.0
91371,0.03
91372,0.09
91373,0.2
91374,0.05
91375,0.0
91376,0.01
91377,0.0
91378,0.03
91379,0.1
91380,0.0
91381,0.0
91382,0.03
91383,0.42
91384,0.0
91385,0.01
91386,0.01
91387,0.0
91388,0.0
91389,0.01
91390,0.52
91391,0.03
91392,0.01
91393,0.0
91394,0.29
91395,0.29
91396,0.0
91397,0.0
91398,0.0
91399,0.05
91400,0.06
91401,0.0
91402,0.0
91403,0.0
91404,0.01
91405,0.02
91406,0.0
91407,0.0
91408,0.01
91409,0.0
91410,0.09
91411,0.0
91412,0.03
91413,0.0
91414,0.0
91415,0.0
91416,0.08
91417,0.42
91418,0.02
91419,0.0
91420,0.0
91421,0.01
91422,0.0
91423,0.0
91424,0.0
91425,0.03
91426,0.18
91427,0.0
91428,0.06
91429,0.01
91430,0.09
91431,0.06
91432,0.01
91433,0.01
91434,0.02
91435,0.1
91436,0.01
91437,0.08
91438,0.0
91439,0.01
91440,0.02
91441,0.52
91442,0.0
91443,0.0
91444,0.76
91445,0.05
91446,0.1
91447,0.14
91448,0.06
91449,0.44
91450,0.0
91451,0.01
91452,0.0
91453,0.01
91454,0.0
91455,0.02
91456,0.01
91457,0.02
91458,0.15
91459,0.07
91460,0.03
91461,0.07
91462,0.39
91463,0.05
91464,0.01
91465,0.02
91466,0.13
91467,0.0
91468,0.05
91469,0.47
91470,0.0
91471,0.05
91472,0.0
91473,0.0
91474,0.01
91475,0.03
91476,0.0
91477,0.06
91478,0.01
91479,0.1
91480,0.0
91481,0.0
91482,0.0
91483,0.05
91484,0.12
91485,0.03
91486,0.11
91487,0.02
91488,0.03
91489,0.0
91490,0.01
91491,0.01
91492,0.05
91493,0.01
91494,0.0
91495,0.13
91496,0.0
91497,0.12
91498,0.12
91499,0.0
91500,0.08
91501,0.0
91502,0.02
91503,0.05
91504,0.0
91505,0.13
91506,0.0
91507,0.0
91508,0.12
91509,0.04
91510,0.02
91511,0.09
91512,0.0
91513,0.27
91514,0.0
91515,0.02
91516,0.23
91517,0.01
91518,0.02
91519,0.0
91520,0.0
91521,0.06
91522,0.0
91523,0.12
91524,0.04
91525,0.03
91526,0.08
91527,0.15
91528,0.07
91529,0.0
91530,0.08
91531,0.01
91532,0.14
91533,0.0
91534,0.0
91535,0.38
91536,0.05
91537,0.0
91538,0.11
91539,0.16
91540,0.02
91541,0.0
91542,0.04
91543,0.0
91544,0.26
91545,0.05
91546,0.02
91547,0.01
91548,0.02
91549,0.26
91550,0.24
91551,0.02
91552,0.1
91553,0.04
91554,0.09
91555,0.0
91556,0.0
91557,0.11
91558,0.02
91559,0.06
91560,0.05
91561,0.02
91562,0.02
91563,0.11
91564,0.03
91565,0.06
91566,0.0
91567,0.04
91568,0.0
91569,0.0
91570,0.0
91571,0.21
91572,0.02
91573,0.0
91574,0.32
91575,0.38
91576,0.3
91577,0.02
91578,0.5
91579,0.05
91580,0.02
91581,0.16
91582,0.0
91583,0.27
91584,0.0
91585,0.01
91586,0.01
91587,0.0
91588,0.04
91589,0.0
91590,0.03
91591,0.0
91592,0.04
91593,0.01
91594,0.09
91595,0.01
91596,0.36
91597,0.04
91598,0.0
91599,0.02
91600,0.05
91601,0.4
91602,0.01
91603,0.0
91604,0.62
91605,0.05
91606,0.19
91607,0.1
91608,0.0
91609,0.44
91610,0.33
91611,0.01
91612,0.0
91613,0.0
91614,0.0
91615,0.01
91616,0.02
91617,0.02
91618,0.14
91619,0.02
91620,0.01
91621,0.01
91622,0.01
91623,0.06
91624,0.05
91625,0.01
91626,0.09
91627,0.01
91628,0.09
91629,0.34
91630,0.01
91631,0.64
91632,0.02
91633,0.11
91634,0.2
91635,0.0
91636,0.0
91637,0.27
91638,0.02
91639,0.05
91640,0.0
91641,0.0
91642,0.03
91643,0.0
91644,0.12
91645,0.03
91646,0.23
91647,0.01
91648,0.28
91649,0.12
91650,0.02
91651,0.0
91652,0.11
91653,0.0
91654,0.0
91655,0.01
91656,0.03
91657,0.0
91658,0.09
91659,0.0
91660,0.02
91661,0.01
91662,0.04
91663,0.0
91664,0.0
91665,0.19
91666,0.03
91667,0.01
91668,0.01
91669,0.18
91670,0.06
91671,0.0
91672,0.17
91673,0.02
91674,0.14
91675,0.0
91676,0.02
91677,0.58
91678,0.0
91679,0.0
91680,0.14
91681,0.0
91682,0.15
91683,0.03
91684,0.13
91685,0.0
91686,0.05
91687,0.0
91688,0.01
91689,0.31
91690,0.25
91691,0.0
91692,0.05
91693,0.06
91694,0.02
91695,0.0
91696,0.3
91697,0.1
91698,0.03
91699,0.06
91700,0.0
91701,0.01
91702,0.01
91703,0.0
91704,0.0
91705,0.58
91706,0.11
91707,0.16
91708,0.0
91709,0.13
91710,0.02
91711,0.0
91712,0.15
91713,0.06
91714,0.01
91715,0.04
91716,0.15
91717,0.01
91718,0.02
91719,0.69
91720,0.07
91721,0.08
91722,0.0
91723,0.02
91724,0.58
91725,0.0
91726,0.09
91727,0.02
91728,0.01
91729,0.11
91730,0.0
91731,0.17
91732,0.0
91733,0.0
91734,0.0
91735,0.0
91736,0.01
91737,0.01
91738,0.01
91739,0.0
91740,0.09
91741,0.02
91742,0.03
91743,0.0
91744,0.0
91745,0.02
91746,0.01
91747,0.01
91748,0.02
91749,0.01
91750,0.12
91751,0.03
91752,0.0
91753,0.24
91754,0.14
91755,0.03
91756,0.04
91757,0.0
91758,0.31
91759,0.12
91760,0.08
91761,0.03
91762,0.13
91763,0.0
91764,0.17
91765,0.0
91766,0.01
91767,0.01
91768,0.15
91769,0.01
91770,0.25
91771,0.02
91772,0.01
91773,0.0
91774,0.07
91775,0.0
91776,0.0
91777,0.01
91778,0.14
91779,0.05
91780,0.01
91781,0.02
91782,0.0
91783,0.04
91784,0.02
91785,0.0
91786,0.0
91787,0.04
91788,0.0
91789,0.0
91790,0.1
91791,0.01
91792,0.08
91793,0.0
91794,0.04
91795,0.0
91796,0.22
91797,0.24
91798,0.03
91799,0.0
91800,0.02
91801,0.0
91802,0.1
91803,0.08
91804,0.01
91805,0.01
91806,0.04
91807,0.0
91808,0.15
91809,0.11
91810,0.1
91811,0.2
91812,0.0
91813,0.03
91814,0.0
91815,0.45
91816,0.02
91817,0.04
91818,0.0
91819,0.01
91820,0.01
91821,0.04
91822,0.01
91823,0.0
91824,0.3
91825,0.02
91826,0.0
91827,0.01
91828,0.01
91829,0.22
91830,0.26
91831,0.0
91832,0.02
91833,0.13
91834,0.0
91835,0.49
91836,0.06
91837,0.0
91838,0.08
91839,0.0
91840,0.46
91841,0.0
91842,0.11
91843,0.0
91844,0.24
91845,0.0
91846,0.0
91847,0.0
91848,0.0
91849,0.05
91850,0.0
91851,0.07
91852,0.05
91853,0.08
91854,0.17
91855,0.01
91856,0.01
91857,0.07
91858,0.01
91859,0.08
91860,0.01
91861,0.0
91862,0.0
91863,0.01
91864,0.03
91865,0.01
91866,0.01
91867,0.01
91868,0.25
91869,0.02
91870,0.02
91871,0.03
91872,0.08
91873,0.0
91874,0.01
91875,0.34
91876,0.07
91877,0.02
91878,0.5
91879,0.42
91880,0.14
91881,0.03
91882,0.04
91883,0.31
91884,0.01
91885,0.04
91886,0.0
91887,0.17
91888,0.32
91889,0.32
91890,0.0
91891,0.08
91892,0.02
91893,0.25
91894,0.03
91895,0.0
91896,0.0
91897,0.04
91898,0.09
91899,0.01
91900,0.0
91901,0.0
91902,0.09
91903,0.19
91904,0.37
91905,0.01
91906,0.02
91907,0.05
91908,0.0
91909,0.04
91910,0.03
91911,0.0
91912,0.04
91913,0.01
91914,0.01
91915,0.03
91916,0.03
91917,0.0
91918,0.0
91919,0.01
91920,0.16
91921,0.03
91922,0.0
91923,0.01
91924,0.0
91925,0.0
91926,0.0
91927,0.31
91928,0.68
91929,0.21
91930,0.0
91931,0.02
91932,0.05
91933,0.07
91934,0.0
91935,0.29
91936,0.0
91937,0.01
91938,0.05
91939,0.0
91940,0.0
91941,0.07
91942,0.04
91943,0.0
91944,0.18
91945,0.18
91946,0.04
91947,0.0
91948,0.2
91949,0.01
91950,0.06
91951,0.01
91952,0.01
91953,0.0
91954,0.01
91955,0.46
91956,0.03
91957,0.0
91958,0.04
91959,0.0
91960,0.11
91961,0.01
91962,0.0
91963,0.01
91964,0.12
91965,0.06
91966,0.0
91967,0.12
91968,0.11
91969,0.0
91970,0.01
91971,0.03
91972,0.03
91973,0.3
91974,0.0
91975,0.23
91976,0.08
91977,0.02
91978,0.0
91979,0.0
91980,0.0
91981,0.03
91982,0.06
91983,0.0
91984,0.01
91985,0.0
91986,0.0
91987,0.05
91988,0.02
91989,0.0
91990,0.03
91991,0.23
91992,0.02
91993,0.0
91994,0.01
91995,0.35
91996,0.0
91997,0.0
91998,0.0
91999,0.0
92000,0.07
92001,0.16
92002,0.0
92003,0.06
92004,0.0
92005,0.0
92006,0.13
92007,0.01
92008,0.03
92009,0.0
92010,0.01
92011,0.0
92012,0.0
92013,0.04
92014,0.04
92015,0.03
92016,0.03
92017,0.27
92018,0.01
92019,0.13
92020,0.0
92021,0.31
92022,0.0
92023,0.11
92024,0.28
92025,0.0
92026,0.06
92027,0.0
92028,0.0
92029,0.0
92030,0.0
92031,0.02
92032,0.06
92033,0.02
92034,0.0
92035,0.01
92036,0.01
92037,0.01
92038,0.1
92039,0.01
92040,0.04
92041,0.01
92042,0.0
92043,0.03
92044,0.04
92045,0.0
92046,0.08
92047,0.0
92048,0.39
92049,0.19
92050,0.19
92051,0.02
92052,0.1
92053,0.04
92054,0.01
92055,0.0
92056,0.0
92057,0.26
92058,0.05
92059,0.02
92060,0.01
92061,0.01
92062,0.12
92063,0.0
92064,0.01
92065,0.0
92066,0.08
92067,0.01
92068,0.0
92069,0.08
92070,0.06
92071,0.0
92072,0.0
92073,0.06
92074,0.03
92075,0.13
92076,0.16
92077,0.0
92078,0.01
92079,0.2
92080,0.0
92081,0.12
92082,0.0
92083,0.01
92084,0.01
92085,0.02
92086,0.05
92087,0.05
92088,0.0
92089,0.04
92090,0.17
92091,0.07
92092,0.08
92093,0.78
92094,0.0
92095,0.0
92096,0.0
92097,0.52
92098,0.01
92099,0.02
92100,0.04
92101,0.07
92102,0.01
92103,0.28
92104,0.01
92105,0.02
92106,0.01
92107,0.0
92108,0.13
92109,0.03
92110,0.45
92111,0.0
92112,0.04
92113,0.0
92114,0.01
92115,0.0
92116,0.03
92117,0.22
92118,0.01
92119,0.02
92120,0.03
92121,0.01
92122,0.02
92123,0.1
92124,0.08
92125,0.02
92126,0.0
92127,0.06
92128,0.0
92129,0.04
92130,0.39
92131,0.1
92132,0.03
92133,0.12
92134,0.03
92135,0.44
92136,0.14
92137,0.01
92138,0.02
92139,0.13
92140,0.0
92141,0.03
92142,0.0
92143,0.0
92144,0.01
92145,0.01
92146,0.15
92147,0.05
92148,0.0
92149,0.0
92150,0.09
92151,0.03
92152,0.03
92153,0.11
92154,0.1
92155,0.0
92156,0.01
92157,0.03
92158,0.71
92159,0.0
92160,0.01
92161,0.12
92162,0.25
92163,0.07
92164,0.01
92165,0.01
92166,0.05
92167,0.02
92168,0.06
92169,0.22
92170,0.0
92171,0.01
92172,0.03
92173,0.15
92174,0.01
92175,0.0
92176,0.57
92177,0.02
92178,0.01
92179,0.0
92180,0.06
92181,0.0
92182,0.47
92183,0.02
92184,0.05
92185,0.12
92186,0.04
92187,0.0
92188,0.01
92189,0.0
92190,0.01
92191,0.11
92192,0.0
92193,0.0
92194,0.05
92195,0.0
92196,0.0
92197,0.02
92198,0.43
92199,0.03
92200,0.02
92201,0.14
92202,0.31
92203,0.16
92204,0.02
92205,0.0
92206,0.01
92207,0.01
92208,0.08
92209,0.01
92210,0.04
92211,0.05
92212,0.0
92213,0.0
92214,0.23
92215,0.33
92216,0.0
92217,0.11
92218,0.0
92219,0.07
92220,0.0
92221,0.38
92222,0.08
92223,0.0
92224,0.25
92225,0.07
92226,0.01
92227,0.05
92228,0.02
92229,0.0
92230,0.0
92231,0.0
92232,0.26
92233,0.22
92234,0.0
92235,0.0
92236,0.53
92237,0.0
92238,0.12
92239,0.06
92240,0.02
92241,0.07
92242,0.01
92243,0.03
92244,0.18
92245,0.58
92246,0.0
92247,0.0
92248,0.29
92249,0.04
92250,0.0
92251,0.03
92252,0.06
92253,0.39
92254,0.01
92255,0.04
92256,0.26
92257,0.06
92258,0.11
92259,0.17
92260,0.0
92261,0.0
92262,0.0
92263,0.02
92264,0.03
92265,0.03
92266,0.03
92267,0.0
92268,0.25
92269,0.32
92270,0.0
92271,0.05
92272,0.03
92273,0.14
92274,0.0
92275,0.0
92276,0.04
92277,0.05
92278,0.0
92279,0.09
92280,0.03
92281,0.03
92282,0.0
92283,0.02
92284,0.01
92285,0.07
92286,0.24
92287,0.12
92288,0.06
92289,0.0
92290,0.02
92291,0.08
92292,0.24
92293,0.07
92294,0.0
92295,0.36
92296,0.05
92297,0.0
92298,0.07
92299,0.0
92300,0.02
92301,0.23
92302,0.0
92303,0.01
92304,0.02
92305,0.03
92306,0.02
92307,0.06
92308,0.12
92309,0.02
92310,0.0
92311,0.0
92312,0.0
92313,0.02
92314,0.01
92315,0.0
92316,0.14
92317,0.0
92318,0.01
92319,0.01
92320,0.0
92321,0.02
92322,0.04
92323,0.37
92324,0.0
92325,0.01
92326,0.07
92327,0.02
92328,0.03
92329,0.36
92330,0.02
92331,0.01
92332,0.17
92333,0.22
92334,0.05
92335,0.1
92336,0.03
92337,0.01
92338,0.44
92339,0.04
92340,0.02
92341,0.17
92342,0.01
92343,0.03
92344,0.18
92345,0.24
92346,0.01
92347,0.01
92348,0.15
92349,0.04
92350,0.02
92351,0.68
92352,0.06
92353,0.25
92354,0.03
92355,0.0
92356,0.0
92357,0.0
92358,0.15
92359,0.07
92360,0.13
92361,0.01
92362,0.03
92363,0.02
92364,0.01
92365,0.02
92366,0.0
92367,0.0
92368,0.01
92369,0.02
92370,0.0
92371,0.0
92372,0.0
92373,0.03
92374,0.63
92375,0.0
92376,0.01
92377,0.03
92378,0.09
92379,0.0
92380,0.05
92381,0.0
92382,0.04
92383,0.0
92384,0.0
92385,0.03
92386,0.0
92387,0.03
92388,0.1
92389,0.0
92390,0.0
92391,0.03
92392,0.25
92393,0.09
92394,0.05
92395,0.02
92396,0.0
92397,0.13
92398,0.02
92399,0.0
92400,0.0
92401,0.04
92402,0.12
92403,0.0
92404,0.0
92405,0.0
92406,0.0
92407,0.01
92408,0.0
92409,0.0
92410,0.03
92411,0.33
92412,0.0
92413,0.0
92414,0.04
92415,0.55
92416,0.0
92417,0.04
92418,0.03
92419,0.02
92420,0.0
92421,0.09
92422,0.0
92423,0.14
92424,0.05
92425,0.09
92426,0.0
92427,0.03
92428,0.0
92429,0.0
92430,0.02
92431,0.07
92432,0.06
92433,0.22
92434,0.06
92435,0.15
92436,0.04
92437,0.02
92438,0.04
92439,0.05
92440,0.0
92441,0.0
92442,0.07
92443,0.02
92444,0.45
92445,0.16
92446,0.0
92447,0.01
92448,0.19
92449,0.0
92450,0.0
92451,0.01
92452,0.0
92453,0.03
92454,0.0
92455,0.01
92456,0.0
92457,0.05
92458,0.01
92459,0.24
92460,0.01
92461,0.02
92462,0.03
92463,0.05
92464,0.02
92465,0.0
92466,0.03
92467,0.0
92468,0.01
92469,0.02
92470,0.36
92471,0.0
92472,0.02
92473,0.03
92474,0.0
92475,0.02
92476,0.27
92477,0.01
92478,0.03
92479,0.0
92480,0.04
92481,0.0
92482,0.09
92483,0.0
92484,0.01
92485,0.11
92486,0.01
92487,0.01
92488,0.03
92489,0.03
92490,0.7
92491,0.01
92492,0.14
92493,0.0
92494,0.01
92495,0.0
92496,0.0
92497,0.05
92498,0.01
92499,0.01
92500,0.03
92501,0.0
92502,0.0
92503,0.0
92504,0.26
92505,0.0
92506,0.0
92507,0.0
92508,0.0
92509,0.02
92510,0.38
92511,0.13
92512,0.01
92513,0.01
92514,0.01
92515,0.01
92516,0.0
92517,0.01
92518,0.07
92519,0.01
92520,0.01
92521,0.05
92522,0.01
92523,0.07
92524,0.14
92525,0.0
92526,0.0
92527,0.01
92528,0.09
92529,0.0
92530,0.0
92531,0.0
92532,0.21
92533,0.04
92534,0.0
92535,0.0
92536,0.13
92537,0.0
92538,0.0
92539,0.64
92540,0.0
92541,0.0
92542,0.0
92543,0.0
92544,0.04
92545,0.0
92546,0.0
92547,0.0
92548,0.0
92549,0.01
92550,0.04
92551,0.01
92552,0.01
92553,0.23
92554,0.02
92555,0.0
92556,0.01
92557,0.03
92558,0.0
92559,0.1
92560,0.02
92561,0.0
92562,0.0
92563,0.01
92564,0.02
92565,0.0
92566,0.0
92567,0.02
92568,0.1
92569,0.05
92570,0.03
92571,0.0
92572,0.02
92573,0.19
92574,0.03
92575,0.09
92576,0.15
92577,0.02
92578,0.02
92579,0.0
92580,0.0
92581,0.04
92582,0.09
92583,0.01
92584,0.03
92585,0.03
92586,0.02
92587,0.07
92588,0.2
92589,0.0
92590,0.05
92591,0.0
92592,0.04
92593,0.09
92594,0.1
92595,0.01
92596,0.14
92597,0.02
92598,0.01
92599,0.02
92600,0.0
92601,0.0
92602,0.02
92603,0.02
92604,0.01
92605,0.13
92606,0.0
92607,0.0
92608,0.05
92609,0.0
92610,0.01
92611,0.02
92612,0.08
92613,0.02
92614,0.11
92615,0.08
92616,0.0
92617,0.02
92618,0.01
92619,0.01
92620,0.0
92621,0.43
92622,0.01
92623,0.11
92624,0.72
92625,0.08
92626,0.01
92627,0.12
92628,0.0
92629,0.0
92630,0.06
92631,0.03
92632,0.04
92633,0.0
92634,0.03
92635,0.0
92636,0.07
92637,0.0
92638,0.06
92639,0.04
92640,0.06
92641,0.14
92642,0.0
92643,0.14
92644,0.09
92645,0.37
92646,0.05
92647,0.04
92648,0.0
92649,0.01
92650,0.01
92651,0.07
92652,0.0
92653,0.0
92654,0.01
92655,0.0
92656,0.09
92657,0.07
92658,0.0
92659,0.0
92660,0.01
92661,0.12
92662,0.02
92663,0.04
92664,0.0
92665,0.51
92666,0.03
92667,0.03
92668,0.03
92669,0.05
92670,0.43
92671,0.01
92672,0.0
92673,0.02
92674,0.02
92675,0.0
92676,0.0
92677,0.04
92678,0.32
92679,0.03
92680,0.01
92681,0.05
92682,0.01
92683,0.07
92684,0.0
92685,0.03
92686,0.02
92687,0.03
92688,0.14
92689,0.05
92690,0.02
92691,0.09
92692,0.02
92693,0.02
92694,0.0
92695,0.03
92696,0.05
92697,0.02
92698,0.0
92699,0.0
92700,0.02
92701,0.0
92702,0.1
92703,0.01
92704,0.34
92705,0.0
92706,0.04
92707,0.05
92708,0.14
92709,0.04
92710,0.03
92711,0.0
92712,0.15
92713,0.0
92714,0.0
92715,0.02
92716,0.02
92717,0.05
92718,0.0
92719,0.03
92720,0.0
92721,0.0
92722,0.0
92723,0.06
92724,0.14
92725,0.04
92726,0.22
92727,0.1
92728,0.01
92729,0.23
92730,0.01
92731,0.0
92732,0.21
92733,0.01
92734,0.01
92735,0.02
92736,0.09
92737,0.34
92738,0.14
92739,0.47
92740,0.15
92741,0.06
92742,0.01
92743,0.17
92744,0.01
92745,0.01
92746,0.05
92747,0.01
92748,0.5
92749,0.06
92750,0.0
92751,0.13
92752,0.13
92753,0.03
92754,0.04
92755,0.24
92756,0.0
92757,0.02
92758,0.03
92759,0.03
92760,0.0
92761,0.0
92762,0.03
92763,0.18
92764,0.0
92765,0.0
92766,0.05
92767,0.0
92768,0.06
92769,0.02
92770,0.01
92771,0.08
92772,0.01
92773,0.06
92774,0.02
92775,0.01
92776,0.0
92777,0.15
92778,0.0
92779,0.06
92780,0.0
92781,0.01
92782,0.02
92783,0.23
92784,0.0
92785,0.02
92786,0.46
92787,0.11
92788,0.42
92789,0.0
92790,0.07
92791,0.03
92792,0.0
92793,0.02
92794,0.11
92795,0.0
92796,0.0
92797,0.27
92798,0.1
92799,0.0
92800,0.08
92801,0.04
92802,0.07
92803,0.47
92804,0.05
92805,0.11
92806,0.0
92807,0.0
92808,0.06
92809,0.0
92810,0.21
92811,0.0
92812,0.0
92813,0.06
92814,0.07
92815,0.72
92816,0.07
92817,0.02
92818,0.01
92819,0.56
92820,0.0
92821,0.01
92822,0.01
92823,0.23
92824,0.0
92825,0.22
92826,0.06
92827,0.04
92828,0.02
92829,0.0
92830,0.33
92831,0.01
92832,0.0
92833,0.02
92834,0.17
92835,0.02
92836,0.0
92837,0.0
92838,0.31
92839,0.0
92840,0.01
92841,0.01
92842,0.05
92843,0.01
92844,0.1
92845,0.01
92846,0.01
92847,0.01
92848,0.0
92849,0.0
92850,0.11
92851,0.01
92852,0.0
92853,0.05
92854,0.0
92855,0.06
92856,0.04
92857,0.02
92858,0.03
92859,0.38
92860,0.17
92861,0.02
92862,0.0
92863,0.05
92864,0.03
92865,0.03
92866,0.47
92867,0.01
92868,0.01
92869,0.11
92870,0.18
92871,0.08
92872,0.01
92873,0.02
92874,0.15
92875,0.0
92876,0.02
92877,0.0
92878,0.0
92879,0.01
92880,0.03
92881,0.02
92882,0.03
92883,0.44
92884,0.14
92885,0.06
92886,0.01
92887,0.01
92888,0.05
92889,0.0
92890,0.01
92891,0.16
92892,0.0
92893,0.07
92894,0.02
92895,0.0
92896,0.01
92897,0.01
92898,0.05
92899,0.12
92900,0.0
92901,0.37
92902,0.01
92903,0.01
92904,0.0
92905,0.02
92906,0.01
92907,0.0
92908,0.06
92909,0.02
92910,0.01
92911,0.0
92912,0.05
92913,0.06
92914,0.05
92915,0.0
92916,0.01
92917,0.0
92918,0.07
92919,0.05
92920,0.5
92921,0.04
92922,0.15
92923,0.13
92924,0.01
92925,0.11
92926,0.42
92927,0.0
92928,0.18
92929,0.0
92930,0.02
92931,0.01
92932,0.04
92933,0.1
92934,0.11
92935,0.54
92936,0.11
92937,0.0
92938,0.0
92939,0.0
92940,0.27
92941,0.02
92942,0.46
92943,0.08
92944,0.04
92945,0.03
92946,0.03
92947,0.25
92948,0.0
92949,0.07
92950,0.2
92951,0.11
92952,0.06
92953,0.05
92954,0.3
92955,0.0
92956,0.01
92957,0.01
92958,0.07
92959,0.01
92960,0.0
92961,0.01
92962,0.38
92963,0.38
92964,0.09
92965,0.0
92966,0.39
92967,0.04
92968,0.01
92969,0.0
92970,0.0
92971,0.0
92972,0.04
92973,0.02
92974,0.0
92975,0.05
92976,0.05
92977,0.15
92978,0.15
92979,0.01
92980,0.0
92981,0.03
92982,0.21
92983,0.0
92984,0.0
92985,0.33
92986,0.23
92987,0.04
92988,0.02
92989,0.04
92990,0.45
92991,0.04
92992,0.0
92993,0.01
92994,0.0
92995,0.0
92996,0.87
92997,0.05
92998,0.0
92999,0.0
93000,0.12
93001,0.11
93002,0.0
93003,0.12
93004,0.02
93005,0.0
93006,0.03
93007,0.0
93008,0.04
93009,0.0
93010,0.07
93011,0.02
93012,0.04
93013,0.21
93014,0.08
93015,0.0
93016,0.03
93017,0.27
93018,0.01
93019,0.04
93020,0.01
93021,0.0
93022,0.0
93023,0.07
93024,0.0
93025,0.01
93026,0.0
93027,0.01
93028,0.1
93029,0.01
93030,0.0
93031,0.0
93032,0.0
93033,0.01
93034,0.04
93035,0.01
93036,0.0
93037,0.03
93038,0.03
93039,0.21
93040,0.03
93041,0.21
93042,0.52
93043,0.29
93044,0.0
93045,0.09
93046,0.02
93047,0.0
93048,0.07
93049,0.04
93050,0.09
93051,0.0
93052,0.14
93053,0.49
93054,0.5
93055,0.05
93056,0.05
93057,0.06
93058,0.0
93059,0.02
93060,0.01
93061,0.01
93062,0.43
93063,0.14
93064,0.11
93065,0.06
93066,0.06
93067,0.06
93068,0.0
93069,0.01
93070,0.01
93071,0.1
93072,0.0
93073,0.01
93074,0.1
93075,0.02
93076,0.11
93077,0.04
93078,0.11
93079,0.0
93080,0.0
93081,0.01
93082,0.09
93083,0.33
93084,0.0
93085,0.01
93086,0.0
93087,0.11
93088,0.0
93089,0.01
93090,0.1
93091,0.0
93092,0.08
93093,0.5
93094,0.05
93095,0.08
93096,0.14
93097,0.0
93098,0.0
93099,0.02
93100,0.09
93101,0.0
93102,0.04
93103,0.09
93104,0.19
93105,0.02
93106,0.12
93107,0.0
93108,0.0
93109,0.0
93110,0.07
93111,0.15
93112,0.03
93113,0.04
93114,0.02
93115,0.0
93116,0.0
93117,0.01
93118,0.0
93119,0.03
93120,0.0
93121,0.01
93122,0.0
93123,0.09
93124,0.44
93125,0.07
93126,0.11
93127,0.03
93128,0.27
93129,0.04
93130,0.04
93131,0.37
93132,0.01
93133,0.02
93134,0.0
93135,0.45
93136,0.0
93137,0.04
93138,0.0
93139,0.0
93140,0.03
93141,0.04
93142,0.0
93143,0.01
93144,0.25
93145,0.03
93146,0.25
93147,0.11
93148,0.01
93149,0.01
93150,0.06
93151,0.27
93152,0.0
93153,0.26
93154,0.02
93155,0.03
93156,0.05
93157,0.04
93158,0.0
93159,0.0
93160,0.01
93161,0.03
93162,0.0
93163,0.11
93164,0.02
93165,0.01
93166,0.0
93167,0.0
93168,0.0
93169,0.0
93170,0.07
93171,0.38
93172,0.0
93173,0.01
93174,0.0
93175,0.0
93176,0.06
93177,0.0
93178,0.02
93179,0.01
93180,0.05
93181,0.0
93182,0.07
93183,0.03
93184,0.55
93185,0.01
93186,0.05
93187,0.03
93188,0.0
93189,0.0
93190,0.15
93191,0.4
93192,0.04
93193,0.0
93194,0.02
93195,0.04
93196,0.01
93197,0.1
93198,0.02
93199,0.01
93200,0.01
93201,0.24
93202,0.11
93203,0.01
93204,0.05
93205,0.12
93206,0.26
93207,0.08
93208,0.01
93209,0.1
93210,0.08
93211,0.05
93212,0.01
93213,0.02
93214,0.02
93215,0.01
93216,0.02
93217,0.0
93218,0.03
93219,0.11
93220,0.14
93221,0.07
93222,0.03
93223,0.29
93224,0.04
93225,0.32
93226,0.6
93227,0.05
93228,0.01
93229,0.56
93230,0.0
93231,0.0
93232,0.19
93233,0.06
93234,0.01
93235,0.0
93236,0.02
93237,0.0
93238,0.0
93239,0.16
93240,0.0
93241,0.03
93242,0.0
93243,0.07
93244,0.07
93245,0.1
93246,0.0
93247,0.02
93248,0.01
93249,0.0
93250,0.03
93251,0.02
93252,0.02
93253,0.0
93254,0.04
93255,0.0
93256,0.01
93257,0.03
93258,0.01
93259,0.08
93260,0.0
93261,0.29
93262,0.04
93263,0.0
93264,0.27
93265,0.19
93266,0.31
93267,0.07
93268,0.05
93269,0.04
93270,0.11
93271,0.07
93272,0.0
93273,0.08
93274,0.0
93275,0.0
93276,0.01
93277,0.08
93278,0.39
93279,0.03
93280,0.17
93281,0.12
93282,0.01
93283,0.28
93284,0.02
93285,0.16
93286,0.01
93287,0.02
93288,0.53
93289,0.13
93290,0.0
93291,0.03
93292,0.0
93293,0.04
93294,0.03
93295,0.02
93296,0.05
93297,0.0
93298,0.0
93299,0.0
93300,0.02
93301,0.01
93302,0.12
93303,0.12
93304,0.02
93305,0.05
93306,0.32
93307,0.07
93308,0.03
93309,0.06
93310,0.03
93311,0.0
93312,0.0
93313,0.05
93314,0.03
93315,0.03
93316,0.0
93317,0.07
93318,0.03
93319,0.0
93320,0.1
93321,0.0
93322,0.01
93323,0.25
93324,0.01
93325,0.04
93326,0.58
93327,0.32
93328,0.18
93329,0.05
93330,0.0
93331,0.01
93332,0.03
93333,0.04
93334,0.01
93335,0.01
93336,0.0
93337,0.26
93338,0.02
93339,0.01
93340,0.06
93341,0.0
93342,0.01
93343,0.0
93344,0.0
93345,0.1
93346,0.47
93347,0.09
93348,0.01
93349,0.02
93350,0.04
93351,0.0
93352,0.06
93353,0.36
93354,0.31
93355,0.05
93356,0.02
93357,0.12
93358,0.0
93359,0.0
93360,0.53
93361,0.0
93362,0.01
93363,0.0
93364,0.0
93365,0.01
93366,0.0
93367,0.01
93368,0.02
93369,0.0
93370,0.03
93371,0.01
93372,0.0
93373,0.03
93374,0.0
93375,0.24
93376,0.13
93377,0.0
93378,0.14
93379,0.0
93380,0.02
93381,0.3
93382,0.13
93383,0.01
93384,0.0
93385,0.02
93386,0.0
93387,0.32
93388,0.0
93389,0.03
93390,0.0
93391,0.0
93392,0.0
93393,0.05
93394,0.02
93395,0.0
93396,0.0
93397,0.02
93398,0.02
93399,0.03
93400,0.21
93401,0.08
93402,0.04
93403,0.17
93404,0.29
93405,0.02
93406,0.01
93407,0.45
93408,0.04
93409,0.0
93410,0.0
93411,0.0
93412,0.0
93413,0.02
93414,0.0
93415,0.01
93416,0.03
93417,0.02
93418,0.0
93419,0.05
93420,0.01
93421,0.02
93422,0.05
93423,0.16
93424,0.0
93425,0.0
93426,0.02
93427,0.02
93428,0.0
93429,0.02
93430,0.46
93431,0.02
93432,0.15
93433,0.04
93434,0.0
93435,0.0
93436,0.0
93437,0.53
93438,0.37
93439,0.16
93440,0.0
93441,0.0
93442,0.0
93443,0.16
93444,0.21
93445,0.11
93446,0.01
93447,0.15
93448,0.03
93449,0.0
93450,0.02
93451,0.06
93452,0.27
93453,0.0
93454,0.01
93455,0.07
93456,0.03
93457,0.06
93458,0.18
93459,0.58
93460,0.01
93461,0.3
93462,0.05
93463,0.0
93464,0.0
93465,0.0
93466,0.13
93467,0.1
93468,0.01
93469,0.01
93470,0.07
93471,0.04
93472,0.05
93473,0.02
93474,0.0
93475,0.22
93476,0.01
93477,0.37
93478,0.03
93479,0.13
93480,0.01
93481,0.0
93482,0.04
93483,0.04
93484,0.06
93485,0.02
93486,0.0
93487,0.0
93488,0.17
93489,0.11
93490,0.0
93491,0.0
93492,0.09
93493,0.01
93494,0.02
93495,0.21
93496,0.02
93497,0.0
93498,0.03
93499,0.02
93500,0.02
93501,0.0
93502,0.01
93503,0.01
93504,0.24
93505,0.18
93506,0.01
93507,0.0
93508,0.0
93509,0.38
93510,0.01
93511,0.24
93512,0.0
93513,0.08
93514,0.0
93515,0.0
93516,0.08
93517,0.0
93518,0.34
93519,0.01
93520,0.02
93521,0.01
93522,0.24
93523,0.0
93524,0.22
93525,0.03
93526,0.01
93527,0.0
93528,0.0
93529,0.17
93530,0.03
93531,0.0
93532,0.0
93533,0.07
93534,0.05
93535,0.09
93536,0.0
93537,0.28
93538,0.0
93539,0.04
93540,0.0
93541,0.0
93542,0.01
93543,0.14
93544,0.1
93545,0.0
93546,0.09
93547,0.0
93548,0.02
93549,0.1
93550,0.0
93551,0.04
93552,0.03
93553,0.1
93554,0.04
93555,0.0
93556,0.07
93557,0.0
93558,0.0
93559,0.0
93560,0.13
93561,0.0
93562,0.02
93563,0.0
93564,0.0
93565,0.01
93566,0.03
93567,0.01
93568,0.0
93569,0.0
93570,0.06
93571,0.01
93572,0.05
93573,0.18
93574,0.03
93575,0.08
93576,0.01
93577,0.44
93578,0.38
93579,0.04
93580,0.0
93581,0.05
93582,0.0
93583,0.01
93584,0.0
93585,0.0
93586,0.0
93587,0.05
93588,0.01
93589,0.0
93590,0.0
93591,0.04
93592,0.06
93593,0.06
93594,0.02
93595,0.1
93596,0.0
93597,0.07
93598,0.05
93599,0.03
93600,0.1
93601,0.02
93602,0.01
93603,0.01
93604,0.02
93605,0.0
93606,0.02
93607,0.07
93608,0.03
93609,0.0
93610,0.01
93611,0.0
93612,0.07
93613,0.03
93614,0.02
93615,0.03
93616,0.02
93617,0.01
93618,0.0
93619,0.03
93620,0.24
93621,0.13
93622,0.19
93623,0.15
93624,0.05
93625,0.06
93626,0.0
93627,0.17
93628,0.01
93629,0.0
93630,0.02
93631,0.07
93632,0.55
93633,0.0
93634,0.08
93635,0.01
93636,0.0
93637,0.04
93638,0.01
93639,0.0
93640,0.06
93641,0.02
93642,0.33
93643,0.01
93644,0.02
93645,0.06
93646,0.02
93647,0.0
93648,0.03
93649,0.0
93650,0.0
93651,0.0
93652,0.0
93653,0.04
93654,0.0
93655,0.03
93656,0.0
93657,0.02
93658,0.01
93659,0.03
93660,0.02
93661,0.37
93662,0.0
93663,0.05
93664,0.01
93665,0.0
93666,0.01
93667,0.01
93668,0.0
93669,0.03
93670,0.26
93671,0.0
93672,0.0
93673,0.05
93674,0.37
93675,0.01
93676,0.1
93677,0.02
93678,0.06
93679,0.01
93680,0.03
93681,0.03
93682,0.01
93683,0.0
93684,0.02
93685,0.61
93686,0.04
93687,0.07
93688,0.0
93689,0.13
93690,0.13
93691,0.01
93692,0.02
93693,0.01
93694,0.17
93695,0.15
93696,0.13
93697,0.04
93698,0.01
93699,0.69
93700,0.0
93701,0.07
93702,0.0
93703,0.01
93704,0.12
93705,0.02
93706,0.08
93707,0.0
93708,0.04
93709,0.12
93710,0.14
93711,0.25
93712,0.01
93713,0.0
93714,0.0
93715,0.07
93716,0.02
93717,0.02
93718,0.0
93719,0.01
93720,0.0
93721,0.03
93722,0.39
93723,0.04
93724,0.03
93725,0.01
93726,0.03
93727,0.0
93728,0.0
93729,0.05
93730,0.05
93731,0.03
93732,0.0
93733,0.37
93734,0.05
93735,0.0
93736,0.01
93737,0.64
93738,0.01
93739,0.37
93740,0.41
93741,0.0
93742,0.14
93743,0.21
93744,0.01
93745,0.01
93746,0.0
93747,0.02
93748,0.01
93749,0.0
93750,0.0
93751,0.0
93752,0.01
93753,0.01
93754,0.0
93755,0.2
93756,0.0
93757,0.19
93758,0.0
93759,0.01
93760,0.02
93761,0.05
93762,0.0
93763,0.47
93764,0.01
93765,0.0
93766,0.0
93767,0.0
93768,0.0
93769,0.02
93770,0.0
93771,0.0
93772,0.0
93773,0.0
93774,0.02
93775,0.36
93776,0.06
93777,0.03
93778,0.04
93779,0.03
93780,0.01
93781,0.0
93782,0.0
93783,0.01
93784,0.0
93785,0.01
93786,0.03
93787,0.0
93788,0.05
93789,0.01
93790,0.03
93791,0.01
93792,0.11
93793,0.04
93794,0.06
93795,0.07
93796,0.09
93797,0.09
93798,0.03
93799,0.01
93800,0.0
93801,0.36
93802,0.0
93803,0.65
93804,0.0
93805,0.03
93806,0.0
93807,0.02
93808,0.0
93809,0.0
93810,0.05
93811,0.27
93812,0.0
93813,0.01
93814,0.23
93815,0.02
93816,0.13
93817,0.0
93818,0.0
93819,0.12
93820,0.0
93821,0.08
93822,0.01
93823,0.13
93824,0.03
93825,0.24
93826,0.24
93827,0.06
93828,0.0
93829,0.0
93830,0.0
93831,0.0
93832,0.06
93833,0.04
93834,0.29
93835,0.0
93836,0.0
93837,0.0
93838,0.04
93839,0.0
93840,0.43
93841,0.0
93842,0.0
93843,0.0
93844,0.08
93845,0.07
93846,0.05
93847,0.05
93848,0.0
93849,0.03
93850,0.03
93851,0.08
93852,0.05
93853,0.07
93854,0.29
93855,0.0
93856,0.01
93857,0.02
93858,0.01
93859,0.0
93860,0.0
93861,0.04
93862,0.25
93863,0.0
93864,0.15
93865,0.04
93866,0.03
93867,0.05
93868,0.0
93869,0.05
93870,0.01
93871,0.0
93872,0.0
93873,0.0
93874,0.0
93875,0.01
93876,0.02
93877,0.01
93878,0.03
93879,0.02
93880,0.04
93881,0.01
93882,0.01
93883,0.07
93884,0.29
93885,0.0
93886,0.08
93887,0.04
93888,0.02
93889,0.0
93890,0.09
93891,0.04
93892,0.0
93893,0.06
93894,0.0
93895,0.01
93896,0.14
93897,0.0
93898,0.0
93899,0.3
93900,0.0
93901,0.0
93902,0.01
93903,0.01
93904,0.06
93905,0.06
93906,0.02
93907,0.05
93908,0.09
93909,0.17
93910,0.03
93911,0.01
93912,0.02
93913,0.0
93914,0.01
93915,0.09
93916,0.02
93917,0.01
93918,0.0
93919,0.0
93920,0.29
93921,0.0
93922,0.01
93923,0.02
93924,0.01
93925,0.28
93926,0.06
93927,0.42
93928,0.0
93929,0.0
93930,0.04
93931,0.0
93932,0.46
93933,0.02
93934,0.0
93935,0.0
93936,0.0
93937,0.0
93938,0.03
93939,0.02
93940,0.04
93941,0.02
93942,0.03
93943,0.0
93944,0.26
93945,0.04
93946,0.42
93947,0.0
93948,0.0
93949,0.01
93950,0.04
93951,0.01
93952,0.0
93953,0.0
93954,0.15
93955,0.3
93956,0.1
93957,0.01
93958,0.0
93959,0.03
93960,0.0
93961,0.03
93962,0.09
93963,0.02
93964,0.23
93965,0.02
93966,0.01
93967,0.05
93968,0.03
93969,0.0
93970,0.04
93971,0.03
93972,0.43
93973,0.0
93974,0.13
93975,0.04
93976,0.37
93977,0.01
93978,0.03
93979,0.1
93980,0.0
93981,0.02
93982,0.03
93983,0.01
93984,0.01
93985,0.02
93986,0.0
93987,0.01
93988,0.24
93989,0.09
93990,0.0
93991,0.01
93992,0.02
93993,0.0
93994,0.01
93995,0.01
93996,0.02
93997,0.04
93998,0.02
93999,0.0
94000,0.04
94001,0.01
94002,0.02
94003,0.3
94004,0.1
94005,0.0
94006,0.03
94007,0.04
94008,0.0
94009,0.02
94010,0.04
94011,0.0
94012,0.01
94013,0.0
94014,0.42
94015,0.0
94016,0.0
94017,0.17
94018,0.19
94019,0.01
94020,0.09
94021,0.01
94022,0.07
94023,0.05
94024,0.0
94025,0.0
94026,0.0
94027,0.0
94028,0.1
94029,0.09
94030,0.02
94031,0.07
94032,0.0
94033,0.06
94034,0.0
94035,0.23
94036,0.0
94037,0.01
94038,0.01
94039,0.05
94040,0.0
94041,0.04
94042,0.02
94043,0.05
94044,0.0
94045,0.0
94046,0.0
94047,0.02
94048,0.14
94049,0.1
94050,0.17
94051,0.05
94052,0.01
94053,0.46
94054,0.0
94055,0.0
94056,0.11
94057,0.0
94058,0.0
94059,0.04
94060,0.09
94061,0.02
94062,0.05
94063,0.07
94064,0.03
94065,0.0
94066,0.01
94067,0.02
94068,0.02
94069,0.03
94070,0.11
94071,0.07
94072,0.0
94073,0.02
94074,0.14
94075,0.21
94076,0.0
94077,0.12
94078,0.0
94079,0.08
94080,0.07
94081,0.06
94082,0.0
94083,0.0
94084,0.65
94085,0.01
94086,0.01
94087,0.08
94088,0.0
94089,0.05
94090,0.13
94091,0.07
94092,0.01
94093,0.51
94094,0.05
94095,0.0
94096,0.0
94097,0.05
94098,0.0
94099,0.01
94100,0.01
94101,0.05
94102,0.03
94103,0.0
94104,0.04
94105,0.02
94106,0.0
94107,0.04
94108,0.02
94109,0.0
94110,0.03
94111,0.04
94112,0.0
94113,0.04
94114,0.17
94115,0.01
94116,0.21
94117,0.0
94118,0.0
94119,0.0
94120,0.0
94121,0.0
94122,0.16
94123,0.06
94124,0.01
94125,0.09
94126,0.06
94127,0.02
94128,0.03
94129,0.11
94130,0.0
94131,0.0
94132,0.0
94133,0.01
94134,0.01
94135,0.0
94136,0.01
94137,0.0
94138,0.06
94139,0.0
94140,0.24
94141,0.07
94142,0.1
94143,0.15
94144,0.58
94145,0.0
94146,0.01
94147,0.06
94148,0.06
94149,0.05
94150,0.0
94151,0.01
94152,0.07
94153,0.06
94154,0.0
94155,0.01
94156,0.0
94157,0.04
94158,0.0
94159,0.01
94160,0.0
94161,0.1
94162,0.02
94163,0.02
94164,0.07
94165,0.0
94166,0.0
94167,0.51
94168,0.13
94169,0.0
94170,0.02
94171,0.52
94172,0.09
94173,0.0
94174,0.0
94175,0.01
94176,0.04
94177,0.46
94178,0.0
94179,0.02
94180,0.0
94181,0.0
94182,0.03
94183,0.01
94184,0.03
94185,0.2
94186,0.06
94187,0.01
94188,0.0
94189,0.29
94190,0.05
94191,0.35
94192,0.0
94193,0.26
94194,0.0
94195,0.02
94196,0.0
94197,0.07
94198,0.01
94199,0.01
94200,0.1
94201,0.0
94202,0.12
94203,0.35
94204,0.13
94205,0.08
94206,0.0
94207,0.09
94208,0.01
94209,0.01
94210,0.07
94211,0.01
94212,0.0
94213,0.0
94214,0.03
94215,0.0
94216,0.06
94217,0.08
94218,0.01
94219,0.03
94220,0.0
94221,0.0
94222,0.0
94223,0.2
94224,0.02
94225,0.14
94226,0.02
94227,0.37
94228,0.05
94229,0.01
94230,0.08
94231,0.0
94232,0.11
94233,0.45
94234,0.0
94235,0.04
94236,0.31
94237,0.22
94238,0.02
94239,0.02
94240,0.0
94241,0.0
94242,0.18
94243,0.0
94244,0.5
94245,0.01
94246,0.03
94247,0.17
94248,0.07
94249,0.07
94250,0.16
94251,0.09
94252,0.28
94253,0.0
94254,0.0
94255,0.54
94256,0.17
94257,0.0
94258,0.0
94259,0.0
94260,0.07
94261,0.03
94262,0.0
94263,0.14
94264,0.0
94265,0.14
94266,0.53
94267,0.03
94268,0.16
94269,0.29
94270,0.0
94271,0.05
94272,0.45
94273,0.0
94274,0.01
94275,0.13
94276,0.22
94277,0.01
94278,0.02
94279,0.0
94280,0.0
94281,0.02
94282,0.03
94283,0.11
94284,0.02
94285,0.05
94286,0.03
94287,0.02
94288,0.13
94289,0.01
94290,0.02
94291,0.03
94292,0.35
94293,0.48
94294,0.08
94295,0.05
94296,0.07
94297,0.04
94298,0.04
94299,0.0
94300,0.0
94301,0.0
94302,0.0
94303,0.22
94304,0.0
94305,0.03
94306,0.0
94307,0.03
94308,0.18
94309,0.02
94310,0.04
94311,0.0
94312,0.54
94313,0.03
94314,0.03
94315,0.24
94316,0.01
94317,0.12
94318,0.01
94319,0.08
94320,0.01
94321,0.03
94322,0.0
94323,0.08
94324,0.0
94325,0.02
94326,0.06
94327,0.05
94328,0.0
94329,0.0
94330,0.0
94331,0.21
94332,0.15
94333,0.07
94334,0.23
94335,0.07
94336,0.04
94337,0.14
94338,0.05
94339,0.02
94340,0.01
94341,0.36
94342,0.03
94343,0.04
94344,0.13
94345,0.11
94346,0.0
94347,0.0
94348,0.02
94349,0.04
94350,0.0
94351,0.08
94352,0.25
94353,0.37
94354,0.09
94355,0.0
94356,0.04
94357,0.05
94358,0.0
94359,0.16
94360,0.13
94361,0.18
94362,0.17
94363,0.07
94364,0.0
94365,0.04
94366,0.01
94367,0.01
94368,0.01
94369,0.02
94370,0.0
94371,0.09
94372,0.06
94373,0.12
94374,0.0
94375,0.01
94376,0.04
94377,0.7
94378,0.12
94379,0.3
94380,0.0
94381,0.0
94382,0.59
94383,0.03
94384,0.01
94385,0.15
94386,0.0
94387,0.04
94388,0.01
94389,0.01
94390,0.05
94391,0.0
94392,0.32
94393,0.19
94394,0.0
94395,0.06
94396,0.01
94397,0.11
94398,0.02
94399,0.0
94400,0.0
94401,0.37
94402,0.0
94403,0.0
94404,0.02
94405,0.26
94406,0.0
94407,0.07
94408,0.0
94409,0.01
94410,0.0
94411,0.07
94412,0.25
94413,0.0
94414,0.05
94415,0.01
94416,0.01
94417,0.0
94418,0.03
94419,0.11
94420,0.0
94421,0.09
94422,0.0
94423,0.23
94424,0.0
94425,0.04
94426,0.0
94427,0.05
94428,0.0
94429,0.0
94430,0.01
94431,0.0
94432,0.14
94433,0.04
94434,0.03
94435,0.0
94436,0.0
94437,0.05
94438,0.04
94439,0.05
94440,0.01
94441,0.09
94442,0.0
94443,0.07
94444,0.58
94445,0.25
94446,0.01
94447,0.04
94448,0.0
94449,0.39
94450,0.09
94451,0.0
94452,0.04
94453,0.03
94454,0.12
94455,0.01
94456,0.32
94457,0.33
94458,0.0
94459,0.0
94460,0.18
94461,0.0
94462,0.13
94463,0.07
94464,0.03
94465,0.02
94466,0.09
94467,0.02
94468,0.0
94469,0.04
94470,0.05
94471,0.49
94472,0.03
94473,0.05
94474,0.03
94475,0.02
94476,0.02
94477,0.0
94478,0.01
94479,0.24
94480,0.0
94481,0.0
94482,0.01
94483,0.24
94484,0.0
94485,0.06
94486,0.0
94487,0.19
94488,0.0
94489,0.02
94490,0.0
94491,0.0
94492,0.0
94493,0.11
94494,0.03
94495,0.09
94496,0.0
94497,0.03
94498,0.03
94499,0.35
94500,0.03
94501,0.0
94502,0.0
94503,0.0
94504,0.25
94505,0.27
94506,0.02
94507,0.05
94508,0.07
94509,0.0
94510,0.03
94511,0.06
94512,0.0
94513,0.01
94514,0.25
94515,0.0
94516,0.07
94517,0.02
94518,0.04
94519,0.0
94520,0.08
94521,0.07
94522,0.07
94523,0.11
94524,0.09
94525,0.02
94526,0.03
94527,0.0
94528,0.02
94529,0.0
94530,0.02
94531,0.0
94532,0.04
94533,0.03
94534,0.0
94535,0.05
94536,0.02
94537,0.02
94538,0.1
94539,0.08
94540,0.0
94541,0.05
94542,0.04
94543,0.0
94544,0.02
94545,0.25
94546,0.32
94547,0.01
94548,0.01
94549,0.06
94550,0.02
94551,0.0
94552,0.6
94553,0.79
94554,0.03
94555,0.61
94556,0.1
94557,0.0
94558,0.04
94559,0.09
94560,0.07
94561,0.08
94562,0.21
94563,0.01
94564,0.29
94565,0.38
94566,0.01
94567,0.0
94568,0.01
94569,0.18
94570,0.0
94571,0.0
94572,0.01
94573,0.0
94574,0.0
94575,0.11
94576,0.0
94577,0.11
94578,0.0
94579,0.09
94580,0.0
94581,0.0
94582,0.02
94583,0.09
94584,0.05
94585,0.05
94586,0.12
94587,0.09
94588,0.05
94589,0.13
94590,0.02
94591,0.58
94592,0.07
94593,0.0
94594,0.0
94595,0.1
94596,0.0
94597,0.0
94598,0.33
94599,0.02
94600,0.0
94601,0.08
94602,0.02
94603,0.02
94604,0.0
94605,0.04
94606,0.0
94607,0.21
94608,0.01
94609,0.08
94610,0.05
94611,0.0
94612,0.04
94613,0.05
94614,0.02
94615,0.09
94616,0.04
94617,0.11
94618,0.06
94619,0.01
94620,0.0
94621,0.07
94622,0.02
94623,0.04
94624,0.46
94625,0.07
94626,0.0
94627,0.5
94628,0.0
94629,0.46
94630,0.0
94631,0.11
94632,0.0
94633,0.0
94634,0.13
94635,0.65
94636,0.12
94637,0.01
94638,0.03
94639,0.01
94640,0.0
94641,0.01
94642,0.0
94643,0.08
94644,0.1
94645,0.02
94646,0.0
94647,0.0
94648,0.0
94649,0.05
94650,0.36
94651,0.12
94652,0.06
94653,0.01
94654,0.1
94655,0.01
94656,0.08
94657,0.05
94658,0.25
94659,0.04
94660,0.03
94661,0.12
94662,0.0
94663,0.03
94664,0.43
94665,0.02
94666,0.01
94667,0.33
94668,0.04
94669,0.03
94670,0.02
94671,0.37
94672,0.01
94673,0.0
94674,0.0
94675,0.02
94676,0.07
94677,0.05
94678,0.02
94679,0.0
94680,0.01
94681,0.07
94682,0.11
94683,0.0
94684,0.03
94685,0.03
94686,0.01
94687,0.26
94688,0.25
94689,0.01
94690,0.32
94691,0.0
94692,0.0
94693,0.0
94694,0.03
94695,0.0
94696,0.01
94697,0.06
94698,0.47
94699,0.01
94700,0.07
94701,0.04
94702,0.01
94703,0.0
94704,0.14
94705,0.05
94706,0.08
94707,0.09
94708,0.23
94709,0.17
94710,0.0
94711,0.01
94712,0.07
94713,0.0
94714,0.03
94715,0.06
94716,0.01
94717,0.01
94718,0.13
94719,0.07
94720,0.0
94721,0.0
94722,0.0
94723,0.02
94724,0.06
94725,0.06
94726,0.16
94727,0.16
94728,0.08
94729,0.01
94730,0.11
94731,0.1
94732,0.0
94733,0.02
94734,0.01
94735,0.0
94736,0.01
94737,0.02
94738,0.04
94739,0.52
94740,0.02
94741,0.13
94742,0.01
94743,0.0
94744,0.23
94745,0.0
94746,0.18
94747,0.0
94748,0.01
94749,0.33
94750,0.01
94751,0.29
94752,0.12
94753,0.01
94754,0.03
94755,0.01
94756,0.02
94757,0.2
94758,0.07
94759,0.27
94760,0.01
94761,0.14
94762,0.0
94763,0.28
94764,0.0
94765,0.52
94766,0.04
94767,0.03
94768,0.0
94769,0.01
94770,0.01
94771,0.0
94772,0.08
94773,0.24
94774,0.01
94775,0.01
94776,0.07
94777,0.0
94778,0.02
94779,0.06
94780,0.03
94781,0.0
94782,0.02
94783,0.08
94784,0.0
94785,0.0
94786,0.19
94787,0.01
94788,0.08
94789,0.01
94790,0.26
94791,0.0
94792,0.01
94793,0.09
94794,0.0
94795,0.08
94796,0.0
94797,0.06
94798,0.1
94799,0.02
94800,0.02
94801,0.0
94802,0.0
94803,0.0
94804,0.12
94805,0.04
94806,0.01
94807,0.01
94808,0.0
94809,0.01
94810,0.0
94811,0.17
94812,0.05
94813,0.0
94814,0.0
94815,0.09
94816,0.17
94817,0.07
94818,0.13
94819,0.04
94820,0.0
94821,0.67
94822,0.16
94823,0.01
94824,0.01
94825,0.11
94826,0.0
94827,0.16
94828,0.04
94829,0.54
94830,0.04
94831,0.2
94832,0.03
94833,0.07
94834,0.09
94835,0.0
94836,0.13
94837,0.07
94838,0.05
94839,0.0
94840,0.0
94841,0.14
94842,0.08
94843,0.09
94844,0.04
94845,0.01
94846,0.0
94847,0.0
94848,0.01
94849,0.01
94850,0.01
94851,0.0
94852,0.01
94853,0.07
94854,0.0
94855,0.02
94856,0.17
94857,0.1
94858,0.27
94859,0.14
94860,0.06
94861,0.03
94862,0.0
94863,0.01
94864,0.0
94865,0.02
94866,0.0
94867,0.06
94868,0.0
94869,0.01
94870,0.02
94871,0.01
94872,0.0
94873,0.0
94874,0.01
94875,0.0
94876,0.01
94877,0.01
94878,0.0
94879,0.04
94880,0.51
94881,0.04
94882,0.11
94883,0.0
94884,0.01
94885,0.04
94886,0.0
94887,0.08
94888,0.01
94889,0.0
94890,0.0
94891,0.03
94892,0.05
94893,0.01
94894,0.53
94895,0.04
94896,0.0
94897,0.0
94898,0.01
94899,0.0
94900,0.03
94901,0.01
94902,0.2
94903,0.07
94904,0.0
94905,0.09
94906,0.02
94907,0.0
94908,0.0
94909,0.0
94910,0.19
94911,0.04
94912,0.03
94913,0.02
94914,0.02
94915,0.02
94916,0.03
94917,0.02
94918,0.17
94919,0.0
94920,0.03
94921,0.08
94922,0.01
94923,0.0
94924,0.0
94925,0.03
94926,0.01
94927,0.0
94928,0.06
94929,0.22
94930,0.18
94931,0.61
94932,0.01
94933,0.01
94934,0.26
94935,0.0
94936,0.01
94937,0.0
94938,0.05
94939,0.1
94940,0.0
94941,0.0
94942,0.01
94943,0.0
94944,0.0
94945,0.0
94946,0.0
94947,0.0
94948,0.0
94949,0.0
94950,0.01
94951,0.01
94952,0.0
94953,0.14
94954,0.03
94955,0.01
94956,0.08
94957,0.0
94958,0.0
94959,0.26
94960,0.05
94961,0.0
94962,0.24
94963,0.14
94964,0.03
94965,0.01
94966,0.01
94967,0.13
94968,0.23
94969,0.0
94970,0.0
94971,0.05
94972,0.0
94973,0.09
94974,0.01
94975,0.03
94976,0.23
94977,0.47
94978,0.01
94979,0.04
94980,0.49
94981,0.07
94982,0.09
94983,0.02
94984,0.16
94985,0.13
94986,0.07
94987,0.06
94988,0.0
94989,0.61
94990,0.01
94991,0.01
94992,0.25
94993,0.0
94994,0.0
94995,0.02
94996,0.01
94997,0.0
94998,0.03
94999,0.04
95000,0.05
95001,0.0
95002,0.07
95003,0.06
95004,0.01
95005,0.0
95006,0.0
95007,0.02
95008,0.01
95009,0.0
95010,0.0
95011,0.09
95012,0.15
95013,0.02
95014,0.02
95015,0.0
95016,0.0
95017,0.08
95018,0.0
95019,0.11
95020,0.01
95021,0.02
95022,0.01
95023,0.03
95024,0.02
95025,0.0
95026,0.05
95027,0.06
95028,0.0
95029,0.0
95030,0.12
95031,0.42
95032,0.02
95033,0.18
95034,0.0
95035,0.08
95036,0.43
95037,0.01
95038,0.01
95039,0.06
95040,0.03
95041,0.01
95042,0.0
95043,0.2
95044,0.02
95045,0.01
95046,0.01
95047,0.07
95048,0.0
95049,0.0
95050,0.0
95051,0.15
95052,0.19
95053,0.01
95054,0.03
95055,0.0
95056,0.04
95057,0.0
95058,0.02
95059,0.0
95060,0.12
95061,0.0
95062,0.0
95063,0.1
95064,0.0
95065,0.0
95066,0.03
95067,0.04
95068,0.12
95069,0.2
95070,0.1
95071,0.0
95072,0.02
95073,0.01
95074,0.0
95075,0.01
95076,0.0
95077,0.0
95078,0.01
95079,0.01
95080,0.0
95081,0.0
95082,0.0
95083,0.0
95084,0.02
95085,0.0
95086,0.01
95087,0.27
95088,0.04
95089,0.04
95090,0.46
95091,0.04
95092,0.04
95093,0.01
95094,0.01
95095,0.01
95096,0.01
95097,0.0
95098,0.0
95099,0.01
95100,0.01
95101,0.0
95102,0.12
95103,0.02
95104,0.0
95105,0.0
95106,0.03
95107,0.29
95108,0.02
95109,0.02
95110,0.25
95111,0.02
95112,0.0
95113,0.02
95114,0.03
95115,0.0
95116,0.26
95117,0.07
95118,0.02
95119,0.0
95120,0.0
95121,0.03
95122,0.05
95123,0.0
95124,0.06
95125,0.01
95126,0.0
95127,0.06
95128,0.22
95129,0.0
95130,0.0
95131,0.01
95132,0.04
95133,0.06
95134,0.09
95135,0.24
95136,0.0
95137,0.06
95138,0.0
95139,0.04
95140,0.0
95141,0.04
95142,0.03
95143,0.0
95144,0.1
95145,0.08
95146,0.0
95147,0.12
95148,0.0
95149,0.53
95150,0.6
95151,0.01
95152,0.0
95153,0.0
95154,0.12
95155,0.0
95156,0.0
95157,0.24
95158,0.03
95159,0.0
95160,0.01
95161,0.0
95162,0.02
95163,0.43
95164,0.0
95165,0.05
95166,0.03
95167,0.28
95168,0.15
95169,0.03
95170,0.0
95171,0.06
95172,0.0
95173,0.05
95174,0.03
95175,0.0
95176,0.01
95177,0.11
95178,0.34
95179,0.06
95180,0.0
95181,0.11
95182,0.0
95183,0.02
95184,0.04
95185,0.07
95186,0.0
95187,0.12
95188,0.21
95189,0.02
95190,0.05
95191,0.03
95192,0.33
95193,0.0
95194,0.0
95195,0.05
95196,0.04
95197,0.01
95198,0.11
95199,0.06
95200,0.19
95201,0.01
95202,0.45
95203,0.03
95204,0.01
95205,0.61
95206,0.05
95207,0.01
95208,0.01
95209,0.26
95210,0.01
95211,0.05
95212,0.04
95213,0.09
95214,0.02
95215,0.05
95216,0.61
95217,0.07
95218,0.02
95219,0.0
95220,0.18
95221,0.01
95222,0.0
95223,0.2
95224,0.01
95225,0.0
95226,0.02
95227,0.03
95228,0.0
95229,0.01
95230,0.0
95231,0.01
95232,0.02
95233,0.01
95234,0.0
95235,0.0
95236,0.01
95237,0.0
95238,0.21
95239,0.0
95240,0.0
95241,0.0
95242,0.04
95243,0.04
95244,0.07
95245,0.0
95246,0.74
95247,0.0
95248,0.59
95249,0.02
95250,0.0
95251,0.18
95252,0.01
95253,0.0
95254,0.0
95255,0.02
95256,0.0
95257,0.14
95258,0.05
95259,0.02
95260,0.02
95261,0.05
95262,0.0
95263,0.03
95264,0.01
95265,0.01
95266,0.01
95267,0.11
95268,0.1
95269,0.07
95270,0.0
95271,0.02
95272,0.21
95273,0.02
95274,0.01
95275,0.01
95276,0.01
95277,0.02
95278,0.01
95279,0.0
95280,0.05
95281,0.29
95282,0.09
95283,0.06
95284,0.0
95285,0.05
95286,0.06
95287,0.0
95288,0.1
95289,0.01
95290,0.06
95291,0.01
95292,0.01
95293,0.09
95294,0.0
95295,0.14
95296,0.05
95297,0.01
95298,0.27
95299,0.0
95300,0.01
95301,0.14
95302,0.03
95303,0.01
95304,0.0
95305,0.0
95306,0.0
95307,0.02
95308,0.3
95309,0.01
95310,0.0
95311,0.0
95312,0.01
95313,0.0
95314,0.04
95315,0.0
95316,0.0
95317,0.0
95318,0.08
95319,0.01
95320,0.12
95321,0.0
95322,0.02
95323,0.05
95324,0.16
95325,0.01
95326,0.07
95327,0.07
95328,0.1
95329,0.0
95330,0.03
95331,0.03
95332,0.01
95333,0.01
95334,0.0
95335,0.0
95336,0.0
95337,0.01
95338,0.0
95339,0.01
95340,0.0
95341,0.55
95342,0.03
95343,0.0
95344,0.05
95345,0.0
95346,0.18
95347,0.0
95348,0.01
95349,0.01
95350,0.0
95351,0.02
95352,0.0
95353,0.21
95354,0.05
95355,0.03
95356,0.05
95357,0.08
95358,0.05
95359,0.0
95360,0.01
95361,0.0
95362,0.05
95363,0.0
95364,0.04
95365,0.45
95366,0.05
95367,0.68
95368,0.01
95369,0.02
95370,0.0
95371,0.0
95372,0.02
95373,0.19
95374,0.41
95375,0.0
95376,0.02
95377,0.2
95378,0.08
95379,0.22
95380,0.01
95381,0.05
95382,0.01
95383,0.04
95384,0.0
95385,0.04
95386,0.51
95387,0.01
95388,0.04
95389,0.17
95390,0.0
95391,0.03
95392,0.17
95393,0.02
95394,0.0
95395,0.05
95396,0.02
95397,0.03
95398,0.02
95399,0.25
95400,0.0
95401,0.19
95402,0.01
95403,0.0
95404,0.04
95405,0.02
95406,0.0
95407,0.0
95408,0.35
95409,0.01
95410,0.0
95411,0.06
95412,0.02
95413,0.35
95414,0.0
95415,0.02
95416,0.02
95417,0.0
95418,0.0
95419,0.02
95420,0.02
95421,0.09
95422,0.04
95423,0.03
95424,0.01
95425,0.0
95426,0.02
95427,0.06
95428,0.31
95429,0.0
95430,0.01
95431,0.27
95432,0.01
95433,0.04
95434,0.08
95435,0.0
95436,0.0
95437,0.04
95438,0.0
95439,0.13
95440,0.06
95441,0.09
95442,0.05
95443,0.0
95444,0.01
95445,0.23
95446,0.03
95447,0.02
95448,0.02
95449,0.03
95450,0.1
95451,0.05
95452,0.08
95453,0.05
95454,0.05
95455,0.01
95456,0.0
95457,0.03
95458,0.03
95459,0.03
95460,0.16
95461,0.0
95462,0.0
95463,0.05
95464,0.05
95465,0.53
95466,0.08
95467,0.0
95468,0.0
95469,0.11
95470,0.0
95471,0.04
95472,0.0
95473,0.02
95474,0.08
95475,0.36
95476,0.0
95477,0.0
95478,0.0
95479,0.01
95480,0.0
95481,0.03
95482,0.0
95483,0.02
95484,0.0
95485,0.04
95486,0.05
95487,0.0
95488,0.09
95489,0.41
95490,0.06
95491,0.14
95492,0.01
95493,0.03
95494,0.0
95495,0.01
95496,0.11
95497,0.03
95498,0.0
95499,0.22
95500,0.06
95501,0.02
95502,0.53
95503,0.01
95504,0.2
95505,0.06
95506,0.1
95507,0.03
95508,0.0
95509,0.01
95510,0.0
95511,0.0
95512,0.05
95513,0.01
95514,0.75
95515,0.16
95516,0.0
95517,0.25
95518,0.01
95519,0.05
95520,0.02
95521,0.25
95522,0.08
95523,0.0
95524,0.14
95525,0.0
95526,0.0
95527,0.06
95528,0.06
95529,0.01
95530,0.03
95531,0.01
95532,0.01
95533,0.21
95534,0.03
95535,0.01
95536,0.0
95537,0.01
95538,0.02
95539,0.02
95540,0.08
95541,0.01
95542,0.0
95543,0.0
95544,0.09
95545,0.09
95546,0.03
95547,0.02
95548,0.0
95549,0.08
95550,0.14
95551,0.1
95552,0.02
95553,0.23
95554,0.02
95555,0.01
95556,0.0
95557,0.0
95558,0.03
95559,0.0
95560,0.0
95561,0.02
95562,0.06
95563,0.02
95564,0.14
95565,0.01
95566,0.12
95567,0.0
95568,0.11
95569,0.0
95570,0.01
95571,0.01
95572,0.01
95573,0.07
95574,0.03
95575,0.0
95576,0.08
95577,0.35
95578,0.0
95579,0.08
95580,0.0
95581,0.08
95582,0.04
95583,0.0
95584,0.01
95585,0.28
95586,0.49
95587,0.0
95588,0.01
95589,0.03
95590,0.5
95591,0.0
95592,0.02
95593,0.0
95594,0.12
95595,0.0
95596,0.06
95597,0.05
95598,0.01
95599,0.08
95600,0.01
95601,0.52
95602,0.0
95603,0.0
95604,0.3
95605,0.08
95606,0.08
95607,0.02
95608,0.39
95609,0.2
95610,0.11
95611,0.06
95612,0.05
95613,0.01
95614,0.03
95615,0.06
95616,0.1
95617,0.09
95618,0.01
95619,0.0
95620,0.02
95621,0.11
95622,0.05
95623,0.04
95624,0.03
95625,0.12
95626,0.07
95627,0.0
95628,0.08
95629,0.09
95630,0.61
95631,0.17
95632,0.06
95633,0.02
95634,0.0
95635,0.17
95636,0.02
95637,0.13
95638,0.0
95639,0.0
95640,0.09
95641,0.1
95642,0.08
95643,0.02
95644,0.31
95645,0.0
95646,0.1
95647,0.01
95648,0.08
95649,0.02
95650,0.0
95651,0.01
95652,0.05
95653,0.07
95654,0.03
95655,0.03
95656,0.0
95657,0.02
95658,0.0
95659,0.0
95660,0.02
95661,0.04
95662,0.14
95663,0.01
95664,0.0
95665,0.01
95666,0.0
95667,0.25
95668,0.0
95669,0.01
95670,0.04
95671,0.01
95672,0.03
95673,0.0
95674,0.01
95675,0.0
95676,0.15
95677,0.05
95678,0.01
95679,0.04
95680,0.0
95681,0.51
95682,0.38
95683,0.0
95684,0.56
95685,0.01
95686,0.09
95687,0.09
95688,0.04
95689,0.0
95690,0.07
95691,0.0
95692,0.09
95693,0.01
95694,0.02
95695,0.01
95696,0.02
95697,0.04
95698,0.04
95699,0.18
95700,0.0
95701,0.0
95702,0.0
95703,0.0
95704,0.02
95705,0.0
95706,0.01
95707,0.0
95708,0.0
95709,0.01
95710,0.0
95711,0.23
95712,0.06
95713,0.34
95714,0.05
95715,0.24
95716,0.02
95717,0.06
95718,0.02
95719,0.11
95720,0.02
95721,0.11
95722,0.02
95723,0.0
95724,0.08
95725,0.06
95726,0.0
95727,0.0
95728,0.0
95729,0.16
95730,0.0
95731,0.22
95732,0.04
95733,0.11
95734,0.03
95735,0.0
95736,0.0
95737,0.04
95738,0.01
95739,0.22
95740,0.0
95741,0.0
95742,0.02
95743,0.04
95744,0.0
95745,0.0
95746,0.09
95747,0.0
95748,0.0
95749,0.04
95750,0.0
95751,0.18
95752,0.01
95753,0.07
95754,0.0
95755,0.05
95756,0.03
95757,0.02
95758,0.23
95759,0.06
95760,0.03
95761,0.22
95762,0.01
95763,0.05
95764,0.01
95765,0.0
95766,0.01
95767,0.0
95768,0.02
95769,0.03
95770,0.03
95771,0.0
95772,0.05
95773,0.06
95774,0.0
95775,0.01
95776,0.39
95777,0.02
95778,0.0
95779,0.01
95780,0.02
95781,0.0
95782,0.01
95783,0.09
95784,0.03
95785,0.05
95786,0.42
95787,0.0
95788,0.05
95789,0.6
95790,0.09
95791,0.0
95792,0.0
95793,0.02
95794,0.08
95795,0.13
95796,0.07
95797,0.48
95798,0.29
95799,0.04
95800,0.01
95801,0.38
95802,0.0
95803,0.09
95804,0.03
95805,0.18
95806,0.01
95807,0.0
95808,0.0
95809,0.0
95810,0.01
95811,0.06
95812,0.01
95813,0.08
95814,0.01
95815,0.0
95816,0.03
95817,0.0
95818,0.0
95819,0.1
95820,0.01
95821,0.16
95822,0.02
95823,0.06
95824,0.0
95825,0.11
95826,0.01
95827,0.02
95828,0.34
95829,0.16
95830,0.0
95831,0.01
95832,0.0
95833,0.15
95834,0.0
95835,0.04
95836,0.11
95837,0.04
95838,0.02
95839,0.01
95840,0.02
95841,0.01
95842,0.42
95843,0.15
95844,0.04
95845,0.06
95846,0.01
95847,0.3
95848,0.09
95849,0.0
95850,0.01
95851,0.05
95852,0.0
95853,0.0
95854,0.2
95855,0.05
95856,0.33
95857,0.05
95858,0.0
95859,0.0
95860,0.47
95861,0.0
95862,0.03
95863,0.0
95864,0.01
95865,0.04
95866,0.02
95867,0.14
95868,0.04
95869,0.06
95870,0.47
95871,0.0
95872,0.04
95873,0.0
95874,0.08
95875,0.02
95876,0.02
95877,0.11
95878,0.05
95879,0.03
95880,0.0
95881,0.04
95882,0.14
95883,0.2
95884,0.04
95885,0.09
95886,0.01
95887,0.0
95888,0.6
95889,0.03
95890,0.18
95891,0.17
95892,0.17
95893,0.01
95894,0.03
95895,0.2
95896,0.15
95897,0.0
95898,0.01
95899,0.01
95900,0.39
95901,0.2
95902,0.1
95903,0.0
95904,0.22
95905,0.07
95906,0.0
95907,0.03
95908,0.05
95909,0.01
95910,0.05
95911,0.0
95912,0.07
95913,0.11
95914,0.0
95915,0.08
95916,0.08
95917,0.07
95918,0.01
95919,0.08
95920,0.0
95921,0.27
95922,0.0
95923,0.68
95924,0.01
95925,0.1
95926,0.0
95927,0.02
95928,0.13
95929,0.02
95930,0.06
95931,0.0
95932,0.01
95933,0.08
95934,0.04
95935,0.02
95936,0.0
95937,0.53
95938,0.38
95939,0.04
95940,0.07
95941,0.08
95942,0.06
95943,0.04
95944,0.0
95945,0.02
95946,0.01
95947,0.31
95948,0.0
95949,0.09
95950,0.21
95951,0.09
95952,0.0
95953,0.12
95954,0.0
95955,0.0
95956,0.0
95957,0.0
95958,0.38
95959,0.03
95960,0.31
95961,0.0
95962,0.42
95963,0.01
95964,0.05
95965,0.02
95966,0.21
95967,0.06
95968,0.0
95969,0.06
95970,0.39
95971,0.02
95972,0.03
95973,0.0
95974,0.0
95975,0.0
95976,0.02
95977,0.0
95978,0.21
95979,0.01
95980,0.22
95981,0.0
95982,0.15
95983,0.0
95984,0.0
95985,0.0
95986,0.02
95987,0.0
95988,0.01
95989,0.0
95990,0.02
95991,0.0
95992,0.24
95993,0.26
95994,0.04
95995,0.58
95996,0.21
95997,0.09
95998,0.09
95999,0.05
96000,0.09
96001,0.03
96002,0.03
96003,0.0
96004,0.17
96005,0.18
96006,0.23
96007,0.26
96008,0.19
96009,0.01
96010,0.03
96011,0.04
96012,0.08
96013,0.04
96014,0.05
96015,0.09
96016,0.05
96017,0.0
96018,0.02
96019,0.0
96020,0.03
96021,0.1
96022,0.05
96023,0.12
96024,0.11
96025,0.01
96026,0.04
96027,0.04
96028,0.19
96029,0.01
96030,0.0
96031,0.01
96032,0.6
96033,0.03
96034,0.0
96035,0.05
96036,0.56
96037,0.06
96038,0.06
96039,0.17
96040,0.03
96041,0.01
96042,0.02
96043,0.0
96044,0.07
96045,0.26
96046,0.4
96047,0.09
96048,0.03
96049,0.0
96050,0.36
96051,0.01
96052,0.0
96053,0.03
96054,0.02
96055,0.01
96056,0.0
96057,0.01
96058,0.01
96059,0.01
96060,0.0
96061,0.07
96062,0.0
96063,0.0
96064,0.15
96065,0.01
96066,0.03
96067,0.09
96068,0.02
96069,0.24
96070,0.0
96071,0.04
96072,0.06
96073,0.0
96074,0.02
96075,0.0
96076,0.02
96077,0.0
96078,0.05
96079,0.01
96080,0.0
96081,0.0
96082,0.25
96083,0.05
96084,0.13
96085,0.03
96086,0.02
96087,0.44
96088,0.22
96089,0.01
96090,0.02
96091,0.06
96092,0.06
96093,0.0
96094,0.0
96095,0.0
96096,0.0
96097,0.0
96098,0.14
96099,0.05
96100,0.17
96101,0.01
96102,0.02
96103,0.0
96104,0.49
96105,0.6
96106,0.19
96107,0.03
96108,0.0
96109,0.02
96110,0.58
96111,0.03
96112,0.0
96113,0.08
96114,0.02
96115,0.02
96116,0.0
96117,0.02
96118,0.09
96119,0.11
96120,0.01
96121,0.02
96122,0.0
96123,0.1
96124,0.03
96125,0.01
96126,0.02
96127,0.02
96128,0.02
96129,0.09
96130,0.04
96131,0.12
96132,0.09
96133,0.05
96134,0.09
96135,0.03
96136,0.03
96137,0.04
96138,0.12
96139,0.05
96140,0.15
96141,0.04
96142,0.01
96143,0.04
96144,0.02
96145,0.01
96146,0.04
96147,0.01
96148,0.0
96149,0.11
96150,0.02
96151,0.01
96152,0.11
96153,0.01
96154,0.07
96155,0.0
96156,0.12
96157,0.0
96158,0.04
96159,0.0
96160,0.04
96161,0.07
96162,0.3
96163,0.05
96164,0.01
96165,0.24
96166,0.0
96167,0.04
96168,0.09
96169,0.01
96170,0.11
96171,0.02
96172,0.03
96173,0.0
96174,0.32
96175,0.0
96176,0.04
96177,0.27
96178,0.01
96179,0.0
96180,0.09
96181,0.26
96182,0.24
96183,0.03
96184,0.14
96185,0.02
96186,0.03
96187,0.07
96188,0.01
96189,0.0
96190,0.02
96191,0.11
96192,0.0
96193,0.0
96194,0.0
96195,0.04
96196,0.31
96197,0.0
96198,0.07
96199,0.05
96200,0.05
96201,0.1
96202,0.24
96203,0.36
96204,0.0
96205,0.0
96206,0.02
96207,0.01
96208,0.01
96209,0.0
96210,0.06
96211,0.0
96212,0.1
96213,0.0
96214,0.0
96215,0.15
96216,0.06
96217,0.0
96218,0.02
96219,0.0
96220,0.07
96221,0.03
96222,0.22
96223,0.01
96224,0.0
96225,0.01
96226,0.01
96227,0.0
96228,0.0
96229,0.01
96230,0.3
96231,0.13
96232,0.02
96233,0.0
96234,0.19
96235,0.02
96236,0.27
96237,0.47
96238,0.0
96239,0.0
96240,0.04
96241,0.11
96242,0.03
96243,0.0
96244,0.01
96245,0.03
96246,0.0
96247,0.14
96248,0.03
96249,0.31
96250,0.01
96251,0.02
96252,0.0
96253,0.05
96254,0.01
96255,0.0
96256,0.09
96257,0.04
96258,0.05
96259,0.08
96260,0.0
96261,0.53
96262,0.0
96263,0.02
96264,0.21
96265,0.26
96266,0.03
96267,0.0
96268,0.02
96269,0.05
96270,0.05
96271,0.02
96272,0.01
96273,0.16
96274,0.0
96275,0.03
96276,0.17
96277,0.0
96278,0.04
96279,0.02
96280,0.04
96281,0.0
96282,0.0
96283,0.02
96284,0.05
96285,0.04
96286,0.02
96287,0.0
96288,0.01
96289,0.0
96290,0.0
96291,0.04
96292,0.0
96293,0.19
96294,0.0
96295,0.02
96296,0.65
96297,0.06
96298,0.04
96299,0.26
96300,0.02
96301,0.01
96302,0.01
96303,0.07
96304,0.14
96305,0.29
96306,0.05
96307,0.14
96308,0.02
96309,0.0
96310,0.08
96311,0.0
96312,0.02
96313,0.01
96314,0.45
96315,0.0
96316,0.01
96317,0.01
96318,0.0
96319,0.0
96320,0.15
96321,0.0
96322,0.14
96323,0.03
96324,0.09
96325,0.14
96326,0.01
96327,0.08
96328,0.02
96329,0.02
96330,0.0
96331,0.02
96332,0.02
96333,0.0
96334,0.0
96335,0.0
96336,0.02
96337,0.18
96338,0.0
96339,0.0
96340,0.24
96341,0.13
96342,0.01
96343,0.01
96344,0.0
96345,0.1
96346,0.0
96347,0.07
96348,0.01
96349,0.74
96350,0.01
96351,0.05
96352,0.01
96353,0.04
96354,0.09
96355,0.3
96356,0.34
96357,0.0
96358,0.18
96359,0.01
96360,0.16
96361,0.03
96362,0.0
96363,0.0
96364,0.0
96365,0.03
96366,0.09
96367,0.13
96368,0.0
96369,0.0
96370,0.04
96371,0.09
96372,0.14
96373,0.0
96374,0.0
96375,0.07
96376,0.0
96377,0.0
96378,0.35
96379,0.45
96380,0.0
96381,0.0
96382,0.0
96383,0.29
96384,0.07
96385,0.07
96386,0.47
96387,0.11
96388,0.01
96389,0.04
96390,0.0
96391,0.0
96392,0.0
96393,0.01
96394,0.11
96395,0.01
96396,0.16
96397,0.04
96398,0.05
96399,0.63
96400,0.0
96401,0.02
96402,0.09
96403,0.04
96404,0.05
96405,0.28
96406,0.31
96407,0.12
96408,0.0
96409,0.12
96410,0.0
96411,0.09
96412,0.04
96413,0.05
96414,0.01
96415,0.04
96416,0.01
96417,0.0
96418,0.04
96419,0.01
96420,0.01
96421,0.14
96422,0.11
96423,0.0
96424,0.01
96425,0.01
96426,0.02
96427,0.42
96428,0.21
96429,0.08
96430,0.0
96431,0.0
96432,0.07
96433,0.0
96434,0.01
96435,0.01
96436,0.01
96437,0.01
96438,0.03
96439,0.02
96440,0.01
96441,0.07
96442,0.03
96443,0.09
96444,0.01
96445,0.0
96446,0.0
96447,0.01
96448,0.16
96449,0.0
96450,0.18
96451,0.0
96452,0.18
96453,0.02
96454,0.01
96455,0.01
96456,0.01
96457,0.29
96458,0.0
96459,0.04
96460,0.0
96461,0.04
96462,0.01
96463,0.0
96464,0.0
96465,0.0
96466,0.05
96467,0.0
96468,0.04
96469,0.0
96470,0.0
96471,0.0
96472,0.01
96473,0.0
96474,0.0
96475,0.04
96476,0.06
96477,0.0
96478,0.0
96479,0.0
96480,0.07
96481,0.0
96482,0.13
96483,0.25
96484,0.13
96485,0.0
96486,0.02
96487,0.13
96488,0.0
96489,0.0
96490,0.21
96491,0.01
96492,0.58
96493,0.0
96494,0.0
96495,0.01
96496,0.01
96497,0.0
96498,0.0
96499,0.07
96500,0.03
96501,0.04
96502,0.0
96503,0.63
96504,0.03
96505,0.0
96506,0.01
96507,0.0
96508,0.03
96509,0.0
96510,0.15
96511,0.07
96512,0.03
96513,0.04
96514,0.0
96515,0.01
96516,0.06
96517,0.0
96518,0.02
96519,0.1
96520,0.02
96521,0.0
96522,0.0
96523,0.04
96524,0.04
96525,0.02
96526,0.28
96527,0.09
96528,0.07
96529,0.07
96530,0.02
96531,0.16
96532,0.0
96533,0.04
96534,0.04
96535,0.33
96536,0.0
96537,0.0
96538,0.0
96539,0.61
96540,0.01
96541,0.06
96542,0.01
96543,0.0
96544,0.03
96545,0.24
96546,0.01
96547,0.01
96548,0.0
96549,0.01
96550,0.01
96551,0.55
96552,0.01
96553,0.01
96554,0.02
96555,0.17
96556,0.01
96557,0.01
96558,0.19
96559,0.0
96560,0.0
96561,0.0
96562,0.0
96563,0.0
96564,0.07
96565,0.13
96566,0.02
96567,0.08
96568,0.0
96569,0.01
96570,0.03
96571,0.35
96572,0.0
96573,0.09
96574,0.07
96575,0.0
96576,0.05
96577,0.43
96578,0.0
96579,0.18
96580,0.02
96581,0.02
96582,0.59
96583,0.02
96584,0.01
96585,0.0
96586,0.06
96587,0.0
96588,0.17
96589,0.04
96590,0.04
96591,0.01
96592,0.0
96593,0.01
96594,0.0
96595,0.11
96596,0.09
96597,0.01
96598,0.06
96599,0.02
96600,0.03
96601,0.12
96602,0.04
96603,0.01
96604,0.12
96605,0.01
96606,0.01
96607,0.0
96608,0.02
96609,0.07
96610,0.03
96611,0.01
96612,0.09
96613,0.05
96614,0.29
96615,0.04
96616,0.23
96617,0.0
96618,0.0
96619,0.02
96620,0.03
96621,0.42
96622,0.0
96623,0.0
96624,0.09
96625,0.2
96626,0.08
96627,0.75
96628,0.0
96629,0.28
96630,0.03
96631,0.0
96632,0.0
96633,0.66
96634,0.02
96635,0.13
96636,0.29
96637,0.0
96638,0.06
96639,0.54
96640,0.03
96641,0.04
96642,0.02
96643,0.01
96644,0.0
96645,0.03
96646,0.03
96647,0.22
96648,0.0
96649,0.03
96650,0.02
96651,0.01
96652,0.07
96653,0.02
96654,0.06
96655,0.04
96656,0.16
96657,0.0
96658,0.02
96659,0.01
96660,0.01
96661,0.26
96662,0.06
96663,0.01
96664,0.0
96665,0.0
96666,0.01
96667,0.0
96668,0.01
96669,0.25
96670,0.27
96671,0.0
96672,0.0
96673,0.12
96674,0.25
96675,0.04
96676,0.08
96677,0.04
96678,0.0
96679,0.08
96680,0.03
96681,0.0
96682,0.43
96683,0.0
96684,0.03
96685,0.06
96686,0.07
96687,0.01
96688,0.38
96689,0.16
96690,0.02
96691,0.23
96692,0.01
96693,0.03
96694,0.01
96695,0.02
96696,0.02
96697,0.24
96698,0.28
96699,0.0
96700,0.06
96701,0.17
96702,0.28
96703,0.0
96704,0.0
96705,0.0
96706,0.01
96707,0.06
96708,0.06
96709,0.0
96710,0.0
96711,0.03
96712,0.0
96713,0.0
96714,0.02
96715,0.01
96716,0.16
96717,0.11
96718,0.01
96719,0.14
96720,0.25
96721,0.0
96722,0.12
96723,0.06
96724,0.0
96725,0.0
96726,0.02
96727,0.0
96728,0.0
96729,0.2
96730,0.0
96731,0.22
96732,0.12
96733,0.01
96734,0.0
96735,0.07
96736,0.02
96737,0.2
96738,0.11
96739,0.02
96740,0.03
96741,0.01
96742,0.0
96743,0.04
96744,0.03
96745,0.03
96746,0.02
96747,0.0
96748,0.0
96749,0.0
96750,0.04
96751,0.1
96752,0.11
96753,0.01
96754,0.01
96755,0.01
96756,0.29
96757,0.2
96758,0.0
96759,0.01
96760,0.0
96761,0.07
96762,0.05
96763,0.0
96764,0.01
96765,0.0
96766,0.03
96767,0.03
96768,0.55
96769,0.07
96770,0.01
96771,0.05
96772,0.04
96773,0.0
96774,0.0
96775,0.0
96776,0.0
96777,0.1
96778,0.03
96779,0.0
96780,0.01
96781,0.02
96782,0.25
96783,0.02
96784,0.51
96785,0.01
96786,0.0
96787,0.03
96788,0.03
96789,0.01
96790,0.54
96791,0.66
96792,0.07
96793,0.0
96794,0.0
96795,0.02
96796,0.12
96797,0.01
96798,0.34
96799,0.09
96800,0.0
96801,0.01
96802,0.01
96803,0.01
96804,0.46
96805,0.02
96806,0.02
96807,0.02
96808,0.02
96809,0.02
96810,0.0
96811,0.06
96812,0.0
96813,0.58
96814,0.0
96815,0.06
96816,0.0
96817,0.0
96818,0.06
96819,0.04
96820,0.27
96821,0.02
96822,0.03
96823,0.0
96824,0.23
96825,0.01
96826,0.06
96827,0.0
96828,0.0
96829,0.0
96830,0.03
96831,0.07
96832,0.08
96833,0.1
96834,0.0
96835,0.0
96836,0.01
96837,0.28
96838,0.29
96839,0.13
96840,0.01
96841,0.14
96842,0.2
96843,0.04
96844,0.23
96845,0.0
96846,0.05
96847,0.05
96848,0.21
96849,0.06
96850,0.0
96851,0.06
96852,0.0
96853,0.02
96854,0.0
96855,0.01
96856,0.0
96857,0.0
96858,0.08
96859,0.05
96860,0.02
96861,0.05
96862,0.02
96863,0.04
96864,0.16
96865,0.61
96866,0.0
96867,0.01
96868,0.24
96869,0.57
96870,0.0
96871,0.07
96872,0.0
96873,0.06
96874,0.05
96875,0.02
96876,0.01
96877,0.07
96878,0.42
96879,0.28
96880,0.01
96881,0.3
96882,0.02
96883,0.06
96884,0.26
96885,0.0
96886,0.0
96887,0.0
96888,0.0
96889,0.05
96890,0.14
96891,0.01
96892,0.01
96893,0.57
96894,0.03
96895,0.06
96896,0.09
96897,0.0
96898,0.04
96899,0.02
96900,0.2
96901,0.05
96902,0.01
96903,0.08
96904,0.02
96905,0.22
96906,0.03
96907,0.01
96908,0.0
96909,0.02
96910,0.0
96911,0.0
96912,0.0
96913,0.24
96914,0.08
96915,0.05
96916,0.03
96917,0.03
96918,0.0
96919,0.05
96920,0.13
96921,0.09
96922,0.02
96923,0.07
96924,0.21
96925,0.0
96926,0.01
96927,0.01
96928,0.09
96929,0.01
96930,0.0
96931,0.12
96932,0.01
96933,0.0
96934,0.0
96935,0.0
96936,0.16
96937,0.3
96938,0.0
96939,0.05
96940,0.09
96941,0.0
96942,0.23
96943,0.0
96944,0.41
96945,0.0
96946,0.01
96947,0.05
96948,0.02
96949,0.04
96950,0.03
96951,0.3
96952,0.08
96953,0.08
96954,0.01
96955,0.01
96956,0.03
96957,0.11
96958,0.03
96959,0.25
96960,0.02
96961,0.09
96962,0.0
96963,0.0
96964,0.0
96965,0.01
96966,0.07
96967,0.05
96968,0.07
96969,0.12
96970,0.01
96971,0.0
96972,0.02
96973,0.0
96974,0.05
96975,0.0
96976,0.02
96977,0.03
96978,0.0
96979,0.0
96980,0.42
96981,0.4
96982,0.0
96983,0.0
96984,0.3
96985,0.08
96986,0.03
96987,0.16
96988,0.02
96989,0.2
96990,0.01
96991,0.02
96992,0.04
96993,0.0
96994,0.01
96995,0.04
96996,0.06
96997,0.01
96998,0.0
96999,0.01
97000,0.2
97001,0.02
97002,0.0
97003,0.02
97004,0.02
97005,0.01
97006,0.01
97007,0.0
97008,0.41
97009,0.0
97010,0.04
97011,0.0
97012,0.02
97013,0.27
97014,0.3
97015,0.06
97016,0.0
97017,0.07
97018,0.01
97019,0.0
97020,0.01
97021,0.41
97022,0.02
97023,0.01
97024,0.05
97025,0.0
97026,0.0
97027,0.02
97028,0.01
97029,0.15
97030,0.02
97031,0.01
97032,0.0
97033,0.01
97034,0.08
97035,0.02
97036,0.18
97037,0.01
97038,0.13
97039,0.29
97040,0.48
97041,0.4
97042,0.11
97043,0.03
97044,0.0
97045,0.01
97046,0.0
97047,0.01
97048,0.04
97049,0.0
97050,0.28
97051,0.0
97052,0.1
97053,0.0
97054,0.0
97055,0.01
97056,0.03
97057,0.0
97058,0.24
97059,0.0
97060,0.0
97061,0.29
97062,0.01
97063,0.01
97064,0.0
97065,0.09
97066,0.11
97067,0.01
97068,0.0
97069,0.49
97070,0.31
97071,0.0
97072,0.2
97073,0.02
97074,0.01
97075,0.01
97076,0.19
97077,0.0
97078,0.02
97079,0.16
97080,0.0
97081,0.09
97082,0.02
97083,0.27
97084,0.01
97085,0.08
97086,0.0
97087,0.08
97088,0.04
97089,0.0
97090,0.01
97091,0.04
97092,0.08
97093,0.09
97094,0.05
97095,0.02
97096,0.0
97097,0.0
97098,0.0
97099,0.0
97100,0.01
97101,0.03
97102,0.02
97103,0.09
97104,0.06
97105,0.01
97106,0.0
97107,0.07
97108,0.16
97109,0.03
97110,0.03
97111,0.1
97112,0.0
97113,0.0
97114,0.02
97115,0.01
97116,0.29
97117,0.07
97118,0.0
97119,0.01
97120,0.07
97121,0.05
97122,0.02
97123,0.0
97124,0.0
97125,0.49
97126,0.0
97127,0.03
97128,0.28
97129,0.2
97130,0.0
97131,0.05
97132,0.0
97133,0.0
97134,0.0
97135,0.03
97136,0.31
97137,0.0
97138,0.0
97139,0.03
97140,0.0
97141,0.0
97142,0.11
97143,0.0
97144,0.05
97145,0.05
97146,0.0
97147,0.0
97148,0.15
97149,0.0
97150,0.11
97151,0.01
97152,0.04
97153,0.02
97154,0.02
97155,0.0
97156,0.11
97157,0.25
97158,0.02
97159,0.01
97160,0.05
97161,0.19
97162,0.0
97163,0.05
97164,0.05
97165,0.03
97166,0.1
97167,0.0
97168,0.07
97169,0.01
97170,0.0
97171,0.0
97172,0.01
97173,0.0
97174,0.13
97175,0.0
97176,0.02
97177,0.06
97178,0.01
97179,0.04
97180,0.03
97181,0.0
97182,0.0
97183,0.14
97184,0.0
97185,0.25
97186,0.0
97187,0.05
97188,0.01
97189,0.0
97190,0.03
97191,0.07
97192,0.01
97193,0.0
97194,0.01
97195,0.1
97196,0.09
97197,0.48
97198,0.46
97199,0.04
97200,0.16
97201,0.05
97202,0.07
97203,0.52
97204,0.03
97205,0.07
97206,0.15
97207,0.3
97208,0.02
97209,0.0
97210,0.08
97211,0.01
97212,0.01
97213,0.01
97214,0.01
97215,0.03
97216,0.01
97217,0.0
97218,0.35
97219,0.23
97220,0.1
97221,0.01
97222,0.13
97223,0.0
97224,0.0
97225,0.0
97226,0.0
97227,0.01
97228,0.01
97229,0.01
97230,0.37
97231,0.02
97232,0.11
97233,0.03
97234,0.56
97235,0.04
97236,0.15
97237,0.0
97238,0.0
97239,0.08
97240,0.0
97241,0.06
97242,0.01
97243,0.0
97244,0.05
97245,0.5
97246,0.0
97247,0.0
97248,0.37
97249,0.0
97250,0.01
97251,0.08
97252,0.43
97253,0.18
97254,0.01
97255,0.07
97256,0.0
97257,0.21
97258,0.06
97259,0.05
97260,0.02
97261,0.0
97262,0.1
97263,0.0
97264,0.0
97265,0.01
97266,0.0
97267,0.0
97268,0.09
97269,0.0
97270,0.12
97271,0.0
97272,0.0
97273,0.16
97274,0.01
97275,0.03
97276,0.04
97277,0.07
97278,0.43
97279,0.0
97280,0.0
97281,0.01
97282,0.0
97283,0.02
97284,0.06
97285,0.02
97286,0.03
97287,0.48
97288,0.0
97289,0.1
97290,0.0
97291,0.0
97292,0.22
97293,0.18
97294,0.01
97295,0.01
97296,0.07
97297,0.02
97298,0.02
97299,0.18
97300,0.01
97301,0.05
97302,0.01
97303,0.0
97304,0.02
97305,0.1
97306,0.07
97307,0.0
97308,0.02
97309,0.19
97310,0.0
97311,0.05
97312,0.05
97313,0.07
97314,0.01
97315,0.63
97316,0.37
97317,0.0
97318,0.0
97319,0.2
97320,0.05
97321,0.02
97322,0.0
97323,0.0
97324,0.0
97325,0.04
97326,0.03
97327,0.0
97328,0.39
97329,0.64
97330,0.05
97331,0.0
97332,0.0
97333,0.03
97334,0.01
97335,0.08
97336,0.04
97337,0.0
97338,0.0
97339,0.02
97340,0.07
97341,0.01
97342,0.02
97343,0.0
97344,0.02
97345,0.1
97346,0.0
97347,0.04
97348,0.66
97349,0.01
97350,0.01
97351,0.01
97352,0.03
97353,0.06
97354,0.25
97355,0.04
97356,0.0
97357,0.13
97358,0.0
97359,0.09
97360,0.4
97361,0.0
97362,0.01
97363,0.1
97364,0.0
97365,0.1
97366,0.04
97367,0.07
97368,0.1
97369,0.11
97370,0.08
97371,0.01
97372,0.09
97373,0.0
97374,0.01
97375,0.13
97376,0.02
97377,0.0
97378,0.0
97379,0.01
97380,0.02
97381,0.12
97382,0.0
97383,0.12
97384,0.01
97385,0.02
97386,0.08
97387,0.01
97388,0.0
97389,0.01
97390,0.0
97391,0.09
97392,0.02
97393,0.16
97394,0.04
97395,0.05
97396,0.01
97397,0.0
97398,0.0
97399,0.01
97400,0.02
97401,0.09
97402,0.0
97403,0.0
97404,0.04
97405,0.08
97406,0.18
97407,0.03
97408,0.13
97409,0.31
97410,0.02
97411,0.0
97412,0.0
97413,0.02
97414,0.01
97415,0.0
97416,0.06
97417,0.0
97418,0.0
97419,0.02
97420,0.21
97421,0.06
97422,0.01
97423,0.13
97424,0.0
97425,0.01
97426,0.05
97427,0.1
97428,0.08
97429,0.0
97430,0.08
97431,0.05
97432,0.0
97433,0.02
97434,0.0
97435,0.0
97436,0.03
97437,0.13
97438,0.08
97439,0.39
97440,0.02
97441,0.11
97442,0.04
97443,0.38
97444,0.4
97445,0.0
97446,0.0
97447,0.45
97448,0.01
97449,0.01
97450,0.03
97451,0.0
97452,0.0
97453,0.02
97454,0.01
97455,0.01
97456,0.01
97457,0.0
97458,0.27
97459,0.02
97460,0.01
97461,0.02
97462,0.02
97463,0.0
97464,0.03
97465,0.16
97466,0.02
97467,0.05
97468,0.04
97469,0.0
97470,0.0
97471,0.2
97472,0.01
97473,0.02
97474,0.0
97475,0.12
97476,0.18
97477,0.03
97478,0.01
97479,0.0
97480,0.03
97481,0.0
97482,0.0
97483,0.03
97484,0.01
97485,0.04
97486,0.21
97487,0.12
97488,0.09
97489,0.04
97490,0.0
97491,0.04
97492,0.15
97493,0.0
97494,0.49
97495,0.08
97496,0.03
97497,0.04
97498,0.03
97499,0.01
97500,0.0
97501,0.01
97502,0.01
97503,0.0
97504,0.0
97505,0.02
97506,0.53
97507,0.02
97508,0.51
97509,0.0
97510,0.3
97511,0.17
97512,0.18
97513,0.0
97514,0.0
97515,0.0
97516,0.32
97517,0.02
97518,0.02
97519,0.38
97520,0.04
97521,0.0
97522,0.06
97523,0.04
97524,0.31
97525,0.05
97526,0.0
97527,0.07
97528,0.3
97529,0.01
97530,0.0
97531,0.0
97532,0.02
97533,0.02
97534,0.03
97535,0.01
97536,0.0
97537,0.45
97538,0.15
97539,0.0
97540,0.07
97541,0.07
97542,0.12
97543,0.01
97544,0.07
97545,0.05
97546,0.0
97547,0.22
97548,0.01
97549,0.37
97550,0.19
97551,0.42
97552,0.05
97553,0.05
97554,0.08
97555,0.0
97556,0.24
97557,0.04
97558,0.08
97559,0.04
97560,0.18
97561,0.0
97562,0.0
97563,0.01
97564,0.05
97565,0.01
97566,0.01
97567,0.01
97568,0.04
97569,0.05
97570,0.03
97571,0.01
97572,0.02
97573,0.02
97574,0.31
97575,0.09
97576,0.08
97577,0.17
97578,0.07
97579,0.05
97580,0.05
97581,0.0
97582,0.03
97583,0.0
97584,0.01
97585,0.03
97586,0.04
97587,0.01
97588,0.03
97589,0.04
97590,0.36
97591,0.01
97592,0.5
97593,0.01
97594,0.03
97595,0.03
97596,0.0
97597,0.01
97598,0.0
97599,0.08
97600,0.12
97601,0.03
97602,0.01
97603,0.0
97604,0.01
97605,0.0
97606,0.01
97607,0.47
97608,0.01
97609,0.0
97610,0.01
97611,0.0
97612,0.06
97613,0.02
97614,0.02
97615,0.01
97616,0.01
97617,0.32
97618,0.01
97619,0.05
97620,0.03
97621,0.4
97622,0.03
97623,0.0
97624,0.15
97625,0.04
97626,0.03
97627,0.05
97628,0.09
97629,0.19
97630,0.0
97631,0.03
97632,0.08
97633,0.0
97634,0.0
97635,0.01
97636,0.04
97637,0.04
97638,0.12
97639,0.11
97640,0.0
97641,0.0
97642,0.0
97643,0.0
97644,0.0
97645,0.01
97646,0.0
97647,0.04
97648,0.08
97649,0.02
97650,0.01
97651,0.1
97652,0.04
97653,0.03
97654,0.06
97655,0.67
97656,0.0
97657,0.18
97658,0.25
97659,0.02
97660,0.1
97661,0.11
97662,0.02
97663,0.01
97664,0.03
97665,0.08
97666,0.0
97667,0.01
97668,0.64
97669,0.0
97670,0.33
97671,0.07
97672,0.35
97673,0.0
97674,0.0
97675,0.06
97676,0.01
97677,0.05
97678,0.14
97679,0.72
97680,0.27
97681,0.06
97682,0.04
97683,0.14
97684,0.46
97685,0.03
97686,0.08
97687,0.01
97688,0.0
97689,0.0
97690,0.3
97691,0.0
97692,0.06
97693,0.06
97694,0.0
97695,0.04
97696,0.02
97697,0.0
97698,0.02
97699,0.03
97700,0.08
97701,0.11
97702,0.59
97703,0.0
97704,0.02
97705,0.02
97706,0.0
97707,0.01
97708,0.13
97709,0.54
97710,0.1
97711,0.16
97712,0.04
97713,0.01
97714,0.03
97715,0.0
97716,0.11
97717,0.01
97718,0.0
97719,0.02
97720,0.04
97721,0.04
97722,0.06
97723,0.0
97724,0.01
97725,0.02
97726,0.08
97727,0.03
97728,0.04
97729,0.0
97730,0.19
97731,0.02
97732,0.02
97733,0.15
97734,0.04
97735,0.08
97736,0.0
97737,0.02
97738,0.25
97739,0.7
97740,0.0
97741,0.23
97742,0.06
97743,0.0
97744,0.06
97745,0.0
97746,0.0
97747,0.01
97748,0.0
97749,0.03
97750,0.35
97751,0.15
97752,0.02
97753,0.2
97754,0.11
97755,0.04
97756,0.1
97757,0.0
97758,0.01
97759,0.1
97760,0.14
97761,0.0
97762,0.1
97763,0.19
97764,0.0
97765,0.0
97766,0.0
97767,0.0
97768,0.01
97769,0.02
97770,0.0
97771,0.28
97772,0.1
97773,0.05
97774,0.01
97775,0.04
97776,0.01
97777,0.41
97778,0.0
97779,0.13
97780,0.02
97781,0.06
97782,0.02
97783,0.08
97784,0.02
97785,0.01
97786,0.02
97787,0.05
97788,0.11
97789,0.25
97790,0.0
97791,0.02
97792,0.12
97793,0.03
97794,0.0
97795,0.01
97796,0.01
97797,0.04
97798,0.08
97799,0.01
97800,0.08
97801,0.0
97802,0.12
97803,0.0
97804,0.04
97805,0.01
97806,0.12
97807,0.05
97808,0.01
97809,0.52
97810,0.05
97811,0.52
97812,0.01
97813,0.04
97814,0.02
97815,0.19
97816,0.01
97817,0.0
97818,0.1
97819,0.02
97820,0.0
97821,0.3
97822,0.02
97823,0.1
97824,0.05
97825,0.0
97826,0.0
97827,0.0
97828,0.03
97829,0.0
97830,0.77
97831,0.01
97832,0.01
97833,0.01
97834,0.13
97835,0.01
97836,0.0
97837,0.03
97838,0.18
97839,0.0
97840,0.0
97841,0.08
97842,0.02
97843,0.0
97844,0.06
97845,0.0
97846,0.0
97847,0.0
97848,0.04
97849,0.03
97850,0.0
97851,0.12
97852,0.01
97853,0.03
97854,0.01
97855,0.01
97856,0.01
97857,0.13
97858,0.01
97859,0.22
97860,0.0
97861,0.0
97862,0.03
97863,0.06
97864,0.68
97865,0.0
97866,0.25
97867,0.05
97868,0.0
97869,0.0
97870,0.01
97871,0.0
97872,0.07
97873,0.39
97874,0.16
97875,0.01
97876,0.02
97877,0.08
97878,0.49
97879,0.01
97880,0.0
97881,0.08
97882,0.01
97883,0.0
97884,0.0
97885,0.01
97886,0.1
97887,0.02
97888,0.0
97889,0.0
97890,0.06
97891,0.08
97892,0.03
97893,0.0
97894,0.0
97895,0.11
97896,0.01
97897,0.0
97898,0.04
97899,0.02
97900,0.07
97901,0.0
97902,0.0
97903,0.01
97904,0.0
97905,0.06
97906,0.01
97907,0.02
97908,0.0
97909,0.33
97910,0.42
97911,0.0
97912,0.22
97913,0.0
97914,0.01
97915,0.0
97916,0.0
97917,0.0
97918,0.03
97919,0.04
97920,0.11
97921,0.01
97922,0.0
97923,0.01
97924,0.02
97925,0.07
97926,0.04
97927,0.09
97928,0.02
97929,0.18
97930,0.16
97931,0.0
97932,0.16
97933,0.12
97934,0.15
97935,0.0
97936,0.0
97937,0.07
97938,0.0
97939,0.49
97940,0.0
97941,0.0
97942,0.17
97943,0.01
97944,0.0
97945,0.02
97946,0.51
97947,0.01
97948,0.03
97949,0.0
97950,0.17
97951,0.04
97952,0.24
97953,0.02
97954,0.01
97955,0.12
97956,0.02
97957,0.28
97958,0.24
97959,0.63
97960,0.0
97961,0.14
97962,0.68
97963,0.03
97964,0.15
97965,0.24
97966,0.01
97967,0.02
97968,0.03
97969,0.01
97970,0.02
97971,0.02
97972,0.01
97973,0.02
97974,0.01
97975,0.01
97976,0.05
97977,0.0
97978,0.0
97979,0.12
97980,0.0
97981,0.04
97982,0.02
97983,0.01
97984,0.0
97985,0.05
97986,0.04
97987,0.33
97988,0.09
97989,0.0
97990,0.0
97991,0.01
97992,0.0
97993,0.04
97994,0.02
97995,0.01
97996,0.0
97997,0.0
97998,0.0
97999,0.27
98000,0.0
98001,0.06
98002,0.03
98003,0.0
98004,0.0
98005,0.0
98006,0.0
98007,0.0
98008,0.27
98009,0.18
98010,0.05
98011,0.05
98012,0.01
98013,0.0
98014,0.0
98015,0.02
98016,0.15
98017,0.02
98018,0.02
98019,0.0
98020,0.01
98021,0.0
98022,0.02
98023,0.12
98024,0.0
98025,0.01
98026,0.02
98027,0.0
98028,0.01
98029,0.03
98030,0.03
98031,0.0
98032,0.0
98033,0.01
98034,0.0
98035,0.04
98036,0.06
98037,0.01
98038,0.01
98039,0.04
98040,0.02
98041,0.22
98042,0.0
98043,0.35
98044,0.08
98045,0.0
98046,0.01
98047,0.04
98048,0.03
98049,0.03
98050,0.08
98051,0.02
98052,0.01
98053,0.0
98054,0.57
98055,0.0
98056,0.1
98057,0.04
98058,0.03
98059,0.0
98060,0.02
98061,0.02
98062,0.0
98063,0.0
98064,0.02
98065,0.06
98066,0.02
98067,0.0
98068,0.02
98069,0.02
98070,0.01
98071,0.04
98072,0.39
98073,0.02
98074,0.02
98075,0.0
98076,0.01
98077,0.0
98078,0.01
98079,0.07
98080,0.31
98081,0.33
98082,0.0
98083,0.0
98084,0.1
98085,0.0
98086,0.0
98087,0.01
98088,0.01
98089,0.07
98090,0.01
98091,0.0
98092,0.16
98093,0.02
98094,0.12
98095,0.07
98096,0.02
98097,0.01
98098,0.17
98099,0.06
98100,0.11
98101,0.0
98102,0.03
98103,0.22
98104,0.19
98105,0.03
98106,0.11
98107,0.0
98108,0.0
98109,0.11
98110,0.02
98111,0.06
98112,0.09
98113,0.02
98114,0.01
98115,0.02
98116,0.0
98117,0.03
98118,0.0
98119,0.0
98120,0.0
98121,0.09
98122,0.18
98123,0.03
98124,0.06
98125,0.0
98126,0.05
98127,0.04
98128,0.0
98129,0.04
98130,0.61
98131,0.01
98132,0.16
98133,0.0
98134,0.24
98135,0.01
98136,0.28
98137,0.53
98138,0.13
98139,0.61
98140,0.48
98141,0.4
98142,0.01
98143,0.0
98144,0.09
98145,0.0
98146,0.0
98147,0.0
98148,0.04
98149,0.0
98150,0.02
98151,0.0
98152,0.02
98153,0.16
98154,0.01
98155,0.17
98156,0.04
98157,0.0
98158,0.0
98159,0.05
98160,0.02
98161,0.03
98162,0.22
98163,0.04
98164,0.07
98165,0.16
98166,0.0
98167,0.0
98168,0.01
98169,0.02
98170,0.45
98171,0.05
98172,0.1
98173,0.12
98174,0.03
98175,0.0
98176,0.0
98177,0.0
98178,0.08
98179,0.0
98180,0.1
98181,0.27
98182,0.0
98183,0.02
98184,0.32
98185,0.02
98186,0.0
98187,0.01
98188,0.02
98189,0.0
98190,0.03
98191,0.04
98192,0.0
98193,0.04
98194,0.02
98195,0.04
98196,0.16
98197,0.0
98198,0.09
98199,0.02
98200,0.03
98201,0.0
98202,0.0
98203,0.0
98204,0.11
98205,0.17
98206,0.22
98207,0.06
98208,0.03
98209,0.0
98210,0.01
98211,0.0
98212,0.03
98213,0.16
98214,0.03
98215,0.44
98216,0.52
98217,0.01
98218,0.05
98219,0.0
98220,0.01
98221,0.12
98222,0.02
98223,0.22
98224,0.01
98225,0.02
98226,0.09
98227,0.01
98228,0.0
98229,0.23
98230,0.02
98231,0.05
98232,0.01
98233,0.04
98234,0.03
98235,0.1
98236,0.0
98237,0.04
98238,0.41
98239,0.01
98240,0.0
98241,0.04
98242,0.01
98243,0.0
98244,0.0
98245,0.0
98246,0.0
98247,0.0
98248,0.01
98249,0.0
98250,0.0
98251,0.14
98252,0.0
98253,0.0
98254,0.0
98255,0.47
98256,0.1
98257,0.01
98258,0.04
98259,0.0
98260,0.46
98261,0.01
98262,0.03
98263,0.0
98264,0.56
98265,0.02
98266,0.0
98267,0.15
98268,0.02
98269,0.11
98270,0.0
98271,0.06
98272,0.32
98273,0.03
98274,0.54
98275,0.01
98276,0.09
98277,0.07
98278,0.26
98279,0.0
98280,0.01
98281,0.0
98282,0.01
98283,0.0
98284,0.01
98285,0.01
98286,0.0
98287,0.1
98288,0.39
98289,0.01
98290,0.03
98291,0.02
98292,0.06
98293,0.03
98294,0.02
98295,0.01
98296,0.1
98297,0.02
98298,0.38
98299,0.29
98300,0.03
98301,0.44
98302,0.02
98303,0.01
98304,0.01
98305,0.0
98306,0.04
98307,0.0
98308,0.25
98309,0.03
98310,0.04
98311,0.02
98312,0.0
98313,0.01
98314,0.07
98315,0.02
98316,0.03
98317,0.13
98318,0.19
98319,0.0
98320,0.06
98321,0.0
98322,0.0
98323,0.39
98324,0.0
98325,0.0
98326,0.17
98327,0.02
98328,0.01
98329,0.01
98330,0.03
98331,0.0
98332,0.05
98333,0.26
98334,0.09
98335,0.01
98336,0.0
98337,0.03
98338,0.43
98339,0.01
98340,0.01
98341,0.04
98342,0.17
98343,0.0
98344,0.01
98345,0.04
98346,0.01
98347,0.07
98348,0.17
98349,0.02
98350,0.18
98351,0.22
98352,0.15
98353,0.0
98354,0.0
98355,0.02
98356,0.0
98357,0.12
98358,0.02
98359,0.26
98360,0.0
98361,0.0
98362,0.01
98363,0.09
98364,0.09
98365,0.03
98366,0.03
98367,0.0
98368,0.01
98369,0.06
98370,0.04
98371,0.09
98372,0.0
98373,0.22
98374,0.0
98375,0.03
98376,0.0
98377,0.07
98378,0.2
98379,0.01
98380,0.03
98381,0.04
98382,0.06
98383,0.05
98384,0.02
98385,0.08
98386,0.02
98387,0.0
98388,0.13
98389,0.81
98390,0.0
98391,0.09
98392,0.0
98393,0.22
98394,0.0
98395,0.05
98396,0.0
98397,0.28
98398,0.0
98399,0.15
98400,0.01
98401,0.01
98402,0.18
98403,0.02
98404,0.0
98405,0.02
98406,0.0
98407,0.0
98408,0.29
98409,0.03
98410,0.12
98411,0.04
98412,0.18
98413,0.66
98414,0.01
98415,0.14
98416,0.01
98417,0.0
98418,0.0
98419,0.11
98420,0.02
98421,0.02
98422,0.06
98423,0.19
98424,0.03
98425,0.03
98426,0.01
98427,0.01
98428,0.29
98429,0.05
98430,0.01
98431,0.01
98432,0.32
98433,0.11
98434,0.09
98435,0.0
98436,0.1
98437,0.0
98438,0.03
98439,0.03
98440,0.02
98441,0.2
98442,0.03
98443,0.02
98444,0.03
98445,0.0
98446,0.08
98447,0.01
98448,0.0
98449,0.04
98450,0.0
98451,0.02
98452,0.0
98453,0.05
98454,0.0
98455,0.0
98456,0.07
98457,0.22
98458,0.04
98459,0.01
98460,0.03
98461,0.0
98462,0.01
98463,0.01
98464,0.01
98465,0.16
98466,0.02
98467,0.09
98468,0.0
98469,0.09
98470,0.01
98471,0.0
98472,0.01
98473,0.08
98474,0.17
98475,0.0
98476,0.08
98477,0.01
98478,0.17
98479,0.01
98480,0.05
98481,0.12
98482,0.2
98483,0.01
98484,0.05
98485,0.06
98486,0.06
98487,0.0
98488,0.01
98489,0.03
98490,0.21
98491,0.0
98492,0.12
98493,0.04
98494,0.01
98495,0.0
98496,0.02
98497,0.1
98498,0.33
98499,0.15
98500,0.03
98501,0.03
98502,0.0
98503,0.01
98504,0.01
98505,0.04
98506,0.01
98507,0.01
98508,0.0
98509,0.09
98510,0.03
98511,0.04
98512,0.0
98513,0.02
98514,0.18
98515,0.0
98516,0.0
98517,0.02
98518,0.13
98519,0.57
98520,0.19
98521,0.04
98522,0.0
98523,0.0
98524,0.07
98525,0.11
98526,0.02
98527,0.02
98528,0.36
98529,0.02
98530,0.05
98531,0.0
98532,0.0
98533,0.16
98534,0.0
98535,0.01
98536,0.13
98537,0.0
98538,0.27
98539,0.0
98540,0.17
98541,0.24
98542,0.01
98543,0.34
98544,0.02
98545,0.4
98546,0.18
98547,0.03
98548,0.0
98549,0.06
98550,0.02
98551,0.07
98552,0.0
98553,0.0
98554,0.01
98555,0.45
98556,0.03
98557,0.0
98558,0.0
98559,0.01
98560,0.03
98561,0.45
98562,0.06
98563,0.01
98564,0.01
98565,0.0
98566,0.0
98567,0.15
98568,0.41
98569,0.03
98570,0.06
98571,0.16
98572,0.02
98573,0.26
98574,0.01
98575,0.0
98576,0.0
98577,0.0
98578,0.05
98579,0.0
98580,0.2
98581,0.03
98582,0.0
98583,0.01
98584,0.03
98585,0.0
98586,0.16
98587,0.0
98588,0.0
98589,0.26
98590,0.07
98591,0.02
98592,0.09
98593,0.49
98594,0.0
98595,0.02
98596,0.0
98597,0.04
98598,0.04
98599,0.23
98600,0.13
98601,0.03
98602,0.01
98603,0.06
98604,0.0
98605,0.02
98606,0.0
98607,0.07
98608,0.03
98609,0.38
98610,0.05
98611,0.08
98612,0.0
98613,0.06
98614,0.02
98615,0.26
98616,0.03
98617,0.09
98618,0.05
98619,0.0
98620,0.08
98621,0.05
98622,0.01
98623,0.02
98624,0.07
98625,0.03
98626,0.0
98627,0.01
98628,0.01
98629,0.0
98630,0.04
98631,0.02
98632,0.07
98633,0.02
98634,0.03
98635,0.1
98636,0.01
98637,0.09
98638,0.05
98639,0.02
98640,0.14
98641,0.13
98642,0.04
98643,0.0
98644,0.01
98645,0.1
98646,0.08
98647,0.01
98648,0.02
98649,0.0
98650,0.03
98651,0.0
98652,0.03
98653,0.0
98654,0.0
98655,0.0
98656,0.05
98657,0.3
98658,0.01
98659,0.04
98660,0.0
98661,0.16
98662,0.0
98663,0.03
98664,0.01
98665,0.0
98666,0.0
98667,0.0
98668,0.01
98669,0.0
98670,0.06
98671,0.0
98672,0.09
98673,0.0
98674,0.01
98675,0.03
98676,0.04
98677,0.0
98678,0.06
98679,0.09
98680,0.0
98681,0.0
98682,0.04
98683,0.17
98684,0.06
98685,0.02
98686,0.0
98687,0.0
98688,0.17
98689,0.13
98690,0.16
98691,0.08
98692,0.0
98693,0.12
98694,0.43
98695,0.08
98696,0.0
98697,0.03
98698,0.01
98699,0.09
98700,0.01
98701,0.05
98702,0.0
98703,0.23
98704,0.0
98705,0.02
98706,0.02
98707,0.04
98708,0.07
98709,0.1
98710,0.01
98711,0.1
98712,0.0
98713,0.04
98714,0.01
98715,0.0
98716,0.0
98717,0.13
98718,0.27
98719,0.12
98720,0.17
98721,0.05
98722,0.0
98723,0.09
98724,0.03
98725,0.01
98726,0.02
98727,0.03
98728,0.07
98729,0.18
98730,0.06
98731,0.7
98732,0.09
98733,0.28
98734,0.03
98735,0.0
98736,0.25
98737,0.03
98738,0.01
98739,0.12
98740,0.0
98741,0.02
98742,0.07
98743,0.03
98744,0.1
98745,0.14
98746,0.0
98747,0.01
98748,0.05
98749,0.05
98750,0.04
98751,0.0
98752,0.02
98753,0.02
98754,0.02
98755,0.26
98756,0.09
98757,0.01
98758,0.01
98759,0.01
98760,0.07
98761,0.28
98762,0.14
98763,0.02
98764,0.0
98765,0.02
98766,0.07
98767,0.06
98768,0.08
98769,0.02
98770,0.05
98771,0.05
98772,0.0
98773,0.0
98774,0.04
98775,0.06
98776,0.04
98777,0.0
98778,0.03
98779,0.07
98780,0.13
98781,0.01
98782,0.06
98783,0.05
98784,0.01
98785,0.0
98786,0.03
98787,0.0
98788,0.01
98789,0.01
98790,0.01
98791,0.02
98792,0.25
98793,0.04
98794,0.01
98795,0.51
98796,0.0
98797,0.07
98798,0.03
98799,0.07
98800,0.14
98801,0.25
98802,0.0
98803,0.01
98804,0.0
98805,0.28
98806,0.08
98807,0.06
98808,0.04
98809,0.03
98810,0.03
98811,0.0
98812,0.0
98813,0.04
98814,0.01
98815,0.33
98816,0.26
98817,0.03
98818,0.03
98819,0.01
98820,0.03
98821,0.21
98822,0.02
98823,0.0
98824,0.01
98825,0.0
98826,0.0
98827,0.0
98828,0.02
98829,0.01
98830,0.03
98831,0.0
98832,0.0
98833,0.24
98834,0.03
98835,0.03
98836,0.01
98837,0.0
98838,0.06
98839,0.04
98840,0.0
98841,0.06
98842,0.49
98843,0.0
98844,0.02
98845,0.0
98846,0.06
98847,0.19
98848,0.04
98849,0.2
98850,0.03
98851,0.01
98852,0.1
98853,0.0
98854,0.03
98855,0.0
98856,0.02
98857,0.0
98858,0.45
98859,0.18
98860,0.11
98861,0.0
98862,0.0
98863,0.03
98864,0.0
98865,0.03
98866,0.02
98867,0.06
98868,0.01
98869,0.03
98870,0.03
98871,0.0
98872,0.0
98873,0.01
98874,0.0
98875,0.17
98876,0.12
98877,0.03
98878,0.0
98879,0.06
98880,0.0
98881,0.68
98882,0.0
98883,0.0
98884,0.02
98885,0.18
98886,0.39
98887,0.02
98888,0.02
98889,0.0
98890,0.1
98891,0.02
98892,0.55
98893,0.11
98894,0.48
98895,0.21
98896,0.06
98897,0.02
98898,0.04
98899,0.29
98900,0.0
98901,0.02
98902,0.21
98903,0.46
98904,0.09
98905,0.05
98906,0.0
98907,0.02
98908,0.16
98909,0.0
98910,0.05
98911,0.0
98912,0.0
98913,0.48
98914,0.0
98915,0.01
98916,0.02
98917,0.08
98918,0.03
98919,0.12
98920,0.0
98921,0.01
98922,0.43
98923,0.0
98924,0.0
98925,0.0
98926,0.32
98927,0.07
98928,0.0
98929,0.13
98930,0.01
98931,0.03
98932,0.08
98933,0.32
98934,0.0
98935,0.0
98936,0.02
98937,0.1
98938,0.5
98939,0.0
98940,0.28
98941,0.12
98942,0.01
98943,0.08
98944,0.02
98945,0.01
98946,0.38
98947,0.08
98948,0.0
98949,0.49
98950,0.12
98951,0.0
98952,0.01
98953,0.6
98954,0.09
98955,0.02
98956,0.07
98957,0.01
98958,0.0
98959,0.46
98960,0.2
98961,0.01
98962,0.11
98963,0.04
98964,0.0
98965,0.04
98966,0.05
98967,0.19
98968,0.01
98969,0.02
98970,0.04
98971,0.09
98972,0.09
98973,0.0
98974,0.01
98975,0.0
98976,0.0
98977,0.02
98978,0.01
98979,0.06
98980,0.5
98981,0.01
98982,0.0
98983,0.0
98984,0.0
98985,0.08
98986,0.0
98987,0.01
98988,0.17
98989,0.11
98990,0.0
98991,0.2
98992,0.0
98993,0.04
98994,0.0
98995,0.0
98996,0.06
98997,0.01
98998,0.01
98999,0.0
99000,0.0
99001,0.0
99002,0.07
99003,0.0
99004,0.2
99005,0.05
99006,0.05
99007,0.28
99008,0.04
99009,0.0
99010,0.03
99011,0.05
99012,0.05
99013,0.02
99014,0.0
99015,0.02
99016,0.01
99017,0.07
99018,0.29
99019,0.01
99020,0.03
99021,0.02
99022,0.15
99023,0.01
99024,0.11
99025,0.01
99026,0.44
99027,0.07
99028,0.0
99029,0.02
99030,0.0
99031,0.29
99032,0.02
99033,0.07
99034,0.06
99035,0.02
99036,0.61
99037,0.01
99038,0.09
99039,0.06
99040,0.0
99041,0.42
99042,0.01
99043,0.06
99044,0.0
99045,0.0
99046,0.12
99047,0.0
99048,0.03
99049,0.0
99050,0.0
99051,0.01
99052,0.04
99053,0.0
99054,0.01
99055,0.11
99056,0.0
99057,0.0
99058,0.0
99059,0.0
99060,0.01
99061,0.0
99062,0.01
99063,0.04
99064,0.0
99065,0.01
99066,0.03
99067,0.15
99068,0.15
99069,0.0
99070,0.08
99071,0.04
99072,0.04
99073,0.0
99074,0.01
99075,0.01
99076,0.0
99077,0.05
99078,0.01
99079,0.03
99080,0.05
99081,0.0
99082,0.06
99083,0.02
99084,0.09
99085,0.25
99086,0.02
99087,0.01
99088,0.0
99089,0.02
99090,0.01
99091,0.09
99092,0.0
99093,0.04
99094,0.01
99095,0.0
99096,0.01
99097,0.03
99098,0.05
99099,0.08
99100,0.52
99101,0.0
99102,0.02
99103,0.02
99104,0.0
99105,0.03
99106,0.05
99107,0.04
99108,0.08
99109,0.01
99110,0.0
99111,0.0
99112,0.0
99113,0.0
99114,0.0
99115,0.06
99116,0.0
99117,0.03
99118,0.01
99119,0.26
99120,0.03
99121,0.03
99122,0.0
99123,0.0
99124,0.18
99125,0.0
99126,0.26
99127,0.02
99128,0.03
99129,0.0
99130,0.0
99131,0.27
99132,0.02
99133,0.0
99134,0.28
99135,0.0
99136,0.02
99137,0.11
99138,0.0
99139,0.12
99140,0.06
99141,0.17
99142,0.0
99143,0.48
99144,0.35
99145,0.0
99146,0.22
99147,0.02
99148,0.04
99149,0.03
99150,0.07
99151,0.12
99152,0.09
99153,0.0
99154,0.03
99155,0.02
99156,0.15
99157,0.07
99158,0.0
99159,0.0
99160,0.01
99161,0.37
99162,0.08
99163,0.05
99164,0.08
99165,0.37
99166,0.0
99167,0.02
99168,0.0
99169,0.01
99170,0.0
99171,0.03
99172,0.0
99173,0.0
99174,0.0
99175,0.04
99176,0.09
99177,0.04
99178,0.02
99179,0.0
99180,0.01
99181,0.01
99182,0.0
99183,0.24
99184,0.03
99185,0.42
99186,0.0
99187,0.0
99188,0.0
99189,0.02
99190,0.01
99191,0.0
99192,0.05
99193,0.0
99194,0.07
99195,0.31
99196,0.05
99197,0.49
99198,0.15
99199,0.01
99200,0.0
99201,0.0
99202,0.06
99203,0.07
99204,0.04
99205,0.02
99206,0.03
99207,0.02
99208,0.01
99209,0.01
99210,0.01
99211,0.0
99212,0.04
99213,0.5
99214,0.0
99215,0.0
99216,0.17
99217,0.02
99218,0.08
99219,0.21
99220,0.02
99221,0.01
99222,0.0
99223,0.13
99224,0.02
99225,0.0
99226,0.01
99227,0.0
99228,0.08
99229,0.04
99230,0.0
99231,0.02
99232,0.2
99233,0.18
99234,0.22
99235,0.04
99236,0.05
99237,0.02
99238,0.0
99239,0.01
99240,0.01
99241,0.0
99242,0.0
99243,0.15
99244,0.0
99245,0.03
99246,0.04
99247,0.0
99248,0.0
99249,0.0
99250,0.02
99251,0.07
99252,0.0
99253,0.26
99254,0.0
99255,0.0
99256,0.15
99257,0.0
99258,0.16
99259,0.0
99260,0.0
99261,0.01
99262,0.14
99263,0.0
99264,0.01
99265,0.0
99266,0.05
99267,0.0
99268,0.0
99269,0.02
99270,0.01
99271,0.74
99272,0.06
99273,0.0
99274,0.03
99275,0.0
99276,0.08
99277,0.02
99278,0.53
99279,0.0
99280,0.0
99281,0.08
99282,0.0
99283,0.03
99284,0.04
99285,0.0
99286,0.06
99287,0.0
99288,0.03
99289,0.0
99290,0.07
99291,0.0
99292,0.0
99293,0.02
99294,0.0
99295,0.07
99296,0.03
99297,0.06
99298,0.0
99299,0.03
99300,0.02
99301,0.01
99302,0.12
99303,0.03
99304,0.07
99305,0.02
99306,0.19
99307,0.02
99308,0.0
99309,0.16
99310,0.0
99311,0.06
99312,0.14
99313,0.05
99314,0.0
99315,0.34
99316,0.03
99317,0.02
99318,0.01
99319,0.09
99320,0.0
99321,0.05
99322,0.0
99323,0.01
99324,0.06
99325,0.36
99326,0.01
99327,0.01
99328,0.12
99329,0.05
99330,0.09
99331,0.02
99332,0.14
99333,0.0
99334,0.0
99335,0.01
99336,0.08
99337,0.09
99338,0.0
99339,0.29
99340,0.02
99341,0.4
99342,0.03
99343,0.14
99344,0.0
99345,0.01
99346,0.04
99347,0.12
99348,0.22
99349,0.04
99350,0.0
99351,0.17
99352,0.41
99353,0.01
99354,0.01
99355,0.54
99356,0.02
99357,0.0
99358,0.0
99359,0.02
99360,0.01
99361,0.0
99362,0.06
99363,0.07
99364,0.06
99365,0.12
99366,0.0
99367,0.02
99368,0.08
99369,0.0
99370,0.0
99371,0.0
99372,0.03
99373,0.0
99374,0.0
99375,0.0
99376,0.02
99377,0.04
99378,0.0
99379,0.02
99380,0.01
99381,0.29
99382,0.51
99383,0.01
99384,0.04
99385,0.0
99386,0.04
99387,0.0
99388,0.0
99389,0.06
99390,0.16
99391,0.42
99392,0.0
99393,0.29
99394,0.0
99395,0.01
99396,0.0
99397,0.0
99398,0.03
99399,0.02
99400,0.03
99401,0.03
99402,0.0
99403,0.08
99404,0.43
99405,0.03
99406,0.44
99407,0.01
99408,0.11
99409,0.02
99410,0.0
99411,0.03
99412,0.0
99413,0.02
99414,0.02
99415,0.06
99416,0.0
99417,0.0
99418,0.01
99419,0.09
99420,0.47
99421,0.01
99422,0.16
99423,0.0
99424,0.02
99425,0.0
99426,0.26
99427,0.02
99428,0.16
99429,0.03
99430,0.02
99431,0.01
99432,0.01
99433,0.0
99434,0.0
99435,0.0
99436,0.2
99437,0.03
99438,0.04
99439,0.03
99440,0.39
99441,0.05
99442,0.19
99443,0.11
99444,0.03
99445,0.12
99446,0.05
99447,0.02
99448,0.33
99449,0.06
99450,0.18
99451,0.04
99452,0.0
99453,0.01
99454,0.0
99455,0.06
99456,0.04
99457,0.0
99458,0.18
99459,0.0
99460,0.0
99461,0.27
99462,0.06
99463,0.44
99464,0.02
99465,0.04
99466,0.11
99467,0.01
99468,0.06
99469,0.1
99470,0.01
99471,0.03
99472,0.0
99473,0.0
99474,0.4
99475,0.01
99476,0.05
99477,0.11
99478,0.07
99479,0.27
99480,0.09
99481,0.04
99482,0.0
99483,0.0
99484,0.01
99485,0.14
99486,0.0
99487,0.01
99488,0.01
99489,0.01
99490,0.01
99491,0.03
99492,0.03
99493,0.14
99494,0.0
99495,0.26
99496,0.01
99497,0.01
99498,0.0
99499,0.35
99500,0.1
99501,0.13
99502,0.04
99503,0.08
99504,0.0
99505,0.0
99506,0.07
99507,0.14
99508,0.0
99509,0.2
99510,0.0
99511,0.26
99512,0.02
99513,0.0
99514,0.0
99515,0.22
99516,0.07
99517,0.26
99518,0.02
99519,0.15
99520,0.0
99521,0.09
99522,0.0
99523,0.0
99524,0.45
99525,0.15
99526,0.03
99527,0.01
99528,0.0
99529,0.0
99530,0.09
99531,0.11
99532,0.0
99533,0.01
99534,0.03
99535,0.0
99536,0.04
99537,0.0
99538,0.01
99539,0.01
99540,0.0
99541,0.06
99542,0.01
99543,0.14
99544,0.14
99545,0.0
99546,0.01
99547,0.02
99548,0.12
99549,0.0
99550,0.03
99551,0.0
99552,0.04
99553,0.12
99554,0.02
99555,0.18
99556,0.07
99557,0.0
99558,0.01
99559,0.11
99560,0.04
99561,0.01
99562,0.04
99563,0.17
99564,0.47
99565,0.0
99566,0.01
99567,0.02
99568,0.0
99569,0.06
99570,0.27
99571,0.08
99572,0.14
99573,0.03
99574,0.0
99575,0.0
99576,0.0
99577,0.09
99578,0.05
99579,0.21
99580,0.03
99581,0.11
99582,0.0
99583,0.0
99584,0.0
99585,0.0
99586,0.02
99587,0.04
99588,0.0
99589,0.01
99590,0.31
99591,0.0
99592,0.13
99593,0.14
99594,0.01
99595,0.03
99596,0.01
99597,0.16
99598,0.0
99599,0.11
99600,0.53
99601,0.3
99602,0.01
99603,0.14
99604,0.0
99605,0.0
99606,0.0
99607,0.15
99608,0.0
99609,0.0
99610,0.0
99611,0.0
99612,0.0
99613,0.18
99614,0.09
99615,0.04
99616,0.1
99617,0.03
99618,0.3
99619,0.08
99620,0.0
99621,0.12
99622,0.0
99623,0.0
99624,0.02
99625,0.01
99626,0.02
99627,0.0
99628,0.0
99629,0.0
99630,0.0
99631,0.01
99632,0.1
99633,0.09
99634,0.01
99635,0.04
99636,0.0
99637,0.0
99638,0.25
99639,0.01
99640,0.06
99641,0.22
99642,0.0
99643,0.0
99644,0.01
99645,0.3
99646,0.24
99647,0.15
99648,0.21
99649,0.09
99650,0.0
99651,0.0
99652,0.0
99653,0.31
99654,0.0
99655,0.09
99656,0.01
99657,0.19
99658,0.4
99659,0.01
99660,0.02
99661,0.01
99662,0.12
99663,0.06
99664,0.05
99665,0.0
99666,0.19
99667,0.02
99668,0.0
99669,0.01
99670,0.02
99671,0.31
99672,0.04
99673,0.01
99674,0.03
99675,0.01
99676,0.01
99677,0.18
99678,0.02
99679,0.17
99680,0.0
99681,0.22
99682,0.08
99683,0.06
99684,0.04
99685,0.0
99686,0.0
99687,0.0
99688,0.0
99689,0.21
99690,0.04
99691,0.26
99692,0.0
99693,0.0
99694,0.0
99695,0.04
99696,0.12
99697,0.01
99698,0.03
99699,0.54
99700,0.0
99701,0.0
99702,0.0
99703,0.28
99704,0.02
99705,0.03
99706,0.01
99707,0.0
99708,0.03
99709,0.04
99710,0.0
99711,0.0
99712,0.0
99713,0.04
99714,0.11
99715,0.26
99716,0.1
99717,0.01
99718,0.03
99719,0.03
99720,0.04
99721,0.0
99722,0.3
99723,0.02
99724,0.0
99725,0.07
99726,0.37
99727,0.1
99728,0.12
99729,0.06
99730,0.0
99731,0.0
99732,0.04
99733,0.23
99734,0.0
99735,0.0
99736,0.01
99737,0.0
99738,0.54
99739,0.05
99740,0.04
99741,0.03
99742,0.02
99743,0.01
99744,0.01
99745,0.0
99746,0.04
99747,0.12
99748,0.08
99749,0.0
99750,0.01
99751,0.09
99752,0.07
99753,0.04
99754,0.13
99755,0.1
99756,0.11
99757,0.02
99758,0.08
99759,0.06
99760,0.05
99761,0.28
99762,0.0
99763,0.0
99764,0.1
99765,0.1
99766,0.03
99767,0.0
99768,0.0
99769,0.04
99770,0.02
99771,0.12
99772,0.03
99773,0.0
99774,0.04
99775,0.19
99776,0.23
99777,0.1
99778,0.01
99779,0.0
99780,0.0
99781,0.0
99782,0.04
99783,0.15
99784,0.24
99785,0.0
99786,0.24
99787,0.02
99788,0.01
99789,0.12
99790,0.06
99791,0.0
99792,0.01
99793,0.0
99794,0.01
99795,0.01
99796,0.0
99797,0.0
99798,0.01
99799,0.22
99800,0.05
99801,0.0
99802,0.0
99803,0.01
99804,0.02
99805,0.01
99806,0.2
99807,0.14
99808,0.0
99809,0.01
99810,0.11
99811,0.35
99812,0.0
99813,0.02
99814,0.0
99815,0.06
99816,0.01
99817,0.01
99818,0.24
99819,0.0
99820,0.0
99821,0.0
99822,0.37
99823,0.0
99824,0.04
99825,0.0
99826,0.0
99827,0.06
99828,0.06
99829,0.14
99830,0.14
99831,0.02
99832,0.87
99833,0.0
99834,0.1
99835,0.0
99836,0.03
99837,0.05
99838,0.0
99839,0.07
99840,0.0
99841,0.02
99842,0.02
99843,0.06
99844,0.28
99845,0.0
99846,0.13
99847,0.28
99848,0.57
99849,0.45
99850,0.0
99851,0.03
99852,0.07
99853,0.01
99854,0.02
99855,0.06
99856,0.08
99857,0.0
99858,0.0
99859,0.11
99860,0.23
99861,0.01
99862,0.07
99863,0.01
99864,0.0
99865,0.0
99866,0.33
99867,0.0
99868,0.01
99869,0.04
99870,0.0
99871,0.05
99872,0.1
99873,0.01
99874,0.15
99875,0.02
99876,0.03
99877,0.14
99878,0.0
99879,0.01
99880,0.08
99881,0.02
99882,0.03
99883,0.07
99884,0.0
99885,0.23
99886,0.02
99887,0.27
99888,0.01
99889,0.01
99890,0.0
99891,0.0
99892,0.15
99893,0.04
99894,0.23
99895,0.02
99896,0.26
99897,0.02
99898,0.0
99899,0.11
99900,0.15
99901,0.07
99902,0.24
99903,0.08
99904,0.02
99905,0.0
99906,0.0
99907,0.09
99908,0.01
99909,0.03
99910,0.0
99911,0.12
99912,0.01
99913,0.0
99914,0.07
99915,0.01
99916,0.05
99917,0.2
99918,0.08
99919,0.0
99920,0.04
99921,0.01
99922,0.0
99923,0.02
99924,0.08
99925,0.1
99926,0.18
99927,0.02
99928,0.01
99929,0.0
99930,0.05
99931,0.11
99932,0.48
99933,0.14
99934,0.0
99935,0.01
99936,0.0
99937,0.03
99938,0.0
99939,0.03
99940,0.03
99941,0.17
99942,0.11
99943,0.0
99944,0.01
99945,0.0
99946,0.01
99947,0.01
99948,0.11
99949,0.02
99950,0.05
99951,0.01
99952,0.39
99953,0.0
99954,0.22
99955,0.0
99956,0.05
99957,0.07
99958,0.0
99959,0.03
99960,0.08
99961,0.55
99962,0.05
99963,0.34
99964,0.0
99965,0.01
99966,0.09
99967,0.01
99968,0.26
99969,0.03
99970,0.0
99971,0.06
99972,0.13
99973,0.0
99974,0.0
99975,0.01
99976,0.05
99977,0.0
99978,0.0
99979,0.04
99980,0.0
99981,0.19
99982,0.06
99983,0.1
99984,0.0
99985,0.0
99986,0.0
99987,0.08
99988,0.0
99989,0.07
99990,0.02
99991,0.08
99992,0.01
99993,0.01
99994,0.01
99995,0.01
99996,0.0
99997,0.01
99998,0.01
99999,0.04
100000,0.02
100001,0.0
100002,0.11
100003,0.01
100004,0.0
100005,0.08
100006,0.12
100007,0.13
100008,0.12
100009,0.29
100010,0.0
100011,0.05
100012,0.06
100013,0.41
100014,0.06
100015,0.0
100016,0.29
100017,0.03
100018,0.16
100019,0.17
100020,0.0
100021,0.02
100022,0.02
100023,0.04
100024,0.14
100025,0.0
100026,0.02
100027,0.02
100028,0.1
100029,0.03
100030,0.27
100031,0.02
100032,0.14
100033,0.07
100034,0.02
100035,0.02
100036,0.29
100037,0.33
100038,0.04
100039,0.4
100040,0.08
100041,0.14
100042,0.11
100043,0.2
100044,0.03
100045,0.44
100046,0.01
100047,0.1
100048,0.02
100049,0.19
100050,0.02
100051,0.12
100052,0.0
100053,0.47
100054,0.0
100055,0.0
100056,0.24
100057,0.12
100058,0.14
100059,0.04
100060,0.0
100061,0.1
100062,0.0
100063,0.16
100064,0.12
100065,0.15
100066,0.06
100067,0.22
100068,0.03
100069,0.03
100070,0.14
100071,0.0
100072,0.02
100073,0.09
100074,0.02
100075,0.0
100076,0.01
100077,0.06
100078,0.01
100079,0.46
100080,0.03
100081,0.0
100082,0.02
100083,0.0
100084,0.11
100085,0.03
100086,0.0
100087,0.11
100088,0.0
100089,0.0
100090,0.05
100091,0.01
100092,0.01
100093,0.31
100094,0.05
100095,0.07
100096,0.12
100097,0.07
100098,0.03
100099,0.01
100100,0.08
100101,0.01
100102,0.0
100103,0.0
100104,0.01
100105,0.15
100106,0.0
100107,0.0
100108,0.01
100109,0.01
100110,0.0
100111,0.29
100112,0.01
100113,0.26
100114,0.01
100115,0.25
100116,0.01
100117,0.03
100118,0.29
100119,0.01
100120,0.0
100121,0.0
100122,0.0
100123,0.15
100124,0.0
100125,0.06
100126,0.0
100127,0.02
100128,0.14
100129,0.26
100130,0.04
100131,0.13
100132,0.0
100133,0.31
100134,0.01
100135,0.0
100136,0.08
100137,0.0
100138,0.02
100139,0.5
100140,0.0
100141,0.03
100142,0.0
100143,0.0
100144,0.0
100145,0.43
100146,0.02
100147,0.5
100148,0.06
100149,0.0
100150,0.08
100151,0.01
100152,0.04
100153,0.02
100154,0.04
100155,0.0
100156,0.05
100157,0.06
100158,0.06
100159,0.0
100160,0.06
100161,0.0
100162,0.04
100163,0.0
100164,0.01
100165,0.05
100166,0.01
100167,0.19
100168,0.01
100169,0.09
100170,0.12
100171,0.21
100172,0.0
100173,0.02
100174,0.01
100175,0.0
100176,0.12
100177,0.0
100178,0.1
100179,0.0
100180,0.05
100181,0.02
100182,0.0
100183,0.08
100184,0.02
100185,0.0
100186,0.02
100187,0.2
100188,0.0
100189,0.0
100190,0.12
100191,0.01
100192,0.06
100193,0.0
100194,0.31
100195,0.07
100196,0.05
100197,0.0
100198,0.0
100199,0.04
100200,0.03
100201,0.0
100202,0.01
100203,0.01
100204,0.04
100205,0.0
100206,0.01
100207,0.43
100208,0.0
100209,0.0
100210,0.04
100211,0.02
100212,0.06
100213,0.3
100214,0.02
100215,0.02
100216,0.01
100217,0.0
100218,0.01
100219,0.0
100220,0.0
100221,0.03
100222,0.0
100223,0.02
100224,0.07
100225,0.0
100226,0.0
100227,0.04
100228,0.08
100229,0.0
100230,0.26
100231,0.0
100232,0.0
100233,0.02
100234,0.03
100235,0.16
100236,0.03
100237,0.0
100238,0.01
100239,0.0
100240,0.0
100241,0.01
100242,0.0
100243,0.07
100244,0.05
100245,0.05
100246,0.0
100247,0.0
100248,0.01
100249,0.01
100250,0.0
100251,0.01
100252,0.0
100253,0.05
100254,0.0
100255,0.01
100256,0.02
100257,0.05
100258,0.1
100259,0.1
100260,0.01
100261,0.0
100262,0.05
100263,0.0
100264,0.3
100265,0.0
100266,0.09
100267,0.02
100268,0.01
100269,0.17
100270,0.11
100271,0.38
100272,0.0
100273,0.32
100274,0.02
100275,0.0
100276,0.03
100277,0.0
100278,0.05
100279,0.01
100280,0.01
100281,0.32
100282,0.0
100283,0.0
100284,0.08
100285,0.01
100286,0.0
100287,0.01
100288,0.03
100289,0.09
100290,0.05
100291,0.0
100292,0.01
100293,0.0
100294,0.0
100295,0.09
100296,0.08
100297,0.0
100298,0.0
100299,0.73
100300,0.02
100301,0.01
100302,0.0
100303,0.22
100304,0.07
100305,0.02
100306,0.01
100307,0.03
100308,0.01
100309,0.02
100310,0.0
100311,0.09
100312,0.0
100313,0.42
100314,0.0
100315,0.0
100316,0.0
100317,0.04
100318,0.07
100319,0.0
100320,0.01
100321,0.02
100322,0.02
100323,0.04
100324,0.0
100325,0.03
100326,0.29
100327,0.37
100328,0.01
100329,0.29
100330,0.01
100331,0.0
100332,0.0
100333,0.23
100334,0.12
100335,0.06
100336,0.0
100337,0.11
100338,0.0
100339,0.01
100340,0.18
100341,0.04
100342,0.34
100343,0.23
100344,0.04
100345,0.0
100346,0.0
100347,0.38
100348,0.0
100349,0.13
100350,0.0
100351,0.24
100352,0.03
100353,0.0
100354,0.0
100355,0.17
100356,0.18
100357,0.0
100358,0.02
100359,0.04
100360,0.0
100361,0.06
100362,0.11
100363,0.19
100364,0.0
100365,0.0
100366,0.01
100367,0.04
100368,0.02
100369,0.04
100370,0.01
100371,0.03
100372,0.02
100373,0.0
100374,0.01
100375,0.01
100376,0.0
100377,0.03
100378,0.28
100379,0.01
100380,0.02
100381,0.41
100382,0.11
100383,0.17
100384,0.0
100385,0.0
100386,0.36
100387,0.05
100388,0.01
100389,0.07
100390,0.0
100391,0.0
100392,0.11
100393,0.16
100394,0.01
100395,0.01
100396,0.0
100397,0.0
100398,0.03
100399,0.03
100400,0.21
100401,0.02
100402,0.2
100403,0.01
100404,0.0
100405,0.0
100406,0.07
100407,0.24
100408,0.0
100409,0.17
100410,0.0
100411,0.0
100412,0.52
100413,0.0
100414,0.0
100415,0.05
100416,0.0
100417,0.03
100418,0.0
100419,0.31
100420,0.3
100421,0.08
100422,0.38
100423,0.01
100424,0.08
100425,0.0
100426,0.0
100427,0.04
100428,0.11
100429,0.12
100430,0.0
100431,0.06
100432,0.01
100433,0.0
100434,0.0
100435,0.03
100436,0.06
100437,0.12
100438,0.14
100439,0.04
100440,0.02
100441,0.02
100442,0.0
100443,0.01
100444,0.04
100445,0.02
100446,0.54
100447,0.06
100448,0.0
100449,0.05
100450,0.04
100451,0.11
100452,0.0
100453,0.02
100454,0.19
100455,0.05
100456,0.09
100457,0.06
100458,0.0
100459,0.0
100460,0.0
100461,0.03
100462,0.0
100463,0.0
100464,0.07
100465,0.0
100466,0.06
100467,0.0
100468,0.02
100469,0.0
100470,0.29
100471,0.12
100472,0.01
100473,0.0
100474,0.0
100475,0.01
100476,0.0
100477,0.03
100478,0.07
100479,0.09
100480,0.02
100481,0.0
100482,0.0
100483,0.07
100484,0.01
100485,0.0
100486,0.01
100487,0.02
100488,0.0
100489,0.01
100490,0.14
100491,0.0
100492,0.03
100493,0.04
100494,0.02
100495,0.0
100496,0.06
100497,0.02
100498,0.0
100499,0.03
100500,0.0
100501,0.0
100502,0.09
100503,0.13
100504,0.01
100505,0.03
100506,0.18
100507,0.18
100508,0.04
100509,0.01
100510,0.0
100511,0.33
100512,0.07
100513,0.13
100514,0.02
100515,0.14
100516,0.03
100517,0.0
100518,0.03
100519,0.03
100520,0.17
100521,0.0
100522,0.01
100523,0.0
100524,0.0
100525,0.01
100526,0.03
100527,0.01
100528,0.04
100529,0.02
100530,0.0
100531,0.03
100532,0.11
100533,0.01
100534,0.2
100535,0.04
100536,0.13
100537,0.45
100538,0.39
100539,0.02
100540,0.0
100541,0.42
100542,0.11
100543,0.3
100544,0.01
100545,0.03
100546,0.0
100547,0.01
100548,0.02
100549,0.01
100550,0.0
100551,0.43
100552,0.03
100553,0.0
100554,0.01
100555,0.01
100556,0.03
100557,0.0
100558,0.0
100559,0.0
100560,0.08
100561,0.1
100562,0.01
100563,0.2
100564,0.0
100565,0.05
100566,0.09
100567,0.11
100568,0.04
100569,0.12
100570,0.04
100571,0.0
100572,0.0
100573,0.04
100574,0.01
100575,0.0
100576,0.0
100577,0.0
100578,0.09
100579,0.02
100580,0.04
100581,0.23
100582,0.0
100583,0.02
100584,0.15
100585,0.0
100586,0.0
100587,0.01
100588,0.02
100589,0.01
100590,0.01
100591,0.08
100592,0.14
100593,0.05
100594,0.32
100595,0.34
100596,0.02
100597,0.07
100598,0.05
100599,0.0
100600,0.01
100601,0.14
100602,0.01
100603,0.0
100604,0.0
100605,0.08
100606,0.06
100607,0.55
100608,0.58
100609,0.02
100610,0.26
100611,0.0
100612,0.01
100613,0.06
100614,0.02
100615,0.08
100616,0.03
100617,0.05
100618,0.04
100619,0.07
100620,0.05
100621,0.01
100622,0.0
100623,0.06
100624,0.01
100625,0.0
100626,0.15
100627,0.0
100628,0.16
100629,0.0
100630,0.0
100631,0.07
100632,0.0
100633,0.0
100634,0.0
100635,0.45
100636,0.03
100637,0.0
100638,0.02
100639,0.01
100640,0.0
100641,0.58
100642,0.08
100643,0.0
100644,0.0
100645,0.17
100646,0.0
100647,0.01
100648,0.0
100649,0.11
100650,0.01
100651,0.11
100652,0.04
100653,0.06
100654,0.02
100655,0.0
100656,0.03
100657,0.01
100658,0.02
100659,0.01
100660,0.1
100661,0.34
100662,0.04
100663,0.0
100664,0.01
100665,0.04
100666,0.0
100667,0.02
100668,0.0
100669,0.51
100670,0.05
100671,0.0
100672,0.02
100673,0.0
100674,0.34
100675,0.0
100676,0.0
100677,0.0
100678,0.04
100679,0.08
100680,0.25
100681,0.11
100682,0.04
100683,0.01
100684,0.02
100685,0.02
100686,0.1
100687,0.0
100688,0.01
100689,0.09
100690,0.1
100691,0.02
100692,0.05
100693,0.01
100694,0.0
100695,0.27
100696,0.06
100697,0.0
100698,0.0
100699,0.0
100700,0.02
100701,0.02
100702,0.05
100703,0.16
100704,0.01
100705,0.0
100706,0.02
100707,0.03
100708,0.05
100709,0.0
100710,0.44
100711,0.12
100712,0.01
100713,0.0
100714,0.0
100715,0.0
100716,0.31
100717,0.06
100718,0.02
100719,0.61
100720,0.0
100721,0.0
100722,0.0
100723,0.06
100724,0.01
100725,0.03
100726,0.12
100727,0.22
100728,0.07
100729,0.01
100730,0.01
100731,0.0
100732,0.06
100733,0.28
100734,0.26
100735,0.2
100736,0.31
100737,0.01
100738,0.0
100739,0.19
100740,0.02
100741,0.0
100742,0.01
100743,0.19
100744,0.03
100745,0.01
100746,0.0
100747,0.0
100748,0.21
100749,0.02
100750,0.0
100751,0.0
100752,0.03
100753,0.0
100754,0.02
100755,0.43
100756,0.01
100757,0.0
100758,0.35
100759,0.0
100760,0.01
100761,0.21
100762,0.0
100763,0.46
100764,0.0
100765,0.0
100766,0.04
100767,0.0
100768,0.0
100769,0.13
100770,0.09
100771,0.04
100772,0.01
100773,0.0
100774,0.05
100775,0.1
100776,0.01
100777,0.0
100778,0.07
100779,0.0
100780,0.0
100781,0.04
100782,0.01
100783,0.0
100784,0.01
100785,0.0
100786,0.05
100787,0.08
100788,0.2
100789,0.04
100790,0.13
100791,0.01
100792,0.01
100793,0.05
100794,0.01
100795,0.12
100796,0.01
100797,0.35
100798,0.1
100799,0.0
100800,0.09
100801,0.0
100802,0.04
100803,0.12
100804,0.0
100805,0.03
100806,0.17
100807,0.03
100808,0.0
100809,0.01
100810,0.0
100811,0.03
100812,0.0
100813,0.0
100814,0.17
100815,0.08
100816,0.01
100817,0.0
100818,0.14
100819,0.52
100820,0.0
100821,0.09
100822,0.0
100823,0.01
100824,0.11
100825,0.0
100826,0.57
100827,0.03
100828,0.07
100829,0.2
100830,0.0
100831,0.09
100832,0.0
100833,0.05
100834,0.0
100835,0.0
100836,0.22
100837,0.12
100838,0.0
100839,0.04
100840,0.0
100841,0.03
100842,0.01
100843,0.0
100844,0.06
100845,0.01
100846,0.01
100847,0.09
100848,0.06
100849,0.17
100850,0.0
100851,0.09
100852,0.12
100853,0.05
100854,0.0
100855,0.5
100856,0.3
100857,0.0
100858,0.01
100859,0.03
100860,0.05
100861,0.06
100862,0.08
100863,0.19
100864,0.0
100865,0.18
100866,0.28
100867,0.32
100868,0.04
100869,0.02
100870,0.03
100871,0.0
100872,0.01
100873,0.06
100874,0.0
100875,0.04
100876,0.0
100877,0.01
100878,0.06
100879,0.01
100880,0.02
100881,0.01
100882,0.0
100883,0.11
100884,0.38
100885,0.07
100886,0.03
100887,0.01
100888,0.04
100889,0.01
100890,0.0
100891,0.0
100892,0.01
100893,0.01
100894,0.0
100895,0.41
100896,0.02
100897,0.07
100898,0.0
100899,0.0
100900,0.03
100901,0.01
100902,0.04
100903,0.09
100904,0.16
100905,0.25
100906,0.16
100907,0.03
100908,0.0
100909,0.0
100910,0.04
100911,0.02
100912,0.39
100913,0.1
100914,0.0
100915,0.02
100916,0.04
100917,0.46
100918,0.08
100919,0.0
100920,0.0
100921,0.0
100922,0.0
100923,0.03
100924,0.06
100925,0.0
100926,0.0
100927,0.01
100928,0.07
100929,0.03
100930,0.02
100931,0.29
100932,0.01
100933,0.25
100934,0.0
100935,0.0
100936,0.0
100937,0.0
100938,0.32
100939,0.05
100940,0.04
100941,0.05
100942,0.0
100943,0.27
100944,0.0
100945,0.01
100946,0.04
100947,0.06
100948,0.01
100949,0.0
100950,0.36
100951,0.08
100952,0.05
100953,0.18
100954,0.03
100955,0.12
100956,0.03
100957,0.18
100958,0.02
100959,0.0
100960,0.05
100961,0.02
100962,0.02
100963,0.12
100964,0.03
100965,0.0
100966,0.18
100967,0.0
100968,0.01
100969,0.0
100970,0.01
100971,0.16
100972,0.0
100973,0.0
100974,0.07
100975,0.14
100976,0.01
100977,0.01
100978,0.0
100979,0.01
100980,0.0
100981,0.09
100982,0.0
100983,0.01
100984,0.07
100985,0.0
100986,0.56
100987,0.06
100988,0.07
100989,0.06
100990,0.0
100991,0.0
100992,0.0
100993,0.0
100994,0.01
100995,0.0
100996,0.27
100997,0.0
100998,0.0
100999,0.1
101000,0.04
101001,0.0
101002,0.02
101003,0.0
101004,0.11
101005,0.03
101006,0.0
101007,0.06
101008,0.12
101009,0.0
101010,0.03
101011,0.43
101012,0.11
101013,0.01
101014,0.04
101015,0.03
101016,0.01
101017,0.02
101018,0.0
101019,0.02
101020,0.01
101021,0.07
101022,0.01
101023,0.08
101024,0.0
101025,0.26
101026,0.08
101027,0.04
101028,0.03
101029,0.0
101030,0.0
101031,0.13
101032,0.01
101033,0.06
101034,0.08
101035,0.02
101036,0.19
101037,0.03
101038,0.13
101039,0.08
101040,0.5
101041,0.51
101042,0.03
101043,0.0
101044,0.08
101045,0.04
101046,0.0
101047,0.0
101048,0.05
101049,0.02
101050,0.06
101051,0.1
101052,0.0
101053,0.04
101054,0.07
101055,0.15
101056,0.0
101057,0.06
101058,0.0
101059,0.0
101060,0.02
101061,0.02
101062,0.03
101063,0.02
101064,0.52
101065,0.01
101066,0.05
101067,0.05
101068,0.01
101069,0.07
101070,0.0
101071,0.01
101072,0.01
101073,0.0
101074,0.02
101075,0.0
101076,0.58
101077,0.0
101078,0.05
101079,0.01
101080,0.16
101081,0.0
101082,0.07
101083,0.21
101084,0.02
101085,0.0
101086,0.05
101087,0.01
101088,0.08
101089,0.04
101090,0.12
101091,0.06
101092,0.0
101093,0.01
101094,0.02
101095,0.19
101096,0.04
101097,0.1
101098,0.02
101099,0.0
101100,0.07
101101,0.01
101102,0.01
101103,0.44
101104,0.0
101105,0.0
101106,0.04
101107,0.07
101108,0.04
101109,0.14
101110,0.01
101111,0.0
101112,0.04
101113,0.01
101114,0.0
101115,0.12
101116,0.22
101117,0.0
101118,0.0
101119,0.0
101120,0.39
101121,0.04
101122,0.0
101123,0.02
101124,0.0
101125,0.0
101126,0.04
101127,0.07
101128,0.01
101129,0.02
101130,0.0
101131,0.01
101132,0.0
101133,0.03
101134,0.0
101135,0.03
101136,0.0
101137,0.0
101138,0.0
101139,0.07
101140,0.03
101141,0.0
101142,0.0
101143,0.14
101144,0.06
101145,0.21
101146,0.0
101147,0.1
101148,0.03
101149,0.01
101150,0.01
101151,0.02
101152,0.22
101153,0.01
101154,0.5
101155,0.01
101156,0.0
101157,0.14
101158,0.02
101159,0.27
101160,0.0
101161,0.0
101162,0.15
101163,0.07
101164,0.01
101165,0.11
101166,0.07
101167,0.06
101168,0.11
101169,0.04
101170,0.07
101171,0.09
101172,0.0
101173,0.0
101174,0.01
101175,0.23
101176,0.03
101177,0.0
101178,0.0
101179,0.0
101180,0.01
101181,0.8
101182,0.3
101183,0.27
101184,0.04
101185,0.23
101186,0.0
101187,0.01
101188,0.0
101189,0.0
101190,0.0
101191,0.01
101192,0.03
101193,0.0
101194,0.26
101195,0.06
101196,0.0
101197,0.36
101198,0.32
101199,0.01
101200,0.1
101201,0.12
101202,0.02
101203,0.04
101204,0.0
101205,0.04
101206,0.34
101207,0.28
101208,0.24
101209,0.0
101210,0.07
101211,0.0
101212,0.0
101213,0.0
101214,0.26
101215,0.06
101216,0.01
101217,0.01
101218,0.0
101219,0.01
101220,0.04
101221,0.06
101222,0.06
101223,0.06
101224,0.0
101225,0.01
101226,0.22
101227,0.0
101228,0.0
101229,0.6
101230,0.08
101231,0.01
101232,0.06
101233,0.01
101234,0.08
101235,0.01
101236,0.02
101237,0.02
101238,0.43
101239,0.0
101240,0.03
101241,0.39
101242,0.0
101243,0.06
101244,0.03
101245,0.0
101246,0.01
101247,0.14
101248,0.19
101249,0.01
101250,0.04
101251,0.01
101252,0.04
101253,0.01
101254,0.01
101255,0.0
101256,0.36
101257,0.01
101258,0.02
101259,0.52
101260,0.02
101261,0.01
101262,0.01
101263,0.0
101264,0.01
101265,0.02
101266,0.0
101267,0.0
101268,0.02
101269,0.0
101270,0.22
101271,0.11
101272,0.03
101273,0.01
101274,0.26
101275,0.01
101276,0.01
101277,0.03
101278,0.15
101279,0.18
101280,0.05
101281,0.02
101282,0.04
101283,0.03
101284,0.48
101285,0.13
101286,0.02
101287,0.2
101288,0.03
101289,0.09
101290,0.21
101291,0.0
101292,0.08
101293,0.18
101294,0.0
101295,0.05
101296,0.0
101297,0.0
101298,0.03
101299,0.04
101300,0.01
101301,0.03
101302,0.27
101303,0.0
101304,0.03
101305,0.0
101306,0.01
101307,0.42
101308,0.05
101309,0.12
101310,0.06
101311,0.0
101312,0.0
101313,0.13
101314,0.01
101315,0.01
101316,0.13
101317,0.0
101318,0.18
101319,0.46
101320,0.03
101321,0.0
101322,0.04
101323,0.0
101324,0.18
101325,0.0
101326,0.06
101327,0.03
101328,0.07
101329,0.09
101330,0.18
101331,0.01
101332,0.02
101333,0.0
101334,0.06
101335,0.0
101336,0.16
101337,0.18
101338,0.0
101339,0.16
101340,0.04
101341,0.3
101342,0.07
101343,0.0
101344,0.04
101345,0.0
101346,0.03
101347,0.01
101348,0.08
101349,0.09
101350,0.0
101351,0.0
101352,0.06
101353,0.05
101354,0.03
101355,0.04
101356,0.01
101357,0.0
101358,0.0
101359,0.02
101360,0.0
101361,0.04
101362,0.03
101363,0.0
101364,0.0
101365,0.06
101366,0.02
101367,0.0
101368,0.12
101369,0.01
101370,0.07
101371,0.01
101372,0.47
101373,0.01
101374,0.0
101375,0.03
101376,0.05
101377,0.0
101378,0.2
101379,0.02
101380,0.0
101381,0.0
101382,0.02
101383,0.08
101384,0.03
101385,0.03
101386,0.0
101387,0.04
101388,0.04
101389,0.07
101390,0.03
101391,0.04
101392,0.01
101393,0.05
101394,0.35
101395,0.0
101396,0.05
101397,0.1
101398,0.01
101399,0.03
101400,0.05
101401,0.03
101402,0.01
101403,0.0
101404,0.08
101405,0.1
101406,0.03
101407,0.11
101408,0.0
101409,0.04
101410,0.01
101411,0.0
101412,0.0
101413,0.0
101414,0.0
101415,0.01
101416,0.0
101417,0.0
101418,0.0
101419,0.01
101420,0.24
101421,0.0
101422,0.22
101423,0.02
101424,0.02
101425,0.03
101426,0.14
101427,0.03
101428,0.12
101429,0.01
101430,0.01
101431,0.07
101432,0.25
101433,0.0
101434,0.0
101435,0.0
101436,0.06
101437,0.01
101438,0.01
101439,0.01
101440,0.0
101441,0.02
101442,0.0
101443,0.05
101444,0.0
101445,0.16
101446,0.0
101447,0.01
101448,0.03
101449,0.0
101450,0.01
101451,0.03
101452,0.07
101453,0.01
101454,0.04
101455,0.68
101456,0.0
101457,0.0
101458,0.0
101459,0.03
101460,0.01
101461,0.13
101462,0.0
101463,0.01
101464,0.01
101465,0.02
101466,0.01
101467,0.09
101468,0.02
101469,0.0
101470,0.01
101471,0.01
101472,0.03
101473,0.0
101474,0.02
101475,0.0
101476,0.01
101477,0.02
101478,0.0
101479,0.01
101480,0.0
101481,0.0
101482,0.0
101483,0.06
101484,0.0
101485,0.16
101486,0.23
101487,0.0
101488,0.02
101489,0.03
101490,0.02
101491,0.0
101492,0.01
101493,0.08
101494,0.01
101495,0.0
101496,0.18
101497,0.0
101498,0.04
101499,0.29
101500,0.15
101501,0.01
101502,0.03
101503,0.06
101504,0.11
101505,0.32
101506,0.0
101507,0.06
101508,0.16
101509,0.14
101510,0.02
101511,0.42
101512,0.13
101513,0.08
101514,0.0
101515,0.0
101516,0.01
101517,0.06
101518,0.01
101519,0.06
101520,0.02
101521,0.0
101522,0.0
101523,0.02
101524,0.55
101525,0.0
101526,0.11
101527,0.13
101528,0.07
101529,0.0
101530,0.0
101531,0.09
101532,0.13
101533,0.02
101534,0.02
101535,0.01
101536,0.0
101537,0.26
101538,0.11
101539,0.01
101540,0.01
101541,0.19
101542,0.11
101543,0.0
101544,0.0
101545,0.2
101546,0.03
101547,0.0
101548,0.06
101549,0.16
101550,0.01
101551,0.12
101552,0.02
101553,0.01
101554,0.26
101555,0.08
101556,0.71
101557,0.33
101558,0.03
101559,0.14
101560,0.07
101561,0.0
101562,0.0
101563,0.05
101564,0.02
101565,0.0
101566,0.03
101567,0.03
101568,0.0
101569,0.08
101570,0.1
101571,0.05
101572,0.24
101573,0.0
101574,0.23
101575,0.09
101576,0.04
101577,0.0
101578,0.0
101579,0.0
101580,0.01
101581,0.0
101582,0.03
101583,0.05
101584,0.02
101585,0.0
101586,0.21
101587,0.08
101588,0.32
101589,0.04
101590,0.02
101591,0.0
101592,0.04
101593,0.16
101594,0.0
101595,0.04
101596,0.07
101597,0.2
101598,0.01
101599,0.08
101600,0.03
101601,0.13
101602,0.27
101603,0.09
101604,0.0
101605,0.0
101606,0.03
101607,0.0
101608,0.11
101609,0.01
101610,0.0
101611,0.04
101612,0.01
101613,0.02
101614,0.0
101615,0.01
101616,0.12
101617,0.0
101618,0.0
101619,0.01
101620,0.0
101621,0.0
101622,0.01
101623,0.02
101624,0.03
101625,0.54
101626,0.0
101627,0.0
101628,0.01
101629,0.12
101630,0.02
101631,0.01
101632,0.0
101633,0.02
101634,0.01
101635,0.0
101636,0.03
101637,0.56
101638,0.0
101639,0.0
101640,0.0
101641,0.0
101642,0.03
101643,0.19
101644,0.0
101645,0.01
101646,0.04
101647,0.12
101648,0.02
101649,0.07
101650,0.15
101651,0.02
101652,0.35
101653,0.03
101654,0.54
101655,0.0
101656,0.1
101657,0.08
101658,0.0
101659,0.0
101660,0.08
101661,0.0
101662,0.02
101663,0.28
101664,0.0
101665,0.16
101666,0.11
101667,0.02
101668,0.03
101669,0.08
101670,0.02
101671,0.33
101672,0.0
101673,0.3
101674,0.13
101675,0.0
101676,0.17
101677,0.14
101678,0.02
101679,0.13
101680,0.1
101681,0.16
101682,0.08
101683,0.12
101684,0.0
101685,0.0
101686,0.11
101687,0.0
101688,0.01
101689,0.25
101690,0.06
101691,0.02
101692,0.22
101693,0.12
101694,0.37
101695,0.08
101696,0.13
101697,0.0
101698,0.28
101699,0.05
101700,0.02
101701,0.23
101702,0.0
101703,0.16
101704,0.03
101705,0.1
101706,0.14
101707,0.0
101708,0.57
101709,0.01
101710,0.2
101711,0.0
101712,0.01
101713,0.01
101714,0.03
101715,0.08
101716,0.05
101717,0.01
101718,0.5
101719,0.0
101720,0.01
101721,0.03
101722,0.0
101723,0.16
101724,0.07
101725,0.01
101726,0.03
101727,0.01
101728,0.0
101729,0.0
101730,0.01
101731,0.17
101732,0.01
101733,0.03
101734,0.0
101735,0.0
101736,0.02
101737,0.03
101738,0.33
101739,0.01
101740,0.0
101741,0.11
101742,0.01
101743,0.01
101744,0.21
101745,0.0
101746,0.11
101747,0.01
101748,0.12
101749,0.01
101750,0.0
101751,0.14
101752,0.0
101753,0.01
101754,0.07
101755,0.07
101756,0.06
101757,0.0
101758,0.0
101759,0.0
101760,0.02
101761,0.0
101762,0.0
101763,0.07
101764,0.0
101765,0.01
101766,0.0
101767,0.01
101768,0.07
101769,0.0
101770,0.0
101771,0.06
101772,0.01
101773,0.0
101774,0.0
101775,0.0
101776,0.02
101777,0.04
101778,0.0
101779,0.43
101780,0.06
101781,0.03
101782,0.05
101783,0.0
101784,0.03
101785,0.02
101786,0.0
101787,0.0
101788,0.1
101789,0.01
101790,0.15
101791,0.04
101792,0.45
101793,0.01
101794,0.26
101795,0.12
101796,0.03
101797,0.01
101798,0.02
101799,0.0
101800,0.22
101801,0.0
101802,0.0
101803,0.04
101804,0.01
101805,0.03
101806,0.0
101807,0.0
101808,0.09
101809,0.05
101810,0.13
101811,0.01
101812,0.0
101813,0.02
101814,0.04
101815,0.01
101816,0.04
101817,0.01
101818,0.0
101819,0.14
101820,0.06
101821,0.0
101822,0.01
101823,0.08
101824,0.63
101825,0.02
101826,0.37
101827,0.01
101828,0.0
101829,0.07
101830,0.19
101831,0.02
101832,0.08
101833,0.02
101834,0.01
101835,0.07
101836,0.32
101837,0.12
101838,0.0
101839,0.04
101840,0.23
101841,0.01
101842,0.06
101843,0.21
101844,0.07
101845,0.25
101846,0.03
101847,0.13
101848,0.01
101849,0.43
101850,0.11
101851,0.0
101852,0.18
101853,0.0
101854,0.0
101855,0.0
101856,0.03
101857,0.0
101858,0.0
101859,0.0
101860,0.04
101861,0.01
101862,0.0
101863,0.05
101864,0.02
101865,0.08
101866,0.0
101867,0.0
101868,0.1
101869,0.0
101870,0.05
101871,0.08
101872,0.0
101873,0.04
101874,0.01
101875,0.02
101876,0.1
101877,0.0
101878,0.04
101879,0.0
101880,0.0
101881,0.02
101882,0.01
101883,0.01
101884,0.0
101885,0.14
101886,0.0
101887,0.45
101888,0.07
101889,0.17
101890,0.02
101891,0.08
101892,0.18
101893,0.06
101894,0.19
101895,0.0
101896,0.02
101897,0.0
101898,0.0
101899,0.72
101900,0.04
101901,0.0
101902,0.47
101903,0.47
101904,0.05
101905,0.06
101906,0.0
101907,0.0
101908,0.34
101909,0.11
101910,0.04
101911,0.08
101912,0.08
101913,0.24
101914,0.09
101915,0.0
101916,0.03
101917,0.0
101918,0.0
101919,0.1
101920,0.0
101921,0.02
101922,0.31
101923,0.0
101924,0.0
101925,0.0
101926,0.0
101927,0.01
101928,0.04
101929,0.05
101930,0.0
101931,0.06
101932,0.21
101933,0.92
101934,0.03
101935,0.03
101936,0.0
101937,0.15
101938,0.0
101939,0.01
101940,0.01
101941,0.0
101942,0.28
101943,0.01
101944,0.51
101945,0.02
101946,0.22
101947,0.2
101948,0.0
101949,0.0
101950,0.02
101951,0.1
101952,0.08
101953,0.0
101954,0.0
101955,0.05
101956,0.08
101957,0.0
101958,0.06
101959,0.0
101960,0.0
101961,0.0
101962,0.07
101963,0.06
101964,0.01
101965,0.01
101966,0.05
101967,0.22
101968,0.17
101969,0.17
101970,0.06
101971,0.08
101972,0.01
101973,0.01
101974,0.02
101975,0.3
101976,0.28
101977,0.0
101978,0.15
101979,0.01
101980,0.03
101981,0.09
101982,0.04
101983,0.02
101984,0.01
101985,0.16
101986,0.08
101987,0.16
101988,0.08
101989,0.12
101990,0.05
101991,0.01
101992,0.02
101993,0.12
101994,0.0
101995,0.07
101996,0.05
101997,0.08
101998,0.41
101999,0.01
102000,0.04
102001,0.02
102002,0.01
102003,0.04
102004,0.04
102005,0.03
102006,0.15
102007,0.05
102008,0.0
102009,0.02
102010,0.16
102011,0.42
102012,0.06
102013,0.22
102014,0.32
102015,0.03
102016,0.0
102017,0.43
102018,0.0
102019,0.0
102020,0.0
102021,0.18
102022,0.0
102023,0.83
102024,0.16
102025,0.01
102026,0.0
102027,0.0
102028,0.0
102029,0.17
102030,0.04
102031,0.0
102032,0.0
102033,0.0
102034,0.01
102035,0.01
102036,0.21
102037,0.17
102038,0.01
102039,0.0
102040,0.1
102041,0.06
102042,0.13
102043,0.0
102044,0.0
102045,0.0
102046,0.02
102047,0.0
102048,0.0
102049,0.44
102050,0.01
102051,0.05
102052,0.04
102053,0.07
102054,0.35
102055,0.04
102056,0.0
102057,0.0
102058,0.0
102059,0.02
102060,0.0
102061,0.02
102062,0.02
102063,0.09
102064,0.35
102065,0.0
102066,0.08
102067,0.04
102068,0.03
102069,0.01
102070,0.2
102071,0.0
102072,0.1
102073,0.04
102074,0.12
102075,0.01
102076,0.01
102077,0.0
102078,0.1
102079,0.0
102080,0.0
102081,0.03
102082,0.03
102083,0.01
102084,0.11
102085,0.05
102086,0.0
102087,0.09
102088,0.0
102089,0.01
102090,0.27
102091,0.16
102092,0.04
102093,0.0
102094,0.06
102095,0.0
102096,0.0
102097,0.06
102098,0.46
102099,0.1
102100,0.08
102101,0.0
102102,0.01
102103,0.0
102104,0.05
102105,0.03
102106,0.02
102107,0.25
102108,0.12
102109,0.11
102110,0.29
102111,0.21
102112,0.11
102113,0.05
102114,0.0
102115,0.16
102116,0.02
102117,0.0
102118,0.0
102119,0.05
102120,0.06
102121,0.02
102122,0.46
102123,0.0
102124,0.0
102125,0.1
102126,0.09
102127,0.01
102128,0.01
102129,0.03
102130,0.08
102131,0.05
102132,0.0
102133,0.0
102134,0.0
102135,0.0
102136,0.05
102137,0.0
102138,0.43
102139,0.0
102140,0.03
102141,0.04
102142,0.0
102143,0.0
102144,0.01
102145,0.0
102146,0.01
102147,0.09
102148,0.01
102149,0.09
102150,0.0
102151,0.09
102152,0.0
102153,0.0
102154,0.0
102155,0.0
102156,0.39
102157,0.01
102158,0.03
102159,0.01
102160,0.11
102161,0.04
102162,0.1
102163,0.09
102164,0.1
102165,0.02
102166,0.09
102167,0.06
102168,0.01
102169,0.05
102170,0.03
102171,0.05
102172,0.04
102173,0.0
102174,0.07
102175,0.04
102176,0.05
102177,0.01
102178,0.0
102179,0.0
102180,0.01
102181,0.39
102182,0.17
102183,0.0
102184,0.0
102185,0.07
102186,0.05
102187,0.06
102188,0.06
102189,0.13
102190,0.0
102191,0.29
102192,0.17
102193,0.01
102194,0.0
102195,0.16
102196,0.03
102197,0.04
102198,0.34
102199,0.04
102200,0.0
102201,0.27
102202,0.33
102203,0.02
102204,0.06
102205,0.07
102206,0.08
102207,0.09
102208,0.24
102209,0.02
102210,0.0
102211,0.68
102212,0.14
102213,0.92
102214,0.07
102215,0.05
102216,0.12
102217,0.0
102218,0.08
102219,0.13
102220,0.0
102221,0.01
102222,0.0
102223,0.01
102224,0.0
102225,0.01
102226,0.44
102227,0.0
102228,0.31
102229,0.11
102230,0.0
102231,0.05
102232,0.03
102233,0.0
102234,0.0
102235,0.28
102236,0.02
102237,0.19
102238,0.12
102239,0.01
102240,0.0
102241,0.13
102242,0.06
102243,0.02
102244,0.02
102245,0.02
102246,0.03
102247,0.04
102248,0.08
102249,0.06
102250,0.0
102251,0.0
102252,0.19
102253,0.41
102254,0.02
102255,0.19
102256,0.07
102257,0.08
102258,0.03
102259,0.04
102260,0.04
102261,0.01
102262,0.01
102263,0.01
102264,0.0
102265,0.01
102266,0.05
102267,0.0
102268,0.18
102269,0.07
102270,0.07
102271,0.0
102272,0.03
102273,0.14
102274,0.47
102275,0.0
102276,0.0
102277,0.04
102278,0.02
102279,0.01
102280,0.0
102281,0.01
102282,0.0
102283,0.01
102284,0.0
102285,0.0
102286,0.01
102287,0.14
102288,0.0
102289,0.0
102290,0.0
102291,0.13
102292,0.03
102293,0.02
102294,0.0
102295,0.03
102296,0.03
102297,0.1
102298,0.16
102299,0.53
102300,0.04
102301,0.08
102302,0.02
102303,0.01
102304,0.0
102305,0.0
102306,0.62
102307,0.0
102308,0.16
102309,0.05
102310,0.0
102311,0.13
102312,0.01
102313,0.02
102314,0.07
102315,0.06
102316,0.0
102317,0.01
102318,0.04
102319,0.01
102320,0.02
102321,0.02
102322,0.0
102323,0.0
102324,0.04
102325,0.0
102326,0.02
102327,0.0
102328,0.2
102329,0.03
102330,0.02
102331,0.0
102332,0.0
102333,0.0
102334,0.66
102335,0.13
102336,0.0
102337,0.02
102338,0.02
102339,0.0
102340,0.03
102341,0.06
102342,0.0
102343,0.14
102344,0.16
102345,0.01
102346,0.01
102347,0.1
102348,0.1
102349,0.01
102350,0.52
102351,0.02
102352,0.0
102353,0.4
102354,0.02
102355,0.08
102356,0.03
102357,0.04
102358,0.06
102359,0.01
102360,0.07
102361,0.01
102362,0.01
102363,0.0
102364,0.15
102365,0.0
102366,0.0
102367,0.11
102368,0.0
102369,0.0
102370,0.0
102371,0.0
102372,0.5
102373,0.0
102374,0.0
102375,0.07
102376,0.0
102377,0.03
102378,0.0
102379,0.01
102380,0.1
102381,0.19
102382,0.11
102383,0.02
102384,0.02
102385,0.0
102386,0.0
102387,0.0
102388,0.0
102389,0.03
102390,0.01
102391,0.03
102392,0.55
102393,0.01
102394,0.0
102395,0.06
102396,0.15
102397,0.42
102398,0.29
102399,0.04
102400,0.01
102401,0.1
102402,0.0
102403,0.02
102404,0.06
102405,0.29
102406,0.04
102407,0.0
102408,0.05
102409,0.0
102410,0.29
102411,0.0
102412,0.0
102413,0.0
102414,0.01
102415,0.01
102416,0.01
102417,0.0
102418,0.0
102419,0.14
102420,0.23
102421,0.0
102422,0.0
102423,0.0
102424,0.0
102425,0.0
102426,0.02
102427,0.03
102428,0.0
102429,0.0
102430,0.02
102431,0.01
102432,0.04
102433,0.0
102434,0.07
102435,0.0
102436,0.0
102437,0.0
102438,0.0
102439,0.19
102440,0.04
102441,0.06
102442,0.0
102443,0.39
102444,0.02
102445,0.21
102446,0.06
102447,0.0
102448,0.03
102449,0.01
102450,0.03
102451,0.0
102452,0.11
102453,0.02
102454,0.07
102455,0.56
102456,0.04
102457,0.03
102458,0.19
102459,0.09
102460,0.0
102461,0.01
102462,0.0
102463,0.05
102464,0.12
102465,0.04
102466,0.06
102467,0.09
102468,0.12
102469,0.4
102470,0.0
102471,0.01
102472,0.01
102473,0.05
102474,0.01
102475,0.02
102476,0.0
102477,0.0
102478,0.18
102479,0.1
102480,0.0
102481,0.04
102482,0.45
102483,0.01
102484,0.01
102485,0.0
102486,0.04
102487,0.05
102488,0.17
102489,0.0
102490,0.06
102491,0.27
102492,0.04
102493,0.0
102494,0.11
102495,0.06
102496,0.0
102497,0.22
102498,0.02
102499,0.03
102500,0.0
102501,0.03
102502,0.07
102503,0.08
102504,0.39
102505,0.14
102506,0.33
102507,0.0
102508,0.0
102509,0.08
102510,0.67
102511,0.0
102512,0.5
102513,0.06
102514,0.03
102515,0.1
102516,0.03
102517,0.01
102518,0.04
102519,0.01
102520,0.0
102521,0.01
102522,0.2
102523,0.01
102524,0.15
102525,0.01
102526,0.06
102527,0.05
102528,0.0
102529,0.11
102530,0.37
102531,0.19
102532,0.01
102533,0.0
102534,0.03
102535,0.02
102536,0.04
102537,0.05
102538,0.42
102539,0.45
102540,0.28
102541,0.0
102542,0.06
102543,0.04
102544,0.01
102545,0.41
102546,0.07
102547,0.02
102548,0.15
102549,0.0
102550,0.03
102551,0.33
102552,0.01
102553,0.07
102554,0.23
102555,0.02
102556,0.05
102557,0.01
102558,0.09
102559,0.0
102560,0.0
102561,0.01
102562,0.06
102563,0.03
102564,0.03
102565,0.0
102566,0.07
102567,0.45
102568,0.01
102569,0.42
102570,0.61
102571,0.17
102572,0.04
102573,0.13
102574,0.06
102575,0.0
102576,0.01
102577,0.04
102578,0.02
102579,0.0
102580,0.01
102581,0.02
102582,0.06
102583,0.0
102584,0.0
102585,0.0
102586,0.01
102587,0.11
102588,0.03
102589,0.01
102590,0.0
102591,0.07
102592,0.0
102593,0.03
102594,0.29
102595,0.02
102596,0.03
102597,0.01
102598,0.0
102599,0.1
102600,0.14
102601,0.01
102602,0.02
102603,0.0
102604,0.0
102605,0.26
102606,0.0
102607,0.35
102608,0.0
102609,0.0
102610,0.45
102611,0.09
102612,0.0
102613,0.02
102614,0.07
102615,0.0
102616,0.21
102617,0.05
102618,0.04
102619,0.26
102620,0.01
102621,0.3
102622,0.0
102623,0.04
102624,0.01
102625,0.0
102626,0.6
102627,0.16
102628,0.0
102629,0.04
102630,0.79
102631,0.0
102632,0.11
102633,0.1
102634,0.0
102635,0.04
102636,0.0
102637,0.0
102638,0.03
102639,0.0
102640,0.0
102641,0.3
102642,0.0
102643,0.01
102644,0.03
102645,0.05
102646,0.01
102647,0.13
102648,0.03
102649,0.01
102650,0.02
102651,0.04
102652,0.02
102653,0.42
102654,0.04
102655,0.0
102656,0.0
102657,0.0
102658,0.0
102659,0.0
102660,0.0
102661,0.07
102662,0.05
102663,0.43
102664,0.01
102665,0.0
102666,0.11
102667,0.08
102668,0.08
102669,0.0
102670,0.61
102671,0.02
102672,0.0
102673,0.05
102674,0.41
102675,0.26
102676,0.52
102677,0.01
102678,0.12
102679,0.01
102680,0.35
102681,0.0
102682,0.04
102683,0.09
102684,0.0
102685,0.02
102686,0.0
102687,0.42
102688,0.0
102689,0.0
102690,0.02
102691,0.14
102692,0.0
102693,0.17
102694,0.0
102695,0.01
102696,0.02
102697,0.0
102698,0.27
102699,0.0
102700,0.0
102701,0.2
102702,0.06
102703,0.0
102704,0.21
102705,0.01
102706,0.09
102707,0.0
102708,0.03
102709,0.03
102710,0.09
102711,0.0
102712,0.09
102713,0.04
102714,0.11
102715,0.04
102716,0.0
102717,0.04
102718,0.01
102719,0.26
102720,0.0
102721,0.03
102722,0.0
102723,0.04
102724,0.03
102725,0.1
102726,0.01
102727,0.03
102728,0.01
102729,0.0
102730,0.01
102731,0.06
102732,0.0
102733,0.08
102734,0.01
102735,0.03
102736,0.1
102737,0.01
102738,0.04
102739,0.01
102740,0.09
102741,0.0
102742,0.0
102743,0.03
102744,0.01
102745,0.09
102746,0.06
102747,0.04
102748,0.01
102749,0.01
102750,0.0
102751,0.0
102752,0.23
102753,0.01
102754,0.06
102755,0.0
102756,0.09
102757,0.17
102758,0.51
102759,0.01
102760,0.07
102761,0.09
102762,0.06
102763,0.02
102764,0.04
102765,0.06
102766,0.0
102767,0.01
102768,0.0
102769,0.08
102770,0.0
102771,0.06
102772,0.04
102773,0.01
102774,0.13
102775,0.1
102776,0.02
102777,0.0
102778,0.03
102779,0.01
102780,0.04
102781,0.01
102782,0.02
102783,0.02
102784,0.01
102785,0.44
102786,0.19
102787,0.03
102788,0.0
102789,0.04
102790,0.0
102791,0.0
102792,0.18
102793,0.01
102794,0.0
102795,0.03
102796,0.0
102797,0.02
102798,0.02
102799,0.0
102800,0.06
102801,0.4
102802,0.06
102803,0.01
102804,0.0
102805,0.26
102806,0.02
102807,0.03
102808,0.52
102809,0.0
102810,0.4
102811,0.01
102812,0.04
102813,0.04
102814,0.19
102815,0.0
102816,0.02
102817,0.05
102818,0.03
102819,0.05
102820,0.38
102821,0.07
102822,0.19
102823,0.0
102824,0.15
102825,0.03
102826,0.0
102827,0.06
102828,0.06
102829,0.0
102830,0.17
102831,0.19
102832,0.01
102833,0.0
102834,0.01
102835,0.01
102836,0.02
102837,0.06
102838,0.0
102839,0.08
102840,0.0
102841,0.02
102842,0.0
102843,0.0
102844,0.01
102845,0.03
102846,0.06
102847,0.01
102848,0.09
102849,0.49
102850,0.0
102851,0.05
102852,0.0
102853,0.02
102854,0.12
102855,0.0
102856,0.0
102857,0.05
102858,0.09
102859,0.0
102860,0.04
102861,0.02
102862,0.03
102863,0.02
102864,0.0
102865,0.02
102866,0.03
102867,0.0
102868,0.01
102869,0.0
102870,0.01
102871,0.19
102872,0.25
102873,0.03
102874,0.0
102875,0.0
102876,0.01
102877,0.05
102878,0.0
102879,0.01
102880,0.03
102881,0.01
102882,0.06
102883,0.0
102884,0.01
102885,0.48
102886,0.0
102887,0.02
102888,0.09
102889,0.0
102890,0.0
102891,0.15
102892,0.06
102893,0.43
102894,0.02
102895,0.04
102896,0.23
102897,0.34
102898,0.26
102899,0.03
102900,0.0
102901,0.08
102902,0.02
102903,0.0
102904,0.0
102905,0.0
102906,0.03
102907,0.22
102908,0.01
102909,0.02
102910,0.02
102911,0.07
102912,0.03
102913,0.06
102914,0.13
102915,0.09
102916,0.05
102917,0.0
102918,0.02
102919,0.0
102920,0.0
102921,0.0
102922,0.48
102923,0.01
102924,0.01
102925,0.11
102926,0.0
102927,0.0
102928,0.0
102929,0.27
102930,0.03
102931,0.01
102932,0.03
102933,0.54
102934,0.01
102935,0.06
102936,0.17
102937,0.01
102938,0.02
102939,0.26
102940,0.02
102941,0.02
102942,0.42
102943,0.03
102944,0.05
102945,0.44
102946,0.0
102947,0.01
102948,0.0
102949,0.03
102950,0.03
102951,0.02
102952,0.14
102953,0.02
102954,0.08
102955,0.01
102956,0.01
102957,0.01
102958,0.0
102959,0.0
102960,0.13
102961,0.07
102962,0.2
102963,0.0
102964,0.0
102965,0.07
102966,0.03
102967,0.01
102968,0.0
102969,0.01
102970,0.01
102971,0.02
102972,0.02
102973,0.02
102974,0.01
102975,0.04
102976,0.43
102977,0.0
102978,0.01
102979,0.03
102980,0.0
102981,0.01
102982,0.18
102983,0.0
102984,0.12
102985,0.0
102986,0.03
102987,0.0
102988,0.54
102989,0.01
102990,0.07
102991,0.03
102992,0.01
102993,0.02
102994,0.01
102995,0.06
102996,0.07
102997,0.0
102998,0.01
102999,0.0
103000,0.46
103001,0.0
103002,0.02
103003,0.01
103004,0.02
103005,0.02
103006,0.06
103007,0.04
103008,0.01
103009,0.01
103010,0.26
103011,0.02
103012,0.0
103013,0.01
103014,0.07
103015,0.0
103016,0.01
103017,0.03
103018,0.33
103019,0.1
103020,0.02
103021,0.01
103022,0.22
103023,0.03
103024,0.0
103025,0.0
103026,0.08
103027,0.13
103028,0.24
103029,0.01
103030,0.02
103031,0.25
103032,0.01
103033,0.0
103034,0.01
103035,0.05
103036,0.13
103037,0.27
103038,0.26
103039,0.02
103040,0.0
103041,0.01
103042,0.01
103043,0.04
103044,0.01
103045,0.0
103046,0.01
103047,0.0
103048,0.0
103049,0.02
103050,0.12
103051,0.0
103052,0.24
103053,0.1
103054,0.1
103055,0.0
103056,0.01
103057,0.01
103058,0.0
103059,0.28
103060,0.01
103061,0.03
103062,0.0
103063,0.03
103064,0.17
103065,0.25
103066,0.0
103067,0.0
103068,0.03
103069,0.17
103070,0.08
103071,0.0
103072,0.04
103073,0.13
103074,0.1
103075,0.0
103076,0.25
103077,0.04
103078,0.02
103079,0.37
103080,0.11
103081,0.0
103082,0.38
103083,0.0
103084,0.01
103085,0.0
103086,0.01
103087,0.17
103088,0.01
103089,0.09
103090,0.01
103091,0.13
103092,0.05
103093,0.0
103094,0.01
103095,0.24
103096,0.0
103097,0.06
103098,0.0
103099,0.01
103100,0.04
103101,0.01
103102,0.01
103103,0.01
103104,0.05
103105,0.0
103106,0.45
103107,0.0
103108,0.04
103109,0.05
103110,0.0
103111,0.02
103112,0.04
103113,0.0
103114,0.0
103115,0.11
103116,0.02
103117,0.0
103118,0.08
103119,0.02
103120,0.01
103121,0.11
103122,0.03
103123,0.02
103124,0.03
103125,0.29
103126,0.31
103127,0.0
103128,0.33
103129,0.3
103130,0.0
103131,0.02
103132,0.01
103133,0.0
103134,0.05
103135,0.01
103136,0.0
103137,0.0
103138,0.02
103139,0.01
103140,0.06
103141,0.49
103142,0.07
103143,0.02
103144,0.12
103145,0.23
103146,0.01
103147,0.0
103148,0.01
103149,0.36
103150,0.01
103151,0.18
103152,0.01
103153,0.23
103154,0.04
103155,0.0
103156,0.0
103157,0.03
103158,0.04
103159,0.11
103160,0.1
103161,0.07
103162,0.06
103163,0.02
103164,0.0
103165,0.05
103166,0.03
103167,0.0
103168,0.0
103169,0.0
103170,0.01
103171,0.12
103172,0.01
103173,0.16
103174,0.02
103175,0.0
103176,0.01
103177,0.02
103178,0.43
103179,0.02
103180,0.04
103181,0.0
103182,0.0
103183,0.0
103184,0.02
103185,0.86
103186,0.0
103187,0.01
103188,0.02
103189,0.01
103190,0.01
103191,0.0
103192,0.21
103193,0.02
103194,0.09
103195,0.01
103196,0.0
103197,0.0
103198,0.02
103199,0.03
103200,0.18
103201,0.03
103202,0.01
103203,0.0
103204,0.01
103205,0.06
103206,0.01
103207,0.03
103208,0.0
103209,0.22
103210,0.03
103211,0.0
103212,0.01
103213,0.01
103214,0.0
103215,0.0
103216,0.0
103217,0.03
103218,0.0
103219,0.05
103220,0.1
103221,0.06
103222,0.31
103223,0.04
103224,0.08
103225,0.19
103226,0.0
103227,0.02
103228,0.13
103229,0.09
103230,0.09
103231,0.06
103232,0.02
103233,0.02
103234,0.03
103235,0.29
103236,0.01
103237,0.04
103238,0.01
103239,0.02
103240,0.0
103241,0.1
103242,0.13
103243,0.0
103244,0.0
103245,0.07
103246,0.03
103247,0.05
103248,0.01
103249,0.01
103250,0.06
103251,0.0
103252,0.05
103253,0.0
103254,0.23
103255,0.0
103256,0.09
103257,0.0
103258,0.22
103259,0.12
103260,0.05
103261,0.02
103262,0.01
103263,0.0
103264,0.06
103265,0.0
103266,0.02
103267,0.0
103268,0.03
103269,0.11
103270,0.24
103271,0.0
103272,0.03
103273,0.05
103274,0.02
103275,0.01
103276,0.0
103277,0.0
103278,0.48
103279,0.0
103280,0.02
103281,0.02
103282,0.0
103283,0.01
103284,0.0
103285,0.31
103286,0.0
103287,0.06
103288,0.05
103289,0.0
103290,0.0
103291,0.03
103292,0.0
103293,0.09
103294,0.57
103295,0.32
103296,0.31
103297,0.02
103298,0.0
103299,0.11
103300,0.3
103301,0.0
103302,0.02
103303,0.04
103304,0.03
103305,0.31
103306,0.0
103307,0.01
103308,0.24
103309,0.0
103310,0.0
103311,0.04
103312,0.0
103313,0.04
103314,0.0
103315,0.0
103316,0.0
103317,0.02
103318,0.01
103319,0.08
103320,0.04
103321,0.0
103322,0.0
103323,0.0
103324,0.0
103325,0.0
103326,0.09
103327,0.27
103328,0.23
103329,0.05
103330,0.03
103331,0.03
103332,0.0
103333,0.06
103334,0.01
103335,0.03
103336,0.03
103337,0.0
103338,0.0
103339,0.15
103340,0.0
103341,0.11
103342,0.07
103343,0.45
103344,0.05
103345,0.0
103346,0.01
103347,0.0
103348,0.02
103349,0.03
103350,0.02
103351,0.62
103352,0.0
103353,0.44
103354,0.0
103355,0.0
103356,0.0
103357,0.0
103358,0.01
103359,0.0
103360,0.04
103361,0.18
103362,0.02
103363,0.0
103364,0.04
103365,0.0
103366,0.03
103367,0.02
103368,0.01
103369,0.24
103370,0.0
103371,0.08
103372,0.0
103373,0.0
103374,0.01
103375,0.0
103376,0.02
103377,0.0
103378,0.0
103379,0.01
103380,0.01
103381,0.19
103382,0.04
103383,0.0
103384,0.02
103385,0.03
103386,0.15
103387,0.55
103388,0.0
103389,0.02
103390,0.0
103391,0.06
103392,0.07
103393,0.0
103394,0.03
103395,0.4
103396,0.28
103397,0.01
103398,0.03
103399,0.01
103400,0.25
103401,0.05
103402,0.0
103403,0.29
103404,0.0
103405,0.61
103406,0.02
103407,0.03
103408,0.07
103409,0.37
103410,0.07
103411,0.38
103412,0.03
103413,0.02
103414,0.04
103415,0.1
103416,0.02
103417,0.0
103418,0.11
103419,0.26
103420,0.02
103421,0.0
103422,0.0
103423,0.03
103424,0.07
103425,0.01
103426,0.2
103427,0.0
103428,0.13
103429,0.0
103430,0.01
103431,0.01
103432,0.0
103433,0.07
103434,0.0
103435,0.0
103436,0.2
103437,0.23
103438,0.21
103439,0.02
103440,0.06
103441,0.17
103442,0.04
103443,0.0
103444,0.01
103445,0.03
103446,0.02
103447,0.09
103448,0.47
103449,0.12
103450,0.01
103451,0.01
103452,0.11
103453,0.03
103454,0.0
103455,0.03
103456,0.17
103457,0.0
103458,0.63
103459,0.0
103460,0.49
103461,0.01
103462,0.06
103463,0.01
103464,0.03
103465,0.0
103466,0.44
103467,0.02
103468,0.05
103469,0.53
103470,0.0
103471,0.07
103472,0.0
103473,0.05
103474,0.0
103475,0.0
103476,0.0
103477,0.0
103478,0.0
103479,0.4
103480,0.54
103481,0.0
103482,0.0
103483,0.06
103484,0.08
103485,0.08
103486,0.23
103487,0.04
103488,0.03
103489,0.01
103490,0.0
103491,0.41
103492,0.02
103493,0.01
103494,0.0
103495,0.03
103496,0.17
103497,0.06
103498,0.01
103499,0.03
103500,0.03
103501,0.0
103502,0.0
103503,0.05
103504,0.29
103505,0.01
103506,0.25
103507,0.04
103508,0.0
103509,0.0
103510,0.04
103511,0.16
103512,0.15
103513,0.0
103514,0.28
103515,0.0
103516,0.04
103517,0.01
103518,0.02
103519,0.0
103520,0.12
103521,0.41
103522,0.06
103523,0.0
103524,0.09
103525,0.04
103526,0.02
103527,0.06
103528,0.08
103529,0.0
103530,0.04
103531,0.0
103532,0.43
103533,0.0
103534,0.09
103535,0.16
103536,0.02
103537,0.0
103538,0.01
103539,0.03
103540,0.0
103541,0.01
103542,0.0
103543,0.0
103544,0.03
103545,0.0
103546,0.13
103547,0.03
103548,0.1
103549,0.01
103550,0.01
103551,0.09
103552,0.1
103553,0.0
103554,0.0
103555,0.08
103556,0.0
103557,0.0
103558,0.03
103559,0.01
103560,0.0
103561,0.0
103562,0.08
103563,0.0
103564,0.02
103565,0.08
103566,0.0
103567,0.0
103568,0.0
103569,0.02
103570,0.02
103571,0.04
103572,0.02
103573,0.01
103574,0.0
103575,0.01
103576,0.01
103577,0.0
103578,0.0
103579,0.0
103580,0.09
103581,0.0
103582,0.06
103583,0.18
103584,0.21
103585,0.62
103586,0.17
103587,0.09
103588,0.03
103589,0.0
103590,0.01
103591,0.27
103592,0.07
103593,0.0
103594,0.09
103595,0.4
103596,0.0
103597,0.0
103598,0.01
103599,0.02
103600,0.0
103601,0.01
103602,0.0
103603,0.0
103604,0.0
103605,0.04
103606,0.0
103607,0.0
103608,0.07
103609,0.07
103610,0.0
103611,0.5
103612,0.03
103613,0.08
103614,0.04
103615,0.0
103616,0.57
103617,0.0
103618,0.07
103619,0.01
103620,0.02
103621,0.66
103622,0.01
103623,0.0
103624,0.01
103625,0.18
103626,0.01
103627,0.02
103628,0.01
103629,0.01
103630,0.02
103631,0.04
103632,0.18
103633,0.02
103634,0.0
103635,0.01
103636,0.0
103637,0.0
103638,0.03
103639,0.03
103640,0.04
103641,0.01
103642,0.01
103643,0.11
103644,0.02
103645,0.06
103646,0.02
103647,0.19
103648,0.06
103649,0.03
103650,0.11
103651,0.01
103652,0.01
103653,0.01
103654,0.0
103655,0.0
103656,0.03
103657,0.02
103658,0.0
103659,0.16
103660,0.01
103661,0.1
103662,0.01
103663,0.0
103664,0.0
103665,0.06
103666,0.15
103667,0.0
103668,0.01
103669,0.11
103670,0.01
103671,0.0
103672,0.01
103673,0.01
103674,0.0
103675,0.42
103676,0.12
103677,0.07
103678,0.11
103679,0.05
103680,0.0
103681,0.0
103682,0.0
103683,0.0
103684,0.35
103685,0.04
103686,0.01
103687,0.08
103688,0.0
103689,0.02
103690,0.01
103691,0.05
103692,0.02
103693,0.04
103694,0.47
103695,0.3
103696,0.04
103697,0.01
103698,0.0
103699,0.01
103700,0.02
103701,0.0
103702,0.01
103703,0.01
103704,0.03
103705,0.44
103706,0.01
103707,0.0
103708,0.01
103709,0.35
103710,0.02
103711,0.01
103712,0.12
103713,0.33
103714,0.04
103715,0.0
103716,0.01
103717,0.06
103718,0.01
103719,0.0
103720,0.01
103721,0.01
103722,0.01
103723,0.17
103724,0.0
103725,0.05
103726,0.03
103727,0.0
103728,0.02
103729,0.0
103730,0.23
103731,0.07
103732,0.01
103733,0.08
103734,0.01
103735,0.34
103736,0.14
103737,0.0
103738,0.04
103739,0.02
103740,0.05
103741,0.01
103742,0.03
103743,0.09
103744,0.01
103745,0.06
103746,0.04
103747,0.0
103748,0.0
103749,0.03
103750,0.01
103751,0.1
103752,0.26
103753,0.01
103754,0.0
103755,0.16
103756,0.4
103757,0.17
103758,0.02
103759,0.01
103760,0.02
103761,0.03
103762,0.02
103763,0.0
103764,0.0
103765,0.03
103766,0.04
103767,0.06
103768,0.0
103769,0.01
103770,0.09
103771,0.01
103772,0.07
103773,0.02
103774,0.06
103775,0.03
103776,0.03
103777,0.63
103778,0.0
103779,0.13
103780,0.08
103781,0.06
103782,0.0
103783,0.16
103784,0.0
103785,0.16
103786,0.05
103787,0.05
103788,0.04
103789,0.03
103790,0.0
103791,0.0
103792,0.09
103793,0.0
103794,0.02
103795,0.0
103796,0.08
103797,0.07
103798,0.04
103799,0.05
103800,0.0
103801,0.0
103802,0.01
103803,0.02
103804,0.18
103805,0.08
103806,0.01
103807,0.01
103808,0.0
103809,0.1
103810,0.0
103811,0.01
103812,0.0
103813,0.01
103814,0.04
103815,0.21
103816,0.01
103817,0.52
103818,0.0
103819,0.0
103820,0.44
103821,0.0
103822,0.01
103823,0.08
103824,0.04
103825,0.0
103826,0.21
103827,0.01
103828,0.04
103829,0.01
103830,0.0
103831,0.03
103832,0.04
103833,0.04
103834,0.0
103835,0.06
103836,0.04
103837,0.03
103838,0.0
103839,0.05
103840,0.67
103841,0.06
103842,0.0
103843,0.09
103844,0.39
103845,0.09
103846,0.71
103847,0.02
103848,0.21
103849,0.03
103850,0.01
103851,0.0
103852,0.04
103853,0.25
103854,0.03
103855,0.0
103856,0.0
103857,0.08
103858,0.48
103859,0.0
103860,0.02
103861,0.03
103862,0.07
103863,0.06
103864,0.03
103865,0.01
103866,0.6
103867,0.03
103868,0.17
103869,0.04
103870,0.03
103871,0.0
103872,0.01
103873,0.0
103874,0.01
103875,0.08
103876,0.0
103877,0.01
103878,0.03
103879,0.0
103880,0.02
103881,0.01
103882,0.01
103883,0.0
103884,0.0
103885,0.0
103886,0.0
103887,0.0
103888,0.0
103889,0.02
103890,0.0
103891,0.01
103892,0.0
103893,0.04
103894,0.0
103895,0.01
103896,0.01
103897,0.0
103898,0.02
103899,0.44
103900,0.02
103901,0.12
103902,0.07
103903,0.04
103904,0.09
103905,0.06
103906,0.09
103907,0.0
103908,0.03
103909,0.26
103910,0.0
103911,0.01
103912,0.06
103913,0.09
103914,0.13
103915,0.04
103916,0.38
103917,0.22
103918,0.08
103919,0.08
103920,0.08
103921,0.27
103922,0.0
103923,0.01
103924,0.01
103925,0.06
103926,0.0
103927,0.02
103928,0.17
103929,0.05
103930,0.0
103931,0.0
103932,0.01
103933,0.0
103934,0.06
103935,0.01
103936,0.05
103937,0.02
103938,0.0
103939,0.0
103940,0.0
103941,0.04
103942,0.01
103943,0.04
103944,0.02
103945,0.17
103946,0.05
103947,0.04
103948,0.05
103949,0.0
103950,0.0
103951,0.11
103952,0.01
103953,0.04
103954,0.0
103955,0.07
103956,0.0
103957,0.0
103958,0.01
103959,0.01
103960,0.02
103961,0.07
103962,0.0
103963,0.0
103964,0.07
103965,0.03
103966,0.0
103967,0.02
103968,0.01
103969,0.0
103970,0.05
103971,0.08
103972,0.0
103973,0.01
103974,0.08
103975,0.05
103976,0.03
103977,0.05
103978,0.03
103979,0.0
103980,0.01
103981,0.01
103982,0.03
103983,0.05
103984,0.06
103985,0.04
103986,0.11
103987,0.0
103988,0.12
103989,0.0
103990,0.03
103991,0.02
103992,0.0
103993,0.17
103994,0.11
103995,0.05
103996,0.01
103997,0.02
103998,0.04
103999,0.01
104000,0.01
104001,0.0
104002,0.01
104003,0.14
104004,0.01
104005,0.0
104006,0.04
104007,0.07
104008,0.04
104009,0.51
104010,0.37
104011,0.29
104012,0.03
104013,0.02
104014,0.0
104015,0.09
104016,0.08
104017,0.0
104018,0.04
104019,0.0
104020,0.19
104021,0.05
104022,0.0
104023,0.02
104024,0.05
104025,0.04
104026,0.54
104027,0.0
104028,0.08
104029,0.04
104030,0.26
104031,0.08
104032,0.04
104033,0.66
104034,0.0
104035,0.0
104036,0.0
104037,0.03
104038,0.0
104039,0.01
104040,0.04
104041,0.0
104042,0.01
104043,0.0
104044,0.13
104045,0.01
104046,0.1
104047,0.05
104048,0.03
104049,0.24
104050,0.01
104051,0.13
104052,0.02
104053,0.03
104054,0.17
104055,0.09
104056,0.02
104057,0.03
104058,0.0
104059,0.17
104060,0.0
104061,0.0
104062,0.33
104063,0.0
104064,0.02
104065,0.0
104066,0.44
104067,0.03
104068,0.04
104069,0.0
104070,0.06
104071,0.04
104072,0.07
104073,0.12
104074,0.07
104075,0.26
104076,0.0
104077,0.1
104078,0.07
104079,0.02
104080,0.0
104081,0.0
104082,0.14
104083,0.05
104084,0.0
104085,0.01
104086,0.24
104087,0.02
104088,0.01
104089,0.0
104090,0.0
104091,0.04
104092,0.01
104093,0.0
104094,0.02
104095,0.13
104096,0.05
104097,0.02
104098,0.03
104099,0.02
104100,0.0
104101,0.0
104102,0.0
104103,0.03
104104,0.0
104105,0.21
104106,0.0
104107,0.0
104108,0.0
104109,0.32
104110,0.06
104111,0.0
104112,0.02
104113,0.02
104114,0.05
104115,0.05
104116,0.0
104117,0.26
104118,0.55
104119,0.02
104120,0.08
104121,0.0
104122,0.08
104123,0.0
104124,0.02
104125,0.08
104126,0.0
104127,0.29
104128,0.0
104129,0.12
104130,0.04
104131,0.04
104132,0.01
104133,0.04
104134,0.01
104135,0.03
104136,0.02
104137,0.0
104138,0.16
104139,0.32
104140,0.07
104141,0.0
104142,0.19
104143,0.0
104144,0.0
104145,0.0
104146,0.04
104147,0.03
104148,0.16
104149,0.12
104150,0.0
104151,0.04
104152,0.0
104153,0.01
104154,0.11
104155,0.12
104156,0.0
104157,0.08
104158,0.01
104159,0.0
104160,0.0
104161,0.33
104162,0.36
104163,0.02
104164,0.45
104165,0.08
104166,0.0
104167,0.0
104168,0.01
104169,0.0
104170,0.04
104171,0.15
104172,0.22
104173,0.22
104174,0.03
104175,0.05
104176,0.0
104177,0.43
104178,0.28
104179,0.2
104180,0.0
104181,0.12
104182,0.06
104183,0.52
104184,0.0
104185,0.04
104186,0.01
104187,0.0
104188,0.03
104189,0.05
104190,0.06
104191,0.02
104192,0.1
104193,0.02
104194,0.11
104195,0.1
104196,0.1
104197,0.56
104198,0.29
104199,0.0
104200,0.02
104201,0.0
104202,0.0
104203,0.0
104204,0.07
104205,0.01
104206,0.01
104207,0.0
104208,0.19
104209,0.0
104210,0.01
104211,0.0
104212,0.02
104213,0.02
104214,0.0
104215,0.03
104216,0.05
104217,0.01
104218,0.06
104219,0.05
104220,0.02
104221,0.0
104222,0.01
104223,0.0
104224,0.0
104225,0.06
104226,0.0
104227,0.58
104228,0.05
104229,0.06
104230,0.03
104231,0.0
104232,0.31
104233,0.37
104234,0.01
104235,0.0
104236,0.03
104237,0.0
104238,0.1
104239,0.35
104240,0.08
104241,0.03
104242,0.0
104243,0.0
104244,0.01
104245,0.05
104246,0.03
104247,0.09
104248,0.08
104249,0.0
104250,0.0
104251,0.03
104252,0.16
104253,0.01
104254,0.05
104255,0.01
104256,0.2
104257,0.07
104258,0.24
104259,0.15
104260,0.0
104261,0.0
104262,0.0
104263,0.04
104264,0.25
104265,0.14
104266,0.08
104267,0.03
104268,0.14
104269,0.03
104270,0.0
104271,0.04
104272,0.02
104273,0.01
104274,0.0
104275,0.02
104276,0.01
104277,0.04
104278,0.05
104279,0.01
104280,0.02
104281,0.0
104282,0.0
104283,0.0
104284,0.01
104285,0.04
104286,0.0
104287,0.03
104288,0.0
104289,0.0
104290,0.0
104291,0.03
104292,0.14
104293,0.02
104294,0.31
104295,0.02
104296,0.0
104297,0.0
104298,0.02
104299,0.0
104300,0.21
104301,0.07
104302,0.1
104303,0.0
104304,0.01
104305,0.93
104306,0.02
104307,0.26
104308,0.25
104309,0.0
104310,0.11
104311,0.0
104312,0.01
104313,0.02
104314,0.01
104315,0.0
104316,0.08
104317,0.4
104318,0.0
104319,0.39
104320,0.0
104321,0.01
104322,0.0
104323,0.03
104324,0.0
104325,0.0
104326,0.0
104327,0.0
104328,0.23
104329,0.06
104330,0.13
104331,0.0
104332,0.03
104333,0.19
104334,0.01
104335,0.21
104336,0.03
104337,0.0
104338,0.06
104339,0.05
104340,0.0
104341,0.07
104342,0.0
104343,0.01
104344,0.56
104345,0.1
104346,0.1
104347,0.0
104348,0.01
104349,0.02
104350,0.02
104351,0.0
104352,0.01
104353,0.16
104354,0.35
104355,0.0
104356,0.0
104357,0.05
104358,0.0
104359,0.02
104360,0.1
104361,0.18
104362,0.0
104363,0.13
104364,0.05
104365,0.04
104366,0.29
104367,0.03
104368,0.0
104369,0.17
104370,0.03
104371,0.0
104372,0.26
104373,0.42
104374,0.01
104375,0.01
104376,0.01
104377,0.0
104378,0.0
104379,0.0
104380,0.02
104381,0.07
104382,0.01
104383,0.0
104384,0.0
104385,0.06
104386,0.43
104387,0.0
104388,0.0
104389,0.02
104390,0.15
104391,0.01
104392,0.05
104393,0.09
104394,0.0
104395,0.01
104396,0.06
104397,0.14
104398,0.3
104399,0.0
104400,0.0
104401,0.16
104402,0.05
104403,0.16
104404,0.02
104405,0.0
104406,0.01
104407,0.0
104408,0.02
104409,0.18
104410,0.01
104411,0.07
104412,0.0
104413,0.05
104414,0.18
104415,0.0
104416,0.0
104417,0.02
104418,0.0
104419,0.03
104420,0.09
104421,0.01
104422,0.13
104423,0.0
104424,0.0
104425,0.06
104426,0.09
104427,0.02
104428,0.02
104429,0.0
104430,0.01
104431,0.04
104432,0.0
104433,0.01
104434,0.0
104435,0.32
104436,0.0
104437,0.34
104438,0.29
104439,0.04
104440,0.02
104441,0.04
104442,0.06
104443,0.06
104444,0.0
104445,0.05
104446,0.0
104447,0.0
104448,0.01
104449,0.45
104450,0.0
104451,0.0
104452,0.0
104453,0.04
104454,0.3
104455,0.0
104456,0.41
104457,0.05
104458,0.01
104459,0.0
104460,0.09
104461,0.04
104462,0.0
104463,0.03
104464,0.0
104465,0.02
104466,0.02
104467,0.03
104468,0.05
104469,0.0
104470,0.03
104471,0.0
104472,0.05
104473,0.02
104474,0.03
104475,0.01
104476,0.06
104477,0.31
104478,0.11
104479,0.0
104480,0.03
104481,0.01
104482,0.07
104483,0.04
104484,0.05
104485,0.0
104486,0.0
104487,0.0
104488,0.01
104489,0.05
104490,0.04
104491,0.09
104492,0.02
104493,0.01
104494,0.08
104495,0.22
104496,0.0
104497,0.1
104498,0.0
104499,0.0
104500,0.0
104501,0.09
104502,0.03
104503,0.03
104504,0.0
104505,0.07
104506,0.0
104507,0.05
104508,0.0
104509,0.01
104510,0.02
104511,0.06
104512,0.03
104513,0.03
104514,0.0
104515,0.44
104516,0.13
104517,0.49
104518,0.24
104519,0.02
104520,0.05
104521,0.0
104522,0.25
104523,0.02
104524,0.03
104525,0.05
104526,0.13
104527,0.02
104528,0.01
104529,0.05
104530,0.05
104531,0.01
104532,0.02
104533,0.01
104534,0.0
104535,0.05
104536,0.4
104537,0.01
104538,0.45
104539,0.09
104540,0.0
104541,0.01
104542,0.0
104543,0.2
104544,0.15
104545,0.01
104546,0.03
104547,0.02
104548,0.35
104549,0.0
104550,0.17
104551,0.36
104552,0.0
104553,0.12
104554,0.03
104555,0.02
104556,0.02
104557,0.02
104558,0.01
104559,0.32
104560,0.06
104561,0.0
104562,0.14
104563,0.0
104564,0.0
104565,0.05
104566,0.03
104567,0.13
104568,0.02
104569,0.06
104570,0.1
104571,0.0
104572,0.06
104573,0.02
104574,0.06
104575,0.02
104576,0.03
104577,0.03
104578,0.31
104579,0.0
104580,0.0
104581,0.01
104582,0.04
104583,0.33
104584,0.0
104585,0.2
104586,0.06
104587,0.02
104588,0.14
104589,0.03
104590,0.52
104591,0.03
104592,0.46
104593,0.58
104594,0.44
104595,0.01
104596,0.01
104597,0.06
104598,0.05
104599,0.0
104600,0.2
104601,0.35
104602,0.47
104603,0.0
104604,0.02
104605,0.01
104606,0.03
104607,0.06
104608,0.24
104609,0.3
104610,0.0
104611,0.06
104612,0.0
104613,0.15
104614,0.01
104615,0.06
104616,0.01
104617,0.29
104618,0.0
104619,0.03
104620,0.18
104621,0.0
104622,0.13
104623,0.0
104624,0.01
104625,0.21
104626,0.07
104627,0.23
104628,0.02
104629,0.01
104630,0.36
104631,0.21
104632,0.07
104633,0.01
104634,0.05
104635,0.0
104636,0.35
104637,0.08
104638,0.03
104639,0.03
104640,0.09
104641,0.01
104642,0.0
104643,0.0
104644,0.03
104645,0.03
104646,0.02
104647,0.0
104648,0.0
104649,0.03
104650,0.03
104651,0.03
104652,0.05
104653,0.0
104654,0.05
104655,0.01
104656,0.03
104657,0.43
104658,0.0
104659,0.05
104660,0.03
104661,0.01
104662,0.0
104663,0.41
104664,0.01
104665,0.04
104666,0.0
104667,0.04
104668,0.04
104669,0.03
104670,0.04
104671,0.0
104672,0.0
104673,0.06
104674,0.08
104675,0.0
104676,0.14
104677,0.05
104678,0.15
104679,0.0
104680,0.15
104681,0.0
104682,0.11
104683,0.0
104684,0.16
104685,0.02
104686,0.04
104687,0.22
104688,0.0
104689,0.08
104690,0.0
104691,0.05
104692,0.0
104693,0.04
104694,0.03
104695,0.01
104696,0.0
104697,0.0
104698,0.04
104699,0.01
104700,0.03
104701,0.12
104702,0.0
104703,0.0
104704,0.11
104705,0.01
104706,0.01
104707,0.02
104708,0.34
104709,0.0
104710,0.22
104711,0.08
104712,0.01
104713,0.0
104714,0.04
104715,0.08
104716,0.01
104717,0.02
104718,0.02
104719,0.12
104720,0.34
104721,0.1
104722,0.0
104723,0.01
104724,0.0
104725,0.02
104726,0.0
104727,0.09
104728,0.09
104729,0.09
104730,0.0
104731,0.01
104732,0.0
104733,0.0
104734,0.04
104735,0.02
104736,0.01
104737,0.02
104738,0.03
104739,0.01
104740,0.05
104741,0.01
104742,0.02
104743,0.0
104744,0.0
104745,0.13
104746,0.02
104747,0.02
104748,0.0
104749,0.03
104750,0.03
104751,0.09
104752,0.03
104753,0.07
104754,0.03
104755,0.02
104756,0.59
104757,0.03
104758,0.03
104759,0.0
104760,0.06
104761,0.37
104762,0.09
104763,0.09
104764,0.01
104765,0.15
104766,0.0
104767,0.04
104768,0.0
104769,0.63
104770,0.0
104771,0.01
104772,0.03
104773,0.03
104774,0.17
104775,0.0
104776,0.03
104777,0.0
104778,0.14
104779,0.0
104780,0.0
104781,0.0
104782,0.17
104783,0.0
104784,0.03
104785,0.03
104786,0.2
104787,0.02
104788,0.0
104789,0.61
104790,0.02
104791,0.0
104792,0.11
104793,0.01
104794,0.04
104795,0.25
104796,0.0
104797,0.0
104798,0.1
104799,0.04
104800,0.0
104801,0.0
104802,0.06
104803,0.0
104804,0.02
104805,0.26
104806,0.02
104807,0.04
104808,0.0
104809,0.0
104810,0.01
104811,0.05
104812,0.0
104813,0.25
104814,0.0
104815,0.0
104816,0.01
104817,0.03
104818,0.08
104819,0.0
104820,0.12
104821,0.03
104822,0.0
104823,0.36
104824,0.0
104825,0.01
104826,0.01
104827,0.04
104828,0.18
104829,0.0
104830,0.03
104831,0.04
104832,0.32
104833,0.31
104834,0.03
104835,0.0
104836,0.05
104837,0.0
104838,0.01
104839,0.01
104840,0.14
104841,0.18
104842,0.05
104843,0.07
104844,0.2
104845,0.01
104846,0.12
104847,0.0
104848,0.15
104849,0.11
104850,0.0
104851,0.05
104852,0.07
104853,0.0
104854,0.0
104855,0.0
104856,0.0
104857,0.03
104858,0.1
104859,0.02
104860,0.02
104861,0.06
104862,0.08
104863,0.08
104864,0.04
104865,0.03
104866,0.0
104867,0.01
104868,0.02
104869,0.06
104870,0.0
104871,0.02
104872,0.0
104873,0.0
104874,0.11
104875,0.06
104876,0.05
104877,0.03
104878,0.0
104879,0.03
104880,0.04
104881,0.01
104882,0.03
104883,0.04
104884,0.0
104885,0.0
104886,0.03
104887,0.12
104888,0.02
104889,0.0
104890,0.24
104891,0.1
104892,0.0
104893,0.13
104894,0.03
104895,0.02
104896,0.01
104897,0.01
104898,0.0
104899,0.06
104900,0.03
104901,0.06
104902,0.01
104903,0.06
104904,0.11
104905,0.38
104906,0.0
104907,0.02
104908,0.0
104909,0.04
104910,0.0
104911,0.15
104912,0.02
104913,0.07
104914,0.05
104915,0.0
104916,0.0
104917,0.0
104918,0.09
104919,0.02
104920,0.0
104921,0.18
104922,0.0
104923,0.29
104924,0.04
104925,0.09
104926,0.02
104927,0.47
104928,0.0
104929,0.07
104930,0.0
104931,0.01
104932,0.06
104933,0.03
104934,0.21
104935,0.02
104936,0.01
104937,0.01
104938,0.0
104939,0.04
104940,0.0
104941,0.01
104942,0.0
104943,0.03
104944,0.05
104945,0.0
104946,0.01
104947,0.0
104948,0.03
104949,0.03
104950,0.01
104951,0.02
104952,0.22
104953,0.03
104954,0.02
104955,0.01
104956,0.04
104957,0.32
104958,0.01
104959,0.13
104960,0.02
104961,0.0
104962,0.04
104963,0.08
104964,0.0
104965,0.0
104966,0.01
104967,0.03
104968,0.0
104969,0.0
104970,0.04
104971,0.06
104972,0.0
104973,0.0
104974,0.12
104975,0.0
104976,0.0
104977,0.07
104978,0.08
104979,0.02
104980,0.0
104981,0.0
104982,0.02
104983,0.0
104984,0.0
104985,0.05
104986,0.0
104987,0.0
104988,0.0
104989,0.01
104990,0.01
104991,0.0
104992,0.06
104993,0.01
104994,0.07
104995,0.21
104996,0.08
104997,0.03
104998,0.06
104999,0.06
105000,0.03
105001,0.08
105002,0.0
105003,0.08
105004,0.2
105005,0.0
105006,0.03
105007,0.05
105008,0.03
105009,0.05
105010,0.01
105011,0.01
105012,0.0
105013,0.32
105014,0.21
105015,0.66
105016,0.0
105017,0.0
105018,0.02
105019,0.05
105020,0.0
105021,0.0
105022,0.01
105023,0.22
105024,0.3
105025,0.01
105026,0.24
105027,0.0
105028,0.08
105029,0.0
105030,0.0
105031,0.04
105032,0.08
105033,0.64
105034,0.01
105035,0.03
105036,0.0
105037,0.01
105038,0.14
105039,0.12
105040,0.1
105041,0.01
105042,0.45
105043,0.0
105044,0.18
105045,0.01
105046,0.07
105047,0.08
105048,0.04
105049,0.01
105050,0.07
105051,0.28
105052,0.16
105053,0.02
105054,0.02
105055,0.01
105056,0.11
105057,0.25
105058,0.13
105059,0.02
105060,0.0
105061,0.1
105062,0.04
105063,0.0
105064,0.03
105065,0.04
105066,0.0
105067,0.02
105068,0.0
105069,0.01
105070,0.27
105071,0.07
105072,0.5
105073,0.01
105074,0.08
105075,0.0
105076,0.18
105077,0.04
105078,0.0
105079,0.08
105080,0.04
105081,0.03
105082,0.0
105083,0.09
105084,0.01
105085,0.05
105086,0.04
105087,0.06
105088,0.0
105089,0.01
105090,0.0
105091,0.0
105092,0.08
105093,0.02
105094,0.26
105095,0.13
105096,0.0
105097,0.0
105098,0.0
105099,0.2
105100,0.02
105101,0.07
105102,0.15
105103,0.03
105104,0.0
105105,0.03
105106,0.06
105107,0.0
105108,0.13
105109,0.18
105110,0.05
105111,0.0
105112,0.66
105113,0.01
105114,0.13
105115,0.01
105116,0.02
105117,0.0
105118,0.05
105119,0.1
105120,0.01
105121,0.14
105122,0.17
105123,0.04
105124,0.0
105125,0.03
105126,0.4
105127,0.24
105128,0.11
105129,0.01
105130,0.0
105131,0.02
105132,0.05
105133,0.01
105134,0.01
105135,0.02
105136,0.0
105137,0.03
105138,0.01
105139,0.65
105140,0.0
105141,0.18
105142,0.0
105143,0.0
105144,0.09
105145,0.0
105146,0.01
105147,0.0
105148,0.56
105149,0.0
105150,0.06
105151,0.19
105152,0.01
105153,0.04
105154,0.57
105155,0.07
105156,0.02
105157,0.05
105158,0.03
105159,0.1
105160,0.05
105161,0.01
105162,0.07
105163,0.04
105164,0.01
105165,0.24
105166,0.0
105167,0.01
105168,0.13
105169,0.02
105170,0.0
105171,0.03
105172,0.04
105173,0.05
105174,0.0
105175,0.36
105176,0.0
105177,0.04
105178,0.0
105179,0.01
105180,0.02
105181,0.25
105182,0.0
105183,0.01
105184,0.0
105185,0.02
105186,0.0
105187,0.03
105188,0.03
105189,0.01
105190,0.0
105191,0.07
105192,0.19
105193,0.0
105194,0.0
105195,0.0
105196,0.15
105197,0.03
105198,0.18
105199,0.0
105200,0.15
105201,0.45
105202,0.09
105203,0.0
105204,0.29
105205,0.02
105206,0.04
105207,0.0
105208,0.02
105209,0.0
105210,0.0
105211,0.17
105212,0.0
105213,0.0
105214,0.09
105215,0.0
105216,0.05
105217,0.02
105218,0.0
105219,0.42
105220,0.18
105221,0.14
105222,0.35
105223,0.0
105224,0.07
105225,0.0
105226,0.09
105227,0.0
105228,0.03
105229,0.21
105230,0.03
105231,0.0
105232,0.0
105233,0.24
105234,0.0
105235,0.01
105236,0.0
105237,0.02
105238,0.05
105239,0.02
105240,0.01
105241,0.02
105242,0.02
105243,0.34
105244,0.0
105245,0.01
105246,0.0
105247,0.05
105248,0.1
105249,0.0
105250,0.1
105251,0.0
105252,0.03
105253,0.0
105254,0.13
105255,0.0
105256,0.0
105257,0.02
105258,0.0
105259,0.01
105260,0.1
105261,0.06
105262,0.07
105263,0.02
105264,0.02
105265,0.01
105266,0.08
105267,0.19
105268,0.0
105269,0.0
105270,0.02
105271,0.2
105272,0.29
105273,0.08
105274,0.01
105275,0.11
105276,0.0
105277,0.09
105278,0.0
105279,0.0
105280,0.02
105281,0.27
105282,0.04
105283,0.0
105284,0.01
105285,0.0
105286,0.0
105287,0.68
105288,0.03
105289,0.21
105290,0.0
105291,0.2
105292,0.07
105293,0.07
105294,0.36
105295,0.34
105296,0.02
105297,0.22
105298,0.16
105299,0.0
105300,0.75
105301,0.17
105302,0.19
105303,0.0
105304,0.0
105305,0.0
105306,0.08
105307,0.11
105308,0.05
105309,0.0
105310,0.0
105311,0.0
105312,0.06
105313,0.0
105314,0.1
105315,0.01
105316,0.0
105317,0.12
105318,0.06
105319,0.0
105320,0.39
105321,0.06
105322,0.13
105323,0.05
105324,0.0
105325,0.05
105326,0.03
105327,0.02
105328,0.03
105329,0.0
105330,0.09
105331,0.03
105332,0.0
105333,0.02
105334,0.12
105335,0.01
105336,0.0
105337,0.01
105338,0.02
105339,0.02
105340,0.0
105341,0.0
105342,0.17
105343,0.03
105344,0.0
105345,0.0
105346,0.0
105347,0.01
105348,0.02
105349,0.0
105350,0.22
105351,0.12
105352,0.01
105353,0.27
105354,0.03
105355,0.06
105356,0.03
105357,0.0
105358,0.07
105359,0.12
105360,0.0
105361,0.05
105362,0.03
105363,0.0
105364,0.01
105365,0.45
105366,0.02
105367,0.0
105368,0.03
105369,0.02
105370,0.05
105371,0.06
105372,0.02
105373,0.0
105374,0.03
105375,0.01
105376,0.04
105377,0.15
105378,0.03
105379,0.0
105380,0.01
105381,0.01
105382,0.0
105383,0.02
105384,0.03
105385,0.45
105386,0.27
105387,0.02
105388,0.0
105389,0.04
105390,0.01
105391,0.03
105392,0.0
105393,0.02
105394,0.01
105395,0.02
105396,0.06
105397,0.26
105398,0.02
105399,0.06
105400,0.0
105401,0.0
105402,0.0
105403,0.19
105404,0.0
105405,0.0
105406,0.18
105407,0.16
105408,0.01
105409,0.02
105410,0.0
105411,0.0
105412,0.0
105413,0.29
105414,0.06
105415,0.02
105416,0.03
105417,0.02
105418,0.31
105419,0.03
105420,0.07
105421,0.0
105422,0.03
105423,0.14
105424,0.0
105425,0.18
105426,0.65
105427,0.06
105428,0.01
105429,0.04
105430,0.02
105431,0.01
105432,0.01
105433,0.03
105434,0.07
105435,0.02
105436,0.0
105437,0.14
105438,0.04
105439,0.0
105440,0.08
105441,0.4
105442,0.0
105443,0.02
105444,0.03
105445,0.01
105446,0.04
105447,0.05
105448,0.04
105449,0.01
105450,0.0
105451,0.02
105452,0.0
105453,0.01
105454,0.02
105455,0.01
105456,0.0
105457,0.05
105458,0.0
105459,0.06
105460,0.03
105461,0.12
105462,0.0
105463,0.18
105464,0.0
105465,0.01
105466,0.0
105467,0.01
105468,0.02
105469,0.01
105470,0.0
105471,0.01
105472,0.0
105473,0.0
105474,0.0
105475,0.12
105476,0.0
105477,0.01
105478,0.03
105479,0.17
105480,0.02
105481,0.1
105482,0.04
105483,0.01
105484,0.0
105485,0.01
105486,0.0
105487,0.03
105488,0.06
105489,0.03
105490,0.03
105491,0.04
105492,0.04
105493,0.0
105494,0.37
105495,0.05
105496,0.43
105497,0.01
105498,0.02
105499,0.02
105500,0.02
105501,0.0
105502,0.0
105503,0.27
105504,0.03
105505,0.01
105506,0.25
105507,0.01
105508,0.17
105509,0.03
105510,0.0
105511,0.0
105512,0.04
105513,0.03
105514,0.0
105515,0.02
105516,0.0
105517,0.0
105518,0.02
105519,0.0
105520,0.0
105521,0.02
105522,0.03
105523,0.0
105524,0.0
105525,0.28
105526,0.0
105527,0.01
105528,0.01
105529,0.01
105530,0.18
105531,0.36
105532,0.03
105533,0.01
105534,0.04
105535,0.1
105536,0.01
105537,0.31
105538,0.0
105539,0.11
105540,0.0
105541,0.12
105542,0.0
105543,0.0
105544,0.0
105545,0.01
105546,0.0
105547,0.24
105548,0.19
105549,0.12
105550,0.47
105551,0.0
105552,0.0
105553,0.02
105554,0.0
105555,0.0
105556,0.0
105557,0.03
105558,0.0
105559,0.02
105560,0.0
105561,0.29
105562,0.0
105563,0.21
105564,0.0
105565,0.24
105566,0.04
105567,0.04
105568,0.0
105569,0.22
105570,0.38
105571,0.14
105572,0.0
105573,0.0
105574,0.0
105575,0.0
105576,0.0
105577,0.0
105578,0.01
105579,0.15
105580,0.01
105581,0.0
105582,0.0
105583,0.0
105584,0.04
105585,0.0
105586,0.08
105587,0.08
105588,0.03
105589,0.0
105590,0.09
105591,0.04
105592,0.04
105593,0.02
105594,0.03
105595,0.01
105596,0.0
105597,0.04
105598,0.26
105599,0.01
105600,0.03
105601,0.13
105602,0.0
105603,0.03
105604,0.0
105605,0.06
105606,0.01
105607,0.12
105608,0.04
105609,0.01
105610,0.0
105611,0.03
105612,0.01
105613,0.0
105614,0.08
105615,0.41
105616,0.02
105617,0.02
105618,0.01
105619,0.01
105620,0.0
105621,0.05
105622,0.07
105623,0.19
105624,0.0
105625,0.01
105626,0.06
105627,0.0
105628,0.0
105629,0.07
105630,0.23
105631,0.03
105632,0.01
105633,0.0
105634,0.58
105635,0.0
105636,0.05
105637,0.07
105638,0.0
105639,0.34
105640,0.24
105641,0.39
105642,0.17
105643,0.08
105644,0.0
105645,0.0
105646,0.04
105647,0.08
105648,0.06
105649,0.0
105650,0.03
105651,0.02
105652,0.02
105653,0.4
105654,0.1
105655,0.0
105656,0.0
105657,0.21
105658,0.04
105659,0.11
105660,0.01
105661,0.01
105662,0.0
105663,0.0
105664,0.07
105665,0.05
105666,0.15
105667,0.0
105668,0.01
105669,0.02
105670,0.32
105671,0.15
105672,0.49
105673,0.05
105674,0.32
105675,0.26
105676,0.0
105677,0.12
105678,0.03
105679,0.02
105680,0.0
105681,0.02
105682,0.14
105683,0.06
105684,0.17
105685,0.03
105686,0.0
105687,0.56
105688,0.0
105689,0.06
105690,0.04
105691,0.14
105692,0.05
105693,0.0
105694,0.14
105695,0.01
105696,0.0
105697,0.01
105698,0.01
105699,0.0
105700,0.11
105701,0.0
105702,0.78
105703,0.0
105704,0.0
105705,0.0
105706,0.12
105707,0.34
105708,0.0
105709,0.02
105710,0.16
105711,0.03
105712,0.09
105713,0.0
105714,0.02
105715,0.01
105716,0.06
105717,0.45
105718,0.0
105719,0.07
105720,0.0
105721,0.2
105722,0.02
105723,0.18
105724,0.28
105725,0.02
105726,0.03
105727,0.29
105728,0.09
105729,0.12
105730,0.02
105731,0.07
105732,0.25
105733,0.01
105734,0.02
105735,0.0
105736,0.23
105737,0.11
105738,0.0
105739,0.12
105740,0.36
105741,0.11
105742,0.0
105743,0.0
105744,0.0
105745,0.5
105746,0.0
105747,0.01
105748,0.0
105749,0.05
105750,0.05
105751,0.0
105752,0.0
105753,0.02
105754,0.0
105755,0.02
105756,0.0
105757,0.0
105758,0.03
105759,0.03
105760,0.0
105761,0.09
105762,0.06
105763,0.06
105764,0.01
105765,0.03
105766,0.0
105767,0.0
105768,0.25
105769,0.03
105770,0.0
105771,0.07
105772,0.01
105773,0.26
105774,0.16
105775,0.01
105776,0.0
105777,0.0
105778,0.01
105779,0.17
105780,0.0
105781,0.08
105782,0.0
105783,0.03
105784,0.01
105785,0.03
105786,0.03
105787,0.01
105788,0.01
105789,0.0
105790,0.07
105791,0.01
105792,0.07
105793,0.0
105794,0.05
105795,0.22
105796,0.0
105797,0.27
105798,0.0
105799,0.0
105800,0.03
105801,0.03
105802,0.01
105803,0.08
105804,0.14
105805,0.01
105806,0.06
105807,0.01
105808,0.02
105809,0.04
105810,0.08
105811,0.25
105812,0.0
105813,0.21
105814,0.08
105815,0.07
105816,0.01
105817,0.0
105818,0.05
105819,0.0
105820,0.06
105821,0.05
105822,0.0
105823,0.09
105824,0.02
105825,0.03
105826,0.05
105827,0.01
105828,0.02
105829,0.09
105830,0.0
105831,0.11
105832,0.19
105833,0.0
105834,0.0
105835,0.01
105836,0.0
105837,0.15
105838,0.0
105839,0.02
105840,0.01
105841,0.01
105842,0.03
105843,0.01
105844,0.0
105845,0.01
105846,0.0
105847,0.01
105848,0.01
105849,0.01
105850,0.0
105851,0.03
105852,0.29
105853,0.01
105854,0.18
105855,0.0
105856,0.02
105857,0.0
105858,0.04
105859,0.2
105860,0.06
105861,0.05
105862,0.03
105863,0.24
105864,0.15
105865,0.0
105866,0.06
105867,0.02
105868,0.24
105869,0.0
105870,0.01
105871,0.01
105872,0.1
105873,0.02
105874,0.27
105875,0.0
105876,0.0
105877,0.0
105878,0.12
105879,0.01
105880,0.28
105881,0.0
105882,0.01
105883,0.14
105884,0.0
105885,0.01
105886,0.0
105887,0.05
105888,0.06
105889,0.02
105890,0.02
105891,0.1
105892,0.05
105893,0.02
105894,0.14
105895,0.03
105896,0.02
105897,0.85
105898,0.01
105899,0.09
105900,0.05
105901,0.0
105902,0.0
105903,0.03
105904,0.02
105905,0.0
105906,0.04
105907,0.06
105908,0.26
105909,0.02
105910,0.0
105911,0.1
105912,0.07
105913,0.0
105914,0.19
105915,0.02
105916,0.74
105917,0.29
105918,0.0
105919,0.2
105920,0.36
105921,0.0
105922,0.19
105923,0.19
105924,0.03
105925,0.03
105926,0.31
105927,0.01
105928,0.0
105929,0.02
105930,0.28
105931,0.3
105932,0.0
105933,0.02
105934,0.01
105935,0.0
105936,0.08
105937,0.29
105938,0.04
105939,0.13
105940,0.04
105941,0.05
105942,0.01
105943,0.06
105944,0.0
105945,0.06
105946,0.04
105947,0.0
105948,0.09
105949,0.0
105950,0.01
105951,0.05
105952,0.08
105953,0.0
105954,0.01
105955,0.01
105956,0.08
105957,0.53
105958,0.1
105959,0.0
105960,0.01
105961,0.06
105962,0.29
105963,0.08
105964,0.33
105965,0.03
105966,0.02
105967,0.07
105968,0.21
105969,0.0
105970,0.0
105971,0.35
105972,0.04
105973,0.0
105974,0.04
105975,0.14
105976,0.0
105977,0.05
105978,0.0
105979,0.05
105980,0.04
105981,0.52
105982,0.15
105983,0.0
105984,0.17
105985,0.2
105986,0.01
105987,0.0
105988,0.0
105989,0.0
105990,0.03
105991,0.0
105992,0.01
105993,0.11
105994,0.07
105995,0.0
105996,0.03
105997,0.17
105998,0.0
105999,0.05
106000,0.04
106001,0.0
106002,0.04
106003,0.0
106004,0.0
106005,0.11
106006,0.1
106007,0.21
106008,0.0
106009,0.0
106010,0.04
106011,0.01
106012,0.0
106013,0.67
106014,0.61
106015,0.28
106016,0.04
106017,0.0
106018,0.0
106019,0.0
106020,0.01
106021,0.04
106022,0.19
106023,0.0
106024,0.38
106025,0.03
106026,0.59
106027,0.03
106028,0.0
106029,0.02
106030,0.32
106031,0.0
106032,0.0
106033,0.1
106034,0.11
106035,0.08
106036,0.1
106037,0.03
106038,0.19
106039,0.02
106040,0.05
106041,0.1
106042,0.0
106043,0.1
106044,0.05
106045,0.11
106046,0.04
106047,0.0
106048,0.0
106049,0.0
106050,0.01
106051,0.14
106052,0.02
106053,0.03
106054,0.01
106055,0.01
106056,0.0
106057,0.12
106058,0.45
106059,0.08
106060,0.01
106061,0.01
106062,0.0
106063,0.05
106064,0.31
106065,0.13
106066,0.01
106067,0.59
106068,0.02
106069,0.02
106070,0.01
106071,0.07
106072,0.06
106073,0.0
106074,0.0
106075,0.11
106076,0.11
106077,0.02
106078,0.0
106079,0.09
106080,0.13
106081,0.0
106082,0.02
106083,0.68
106084,0.0
106085,0.07
106086,0.02
106087,0.12
106088,0.0
106089,0.02
106090,0.37
106091,0.04
106092,0.03
106093,0.0
106094,0.03
106095,0.05
106096,0.0
106097,0.0
106098,0.29
106099,0.0
106100,0.01
106101,0.16
106102,0.01
106103,0.02
106104,0.02
106105,0.02
106106,0.03
106107,0.01
106108,0.01
106109,0.05
106110,0.06
106111,0.01
106112,0.0
106113,0.06
106114,0.14
106115,0.0
106116,0.0
106117,0.33
106118,0.0
106119,0.01
106120,0.27
106121,0.0
106122,0.0
106123,0.0
106124,0.04
106125,0.0
106126,0.26
106127,0.11
106128,0.37
106129,0.09
106130,0.0
106131,0.01
106132,0.0
106133,0.01
106134,0.0
106135,0.0
106136,0.0
106137,0.04
106138,0.01
106139,0.01
106140,0.07
106141,0.03
106142,0.0
106143,0.03
106144,0.04
106145,0.0
106146,0.0
106147,0.01
106148,0.01
106149,0.06
106150,0.12
106151,0.01
106152,0.03
106153,0.12
106154,0.08
106155,0.57
106156,0.02
106157,0.0
106158,0.0
106159,0.0
106160,0.02
106161,0.0
106162,0.01
106163,0.1
106164,0.22
106165,0.35
106166,0.0
106167,0.04
106168,0.05
106169,0.0
106170,0.05
106171,0.1
106172,0.03
106173,0.05
106174,0.11
106175,0.03
106176,0.0
106177,0.01
106178,0.06
106179,0.0
106180,0.01
106181,0.0
106182,0.01
106183,0.01
106184,0.02
106185,0.08
106186,0.1
106187,0.0
106188,0.02
106189,0.03
106190,0.0
106191,0.01
106192,0.72
106193,0.05
106194,0.0
106195,0.28
106196,0.01
106197,0.03
106198,0.01
106199,0.0
106200,0.0
106201,0.01
106202,0.0
106203,0.0
106204,0.41
106205,0.01
106206,0.41
106207,0.0
106208,0.0
106209,0.0
106210,0.01
106211,0.52
106212,0.09
106213,0.05
106214,0.01
106215,0.02
106216,0.0
106217,0.02
106218,0.0
106219,0.05
106220,0.11
106221,0.01
106222,0.0
106223,0.0
106224,0.19
106225,0.0
106226,0.02
106227,0.03
106228,0.02
106229,0.0
106230,0.01
106231,0.14
106232,0.03
106233,0.01
106234,0.22
106235,0.05
106236,0.0
106237,0.0
106238,0.09
106239,0.03
106240,0.02
106241,0.0
106242,0.01
106243,0.03
106244,0.06
106245,0.0
106246,0.0
106247,0.27
106248,0.1
106249,0.05
106250,0.12
106251,0.06
106252,0.08
106253,0.4
106254,0.04
106255,0.02
106256,0.11
106257,0.0
106258,0.02
106259,0.0
106260,0.0
106261,0.0
106262,0.58
106263,0.0
106264,0.01
106265,0.0
106266,0.09
106267,0.03
106268,0.05
106269,0.59
106270,0.2
106271,0.11
106272,0.0
106273,0.01
106274,0.0
106275,0.08
106276,0.58
106277,0.05
106278,0.02
106279,0.0
106280,0.01
106281,0.19
106282,0.0
106283,0.0
106284,0.25
106285,0.62
106286,0.3
106287,0.0
106288,0.0
106289,0.0
106290,0.35
106291,0.0
106292,0.0
106293,0.18
106294,0.5
106295,0.0
106296,0.08
106297,0.34
106298,0.02
106299,0.0
106300,0.13
106301,0.0
106302,0.24
106303,0.0
106304,0.02
106305,0.0
106306,0.0
106307,0.17
106308,0.01
106309,0.04
106310,0.01
106311,0.12
106312,0.0
106313,0.24
106314,0.02
106315,0.29
106316,0.17
106317,0.32
106318,0.12
106319,0.0
106320,0.01
106321,0.13
106322,0.1
106323,0.1
106324,0.0
106325,0.17
106326,0.04
106327,0.0
106328,0.58
106329,0.0
106330,0.0
106331,0.28
106332,0.02
106333,0.14
106334,0.0
106335,0.0
106336,0.01
106337,0.07
106338,0.0
106339,0.52
106340,0.0
106341,0.06
106342,0.0
106343,0.0
106344,0.01
106345,0.0
106346,0.0
106347,0.04
106348,0.0
106349,0.0
106350,0.0
106351,0.02
106352,0.23
106353,0.0
106354,0.0
106355,0.07
106356,0.14
106357,0.08
106358,0.02
106359,0.17
106360,0.04
106361,0.17
106362,0.0
106363,0.13
106364,0.09
106365,0.01
106366,0.0
106367,0.0
106368,0.01
106369,0.01
106370,0.0
106371,0.01
106372,0.06
106373,0.06
106374,0.01
106375,0.02
106376,0.05
106377,0.08
106378,0.08
106379,0.05
106380,0.42
106381,0.31
106382,0.02
106383,0.05
106384,0.39
106385,0.22
106386,0.08
106387,0.0
106388,0.06
106389,0.0
106390,0.21
106391,0.02
106392,0.03
106393,0.0
106394,0.05
106395,0.24
106396,0.02
106397,0.01
106398,0.29
106399,0.02
106400,0.02
106401,0.01
106402,0.01
106403,0.16
106404,0.01
106405,0.01
106406,0.17
106407,0.0
106408,0.0
106409,0.0
106410,0.13
106411,0.31
106412,0.0
106413,0.16
106414,0.06
106415,0.1
106416,0.13
106417,0.0
106418,0.0
106419,0.01
106420,0.05
106421,0.15
106422,0.0
106423,0.1
106424,0.02
106425,0.0
106426,0.0
106427,0.03
106428,0.01
106429,0.0
106430,0.1
106431,0.06
106432,0.03
106433,0.01
106434,0.33
106435,0.03
106436,0.06
106437,0.02
106438,0.02
106439,0.03
106440,0.02
106441,0.03
106442,0.01
106443,0.0
106444,0.03
106445,0.04
106446,0.0
106447,0.15
106448,0.06
106449,0.0
106450,0.01
106451,0.1
106452,0.09
106453,0.03
106454,0.0
106455,0.02
106456,0.02
106457,0.12
106458,0.0
106459,0.06
106460,0.15
106461,0.01
106462,0.05
106463,0.09
106464,0.0
106465,0.06
106466,0.03
106467,0.0
106468,0.03
106469,0.13
106470,0.11
106471,0.01
106472,0.0
106473,0.19
106474,0.11
106475,0.04
106476,0.02
106477,0.0
106478,0.01
106479,0.05
106480,0.06
106481,0.04
106482,0.01
106483,0.1
106484,0.74
106485,0.03
106486,0.34
106487,0.0
106488,0.01
106489,0.03
106490,0.06
106491,0.04
106492,0.0
106493,0.0
106494,0.09
106495,0.05
106496,0.0
106497,0.03
106498,0.01
106499,0.0
106500,0.19
106501,0.01
106502,0.27
106503,0.04
106504,0.09
106505,0.0
106506,0.0
106507,0.04
106508,0.05
106509,0.0
106510,0.15
106511,0.0
106512,0.09
106513,0.0
106514,0.0
106515,0.03
106516,0.05
106517,0.35
106518,0.03
106519,0.02
106520,0.1
106521,0.0
106522,0.0
106523,0.19
106524,0.0
106525,0.0
106526,0.0
106527,0.0
106528,0.25
106529,0.04
106530,0.02
106531,0.05
106532,0.0
106533,0.14
106534,0.0
106535,0.01
106536,0.0
106537,0.0
106538,0.02
106539,0.0
106540,0.01
106541,0.29
106542,0.02
106543,0.03
106544,0.0
106545,0.0
106546,0.01
106547,0.26
106548,0.05
106549,0.14
106550,0.0
106551,0.04
106552,0.04
106553,0.1
106554,0.24
106555,0.5
106556,0.0
106557,0.0
106558,0.01
106559,0.01
106560,0.11
106561,0.02
106562,0.05
106563,0.33
106564,0.02
106565,0.03
106566,0.0
106567,0.04
106568,0.02
106569,0.03
106570,0.37
106571,0.13
106572,0.04
106573,0.02
106574,0.0
106575,0.06
106576,0.01
106577,0.0
106578,0.0
106579,0.03
106580,0.12
106581,0.0
106582,0.01
106583,0.0
106584,0.0
106585,0.0
106586,0.11
106587,0.0
106588,0.0
106589,0.1
106590,0.0
106591,0.0
106592,0.1
106593,0.0
106594,0.0
106595,0.01
106596,0.04
106597,0.16
106598,0.0
106599,0.42
106600,0.11
106601,0.03
106602,0.0
106603,0.1
106604,0.04
106605,0.0
106606,0.34
106607,0.05
106608,0.17
106609,0.0
106610,0.11
106611,0.03
106612,0.07
106613,0.15
106614,0.01
106615,0.0
106616,0.16
106617,0.0
106618,0.0
106619,0.0
106620,0.04
106621,0.01
106622,0.0
106623,0.0
106624,0.64
106625,0.6
106626,0.27
106627,0.0
106628,0.01
106629,0.02
106630,0.44
106631,0.08
106632,0.04
106633,0.52
106634,0.14
106635,0.01
106636,0.01
106637,0.34
106638,0.01
106639,0.02
106640,0.01
106641,0.29
106642,0.14
106643,0.0
106644,0.41
106645,0.03
106646,0.13
106647,0.18
106648,0.05
106649,0.04
106650,0.35
106651,0.05
106652,0.12
106653,0.01
106654,0.01
106655,0.06
106656,0.0
106657,0.03
106658,0.04
106659,0.16
106660,0.04
106661,0.02
106662,0.0
106663,0.02
106664,0.08
106665,0.02
106666,0.01
106667,0.0
106668,0.38
106669,0.05
106670,0.01
106671,0.04
106672,0.03
106673,0.07
106674,0.03
106675,0.04
106676,0.01
106677,0.02
106678,0.06
106679,0.05
106680,0.04
106681,0.32
106682,0.05
106683,0.08
106684,0.01
106685,0.07
106686,0.01
106687,0.01
106688,0.0
106689,0.35
106690,0.11
106691,0.02
106692,0.0
106693,0.0
106694,0.14
106695,0.0
106696,0.02
106697,0.0
106698,0.0
106699,0.01
106700,0.05
106701,0.02
106702,0.01
106703,0.02
106704,0.03
106705,0.01
106706,0.0
106707,0.23
106708,0.0
106709,0.02
106710,0.03
106711,0.09
106712,0.05
106713,0.0
106714,0.12
106715,0.0
106716,0.05
106717,0.05
106718,0.32
106719,0.1
106720,0.94
106721,0.01
106722,0.09
106723,0.05
106724,0.0
106725,0.29
106726,0.0
106727,0.03
106728,0.06
106729,0.15
106730,0.6
106731,0.0
106732,0.0
106733,0.03
106734,0.1
106735,0.14
106736,0.12
106737,0.35
106738,0.03
106739,0.07
106740,0.32
106741,0.0
106742,0.01
106743,0.0
106744,0.0
106745,0.0
106746,0.0
106747,0.01
106748,0.01
106749,0.44
106750,0.17
106751,0.03
106752,0.0
106753,0.03
106754,0.17
106755,0.0
106756,0.01
106757,0.0
106758,0.0
106759,0.04
106760,0.19
106761,0.04
106762,0.57
106763,0.37
106764,0.01
106765,0.18
106766,0.17
106767,0.01
106768,0.0
106769,0.02
106770,0.07
106771,0.0
106772,0.02
106773,0.06
106774,0.08
106775,0.02
106776,0.45
106777,0.01
106778,0.09
106779,0.29
106780,0.53
106781,0.0
106782,0.11
106783,0.11
106784,0.01
106785,0.21
106786,0.0
106787,0.12
106788,0.02
106789,0.03
106790,0.34
106791,0.0
106792,0.0
106793,0.01
106794,0.01
106795,0.0
106796,0.0
106797,0.38
106798,0.02
106799,0.0
106800,0.05
106801,0.08
106802,0.0
106803,0.01
106804,0.0
106805,0.01
106806,0.14
106807,0.02
106808,0.19
106809,0.02
106810,0.01
106811,0.0
106812,0.01
106813,0.13
106814,0.0
106815,0.01
106816,0.08
106817,0.0
106818,0.05
106819,0.01
106820,0.0
106821,0.62
106822,0.25
106823,0.01
106824,0.0
106825,0.06
106826,0.2
106827,0.0
106828,0.0
106829,0.0
106830,0.02
106831,0.03
106832,0.02
106833,0.0
106834,0.0
106835,0.0
106836,0.05
106837,0.33
106838,0.0
106839,0.0
106840,0.01
106841,0.25
106842,0.0
106843,0.28
106844,0.0
106845,0.07
106846,0.04
106847,0.53
106848,0.0
106849,0.01
106850,0.0
106851,0.06
106852,0.0
106853,0.0
106854,0.0
106855,0.01
106856,0.02
106857,0.2
106858,0.01
106859,0.05
106860,0.0
106861,0.17
106862,0.02
106863,0.0
106864,0.05
106865,0.07
106866,0.05
106867,0.06
106868,0.02
106869,0.0
106870,0.02
106871,0.0
106872,0.0
106873,0.0
106874,0.19
106875,0.03
106876,0.01
106877,0.22
106878,0.0
106879,0.29
106880,0.08
106881,0.16
106882,0.01
106883,0.02
106884,0.05
106885,0.06
106886,0.02
106887,0.14
106888,0.0
106889,0.06
106890,0.02
106891,0.03
106892,0.28
106893,0.23
106894,0.04
106895,0.32
106896,0.0
106897,0.47
106898,0.0
106899,0.0
106900,0.06
106901,0.1
106902,0.05
106903,0.18
106904,0.04
106905,0.01
106906,0.01
106907,0.0
106908,0.16
106909,0.0
106910,0.04
106911,0.17
106912,0.0
106913,0.12
106914,0.0
106915,0.01
106916,0.12
106917,0.0
106918,0.02
106919,0.03
106920,0.0
106921,0.0
106922,0.09
106923,0.05
106924,0.01
106925,0.07
106926,0.08
106927,0.0
106928,0.13
106929,0.03
106930,0.04
106931,0.01
106932,0.03
106933,0.0
106934,0.02
106935,0.0
106936,0.03
106937,0.16
106938,0.02
106939,0.02
106940,0.01
106941,0.06
106942,0.01
106943,0.03
106944,0.03
106945,0.0
106946,0.02
106947,0.01
106948,0.0
106949,0.58
106950,0.05
106951,0.02
106952,0.0
106953,0.01
106954,0.02
106955,0.04
106956,0.0
106957,0.1
106958,0.0
106959,0.03
106960,0.02
106961,0.0
106962,0.01
106963,0.01
106964,0.02
106965,0.1
106966,0.1
106967,0.03
106968,0.0
106969,0.05
106970,0.01
106971,0.03
106972,0.27
106973,0.0
106974,0.01
106975,0.0
106976,0.01
106977,0.15
106978,0.0
106979,0.0
106980,0.0
106981,0.03
106982,0.0
106983,0.05
106984,0.09
106985,0.03
106986,0.0
106987,0.0
106988,0.01
106989,0.0
106990,0.08
106991,0.06
106992,0.0
106993,0.0
106994,0.0
106995,0.0
106996,0.06
106997,0.05
106998,0.02
106999,0.07
107000,0.02
107001,0.0
107002,0.07
107003,0.01
107004,0.03
107005,0.0
107006,0.0
107007,0.0
107008,0.0
107009,0.0
107010,0.2
107011,0.0
107012,0.02
107013,0.13
107014,0.0
107015,0.2
107016,0.0
107017,0.04
107018,0.01
107019,0.08
107020,0.0
107021,0.47
107022,0.01
107023,0.01
107024,0.01
107025,0.03
107026,0.02
107027,0.48
107028,0.03
107029,0.01
107030,0.0
107031,0.0
107032,0.06
107033,0.01
107034,0.02
107035,0.01
107036,0.01
107037,0.04
107038,0.2
107039,0.0
107040,0.0
107041,0.0
107042,0.18
107043,0.12
107044,0.06
107045,0.01
107046,0.01
107047,0.01
107048,0.0
107049,0.03
107050,0.02
107051,0.07
107052,0.01
107053,0.02
107054,0.0
107055,0.02
107056,0.49
107057,0.0
107058,0.0
107059,0.0
107060,0.01
107061,0.0
107062,0.02
107063,0.03
107064,0.08
107065,0.0
107066,0.0
107067,0.02
107068,0.0
107069,0.0
107070,0.0
107071,0.43
107072,0.03
107073,0.0
107074,0.02
107075,0.1
107076,0.01
107077,0.0
107078,0.11
107079,0.23
107080,0.0
107081,0.03
107082,0.0
107083,0.0
107084,0.03
107085,0.05
107086,0.0
107087,0.02
107088,0.64
107089,0.0
107090,0.02
107091,0.12
107092,0.18
107093,0.0
107094,0.01
107095,0.67
107096,0.0
107097,0.14
107098,0.08
107099,0.02
107100,0.01
107101,0.02
107102,0.0
107103,0.09
107104,0.02
107105,0.01
107106,0.0
107107,0.33
107108,0.0
107109,0.12
107110,0.02
107111,0.01
107112,0.07
107113,0.17
107114,0.26
107115,0.02
107116,0.0
107117,0.06
107118,0.06
107119,0.0
107120,0.09
107121,0.06
107122,0.09
107123,0.01
107124,0.04
107125,0.02
107126,0.03
107127,0.01
107128,0.12
107129,0.0
107130,0.14
107131,0.01
107132,0.0
107133,0.05
107134,0.01
107135,0.0
107136,0.0
107137,0.05
107138,0.0
107139,0.0
107140,0.04
107141,0.01
107142,0.0
107143,0.0
107144,0.0
107145,0.03
107146,0.21
107147,0.0
107148,0.08
107149,0.15
107150,0.01
107151,0.0
107152,0.04
107153,0.01
107154,0.03
107155,0.03
107156,0.01
107157,0.08
107158,0.0
107159,0.53
107160,0.06
107161,0.02
107162,0.01
107163,0.0
107164,0.02
107165,0.06
107166,0.01
107167,0.04
107168,0.41
107169,0.01
107170,0.04
107171,0.06
107172,0.34
107173,0.05
107174,0.29
107175,0.06
107176,0.07
107177,0.18
107178,0.01
107179,0.01
107180,0.55
107181,0.03
107182,0.06
107183,0.44
107184,0.0
107185,0.0
107186,0.0
107187,0.01
107188,0.03
107189,0.01
107190,0.01
107191,0.0
107192,0.03
107193,0.49
107194,0.15
107195,0.61
107196,0.22
107197,0.03
107198,0.01
107199,0.01
107200,0.01
107201,0.06
107202,0.18
107203,0.17
107204,0.02
107205,0.0
107206,0.0
107207,0.03
107208,0.0
107209,0.0
107210,0.01
107211,0.21
107212,0.02
107213,0.3
107214,0.06
107215,0.1
107216,0.0
107217,0.0
107218,0.0
107219,0.07
107220,0.02
107221,0.0
107222,0.0
107223,0.01
107224,0.01
107225,0.0
107226,0.14
107227,0.02
107228,0.1
107229,0.02
107230,0.34
107231,0.06
107232,0.02
107233,0.67
107234,0.01
107235,0.08
107236,0.05
107237,0.18
107238,0.1
107239,0.0
107240,0.0
107241,0.01
107242,0.1
107243,0.2
107244,0.0
107245,0.01
107246,0.04
107247,0.28
107248,0.0
107249,0.02
107250,0.14
107251,0.31
107252,0.01
107253,0.1
107254,0.0
107255,0.0
107256,0.06
107257,0.0
107258,0.0
107259,0.0
107260,0.01
107261,0.0
107262,0.02
107263,0.05
107264,0.0
107265,0.0
107266,0.02
107267,0.02
107268,0.01
107269,0.15
107270,0.0
107271,0.01
107272,0.36
107273,0.05
107274,0.04
107275,0.0
107276,0.03
107277,0.11
107278,0.22
107279,0.0
107280,0.15
107281,0.01
107282,0.03
107283,0.1
107284,0.07
107285,0.03
107286,0.45
107287,0.02
107288,0.0
107289,0.04
107290,0.01
107291,0.0
107292,0.1
107293,0.09
107294,0.0
107295,0.06
107296,0.0
107297,0.01
107298,0.08
107299,0.14
107300,0.04
107301,0.21
107302,0.0
107303,0.0
107304,0.0
107305,0.01
107306,0.37
107307,0.0
107308,0.07
107309,0.0
107310,0.01
107311,0.09
107312,0.02
107313,0.0
107314,0.0
107315,0.01
107316,0.13
107317,0.0
107318,0.0
107319,0.01
107320,0.11
107321,0.0
107322,0.02
107323,0.0
107324,0.01
107325,0.01
107326,0.04
107327,0.05
107328,0.01
107329,0.09
107330,0.22
107331,0.01
107332,0.01
107333,0.08
107334,0.02
107335,0.0
107336,0.0
107337,0.35
107338,0.0
107339,0.0
107340,0.04
107341,0.02
107342,0.14
107343,0.01
107344,0.57
107345,0.33
107346,0.0
107347,0.08
107348,0.04
107349,0.01
107350,0.0
107351,0.01
107352,0.21
107353,0.01
107354,0.01
107355,0.03
107356,0.0
107357,0.0
107358,0.06
107359,0.01
107360,0.21
107361,0.0
107362,0.05
107363,0.01
107364,0.03
107365,0.05
107366,0.05
107367,0.0
107368,0.0
107369,0.0
107370,0.0
107371,0.01
107372,0.03
107373,0.33
107374,0.08
107375,0.12
107376,0.01
107377,0.17
107378,0.0
107379,0.0
107380,0.03
107381,0.0
107382,0.0
107383,0.02
107384,0.59
107385,0.01
107386,0.01
107387,0.02
107388,0.11
107389,0.34
107390,0.09
107391,0.07
107392,0.42
107393,0.07
107394,0.04
107395,0.02
107396,0.0
107397,0.36
107398,0.47
107399,0.03
107400,0.09
107401,0.0
107402,0.67
107403,0.0
107404,0.07
107405,0.07
107406,0.0
107407,0.13
107408,0.01
107409,0.04
107410,0.04
107411,0.0
107412,0.13
107413,0.02
107414,0.04
107415,0.03
107416,0.01
107417,0.0
107418,0.13
107419,0.01
107420,0.0
107421,0.21
107422,0.0
107423,0.0
107424,0.01
107425,0.01
107426,0.1
107427,0.02
107428,0.01
107429,0.02
107430,0.0
107431,0.0
107432,0.01
107433,0.02
107434,0.37
107435,0.0
107436,0.01
107437,0.01
107438,0.02
107439,0.01
107440,0.0
107441,0.01
107442,0.05
107443,0.05
107444,0.14
107445,0.02
107446,0.03
107447,0.2
107448,0.02
107449,0.02
107450,0.07
107451,0.0
107452,0.07
107453,0.02
107454,0.0
107455,0.01
107456,0.0
107457,0.0
107458,0.02
107459,0.01
107460,0.0
107461,0.02
107462,0.03
107463,0.06
107464,0.22
107465,0.26
107466,0.02
107467,0.12
107468,0.02
107469,0.0
107470,0.07
107471,0.63
107472,0.0
107473,0.0
107474,0.37
107475,0.11
107476,0.0
107477,0.0
107478,0.53
107479,0.49
107480,0.0
107481,0.0
107482,0.24
107483,0.05
107484,0.02
107485,0.03
107486,0.01
107487,0.02
107488,0.08
107489,0.0
107490,0.01
107491,0.39
107492,0.0
107493,0.0
107494,0.0
107495,0.0
107496,0.09
107497,0.0
107498,0.0
107499,0.09
107500,0.0
107501,0.16
107502,0.03
107503,0.46
107504,0.29
107505,0.01
107506,0.02
107507,0.17
107508,0.0
107509,0.01
107510,0.0
107511,0.0
107512,0.01
107513,0.03
107514,0.0
107515,0.0
107516,0.0
107517,0.0
107518,0.0
107519,0.0
107520,0.01
107521,0.04
107522,0.08
107523,0.0
107524,0.15
107525,0.18
107526,0.16
107527,0.0
107528,0.0
107529,0.01
107530,0.36
107531,0.02
107532,0.01
107533,0.04
107534,0.01
107535,0.03
107536,0.0
107537,0.06
107538,0.02
107539,0.24
107540,0.01
107541,0.0
107542,0.0
107543,0.08
107544,0.0
107545,0.02
107546,0.14
107547,0.17
107548,0.0
107549,0.09
107550,0.1
107551,0.01
107552,0.01
107553,0.71
107554,0.55
107555,0.3
107556,0.01
107557,0.1
107558,0.03
107559,0.0
107560,0.0
107561,0.0
107562,0.77
107563,0.02
107564,0.09
107565,0.52
107566,0.11
107567,0.0
107568,0.08
107569,0.0
107570,0.03
107571,0.03
107572,0.0
107573,0.03
107574,0.0
107575,0.02
107576,0.13
107577,0.28
107578,0.03
107579,0.01
107580,0.09
107581,0.0
107582,0.08
107583,0.0
107584,0.0
107585,0.04
107586,0.03
107587,0.05
107588,0.03
107589,0.0
107590,0.22
107591,0.24
107592,0.0
107593,0.0
107594,0.01
107595,0.0
107596,0.32
107597,0.01
107598,0.03
107599,0.0
107600,0.05
107601,0.01
107602,0.0
107603,0.05
107604,0.0
107605,0.01
107606,0.15
107607,0.0
107608,0.03
107609,0.0
107610,0.0
107611,0.06
107612,0.02
107613,0.08
107614,0.01
107615,0.5
107616,0.0
107617,0.0
107618,0.03
107619,0.02
107620,0.09
107621,0.0
107622,0.05
107623,0.5
107624,0.0
107625,0.03
107626,0.07
107627,0.04
107628,0.01
107629,0.0
107630,0.03
107631,0.09
107632,0.03
107633,0.47
107634,0.09
107635,0.13
107636,0.0
107637,0.0
107638,0.0
107639,0.14
107640,0.01
107641,0.05
107642,0.33
107643,0.01
107644,0.26
107645,0.03
107646,0.0
107647,0.01
107648,0.08
107649,0.15
107650,0.06
107651,0.0
107652,0.09
107653,0.0
107654,0.05
107655,0.0
107656,0.01
107657,0.13
107658,0.0
107659,0.0
107660,0.0
107661,0.04
107662,0.39
107663,0.01
107664,0.0
107665,0.04
107666,0.02
107667,0.0
107668,0.02
107669,0.0
107670,0.03
107671,0.0
107672,0.03
107673,0.06
107674,0.03
107675,0.08
107676,0.1
107677,0.0
107678,0.01
107679,0.64
107680,0.0
107681,0.08
107682,0.02
107683,0.0
107684,0.0
107685,0.01
107686,0.02
107687,0.01
107688,0.06
107689,0.05
107690,0.08
107691,0.35
107692,0.0
107693,0.0
107694,0.01
107695,0.0
107696,0.03
107697,0.02
107698,0.32
107699,0.51
107700,0.26
107701,0.02
107702,0.08
107703,0.02
107704,0.09
107705,0.19
107706,0.54
107707,0.02
107708,0.0
107709,0.0
107710,0.35
107711,0.03
107712,0.01
107713,0.01
107714,0.03
107715,0.08
107716,0.15
107717,0.0
107718,0.0
107719,0.03
107720,0.32
107721,0.0
107722,0.01
107723,0.02
107724,0.01
107725,0.0
107726,0.0
107727,0.0
107728,0.01
107729,0.0
107730,0.01
107731,0.0
107732,0.01
107733,0.03
107734,0.07
107735,0.01
107736,0.0
107737,0.01
107738,0.0
107739,0.02
107740,0.0
107741,0.01
107742,0.09
107743,0.03
107744,0.0
107745,0.26
107746,0.14
107747,0.48
107748,0.0
107749,0.17
107750,0.13
107751,0.0
107752,0.2
107753,0.0
107754,0.0
107755,0.02
107756,0.0
107757,0.04
107758,0.0
107759,0.0
107760,0.03
107761,0.0
107762,0.19
107763,0.16
107764,0.03
107765,0.21
107766,0.12
107767,0.0
107768,0.03
107769,0.0
107770,0.01
107771,0.03
107772,0.0
107773,0.24
107774,0.05
107775,0.01
107776,0.0
107777,0.03
107778,0.01
107779,0.04
107780,0.03
107781,0.1
107782,0.0
107783,0.0
107784,0.01
107785,0.08
107786,0.0
107787,0.22
107788,0.0
107789,0.13
107790,0.0
107791,0.19
107792,0.4
107793,0.19
107794,0.49
107795,0.01
107796,0.54
107797,0.02
107798,0.04
107799,0.01
107800,0.02
107801,0.02
107802,0.0
107803,0.05
107804,0.0
107805,0.0
107806,0.0
107807,0.01
107808,0.0
107809,0.22
107810,0.21
107811,0.0
107812,0.01
107813,0.02
107814,0.03
107815,0.11
107816,0.04
107817,0.65
107818,0.01
107819,0.52
107820,0.05
107821,0.0
107822,0.0
107823,0.07
107824,0.09
107825,0.04
107826,0.0
107827,0.05
107828,0.03
107829,0.0
107830,0.08
107831,0.0
107832,0.0
107833,0.01
107834,0.01
107835,0.03
107836,0.04
107837,0.07
107838,0.13
107839,0.01
107840,0.1
107841,0.04
107842,0.0
107843,0.2
107844,0.49
107845,0.0
107846,0.01
107847,0.01
107848,0.0
107849,0.04
107850,0.0
107851,0.01
107852,0.0
107853,0.0
107854,0.03
107855,0.03
107856,0.01
107857,0.0
107858,0.0
107859,0.09
107860,0.41
107861,0.01
107862,0.04
107863,0.03
107864,0.0
107865,0.09
107866,0.06
107867,0.0
107868,0.05
107869,0.01
107870,0.22
107871,0.0
107872,0.01
107873,0.03
107874,0.0
107875,0.02
107876,0.01
107877,0.01
107878,0.0
107879,0.02
107880,0.05
107881,0.06
107882,0.0
107883,0.0
107884,0.0
107885,0.01
107886,0.03
107887,0.0
107888,0.07
107889,0.01
107890,0.0
107891,0.22
107892,0.01
107893,0.01
107894,0.15
107895,0.03
107896,0.33
107897,0.02
107898,0.05
107899,0.01
107900,0.22
107901,0.01
107902,0.23
107903,0.53
107904,0.0
107905,0.02
107906,0.03
107907,0.03
107908,0.11
107909,0.49
107910,0.03
107911,0.0
107912,0.03
107913,0.0
107914,0.03
107915,0.01
107916,0.02
107917,0.08
107918,0.02
107919,0.02
107920,0.12
107921,0.31
107922,0.0
107923,0.02
107924,0.2
107925,0.0
107926,0.01
107927,0.24
107928,0.01
107929,0.0
107930,0.0
107931,0.04
107932,0.0
107933,0.0
107934,0.04
107935,0.0
107936,0.03
107937,0.01
107938,0.03
107939,0.0
107940,0.25
107941,0.03
107942,0.04
107943,0.03
107944,0.04
107945,0.0
107946,0.0
107947,0.22
107948,0.06
107949,0.07
107950,0.19
107951,0.37
107952,0.03
107953,0.02
107954,0.0
107955,0.4
107956,0.05
107957,0.14
107958,0.05
107959,0.04
107960,0.03
107961,0.08
107962,0.0
107963,0.04
107964,0.01
107965,0.04
107966,0.12
107967,0.01
107968,0.06
107969,0.01
107970,0.0
107971,0.08
107972,0.0
107973,0.02
107974,0.02
107975,0.02
107976,0.0
107977,0.02
107978,0.04
107979,0.05
107980,0.56
107981,0.0
107982,0.04
107983,0.13
107984,0.36
107985,0.1
107986,0.02
107987,0.12
107988,0.01
107989,0.04
107990,0.06
107991,0.0
107992,0.02
107993,0.02
107994,0.14
107995,0.1
107996,0.07
107997,0.02
107998,0.02
107999,0.0
108000,0.03
108001,0.0
108002,0.03
108003,0.02
108004,0.04
108005,0.15
108006,0.03
108007,0.01
108008,0.0
108009,0.0
108010,0.0
108011,0.39
108012,0.01
108013,0.01
108014,0.34
108015,0.0
108016,0.03
108017,0.03
108018,0.02
108019,0.02
108020,0.33
108021,0.0
108022,0.12
108023,0.03
108024,0.25
108025,0.01
108026,0.0
108027,0.08
108028,0.0
108029,0.0
108030,0.1
108031,0.01
108032,0.0
108033,0.01
108034,0.02
108035,0.46
108036,0.16
108037,0.65
108038,0.12
108039,0.03
108040,0.0
108041,0.05
108042,0.0
108043,0.02
108044,0.14
108045,0.0
108046,0.02
108047,0.0
108048,0.06
108049,0.0
108050,0.03
108051,0.03
108052,0.01
108053,0.0
108054,0.0
108055,0.02
108056,0.01
108057,0.0
108058,0.0
108059,0.0
108060,0.03
108061,0.52
108062,0.03
108063,0.28
108064,0.0
108065,0.0
108066,0.05
108067,0.0
108068,0.0
108069,0.2
108070,0.01
108071,0.01
108072,0.04
108073,0.0
108074,0.09
108075,0.0
108076,0.09
108077,0.08
108078,0.0
108079,0.0
108080,0.46
108081,0.31
108082,0.1
108083,0.46
108084,0.05
108085,0.02
108086,0.0
108087,0.03
108088,0.04
108089,0.4
108090,0.04
108091,0.14
108092,0.01
108093,0.0
108094,0.08
108095,0.25
108096,0.0
108097,0.0
108098,0.05
108099,0.03
108100,0.08
108101,0.0
108102,0.0
108103,0.06
108104,0.0
108105,0.01
108106,0.51
108107,0.0
108108,0.0
108109,0.04
108110,0.03
108111,0.01
108112,0.0
108113,0.0
108114,0.02
108115,0.09
108116,0.04
108117,0.11
108118,0.0
108119,0.02
108120,0.07
108121,0.02
108122,0.02
108123,0.01
108124,0.0
108125,0.12
108126,0.12
108127,0.02
108128,0.01
108129,0.08
108130,0.04
108131,0.0
108132,0.0
108133,0.01
108134,0.0
108135,0.01
108136,0.0
108137,0.06
108138,0.01
108139,0.0
108140,0.11
108141,0.17
108142,0.02
108143,0.08
108144,0.0
108145,0.06
108146,0.02
108147,0.13
108148,0.14
108149,0.01
108150,0.08
108151,0.0
108152,0.05
108153,0.07
108154,0.03
108155,0.06
108156,0.0
108157,0.17
108158,0.12
108159,0.01
108160,0.11
108161,0.01
108162,0.01
108163,0.06
108164,0.02
108165,0.1
108166,0.0
108167,0.01
108168,0.17
108169,0.18
108170,0.01
108171,0.0
108172,0.18
108173,0.08
108174,0.0
108175,0.0
108176,0.01
108177,0.02
108178,0.02
108179,0.01
108180,0.05
108181,0.01
108182,0.01
108183,0.05
108184,0.0
108185,0.0
108186,0.04
108187,0.03
108188,0.03
108189,0.02
108190,0.0
108191,0.18
108192,0.0
108193,0.03
108194,0.0
108195,0.0
108196,0.05
108197,0.21
108198,0.0
108199,0.04
108200,0.19
108201,0.06
108202,0.1
108203,0.07
108204,0.01
108205,0.48
108206,0.02
108207,0.04
108208,0.0
108209,0.01
108210,0.02
108211,0.0
108212,0.0
108213,0.0
108214,0.09
108215,0.01
108216,0.72
108217,0.0
108218,0.0
108219,0.04
108220,0.02
108221,0.02
108222,0.0
108223,0.01
108224,0.38
108225,0.0
108226,0.02
108227,0.0
108228,0.0
108229,0.01
108230,0.0
108231,0.0
108232,0.58
108233,0.03
108234,0.11
108235,0.04
108236,0.02
108237,0.12
108238,0.27
108239,0.0
108240,0.02
108241,0.01
108242,0.26
108243,0.01
108244,0.01
108245,0.01
108246,0.03
108247,0.0
108248,0.02
108249,0.45
108250,0.0
108251,0.31
108252,0.03
108253,0.01
108254,0.14
108255,0.1
108256,0.0
108257,0.01
108258,0.12
108259,0.03
108260,0.05
108261,0.0
108262,0.02
108263,0.03
108264,0.01
108265,0.04
108266,0.13
108267,0.01
108268,0.1
108269,0.01
108270,0.03
108271,0.01
108272,0.12
108273,0.53
108274,0.1
108275,0.12
108276,0.02
108277,0.03
108278,0.0
108279,0.1
108280,0.03
108281,0.03
108282,0.02
108283,0.01
108284,0.56
108285,0.02
108286,0.0
108287,0.01
108288,0.0
108289,0.05
108290,0.0
108291,0.0
108292,0.15
108293,0.47
108294,0.01
108295,0.01
108296,0.0
108297,0.01
108298,0.0
108299,0.09
108300,0.16
108301,0.0
108302,0.0
108303,0.43
108304,0.04
108305,0.33
108306,0.37
108307,0.75
108308,0.01
108309,0.06
108310,0.01
108311,0.02
108312,0.17
108313,0.07
108314,0.02
108315,0.0
108316,0.01
108317,0.02
108318,0.04
108319,0.0
108320,0.0
108321,0.0
108322,0.02
108323,0.0
108324,0.01
108325,0.15
108326,0.02
108327,0.11
108328,0.0
108329,0.0
108330,0.06
108331,0.11
108332,0.01
108333,0.01
108334,0.15
108335,0.01
108336,0.06
108337,0.01
108338,0.03
108339,0.01
108340,0.01
108341,0.17
108342,0.08
108343,0.0
108344,0.0
108345,0.01
108346,0.13
108347,0.05
108348,0.0
108349,0.03
108350,0.0
108351,0.01
108352,0.0
108353,0.08
108354,0.26
108355,0.12
108356,0.0
108357,0.04
108358,0.01
108359,0.01
108360,0.0
108361,0.02
108362,0.02
108363,0.0
108364,0.02
108365,0.01
108366,0.0
108367,0.02
108368,0.01
108369,0.24
108370,0.0
108371,0.05
108372,0.09
108373,0.0
108374,0.04
108375,0.02
108376,0.07
108377,0.0
108378,0.01
108379,0.0
108380,0.0
108381,0.01
108382,0.18
108383,0.0
108384,0.02
108385,0.02
108386,0.02
108387,0.04
108388,0.01
108389,0.01
108390,0.36
108391,0.0
108392,0.01
108393,0.28
108394,0.0
108395,0.0
108396,0.2
108397,0.0
108398,0.01
108399,0.0
108400,0.0
108401,0.69
108402,0.0
108403,0.02
108404,0.01
108405,0.02
108406,0.0
108407,0.02
108408,0.01
108409,0.02
108410,0.0
108411,0.06
108412,0.1
108413,0.0
108414,0.02
108415,0.09
108416,0.03
108417,0.19
108418,0.09
108419,0.0
108420,0.0
108421,0.06
108422,0.07
108423,0.07
108424,0.02
108425,0.0
108426,0.11
108427,0.0
108428,0.04
108429,0.01
108430,0.02
108431,0.02
108432,0.02
108433,0.0
108434,0.03
108435,0.01
108436,0.05
108437,0.16
108438,0.29
108439,0.0
108440,0.09
108441,0.0
108442,0.02
108443,0.0
108444,0.06
108445,0.0
108446,0.02
108447,0.03
108448,0.03
108449,0.04
108450,0.0
108451,0.02
108452,0.01
108453,0.02
108454,0.0
108455,0.05
108456,0.05
108457,0.0
108458,0.0
108459,0.03
108460,0.29
108461,0.01
108462,0.0
108463,0.02
108464,0.03
108465,0.0
108466,0.02
108467,0.0
108468,0.08
108469,0.0
108470,0.02
108471,0.21
108472,0.03
108473,0.13
108474,0.01
108475,0.02
108476,0.04
108477,0.36
108478,0.04
108479,0.02
108480,0.04
108481,0.08
108482,0.0
108483,0.03
108484,0.02
108485,0.02
108486,0.29
108487,0.02
108488,0.02
108489,0.23
108490,0.0
108491,0.28
108492,0.0
108493,0.0
108494,0.02
108495,0.11
108496,0.25
108497,0.0
108498,0.12
108499,0.03
108500,0.02
108501,0.1
108502,0.05
108503,0.04
108504,0.33
108505,0.08
108506,0.04
108507,0.01
108508,0.23
108509,0.0
108510,0.13
108511,0.01
108512,0.02
108513,0.04
108514,0.07
108515,0.0
108516,0.29
108517,0.24
108518,0.0
108519,0.02
108520,0.02
108521,0.2
108522,0.21
108523,0.04
108524,0.29
108525,0.01
108526,0.08
108527,0.05
108528,0.19
108529,0.03
108530,0.28
108531,0.01
108532,0.17
108533,0.02
108534,0.08
108535,0.0
108536,0.0
108537,0.01
108538,0.06
108539,0.01
108540,0.02
108541,0.02
108542,0.01
108543,0.0
108544,0.03
108545,0.0
108546,0.05
108547,0.01
108548,0.04
108549,0.03
108550,0.01
108551,0.31
108552,0.39
108553,0.0
108554,0.77
108555,0.01
108556,0.05
108557,0.0
108558,0.15
108559,0.0
108560,0.0
108561,0.02
108562,0.27
108563,0.06
108564,0.01
108565,0.02
108566,0.09
108567,0.06
108568,0.12
108569,0.02
108570,0.01
108571,0.07
108572,0.02
108573,0.02
108574,0.07
108575,0.07
108576,0.0
108577,0.01
108578,0.1
108579,0.05
108580,0.51
108581,0.0
108582,0.08
108583,0.02
108584,0.0
108585,0.14
108586,0.12
108587,0.0
108588,0.0
108589,0.11
108590,0.0
108591,0.22
108592,0.03
108593,0.58
108594,0.01
108595,0.19
108596,0.79
108597,0.17
108598,0.0
108599,0.02
108600,0.02
108601,0.0
108602,0.0
108603,0.37
108604,0.02
108605,0.02
108606,0.13
108607,0.29
108608,0.0
108609,0.0
108610,0.03
108611,0.05
108612,0.0
108613,0.01
108614,0.04
108615,0.0
108616,0.04
108617,0.02
108618,0.04
108619,0.0
108620,0.01
108621,0.0
108622,0.05
108623,0.07
108624,0.0
108625,0.14
108626,0.03
108627,0.04
108628,0.0
108629,0.0
108630,0.0
108631,0.0
108632,0.36
108633,0.02
108634,0.11
108635,0.0
108636,0.0
108637,0.05
108638,0.27
108639,0.0
108640,0.0
108641,0.01
108642,0.07
108643,0.0
108644,0.39
108645,0.07
108646,0.0
108647,0.0
108648,0.57
108649,0.01
108650,0.12
108651,0.12
108652,0.0
108653,0.18
108654,0.0
108655,0.0
108656,0.17
108657,0.04
108658,0.13
108659,0.0
108660,0.06
108661,0.04
108662,0.16
108663,0.0
108664,0.0
108665,0.01
108666,0.02
108667,0.0
108668,0.0
108669,0.01
108670,0.09
108671,0.03
108672,0.0
108673,0.07
108674,0.02
108675,0.0
108676,0.01
108677,0.01
108678,0.08
108679,0.0
108680,0.36
108681,0.11
108682,0.01
108683,0.24
108684,0.02
108685,0.02
108686,0.0
108687,0.0
108688,0.03
108689,0.07
108690,0.04
108691,0.06
108692,0.0
108693,0.12
108694,0.0
108695,0.12
108696,0.0
108697,0.01
108698,0.09
108699,0.11
108700,0.0
108701,0.03
108702,0.0
108703,0.14
108704,0.0
108705,0.0
108706,0.17
108707,0.07
108708,0.02
108709,0.0
108710,0.13
108711,0.01
108712,0.2
108713,0.08
108714,0.25
108715,0.0
108716,0.0
108717,0.02
108718,0.0
108719,0.01
108720,0.08
108721,0.05
108722,0.09
108723,0.01
108724,0.07
108725,0.07
108726,0.0
108727,0.72
108728,0.0
108729,0.01
108730,0.04
108731,0.1
108732,0.26
108733,0.0
108734,0.0
108735,0.04
108736,0.42
108737,0.03
108738,0.1
108739,0.05
108740,0.29
108741,0.0
108742,0.05
108743,0.0
108744,0.01
108745,0.08
108746,0.0
108747,0.0
108748,0.11
108749,0.07
108750,0.0
108751,0.02
108752,0.49
108753,0.07
108754,0.07
108755,0.0
108756,0.0
108757,0.13
108758,0.0
108759,0.15
108760,0.01
108761,0.02
108762,0.0
108763,0.38
108764,0.06
108765,0.01
108766,0.01
108767,0.01
108768,0.31
108769,0.13
108770,0.15
108771,0.28
108772,0.0
108773,0.03
108774,0.0
108775,0.05
108776,0.02
108777,0.02
108778,0.01
108779,0.07
108780,0.0
108781,0.16
108782,0.02
108783,0.04
108784,0.0
108785,0.01
108786,0.04
108787,0.04
108788,0.0
108789,0.0
108790,0.05
108791,0.01
108792,0.08
108793,0.25
108794,0.06
108795,0.01
108796,0.01
108797,0.0
108798,0.01
108799,0.01
108800,0.03
108801,0.0
108802,0.03
108803,0.02
108804,0.0
108805,0.0
108806,0.0
108807,0.04
108808,0.26
108809,0.0
108810,0.03
108811,0.07
108812,0.12
108813,0.16
108814,0.02
108815,0.08
108816,0.01
108817,0.02
108818,0.23
108819,0.4
108820,0.01
108821,0.0
108822,0.02
108823,0.02
108824,0.01
108825,0.0
108826,0.2
108827,0.11
108828,0.0
108829,0.02
108830,0.01
108831,0.01
108832,0.06
108833,0.0
108834,0.01
108835,0.43
108836,0.01
108837,0.0
108838,0.01
108839,0.01
108840,0.07
108841,0.01
108842,0.07
108843,0.29
108844,0.06
108845,0.28
108846,0.19
108847,0.14
108848,0.01
108849,0.11
108850,0.08
108851,0.02
108852,0.04
108853,0.01
108854,0.12
108855,0.06
108856,0.0
108857,0.0
108858,0.03
108859,0.01
108860,0.51
108861,0.0
108862,0.0
108863,0.15
108864,0.05
108865,0.0
108866,0.01
108867,0.03
108868,0.34
108869,0.01
108870,0.07
108871,0.24
108872,0.0
108873,0.01
108874,0.07
108875,0.0
108876,0.02
108877,0.01
108878,0.05
108879,0.01
108880,0.04
108881,0.28
108882,0.0
108883,0.01
108884,0.0
108885,0.15
108886,0.02
108887,0.01
108888,0.02
108889,0.05
108890,0.1
108891,0.02
108892,0.0
108893,0.21
108894,0.1
108895,0.04
108896,0.0
108897,0.02
108898,0.11
108899,0.37
108900,0.01
108901,0.0
108902,0.06
108903,0.0
108904,0.34
108905,0.0
108906,0.0
108907,0.31
108908,0.0
108909,0.15
108910,0.02
108911,0.0
108912,0.01
108913,0.11
108914,0.0
108915,0.1
108916,0.04
108917,0.11
108918,0.0
108919,0.02
108920,0.03
108921,0.0
108922,0.0
108923,0.06
108924,0.04
108925,0.0
108926,0.2
108927,0.34
108928,0.05
108929,0.09
108930,0.19
108931,0.08
108932,0.02
108933,0.07
108934,0.0
108935,0.02
108936,0.0
108937,0.12
108938,0.07
108939,0.02
108940,0.09
108941,0.01
108942,0.0
108943,0.02
108944,0.14
108945,0.15
108946,0.01
108947,0.01
108948,0.0
108949,0.0
108950,0.51
108951,0.02
108952,0.8
108953,0.04
108954,0.7
108955,0.03
108956,0.04
108957,0.03
108958,0.06
108959,0.12
108960,0.01
108961,0.0
108962,0.0
108963,0.0
108964,0.0
108965,0.04
108966,0.0
108967,0.07
108968,0.0
108969,0.0
108970,0.37
108971,0.15
108972,0.02
108973,0.0
108974,0.0
108975,0.01
108976,0.67
108977,0.0
108978,0.06
108979,0.01
108980,0.02
108981,0.03
108982,0.02
108983,0.0
108984,0.01
108985,0.01
108986,0.0
108987,0.02
108988,0.02
108989,0.02
108990,0.04
108991,0.03
108992,0.0
108993,0.13
108994,0.33
108995,0.02
108996,0.62
108997,0.01
108998,0.11
108999,0.06
109000,0.01
109001,0.01
109002,0.0
109003,0.03
109004,0.2
109005,0.01
109006,0.0
109007,0.02
109008,0.01
109009,0.0
109010,0.03
109011,0.01
109012,0.19
109013,0.04
109014,0.0
109015,0.0
109016,0.06
109017,0.07
109018,0.22
109019,0.0
109020,0.02
109021,0.02
109022,0.0
109023,0.05
109024,0.01
109025,0.01
109026,0.1
109027,0.25
109028,0.01
109029,0.0
109030,0.0
109031,0.0
109032,0.26
109033,0.21
109034,0.0
109035,0.0
109036,0.0
109037,0.01
109038,0.02
109039,0.0
109040,0.07
109041,0.57
109042,0.04
109043,0.02
109044,0.45
109045,0.01
109046,0.04
109047,0.02
109048,0.06
109049,0.02
109050,0.02
109051,0.34
109052,0.02
109053,0.04
109054,0.09
109055,0.02
109056,0.22
109057,0.01
109058,0.0
109059,0.12
109060,0.01
109061,0.0
109062,0.07
109063,0.13
109064,0.03
109065,0.02
109066,0.02
109067,0.07
109068,0.0
109069,0.06
109070,0.14
109071,0.06
109072,0.0
109073,0.03
109074,0.02
109075,0.02
109076,0.1
109077,0.01
109078,0.27
109079,0.01
109080,0.01
109081,0.0
109082,0.01
109083,0.0
109084,0.02
109085,0.02
109086,0.0
109087,0.0
109088,0.03
109089,0.06
109090,0.0
109091,0.64
109092,0.0
109093,0.03
109094,0.07
109095,0.26
109096,0.53
109097,0.03
109098,0.0
109099,0.02
109100,0.02
109101,0.04
109102,0.0
109103,0.04
109104,0.02
109105,0.0
109106,0.03
109107,0.01
109108,0.08
109109,0.2
109110,0.0
109111,0.01
109112,0.01
109113,0.33
109114,0.01
109115,0.05
109116,0.0
109117,0.09
109118,0.0
109119,0.0
109120,0.0
109121,0.17
109122,0.15
109123,0.13
109124,0.0
109125,0.02
109126,0.04
109127,0.28
109128,0.0
109129,0.01
109130,0.6
109131,0.08
109132,0.16
109133,0.03
109134,0.1
109135,0.14
109136,0.01
109137,0.1
109138,0.01
109139,0.0
109140,0.04
109141,0.0
109142,0.0
109143,0.01
109144,0.05
109145,0.0
109146,0.0
109147,0.0
109148,0.35
109149,0.02
109150,0.0
109151,0.06
109152,0.01
109153,0.0
109154,0.0
109155,0.0
109156,0.1
109157,0.0
109158,0.04
109159,0.0
109160,0.01
109161,0.15
109162,0.01
109163,0.0
109164,0.07
109165,0.0
109166,0.0
109167,0.27
109168,0.01
109169,0.02
109170,0.02
109171,0.03
109172,0.0
109173,0.0
109174,0.07
109175,0.29
109176,0.0
109177,0.05
109178,0.0
109179,0.0
109180,0.37
109181,0.0
109182,0.01
109183,0.03
109184,0.03
109185,0.01
109186,0.0
109187,0.02
109188,0.04
109189,0.03
109190,0.18
109191,0.13
109192,0.02
109193,0.05
109194,0.53
109195,0.01
109196,0.0
109197,0.12
109198,0.0
109199,0.52
109200,0.01
109201,0.1
109202,0.01
109203,0.0
109204,0.01
109205,0.0
109206,0.01
109207,0.04
109208,0.0
109209,0.58
109210,0.02
109211,0.28
109212,0.42
109213,0.04
109214,0.0
109215,0.03
109216,0.14
109217,0.03
109218,0.02
109219,0.0
109220,0.13
109221,0.21
109222,0.07
109223,0.0
109224,0.0
109225,0.06
109226,0.0
109227,0.06
109228,0.02
109229,0.03
109230,0.0
109231,0.03
109232,0.0
109233,0.0
109234,0.02
109235,0.11
109236,0.01
109237,0.0
109238,0.0
109239,0.03
109240,0.0
109241,0.28
109242,0.63
109243,0.0
109244,0.01
109245,0.0
109246,0.61
109247,0.0
109248,0.08
109249,0.0
109250,0.05
109251,0.05
109252,0.0
109253,0.01
109254,0.01
109255,0.01
109256,0.08
109257,0.02
109258,0.14
109259,0.02
109260,0.09
109261,0.16
109262,0.0
109263,0.0
109264,0.0
109265,0.55
109266,0.01
109267,0.02
109268,0.0
109269,0.0
109270,0.14
109271,0.05
109272,0.0
109273,0.15
109274,0.0
109275,0.02
109276,0.06
109277,0.0
109278,0.21
109279,0.21
109280,0.07
109281,0.07
109282,0.05
109283,0.0
109284,0.01
109285,0.53
109286,0.01
109287,0.0
109288,0.1
109289,0.0
109290,0.0
109291,0.0
109292,0.0
109293,0.01
109294,0.42
109295,0.0
109296,0.04
109297,0.06
109298,0.09
109299,0.0
109300,0.01
109301,0.11
109302,0.07
109303,0.02
109304,0.05
109305,0.04
109306,0.0
109307,0.13
109308,0.06
109309,0.12
109310,0.14
109311,0.0
109312,0.06
109313,0.02
109314,0.37
109315,0.0
109316,0.0
109317,0.01
109318,0.12
109319,0.04
109320,0.01
109321,0.01
109322,0.0
109323,0.04
109324,0.09
109325,0.15
109326,0.05
109327,0.0
109328,0.09
109329,0.16
109330,0.0
109331,0.0
109332,0.02
109333,0.07
109334,0.0
109335,0.02
109336,0.08
109337,0.0
109338,0.0
109339,0.0
109340,0.31
109341,0.0
109342,0.01
109343,0.0
109344,0.13
109345,0.0
109346,0.0
109347,0.05
109348,0.01
109349,0.2
109350,0.0
109351,0.0
109352,0.0
109353,0.07
109354,0.0
109355,0.0
109356,0.0
109357,0.0
109358,0.0
109359,0.44
109360,0.03
109361,0.32
109362,0.0
109363,0.0
109364,0.01
109365,0.07
109366,0.03
109367,0.04
109368,0.0
109369,0.37
109370,0.0
109371,0.0
109372,0.26
109373,0.01
109374,0.17
109375,0.01
109376,0.0
109377,0.0
109378,0.0
109379,0.3
109380,0.01
109381,0.02
109382,0.05
109383,0.02
109384,0.02
109385,0.0
109386,0.01
109387,0.0
109388,0.01
109389,0.02
109390,0.1
109391,0.0
109392,0.01
109393,0.08
109394,0.01
109395,0.0
109396,0.06
109397,0.0
109398,0.0
109399,0.01
109400,0.07
109401,0.16
109402,0.0
109403,0.49
109404,0.16
109405,0.0
109406,0.16
109407,0.11
109408,0.0
109409,0.09
109410,0.01
109411,0.06
109412,0.43
109413,0.07
109414,0.03
109415,0.0
109416,0.0
109417,0.02
109418,0.08
109419,0.48
109420,0.0
109421,0.0
109422,0.1
109423,0.0
109424,0.0
109425,0.03
109426,0.07
109427,0.01
109428,0.06
109429,0.0
109430,0.2
109431,0.0
109432,0.01
109433,0.01
109434,0.0
109435,0.04
109436,0.19
109437,0.01
109438,0.2
109439,0.02
109440,0.0
109441,0.04
109442,0.31
109443,0.04
109444,0.0
109445,0.01
109446,0.02
109447,0.0
109448,0.07
109449,0.0
109450,0.04
109451,0.04
109452,0.09
109453,0.01
109454,0.02
109455,0.54
109456,0.07
109457,0.05
109458,0.01
109459,0.0
109460,0.0
109461,0.07
109462,0.35
109463,0.07
109464,0.0
109465,0.0
109466,0.02
109467,0.0
109468,0.04
109469,0.0
109470,0.05
109471,0.01
109472,0.01
109473,0.01
109474,0.0
109475,0.09
109476,0.0
109477,0.04
109478,0.04
109479,0.0
109480,0.03
109481,0.08
109482,0.07
109483,0.07
109484,0.0
109485,0.0
109486,0.0
109487,0.01
109488,0.11
109489,0.01
109490,0.0
109491,0.05
109492,0.0
109493,0.01
109494,0.01
109495,0.0
109496,0.12
109497,0.31
109498,0.0
109499,0.02
109500,0.05
109501,0.07
109502,0.04
109503,0.0
109504,0.0
109505,0.0
109506,0.08
109507,0.25
109508,0.01
109509,0.02
109510,0.01
109511,0.27
109512,0.01
109513,0.01
109514,0.07
109515,0.27
109516,0.2
109517,0.0
109518,0.01
109519,0.0
109520,0.0
109521,0.01
109522,0.01
109523,0.17
109524,0.04
109525,0.18
109526,0.02
109527,0.04
109528,0.06
109529,0.0
109530,0.02
109531,0.32
109532,0.01
109533,0.03
109534,0.47
109535,0.0
109536,0.06
109537,0.06
109538,0.36
109539,0.0
109540,0.0
109541,0.2
109542,0.0
109543,0.02
109544,0.09
109545,0.01
109546,0.13
109547,0.03
109548,0.01
109549,0.01
109550,0.0
109551,0.0
109552,0.0
109553,0.02
109554,0.0
109555,0.46
109556,0.01
109557,0.25
109558,0.18
109559,0.1
109560,0.13
109561,0.0
109562,0.0
109563,0.16
109564,0.13
109565,0.0
109566,0.02
109567,0.0
109568,0.03
109569,0.15
109570,0.19
109571,0.48
109572,0.0
109573,0.0
109574,0.1
109575,0.01
109576,0.11
109577,0.01
109578,0.01
109579,0.32
109580,0.05
109581,0.04
109582,0.01
109583,0.01
109584,0.35
109585,0.04
109586,0.02
109587,0.0
109588,0.06
109589,0.01
109590,0.0
109591,0.0
109592,0.01
109593,0.06
109594,0.0
109595,0.01
109596,0.05
109597,0.4
109598,0.01
109599,0.0
109600,0.08
109601,0.0
109602,0.06
109603,0.0
109604,0.01
109605,0.01
109606,0.29
109607,0.19
109608,0.06
109609,0.04
109610,0.0
109611,0.0
109612,0.15
109613,0.07
109614,0.02
109615,0.0
109616,0.05
109617,0.14
109618,0.09
109619,0.0
109620,0.0
109621,0.03
109622,0.05
109623,0.03
109624,0.03
109625,0.05
109626,0.02
109627,0.62
109628,0.02
109629,0.01
109630,0.12
109631,0.17
109632,0.01
109633,0.26
109634,0.0
109635,0.07
109636,0.01
109637,0.18
109638,0.02
109639,0.0
109640,0.01
109641,0.04
109642,0.12
109643,0.02
109644,0.05
109645,0.04
109646,0.0
109647,0.0
109648,0.01
109649,0.11
109650,0.01
109651,0.0
109652,0.03
109653,0.04
109654,0.52
109655,0.02
109656,0.01
109657,0.07
109658,0.02
109659,0.06
109660,0.31
109661,0.04
109662,0.03
109663,0.02
109664,0.0
109665,0.0
109666,0.0
109667,0.01
109668,0.0
109669,0.06
109670,0.05
109671,0.01
109672,0.0
109673,0.0
109674,0.2
109675,0.0
109676,0.0
109677,0.01
109678,0.04
109679,0.2
109680,0.05
109681,0.02
109682,0.0
109683,0.01
109684,0.0
109685,0.0
109686,0.0
109687,0.04
109688,0.08
109689,0.0
109690,0.09
109691,0.68
109692,0.0
109693,0.0
109694,0.02
109695,0.05
109696,0.01
109697,0.0
109698,0.22
109699,0.04
109700,0.02
109701,0.03
109702,0.0
109703,0.0
109704,0.05
109705,0.05
109706,0.02
109707,0.0
109708,0.0
109709,0.01
109710,0.0
109711,0.0
109712,0.0
109713,0.05
109714,0.15
109715,0.04
109716,0.02
109717,0.0
109718,0.19
109719,0.09
109720,0.0
109721,0.0
109722,0.03
109723,0.19
109724,0.0
109725,0.0
109726,0.04
109727,0.0
109728,0.0
109729,0.01
109730,0.0
109731,0.01
109732,0.0
109733,0.05
109734,0.07
109735,0.0
109736,0.03
109737,0.3
109738,0.02
109739,0.2
109740,0.17
109741,0.04
109742,0.0
109743,0.03
109744,0.01
109745,0.01
109746,0.14
109747,0.02
109748,0.01
109749,0.01
109750,0.01
109751,0.3
109752,0.0
109753,0.09
109754,0.0
109755,0.0
109756,0.23
109757,0.2
109758,0.01
109759,0.13
109760,0.01
109761,0.0
109762,0.09
109763,0.14
109764,0.0
109765,0.01
109766,0.01
109767,0.0
109768,0.0
109769,0.0
109770,0.69
109771,0.02
109772,0.0
109773,0.01
109774,0.01
109775,0.0
109776,0.01
109777,0.18
109778,0.01
109779,0.0
109780,0.08
109781,0.04
109782,0.0
109783,0.01
109784,0.01
109785,0.0
109786,0.02
109787,0.27
109788,0.03
109789,0.1
109790,0.01
109791,0.0
109792,0.0
109793,0.02
109794,0.1
109795,0.21
109796,0.01
109797,0.05
109798,0.32
109799,0.0
109800,0.0
109801,0.06
109802,0.0
109803,0.05
109804,0.06
109805,0.1
109806,0.0
109807,0.07
109808,0.0
109809,0.0
109810,0.06
109811,0.07
109812,0.0
109813,0.0
109814,0.3
109815,0.48
109816,0.02
109817,0.0
109818,0.01
109819,0.04
109820,0.01
109821,0.05
109822,0.05
109823,0.0
109824,0.02
109825,0.12
109826,0.3
109827,0.22
109828,0.0
109829,0.0
109830,0.09
109831,0.0
109832,0.02
109833,0.52
109834,0.08
109835,0.07
109836,0.0
109837,0.0
109838,0.0
109839,0.01
109840,0.43
109841,0.02
109842,0.03
109843,0.01
109844,0.04
109845,0.08
109846,0.0
109847,0.0
109848,0.02
109849,0.02
109850,0.0
109851,0.1
109852,0.31
109853,0.19
109854,0.07
109855,0.14
109856,0.56
109857,0.1
109858,0.03
109859,0.06
109860,0.0
109861,0.42
109862,0.15
109863,0.0
109864,0.07
109865,0.0
109866,0.01
109867,0.04
109868,0.39
109869,0.01
109870,0.2
109871,0.06
109872,0.07
109873,0.04
109874,0.17
109875,0.0
109876,0.06
109877,0.05
109878,0.31
109879,0.04
109880,0.16
109881,0.0
109882,0.0
109883,0.02
109884,0.64
109885,0.02
109886,0.04
109887,0.12
109888,0.02
109889,0.02
109890,0.08
109891,0.0
109892,0.01
109893,0.22
109894,0.04
109895,0.11
109896,0.15
109897,0.0
109898,0.0
109899,0.14
109900,0.3
109901,0.0
109902,0.0
109903,0.15
109904,0.02
109905,0.0
109906,0.01
109907,0.11
109908,0.0
109909,0.03
109910,0.01
109911,0.01
109912,0.0
109913,0.01
109914,0.0
109915,0.01
109916,0.11
109917,0.26
109918,0.01
109919,0.02
109920,0.04
109921,0.11
109922,0.02
109923,0.04
109924,0.14
109925,0.0
109926,0.2
109927,0.01
109928,0.21
109929,0.01
109930,0.17
109931,0.03
109932,0.05
109933,0.0
109934,0.08
109935,0.02
109936,0.02
109937,0.05
109938,0.05
109939,0.66
109940,0.08
109941,0.17
109942,0.07
109943,0.02
109944,0.02
109945,0.0
109946,0.18
109947,0.09
109948,0.01
109949,0.0
109950,0.37
109951,0.0
109952,0.07
109953,0.0
109954,0.13
109955,0.17
109956,0.02
109957,0.8
109958,0.01
109959,0.01
109960,0.0
109961,0.05
109962,0.04
109963,0.0
109964,0.01
109965,0.01
109966,0.02
109967,0.0
109968,0.0
109969,0.04
109970,0.09
109971,0.0
109972,0.02
109973,0.34
109974,0.03
109975,0.02
109976,0.0
109977,0.0
109978,0.09
109979,0.37
109980,0.07
109981,0.07
109982,0.01
109983,0.03
109984,0.01
109985,0.0
109986,0.15
109987,0.0
109988,0.0
109989,0.04
109990,0.06
109991,0.0
109992,0.01
109993,0.0
109994,0.01
109995,0.02
109996,0.16
109997,0.26
109998,0.01
109999,0.0
110000,0.0
110001,0.0
110002,0.0
110003,0.03
110004,0.04
110005,0.02
110006,0.0
110007,0.0
110008,0.09
110009,0.04
110010,0.03
110011,0.06
110012,0.08
110013,0.0
110014,0.01
110015,0.01
110016,0.02
110017,0.0
110018,0.69
110019,0.03
110020,0.09
110021,0.01
110022,0.0
110023,0.01
110024,0.02
110025,0.0
110026,0.09
110027,0.56
110028,0.0
110029,0.0
110030,0.0
110031,0.59
110032,0.17
110033,0.32
110034,0.0
110035,0.0
110036,0.01
110037,0.0
110038,0.0
110039,0.0
110040,0.04
110041,0.15
110042,0.03
110043,0.11
110044,0.05
110045,0.01
110046,0.04
110047,0.04
110048,0.14
110049,0.0
110050,0.01
110051,0.0
110052,0.06
110053,0.04
110054,0.01
110055,0.04
110056,0.07
110057,0.0
110058,0.03
110059,0.02
110060,0.03
110061,0.0
110062,0.0
110063,0.71
110064,0.1
110065,0.03
110066,0.01
110067,0.07
110068,0.0
110069,0.0
110070,0.01
110071,0.15
110072,0.01
110073,0.06
110074,0.02
110075,0.0
110076,0.0
110077,0.37
110078,0.19
110079,0.0
110080,0.02
110081,0.32
110082,0.08
110083,0.0
110084,0.04
110085,0.0
110086,0.06
110087,0.01
110088,0.0
110089,0.06
110090,0.01
110091,0.03
110092,0.01
110093,0.02
110094,0.02
110095,0.03
110096,0.04
110097,0.0
110098,0.0
110099,0.01
110100,0.0
110101,0.04
110102,0.01
110103,0.15
110104,0.0
110105,0.0
110106,0.01
110107,0.02
110108,0.0
110109,0.03
110110,0.0
110111,0.01
110112,0.06
110113,0.01
110114,0.02
110115,0.0
110116,0.0
110117,0.19
110118,0.01
110119,0.13
110120,0.02
110121,0.31
110122,0.0
110123,0.34
110124,0.04
110125,0.02
110126,0.14
110127,0.02
110128,0.2
110129,0.05
110130,0.26
110131,0.17
110132,0.01
110133,0.01
110134,0.0
110135,0.0
110136,0.04
110137,0.0
110138,0.21
110139,0.0
110140,0.02
110141,0.03
110142,0.36
110143,0.0
110144,0.01
110145,0.12
110146,0.0
110147,0.25
110148,0.0
110149,0.0
110150,0.02
110151,0.01
110152,0.01
110153,0.0
110154,0.43
110155,0.01
110156,0.0
110157,0.0
110158,0.15
110159,0.0
110160,0.45
110161,0.0
110162,0.06
110163,0.03
110164,0.07
110165,0.02
110166,0.02
110167,0.23
110168,0.07
110169,0.0
110170,0.02
110171,0.01
110172,0.0
110173,0.01
110174,0.01
110175,0.28
110176,0.29
110177,0.05
110178,0.03
110179,0.03
110180,0.01
110181,0.01
110182,0.05
110183,0.16
110184,0.03
110185,0.03
110186,0.01
110187,0.0
110188,0.0
110189,0.0
110190,0.02
110191,0.0
110192,0.2
110193,0.27
110194,0.0
110195,0.01
110196,0.1
110197,0.0
110198,0.04
110199,0.02
110200,0.01
110201,0.0
110202,0.27
110203,0.0
110204,0.01
110205,0.0
110206,0.29
110207,0.02
110208,0.01
110209,0.01
110210,0.01
110211,0.03
110212,0.01
110213,0.07
110214,0.0
110215,0.29
110216,0.0
110217,0.08
110218,0.0
110219,0.06
110220,0.02
110221,0.07
110222,0.0
110223,0.0
110224,0.0
110225,0.0
110226,0.0
110227,0.0
110228,0.7
110229,0.0
110230,0.06
110231,0.03
110232,0.08
110233,0.02
110234,0.0
110235,0.14
110236,0.0
110237,0.09
110238,0.08
110239,0.0
110240,0.02
110241,0.01
110242,0.0
110243,0.03
110244,0.04
110245,0.0
110246,0.32
110247,0.1
110248,0.12
110249,0.23
110250,0.01
110251,0.13
110252,0.0
110253,0.0
110254,0.05
110255,0.03
110256,0.0
110257,0.0
110258,0.08
110259,0.0
110260,0.01
110261,0.0
110262,0.03
110263,0.31
110264,0.04
110265,0.06
110266,0.12
110267,0.05
110268,0.08
110269,0.02
110270,0.26
110271,0.7
110272,0.05
110273,0.02
110274,0.16
110275,0.02
110276,0.26
110277,0.61
110278,0.0
110279,0.02
110280,0.2
110281,0.02
110282,0.0
110283,0.46
110284,0.02
110285,0.04
110286,0.01
110287,0.0
110288,0.03
110289,0.0
110290,0.01
110291,0.0
110292,0.15
110293,0.0
110294,0.0
110295,0.01
110296,0.17
110297,0.0
110298,0.0
110299,0.55
110300,0.0
110301,0.07
110302,0.08
110303,0.08
110304,0.01
110305,0.0
110306,0.02
110307,0.01
110308,0.13
110309,0.0
110310,0.0
110311,0.07
110312,0.0
110313,0.08
110314,0.1
110315,0.41
110316,0.0
110317,0.06
110318,0.29
110319,0.27
110320,0.01
110321,0.0
110322,0.0
110323,0.0
110324,0.03
110325,0.0
110326,0.06
110327,0.36
110328,0.0
110329,0.03
110330,0.0
110331,0.02
110332,0.69
110333,0.0
110334,0.07
110335,0.06
110336,0.0
110337,0.0
110338,0.0
110339,0.03
110340,0.16
110341,0.02
110342,0.01
110343,0.04
110344,0.04
110345,0.0
110346,0.13
110347,0.03
110348,0.04
110349,0.36
110350,0.45
110351,0.37
110352,0.04
110353,0.0
110354,0.03
110355,0.31
110356,0.0
110357,0.04
110358,0.05
110359,0.05
110360,0.16
110361,0.07
110362,0.01
110363,0.0
110364,0.17
110365,0.04
110366,0.12
110367,0.05
110368,0.04
110369,0.01
110370,0.0
110371,0.11
110372,0.0
110373,0.0
110374,0.0
110375,0.0
110376,0.26
110377,0.09
110378,0.48
110379,0.13
110380,0.04
110381,0.09
110382,0.35
110383,0.0
110384,0.0
110385,0.0
110386,0.0
110387,0.0
110388,0.01
110389,0.0
110390,0.38
110391,0.04
110392,0.16
110393,0.05
110394,0.23
110395,0.03
110396,0.02
110397,0.2
110398,0.0
110399,0.02
110400,0.06
110401,0.04
110402,0.09
110403,0.02
110404,0.23
110405,0.01
110406,0.0
110407,0.0
110408,0.02
110409,0.72
110410,0.01
110411,0.06
110412,0.03
110413,0.0
110414,0.14
110415,0.01
110416,0.0
110417,0.01
110418,0.0
110419,0.0
110420,0.37
110421,0.0
110422,0.0
110423,0.0
110424,0.08
110425,0.07
110426,0.0
110427,0.04
110428,0.2
110429,0.05
110430,0.02
110431,0.14
110432,0.25
110433,0.0
110434,0.0
110435,0.08
110436,0.22
110437,0.02
110438,0.0
110439,0.03
110440,0.05
110441,0.12
110442,0.0
110443,0.0
110444,0.0
110445,0.65
110446,0.03
110447,0.03
110448,0.04
110449,0.0
110450,0.1
110451,0.0
110452,0.0
110453,0.01
110454,0.15
110455,0.03
110456,0.03
110457,0.04
110458,0.0
110459,0.2
110460,0.02
110461,0.0
110462,0.03
110463,0.05
110464,0.08
110465,0.02
110466,0.02
110467,0.01
110468,0.17
110469,0.17
110470,0.04
110471,0.0
110472,0.01
110473,0.01
110474,0.47
110475,0.0
110476,0.01
110477,0.01
110478,0.52
110479,0.0
110480,0.07
110481,0.02
110482,0.01
110483,0.03
110484,0.03
110485,0.01
110486,0.01
110487,0.03
110488,0.22
110489,0.0
110490,0.09
110491,0.0
110492,0.19
110493,0.1
110494,0.04
110495,0.04
110496,0.19
110497,0.02
110498,0.09
110499,0.0
110500,0.01
110501,0.01
110502,0.02
110503,0.07
110504,0.05
110505,0.09
110506,0.05
110507,0.01
110508,0.0
110509,0.0
110510,0.0
110511,0.03
110512,0.01
110513,0.19
110514,0.23
110515,0.0
110516,0.0
110517,0.01
110518,0.0
110519,0.09
110520,0.02
110521,0.04
110522,0.0
110523,0.0
110524,0.01
110525,0.02
110526,0.07
110527,0.05
110528,0.16
110529,0.03
110530,0.02
110531,0.07
110532,0.04
110533,0.03
110534,0.04
110535,0.0
110536,0.19
110537,0.0
110538,0.01
110539,0.0
110540,0.0
110541,0.0
110542,0.01
110543,0.04
110544,0.0
110545,0.1
110546,0.0
110547,0.11
110548,0.0
110549,0.01
110550,0.0
110551,0.03
110552,0.01
110553,0.04
110554,0.0
110555,0.0
110556,0.49
110557,0.02
110558,0.0
110559,0.0
110560,0.02
110561,0.0
110562,0.0
110563,0.41
110564,0.01
110565,0.0
110566,0.04
110567,0.24
110568,0.14
110569,0.0
110570,0.13
110571,0.0
110572,0.05
110573,0.03
110574,0.01
110575,0.0
110576,0.0
110577,0.02
110578,0.0
110579,0.01
110580,0.1
110581,0.0
110582,0.3
110583,0.05
110584,0.06
110585,0.07
110586,0.01
110587,0.01
110588,0.0
110589,0.0
110590,0.0
110591,0.01
110592,0.09
110593,0.02
110594,0.02
110595,0.0
110596,0.0
110597,0.01
110598,0.05
110599,0.02
110600,0.01
110601,0.06
110602,0.03
110603,0.0
110604,0.01
110605,0.0
110606,0.12
110607,0.03
110608,0.0
110609,0.02
110610,0.0
110611,0.0
110612,0.0
110613,0.11
110614,0.07
110615,0.02
110616,0.0
110617,0.02
110618,0.0
110619,0.01
110620,0.01
110621,0.03
110622,0.15
110623,0.0
110624,0.06
110625,0.01
110626,0.05
110627,0.02
110628,0.04
110629,0.07
110630,0.0
110631,0.04
110632,0.0
110633,0.09
110634,0.01
110635,0.01
110636,0.0
110637,0.01
110638,0.0
110639,0.1
110640,0.07
110641,0.0
110642,0.53
110643,0.06
110644,0.02
110645,0.0
110646,0.09
110647,0.09
110648,0.02
110649,0.01
110650,0.04
110651,0.0
110652,0.02
110653,0.5
110654,0.09
110655,0.14
110656,0.02
110657,0.0
110658,0.03
110659,0.25
110660,0.0
110661,0.02
110662,0.11
110663,0.0
110664,0.06
110665,0.26
110666,0.01
110667,0.09
110668,0.24
110669,0.05
110670,0.01
110671,0.14
110672,0.1
110673,0.01
110674,0.0
110675,0.11
110676,0.05
110677,0.0
110678,0.19
110679,0.02
110680,0.02
110681,0.17
110682,0.08
110683,0.02
110684,0.03
110685,0.02
110686,0.0
110687,0.03
110688,0.01
110689,0.0
110690,0.06
110691,0.03
110692,0.03
110693,0.09
110694,0.03
110695,0.23
110696,0.02
110697,0.13
110698,0.02
110699,0.01
110700,0.03
110701,0.01
110702,0.0
110703,0.36
110704,0.14
110705,0.4
110706,0.0
110707,0.02
110708,0.03
110709,0.01
110710,0.19
110711,0.0
110712,0.0
110713,0.0
110714,0.04
110715,0.0
110716,0.1
110717,0.0
110718,0.0
110719,0.12
110720,0.01
110721,0.13
110722,0.02
110723,0.28
110724,0.02
110725,0.0
110726,0.0
110727,0.04
110728,0.0
110729,0.0
110730,0.0
110731,0.15
110732,0.21
110733,0.05
110734,0.46
110735,0.61
110736,0.02
110737,0.0
110738,0.02
110739,0.09
110740,0.01
110741,0.54
110742,0.07
110743,0.06
110744,0.01
110745,0.05
110746,0.0
110747,0.13
110748,0.01
110749,0.05
110750,0.01
110751,0.05
110752,0.02
110753,0.2
110754,0.01
110755,0.0
110756,0.07
110757,0.07
110758,0.03
110759,0.0
110760,0.0
110761,0.0
110762,0.07
110763,0.0
110764,0.0
110765,0.02
110766,0.11
110767,0.01
110768,0.04
110769,0.05
110770,0.19
110771,0.0
110772,0.04
110773,0.2
110774,0.02
110775,0.09
110776,0.01
110777,0.01
110778,0.0
110779,0.31
110780,0.24
110781,0.05
110782,0.18
110783,0.44
110784,0.0
110785,0.02
110786,0.08
110787,0.02
110788,0.02
110789,0.21
110790,0.09
110791,0.0
110792,0.03
110793,0.22
110794,0.62
110795,0.02
110796,0.05
110797,0.49
110798,0.04
110799,0.0
110800,0.0
110801,0.02
110802,0.3
110803,0.01
110804,0.0
110805,0.13
110806,0.01
110807,0.01
110808,0.01
110809,0.78
110810,0.09
110811,0.0
110812,0.01
110813,0.5
110814,0.1
110815,0.02
110816,0.0
110817,0.06
110818,0.0
110819,0.01
110820,0.21
110821,0.05
110822,0.0
110823,0.0
110824,0.01
110825,0.2
110826,0.04
110827,0.09
110828,0.0
110829,0.02
110830,0.0
110831,0.01
110832,0.09
110833,0.02
110834,0.03
110835,0.06
110836,0.05
110837,0.03
110838,0.01
110839,0.32
110840,0.05
110841,0.33
110842,0.12
110843,0.0
110844,0.07
110845,0.08
110846,0.2
110847,0.01
110848,0.03
110849,0.1
110850,0.15
110851,0.03
110852,0.01
110853,0.0
110854,0.04
110855,0.04
110856,0.09
110857,0.0
110858,0.22
110859,0.01
110860,0.53
110861,0.01
110862,0.0
110863,0.11
110864,0.03
110865,0.01
110866,0.02
110867,0.17
110868,0.02
110869,0.0
110870,0.0
110871,0.16
110872,0.0
110873,0.0
110874,0.0
110875,0.02
110876,0.0
110877,0.02
110878,0.0
110879,0.3
110880,0.02
110881,0.51
110882,0.01
110883,0.0
110884,0.0
110885,0.03
110886,0.04
110887,0.05
110888,0.12
110889,0.0
110890,0.0
110891,0.02
110892,0.05
110893,0.0
110894,0.0
110895,0.05
110896,0.01
110897,0.13
110898,0.0
110899,0.06
110900,0.01
110901,0.0
110902,0.01
110903,0.01
110904,0.4
110905,0.05
110906,0.0
110907,0.0
110908,0.0
110909,0.04
110910,0.0
110911,0.04
110912,0.0
110913,0.01
110914,0.05
110915,0.02
110916,0.04
110917,0.01
110918,0.41
110919,0.15
110920,0.27
110921,0.02
110922,0.07
110923,0.28
110924,0.0
110925,0.04
110926,0.06
110927,0.0
110928,0.0
110929,0.47
110930,0.01
110931,0.04
110932,0.01
110933,0.04
110934,0.02
110935,0.27
110936,0.02
110937,0.02
110938,0.0
110939,0.06
110940,0.05
110941,0.1
110942,0.09
110943,0.0
110944,0.01
110945,0.03
110946,0.05
110947,0.0
110948,0.35
110949,0.01
110950,0.01
110951,0.0
110952,0.34
110953,0.03
110954,0.0
110955,0.0
110956,0.01
110957,0.01
110958,0.05
110959,0.0
110960,0.05
110961,0.0
110962,0.02
110963,0.07
110964,0.28
110965,0.39
110966,0.02
110967,0.0
110968,0.0
110969,0.0
110970,0.01
110971,0.02
110972,0.05
110973,0.06
110974,0.01
110975,0.0
110976,0.01
110977,0.0
110978,0.02
110979,0.09
110980,0.0
110981,0.06
110982,0.14
110983,0.15
110984,0.02
110985,0.01
110986,0.0
110987,0.04
110988,0.37
110989,0.0
110990,0.01
110991,0.0
110992,0.11
110993,0.07
110994,0.02
110995,0.01
110996,0.1
110997,0.07
110998,0.47
110999,0.06
111000,0.0
111001,0.11
111002,0.02
111003,0.0
111004,0.17
111005,0.01
111006,0.01
111007,0.02
111008,0.03
111009,0.11
111010,0.11
111011,0.01
111012,0.02
111013,0.16
111014,0.01
111015,0.05
111016,0.09
111017,0.09
111018,0.26
111019,0.0
111020,0.02
111021,0.0
111022,0.02
111023,0.1
111024,0.0
111025,0.02
111026,0.01
111027,0.0
111028,0.05
111029,0.04
111030,0.02
111031,0.02
111032,0.01
111033,0.02
111034,0.0
111035,0.03
111036,0.11
111037,0.0
111038,0.12
111039,0.01
111040,0.29
111041,0.03
111042,0.01
111043,0.21
111044,0.03
111045,0.15
111046,0.01
111047,0.07
111048,0.0
111049,0.02
111050,0.01
111051,0.05
111052,0.0
111053,0.0
111054,0.02
111055,0.07
111056,0.02
111057,0.06
111058,0.05
111059,0.0
111060,0.0
111061,0.27
111062,0.01
111063,0.01
111064,0.03
111065,0.0
111066,0.13
111067,0.0
111068,0.26
111069,0.03
111070,0.0
111071,0.1
111072,0.24
111073,0.12
111074,0.08
111075,0.0
111076,0.0
111077,0.0
111078,0.02
111079,0.0
111080,0.01
111081,0.0
111082,0.03
111083,0.06
111084,0.25
111085,0.03
111086,0.06
111087,0.05
111088,0.01
111089,0.1
111090,0.01
111091,0.0
111092,0.0
111093,0.02
111094,0.0
111095,0.09
111096,0.02
111097,0.0
111098,0.02
111099,0.06
111100,0.04
111101,0.24
111102,0.0
111103,0.07
111104,0.53
111105,0.05
111106,0.07
111107,0.0
111108,0.02
111109,0.02
111110,0.13
111111,0.0
111112,0.03
111113,0.05
111114,0.0
111115,0.03
111116,0.0
111117,0.0
111118,0.0
111119,0.01
111120,0.01
111121,0.15
111122,0.01
111123,0.02
111124,0.13
111125,0.61
111126,0.01
111127,0.01
111128,0.03
111129,0.08
111130,0.09
111131,0.1
111132,0.4
111133,0.0
111134,0.01
111135,0.11
111136,0.07
111137,0.09
111138,0.04
111139,0.0
111140,0.09
111141,0.13
111142,0.02
111143,0.0
111144,0.0
111145,0.0
111146,0.17
111147,0.01
111148,0.0
111149,0.0
111150,0.15
111151,0.06
111152,0.01
111153,0.06
111154,0.29
111155,0.02
111156,0.0
111157,0.02
111158,0.27
111159,0.22
111160,0.0
111161,0.09
111162,0.13
111163,0.04
111164,0.0
111165,0.29
111166,0.0
111167,0.04
111168,0.18
111169,0.12
111170,0.0
111171,0.29
111172,0.86
111173,0.37
111174,0.0
111175,0.01
111176,0.0
111177,0.08
111178,0.01
111179,0.0
111180,0.03
111181,0.0
111182,0.0
111183,0.01
111184,0.1
111185,0.06
111186,0.0
111187,0.11
111188,0.05
111189,0.19
111190,0.0
111191,0.0
111192,0.28
111193,0.0
111194,0.01
111195,0.06
111196,0.0
111197,0.03
111198,0.0
111199,0.11
111200,0.04
111201,0.21
111202,0.0
111203,0.01
111204,0.02
111205,0.09
111206,0.02
111207,0.05
111208,0.12
111209,0.38
111210,0.01
111211,0.1
111212,0.27
111213,0.0
111214,0.02
111215,0.0
111216,0.49
111217,0.01
111218,0.0
111219,0.02
111220,0.0
111221,0.0
111222,0.02
111223,0.0
111224,0.25
111225,0.15
111226,0.1
111227,0.12
111228,0.06
111229,0.01
111230,0.33
111231,0.01
111232,0.0
111233,0.04
111234,0.08
111235,0.0
111236,0.05
111237,0.04
111238,0.14
111239,0.16
111240,0.03
111241,0.13
111242,0.01
111243,0.0
111244,0.01
111245,0.01
111246,0.05
111247,0.23
111248,0.0
111249,0.0
111250,0.01
111251,0.06
111252,0.04
111253,0.04
111254,0.0
111255,0.0
111256,0.02
111257,0.51
111258,0.14
111259,0.0
111260,0.09
111261,0.0
111262,0.15
111263,0.05
111264,0.17
111265,0.01
111266,0.09
111267,0.02
111268,0.12
111269,0.0
111270,0.0
111271,0.0
111272,0.0
111273,0.03
111274,0.01
111275,0.05
111276,0.07
111277,0.13
111278,0.0
111279,0.0
111280,0.0
111281,0.08
111282,0.4
111283,0.0
111284,0.28
111285,0.06
111286,0.05
111287,0.0
111288,0.0
111289,0.04
111290,0.12
111291,0.24
111292,0.59
111293,0.02
111294,0.19
111295,0.24
111296,0.01
111297,0.07
111298,0.01
111299,0.01
111300,0.07
111301,0.03
111302,0.01
111303,0.12
111304,0.08
111305,0.02
111306,0.16
111307,0.1
111308,0.02
111309,0.03
111310,0.01
111311,0.01
111312,0.02
111313,0.05
111314,0.76
111315,0.0
111316,0.03
111317,0.0
111318,0.0
111319,0.17
111320,0.0
111321,0.0
111322,0.0
111323,0.05
111324,0.01
111325,0.01
111326,0.01
111327,0.0
111328,0.0
111329,0.01
111330,0.01
111331,0.0
111332,0.12
111333,0.0
111334,0.0
111335,0.05
111336,0.04
111337,0.02
111338,0.0
111339,0.12
111340,0.04
111341,0.03
111342,0.0
111343,0.02
111344,0.05
111345,0.04
111346,0.15
111347,0.25
111348,0.2
111349,0.04
111350,0.0
111351,0.01
111352,0.14
111353,0.14
111354,0.01
111355,0.28
111356,0.01
111357,0.0
111358,0.0
111359,0.0
111360,0.05
111361,0.02
111362,0.03
111363,0.08
111364,0.0
111365,0.02
111366,0.0
111367,0.0
111368,0.0
111369,0.0
111370,0.16
111371,0.01
111372,0.02
111373,0.0
111374,0.0
111375,0.11
111376,0.0
111377,0.01
111378,0.0
111379,0.06
111380,0.03
111381,0.0
111382,0.03
111383,0.0
111384,0.04
111385,0.2
111386,0.01
111387,0.28
111388,0.02
111389,0.01
111390,0.0
111391,0.02
111392,0.0
111393,0.0
111394,0.13
111395,0.0
111396,0.04
111397,0.05
111398,0.03
111399,0.17
111400,0.04
111401,0.27
111402,0.02
111403,0.04
111404,0.03
111405,0.08
111406,0.0
111407,0.04
111408,0.04
111409,0.01
111410,0.15
111411,0.0
111412,0.02
111413,0.09
111414,0.01
111415,0.2
111416,0.0
111417,0.0
111418,0.07
111419,0.0
111420,0.0
111421,0.01
111422,0.0
111423,0.0
111424,0.01
111425,0.01
111426,0.03
111427,0.01
111428,0.07
111429,0.0
111430,0.26
111431,0.04
111432,0.13
111433,0.07
111434,0.0
111435,0.0
111436,0.1
111437,0.15
111438,0.02
111439,0.0
111440,0.28
111441,0.0
111442,0.09
111443,0.0
111444,0.08
111445,0.1
111446,0.02
111447,0.03
111448,0.0
111449,0.06
111450,0.45
111451,0.02
111452,0.0
111453,0.17
111454,0.02
111455,0.13
111456,0.13
111457,0.08
111458,0.01
111459,0.07
111460,0.02
111461,0.05
111462,0.0
111463,0.01
111464,0.02
111465,0.04
111466,0.0
111467,0.05
111468,0.0
111469,0.02
111470,0.09
111471,0.26
111472,0.01
111473,0.0
111474,0.1
111475,0.01
111476,0.05
111477,0.12
111478,0.02
111479,0.13
111480,0.21
111481,0.16
111482,0.02
111483,0.09
111484,0.01
111485,0.0
111486,0.01
111487,0.02
111488,0.0
111489,0.0
111490,0.0
111491,0.0
111492,0.0
111493,0.12
111494,0.03
111495,0.01
111496,0.11
111497,0.01
111498,0.17
111499,0.02
111500,0.0
111501,0.0
111502,0.0
111503,0.0
111504,0.02
111505,0.03
111506,0.02
111507,0.02
111508,0.09
111509,0.0
111510,0.0
111511,0.05
111512,0.01
111513,0.0
111514,0.0
111515,0.06
111516,0.22
111517,0.0
111518,0.01
111519,0.08
111520,0.02
111521,0.0
111522,0.0
111523,0.0
111524,0.0
111525,0.24
111526,0.1
111527,0.24
111528,0.01
111529,0.0
111530,0.16
111531,0.01
111532,0.01
111533,0.0
111534,0.14
111535,0.01
111536,0.03
111537,0.02
111538,0.25
111539,0.08
111540,0.0
111541,0.09
111542,0.2
111543,0.0
111544,0.0
111545,0.12
111546,0.0
111547,0.01
111548,0.01
111549,0.05
111550,0.0
111551,0.19
111552,0.66
111553,0.01
111554,0.21
111555,0.0
111556,0.22
111557,0.01
111558,0.03
111559,0.01
111560,0.03
111561,0.1
111562,0.0
111563,0.08
111564,0.05
111565,0.06
111566,0.03
111567,0.0
111568,0.03
111569,0.01
111570,0.01
111571,0.07
111572,0.0
111573,0.02
111574,0.2
111575,0.0
111576,0.05
111577,0.0
111578,0.02
111579,0.0
111580,0.01
111581,0.0
111582,0.01
111583,0.05
111584,0.08
111585,0.0
111586,0.01
111587,0.03
111588,0.18
111589,0.15
111590,0.0
111591,0.0
111592,0.0
111593,0.16
111594,0.08
111595,0.0
111596,0.02
111597,0.03
111598,0.0
111599,0.17
111600,0.02
111601,0.39
111602,0.01
111603,0.0
111604,0.03
111605,0.0
111606,0.03
111607,0.07
111608,0.05
111609,0.49
111610,0.0
111611,0.0
111612,0.17
111613,0.0
111614,0.01
111615,0.0
111616,0.08
111617,0.06
111618,0.03
111619,0.06
111620,0.14
111621,0.09
111622,0.0
111623,0.06
111624,0.0
111625,0.38
111626,0.13
111627,0.05
111628,0.05
111629,0.24
111630,0.02
111631,0.02
111632,0.06
111633,0.02
111634,0.0
111635,0.09
111636,0.0
111637,0.0
111638,0.02
111639,0.01
111640,0.12
111641,0.0
111642,0.03
111643,0.01
111644,0.03
111645,0.01
111646,0.15
111647,0.26
111648,0.04
111649,0.01
111650,0.11
111651,0.02
111652,0.01
111653,0.0
111654,0.1
111655,0.0
111656,0.0
111657,0.02
111658,0.01
111659,0.17
111660,0.0
111661,0.0
111662,0.36
111663,0.0
111664,0.06
111665,0.56
111666,0.07
111667,0.46
111668,0.08
111669,0.0
111670,0.08
111671,0.18
111672,0.18
111673,0.06
111674,0.02
111675,0.01
111676,0.01
111677,0.04
111678,0.0
111679,0.1
111680,0.0
111681,0.02
111682,0.0
111683,0.01
111684,0.0
111685,0.06
111686,0.06
111687,0.01
111688,0.03
111689,0.0
111690,0.0
111691,0.0
111692,0.08
111693,0.0
111694,0.0
111695,0.0
111696,0.0
111697,0.11
111698,0.11
111699,0.0
111700,0.03
111701,0.02
111702,0.01
111703,0.06
111704,0.06
111705,0.01
111706,0.01
111707,0.0
111708,0.08
111709,0.01
111710,0.0
111711,0.04
111712,0.16
111713,0.36
111714,0.08
111715,0.01
111716,0.0
111717,0.05
111718,0.0
111719,0.29
111720,0.01
111721,0.0
111722,0.15
111723,0.0
111724,0.15
111725,0.0
111726,0.01
111727,0.13
111728,0.02
111729,0.0
111730,0.0
111731,0.01
111732,0.22
111733,0.0
111734,0.04
111735,0.01
111736,0.04
111737,0.04
111738,0.0
111739,0.0
111740,0.21
111741,0.02
111742,0.01
111743,0.0
111744,0.3
111745,0.06
111746,0.01
111747,0.0
111748,0.17
111749,0.01
111750,0.28
111751,0.28
111752,0.08
111753,0.39
111754,0.0
111755,0.0
111756,0.0
111757,0.02
111758,0.0
111759,0.12
111760,0.04
111761,0.01
111762,0.49
111763,0.03
111764,0.09
111765,0.05
111766,0.04
111767,0.46
111768,0.27
111769,0.08
111770,0.1
111771,0.0
111772,0.12
111773,0.01
111774,0.27
111775,0.02
111776,0.0
111777,0.02
111778,0.23
111779,0.02
111780,0.0
111781,0.01
111782,0.02
111783,0.0
111784,0.24
111785,0.03
111786,0.01
111787,0.09
111788,0.0
111789,0.0
111790,0.05
111791,0.14
111792,0.18
111793,0.02
111794,0.06
111795,0.02
111796,0.01
111797,0.0
111798,0.01
111799,0.07
111800,0.05
111801,0.06
111802,0.01
111803,0.21
111804,0.03
111805,0.01
111806,0.0
111807,0.02
111808,0.45
111809,0.0
111810,0.0
111811,0.01
111812,0.0
111813,0.01
111814,0.04
111815,0.27
111816,0.02
111817,0.0
111818,0.0
111819,0.01
111820,0.13
111821,0.27
111822,0.0
111823,0.14
111824,0.16
111825,0.01
111826,0.04
111827,0.0
111828,0.0
111829,0.0
111830,0.28
111831,0.04
111832,0.06
111833,0.02
111834,0.12
111835,0.02
111836,0.42
111837,0.01
111838,0.0
111839,0.01
111840,0.0
111841,0.03
111842,0.0
111843,0.0
111844,0.01
111845,0.04
111846,0.23
111847,0.0
111848,0.03
111849,0.14
111850,0.01
111851,0.02
111852,0.03
111853,0.0
111854,0.0
111855,0.05
111856,0.22
111857,0.04
111858,0.03
111859,0.0
111860,0.06
111861,0.04
111862,0.01
111863,0.0
111864,0.18
111865,0.0
111866,0.0
111867,0.08
111868,0.01
111869,0.0
111870,0.01
111871,0.03
111872,0.0
111873,0.14
111874,0.02
111875,0.02
111876,0.04
111877,0.02
111878,0.0
111879,0.0
111880,0.0
111881,0.09
111882,0.02
111883,0.33
111884,0.02
111885,0.02
111886,0.04
111887,0.17
111888,0.16
111889,0.02
111890,0.01
111891,0.03
111892,0.0
111893,0.56
111894,0.0
111895,0.49
111896,0.0
111897,0.12
111898,0.0
111899,0.01
111900,0.01
111901,0.03
111902,0.0
111903,0.02
111904,0.0
111905,0.0
111906,0.0
111907,0.0
111908,0.76
111909,0.01
111910,0.33
111911,0.0
111912,0.02
111913,0.0
111914,0.12
111915,0.34
111916,0.0
111917,0.11
111918,0.01
111919,0.0
111920,0.28
111921,0.0
111922,0.08
111923,0.03
111924,0.03
111925,0.01
111926,0.0
111927,0.13
111928,0.13
111929,0.0
111930,0.0
111931,0.03
111932,0.06
111933,0.06
111934,0.01
111935,0.0
111936,0.02
111937,0.0
111938,0.03
111939,0.0
111940,0.0
111941,0.36
111942,0.07
111943,0.5
111944,0.12
111945,0.0
111946,0.0
111947,0.0
111948,0.22
111949,0.08
111950,0.04
111951,0.0
111952,0.02
111953,0.01
111954,0.1
111955,0.19
111956,0.0
111957,0.13
111958,0.0
111959,0.36
111960,0.09
111961,0.04
111962,0.02
111963,0.02
111964,0.02
111965,0.01
111966,0.2
111967,0.05
111968,0.57
111969,0.17
111970,0.21
111971,0.12
111972,0.16
111973,0.1
111974,0.0
111975,0.26
111976,0.0
111977,0.0
111978,0.05
111979,0.0
111980,0.0
111981,0.68
111982,0.01
111983,0.1
111984,0.01
111985,0.01
111986,0.0
111987,0.17
111988,0.14
111989,0.0
111990,0.2
111991,0.02
111992,0.0
111993,0.02
111994,0.06
111995,0.22
111996,0.04
111997,0.0
111998,0.07
111999,0.01
112000,0.02
112001,0.02
112002,0.52
112003,0.0
112004,0.0
112005,0.02
112006,0.22
112007,0.11
112008,0.13
112009,0.0
112010,0.0
112011,0.0
112012,0.01
112013,0.02
112014,0.0
112015,0.0
112016,0.0
112017,0.01
112018,0.01
112019,0.03
112020,0.22
112021,0.0
112022,0.03
112023,0.0
112024,0.0
112025,0.0
112026,0.01
112027,0.08
112028,0.0
112029,0.08
112030,0.08
112031,0.0
112032,0.02
112033,0.0
112034,0.06
112035,0.03
112036,0.02
112037,0.06
112038,0.01
112039,0.04
112040,0.18
112041,0.0
112042,0.05
112043,0.03
112044,0.07
112045,0.09
112046,0.0
112047,0.0
112048,0.37
112049,0.06
112050,0.03
112051,0.03
112052,0.23
112053,0.0
112054,0.16
112055,0.0
112056,0.12
112057,0.05
112058,0.0
112059,0.04
112060,0.02
112061,0.13
112062,0.01
112063,0.0
112064,0.24
112065,0.1
112066,0.0
112067,0.01
112068,0.0
112069,0.07
112070,0.03
112071,0.08
112072,0.03
112073,0.02
112074,0.0
112075,0.0
112076,0.01
112077,0.38
112078,0.0
112079,0.04
112080,0.0
112081,0.15
112082,0.02
112083,0.04
112084,0.02
112085,0.05
112086,0.0
112087,0.06
112088,0.0
112089,0.01
112090,0.0
112091,0.06
112092,0.0
112093,0.02
112094,0.0
112095,0.53
112096,0.1
112097,0.04
112098,0.01
112099,0.04
112100,0.02
112101,0.05
112102,0.02
112103,0.05
112104,0.11
112105,0.07
112106,0.01
112107,0.0
112108,0.02
112109,0.0
112110,0.0
112111,0.02
112112,0.07
112113,0.0
112114,0.04
112115,0.03
112116,0.04
112117,0.04
112118,0.07
112119,0.17
112120,0.0
112121,0.12
112122,0.0
112123,0.07
112124,0.01
112125,0.07
112126,0.0
112127,0.0
112128,0.04
112129,0.02
112130,0.0
112131,0.06
112132,0.09
112133,0.23
112134,0.05
112135,0.17
112136,0.0
112137,0.08
112138,0.0
112139,0.27
112140,0.01
112141,0.04
112142,0.01
112143,0.0
112144,0.19
112145,0.0
112146,0.01
112147,0.1
112148,0.23
112149,0.01
112150,0.0
112151,0.02
112152,0.06
112153,0.0
112154,0.01
112155,0.14
112156,0.0
112157,0.03
112158,0.02
112159,0.01
112160,0.0
112161,0.01
112162,0.0
112163,0.0
112164,0.07
112165,0.11
112166,0.0
112167,0.0
112168,0.11
112169,0.02
112170,0.02
112171,0.01
112172,0.02
112173,0.06
112174,0.02
112175,0.12
112176,0.0
112177,0.23
112178,0.0
112179,0.02
112180,0.0
112181,0.0
112182,0.0
112183,0.01
112184,0.58
112185,0.0
112186,0.03
112187,0.62
112188,0.03
112189,0.02
112190,0.07
112191,0.13
112192,0.02
112193,0.03
112194,0.03
112195,0.0
112196,0.02
112197,0.02
112198,0.04
112199,0.0
112200,0.12
112201,0.05
112202,0.04
112203,0.29
112204,0.0
112205,0.07
112206,0.1
112207,0.02
112208,0.06
112209,0.02
112210,0.0
112211,0.0
112212,0.48
112213,0.0
112214,0.02
112215,0.0
112216,0.05
112217,0.02
112218,0.01
112219,0.0
112220,0.01
112221,0.02
112222,0.01
112223,0.04
112224,0.0
112225,0.0
112226,0.03
112227,0.37
112228,0.06
112229,0.0
112230,0.08
112231,0.13
112232,0.06
112233,0.03
112234,0.0
112235,0.23
112236,0.01
112237,0.02
112238,0.72
112239,0.11
112240,0.04
112241,0.15
112242,0.26
112243,0.01
112244,0.07
112245,0.12
112246,0.03
112247,0.0
112248,0.02
112249,0.03
112250,0.0
112251,0.01
112252,0.21
112253,0.0
112254,0.0
112255,0.0
112256,0.01
112257,0.02
112258,0.01
112259,0.01
112260,0.3
112261,0.09
112262,0.05
112263,0.02
112264,0.03
112265,0.0
112266,0.0
112267,0.01
112268,0.0
112269,0.33
112270,0.01
112271,0.01
112272,0.12
112273,0.02
112274,0.05
112275,0.06
112276,0.53
112277,0.2
112278,0.04
112279,0.24
112280,0.01
112281,0.05
112282,0.0
112283,0.03
112284,0.18
112285,0.03
112286,0.06
112287,0.07
112288,0.06
112289,0.0
112290,0.16
112291,0.05
112292,0.0
112293,0.06
112294,0.01
112295,0.08
112296,0.0
112297,0.02
112298,0.09
112299,0.0
112300,0.06
112301,0.06
112302,0.03
112303,0.0
112304,0.05
112305,0.01
112306,0.02
112307,0.01
112308,0.07
112309,0.0
112310,0.01
112311,0.04
112312,0.02
112313,0.0
112314,0.01
112315,0.05
112316,0.1
112317,0.06
112318,0.01
112319,0.04
112320,0.01
112321,0.0
112322,0.0
112323,0.01
112324,0.02
112325,0.0
112326,0.2
112327,0.01
112328,0.25
112329,0.05
112330,0.01
112331,0.06
112332,0.01
112333,0.01
112334,0.03
112335,0.0
112336,0.05
112337,0.01
112338,0.0
112339,0.09
112340,0.05
112341,0.0
112342,0.08
112343,0.0
112344,0.0
112345,0.27
112346,0.0
112347,0.1
112348,0.32
112349,0.06
112350,0.01
112351,0.05
112352,0.0
112353,0.38
112354,0.0
112355,0.05
112356,0.07
112357,0.01
112358,0.0
112359,0.11
112360,0.01
112361,0.03
112362,0.01
112363,0.16
112364,0.01
112365,0.01
112366,0.0
112367,0.0
112368,0.0
112369,0.0
112370,0.0
112371,0.13
112372,0.07
112373,0.07
112374,0.06
112375,0.01
112376,0.03
112377,0.0
112378,0.0
112379,0.0
112380,0.07
112381,0.34
112382,0.05
112383,0.0
112384,0.58
112385,0.0
112386,0.1
112387,0.01
112388,0.02
112389,0.0
112390,0.11
112391,0.01
112392,0.0
112393,0.11
112394,0.0
112395,0.0
112396,0.0
112397,0.08
112398,0.02
112399,0.08
112400,0.01
112401,0.02
112402,0.01
112403,0.0
112404,0.03
112405,0.0
112406,0.03
112407,0.07
112408,0.04
112409,0.16
112410,0.04
112411,0.03
112412,0.0
112413,0.01
112414,0.04
112415,0.01
112416,0.03
112417,0.13
112418,0.0
112419,0.03
112420,0.5
112421,0.08
112422,0.05
112423,0.01
112424,0.2
112425,0.04
112426,0.04
112427,0.0
112428,0.02
112429,0.01
112430,0.03
112431,0.0
112432,0.0
112433,0.01
112434,0.02
112435,0.02
112436,0.44
112437,0.0
112438,0.0
112439,0.13
112440,0.0
112441,0.01
112442,0.56
112443,0.0
112444,0.07
112445,0.01
112446,0.0
112447,0.0
112448,0.02
112449,0.01
112450,0.01
112451,0.25
112452,0.03
112453,0.02
112454,0.06
112455,0.01
112456,0.04
112457,0.07
112458,0.01
112459,0.0
112460,0.39
112461,0.02
112462,0.0
112463,0.13
112464,0.03
112465,0.04
112466,0.0
112467,0.0
112468,0.02
112469,0.21
112470,0.21
112471,0.0
112472,0.03
112473,0.24
112474,0.19
112475,0.02
112476,0.03
112477,0.02
112478,0.25
112479,0.47
112480,0.04
112481,0.01
112482,0.09
112483,0.0
112484,0.02
112485,0.06
112486,0.06
112487,0.13
112488,0.0
112489,0.0
112490,0.53
112491,0.0
112492,0.0
112493,0.04
112494,0.46
112495,0.06
112496,0.01
112497,0.0
112498,0.06
112499,0.01
112500,0.09
112501,0.0
112502,0.06
112503,0.07
112504,0.14
112505,0.06
112506,0.03
112507,0.01
112508,0.03
112509,0.04
112510,0.0
112511,0.0
112512,0.01
112513,0.0
112514,0.41
112515,0.07
112516,0.0
112517,0.0
112518,0.01
112519,0.23
112520,0.04
112521,0.02
112522,0.06
112523,0.06
112524,0.2
112525,0.09
112526,0.08
112527,0.02
112528,0.08
112529,0.05
112530,0.18
112531,0.01
112532,0.0
112533,0.0
112534,0.21
112535,0.07
112536,0.0
112537,0.01
112538,0.79
112539,0.04
112540,0.02
112541,0.0
112542,0.0
112543,0.0
112544,0.12
112545,0.08
112546,0.07
112547,0.02
112548,0.0
112549,0.03
112550,0.04
112551,0.09
112552,0.02
112553,0.02
112554,0.0
112555,0.07
112556,0.46
112557,0.0
112558,0.01
112559,0.32
112560,0.0
112561,0.0
112562,0.01
112563,0.07
112564,0.02
112565,0.4
112566,0.1
112567,0.0
112568,0.02
112569,0.08
112570,0.13
112571,0.18
112572,0.0
112573,0.0
112574,0.7
112575,0.0
112576,0.45
112577,0.05
112578,0.04
112579,0.17
112580,0.0
112581,0.0
112582,0.03
112583,0.0
112584,0.07
112585,0.02
112586,0.01
112587,0.01
112588,0.0
112589,0.06
112590,0.01
112591,0.53
112592,0.04
112593,0.0
112594,0.0
112595,0.35
112596,0.01
112597,0.1
112598,0.0
112599,0.0
112600,0.05
112601,0.01
112602,0.0
112603,0.08
112604,0.03
112605,0.01
112606,0.02
112607,0.09
112608,0.13
112609,0.01
112610,0.11
112611,0.0
112612,0.12
112613,0.01
112614,0.22
112615,0.01
112616,0.0
112617,0.02
112618,0.02
112619,0.01
112620,0.13
112621,0.51
112622,0.02
112623,0.0
112624,0.0
112625,0.11
112626,0.02
112627,0.22
112628,0.0
112629,0.02
112630,0.14
112631,0.0
112632,0.09
112633,0.04
112634,0.06
112635,0.02
112636,0.09
112637,0.02
112638,0.07
112639,0.0
112640,0.0
112641,0.0
112642,0.01
112643,0.01
112644,0.1
112645,0.07
112646,0.03
112647,0.05
112648,0.01
112649,0.2
112650,0.22
112651,0.15
112652,0.05
112653,0.01
112654,0.15
112655,0.06
112656,0.0
112657,0.06
112658,0.04
112659,0.0
112660,0.0
112661,0.17
112662,0.39
112663,0.0
112664,0.05
112665,0.0
112666,0.07
112667,0.23
112668,0.0
112669,0.13
112670,0.22
112671,0.17
112672,0.04
112673,0.01
112674,0.01
112675,0.04
112676,0.01
112677,0.06
112678,0.0
112679,0.02
112680,0.01
112681,0.0
112682,0.01
112683,0.05
112684,0.01
112685,0.08
112686,0.03
112687,0.01
112688,0.14
112689,0.0
112690,0.0
112691,0.04
112692,0.0
112693,0.01
112694,0.02
112695,0.01
112696,0.12
112697,0.12
112698,0.02
112699,0.05
112700,0.11
112701,0.05
112702,0.0
112703,0.15
112704,0.08
112705,0.21
112706,0.01
112707,0.0
112708,0.04
112709,0.02
112710,0.0
112711,0.01
112712,0.13
112713,0.04
112714,0.0
112715,0.4
112716,0.23
112717,0.05
112718,0.0
112719,0.0
112720,0.03
112721,0.01
112722,0.2
112723,0.0
112724,0.01
112725,0.0
112726,0.06
112727,0.04
112728,0.03
112729,0.0
112730,0.03
112731,0.0
112732,0.3
112733,0.0
112734,0.27
112735,0.02
112736,0.03
112737,0.0
112738,0.17
112739,0.05
112740,0.03
112741,0.0
112742,0.5
112743,0.02
112744,0.17
112745,0.01
112746,0.02
112747,0.02
112748,0.0
112749,0.11
112750,0.04
112751,0.01
112752,0.04
112753,0.26
112754,0.01
112755,0.03
112756,0.21
112757,0.03
112758,0.0
112759,0.04
112760,0.2
112761,0.0
112762,0.02
112763,0.01
112764,0.2
112765,0.16
112766,0.0
112767,0.0
112768,0.23
112769,0.04
112770,0.0
112771,0.08
112772,0.0
112773,0.0
112774,0.0
112775,0.0
112776,0.0
112777,0.03
112778,0.0
112779,0.1
112780,0.01
112781,0.0
112782,0.54
112783,0.21
112784,0.05
112785,0.0
112786,0.18
112787,0.02
112788,0.03
112789,0.0
112790,0.01
112791,0.13
112792,0.0
112793,0.0
112794,0.0
112795,0.12
112796,0.07
112797,0.17
112798,0.08
112799,0.03
112800,0.63
112801,0.01
112802,0.01
112803,0.01
112804,0.0
112805,0.02
112806,0.04
112807,0.0
112808,0.0
112809,0.01
112810,0.01
112811,0.03
112812,0.01
112813,0.01
112814,0.17
112815,0.0
112816,0.0
112817,0.24
112818,0.0
112819,0.01
112820,0.03
112821,0.06
112822,0.01
112823,0.04
112824,0.09
112825,0.07
112826,0.21
112827,0.12
112828,0.05
112829,0.02
112830,0.02
112831,0.08
112832,0.02
112833,0.01
112834,0.02
112835,0.01
112836,0.17
112837,0.07
112838,0.09
112839,0.04
112840,0.61
112841,0.02
112842,0.0
112843,0.03
112844,0.06
112845,0.0
112846,0.01
112847,0.02
112848,0.02
112849,0.37
112850,0.01
112851,0.03
112852,0.0
112853,0.02
112854,0.04
112855,0.01
112856,0.13
112857,0.05
112858,0.0
112859,0.0
112860,0.33
112861,0.02
112862,0.0
112863,0.22
112864,0.08
112865,0.04
112866,0.0
112867,0.02
112868,0.0
112869,0.0
112870,0.0
112871,0.05
112872,0.03
112873,0.01
112874,0.0
112875,0.0
112876,0.82
112877,0.0
112878,0.09
112879,0.02
112880,0.01
112881,0.0
112882,0.0
112883,0.02
112884,0.02
112885,0.0
112886,0.03
112887,0.07
112888,0.01
112889,0.01
112890,0.02
112891,0.04
112892,0.0
112893,0.0
112894,0.14
112895,0.12
112896,0.38
112897,0.0
112898,0.02
112899,0.13
112900,0.01
112901,0.07
112902,0.13
112903,0.26
112904,0.04
112905,0.18
112906,0.02
112907,0.08
112908,0.2
112909,0.01
112910,0.12
112911,0.11
112912,0.0
112913,0.01
112914,0.0
112915,0.01
112916,0.0
112917,0.02
112918,0.21
112919,0.08
112920,0.02
112921,0.02
112922,0.07
112923,0.0
112924,0.0
112925,0.0
112926,0.04
112927,0.0
112928,0.05
112929,0.0
112930,0.05
112931,0.0
112932,0.07
112933,0.0
112934,0.41
112935,0.0
112936,0.19
112937,0.0
112938,0.04
112939,0.01
112940,0.04
112941,0.01
112942,0.1
112943,0.04
112944,0.0
112945,0.01
112946,0.03
112947,0.09
112948,0.3
112949,0.0
112950,0.01
112951,0.0
112952,0.09
112953,0.04
112954,0.0
112955,0.29
112956,0.0
112957,0.06
112958,0.12
112959,0.0
112960,0.06
112961,0.01
112962,0.02
112963,0.05
112964,0.09
112965,0.0
112966,0.23
112967,0.03
112968,0.02
112969,0.02
112970,0.0
112971,0.51
112972,0.02
112973,0.0
112974,0.03
112975,0.03
112976,0.0
112977,0.02
112978,0.05
112979,0.0
112980,0.15
112981,0.1
112982,0.05
112983,0.01
112984,0.01
112985,0.23
112986,0.01
112987,0.01
112988,0.0
112989,0.01
112990,0.06
112991,0.05
112992,0.03
112993,0.0
112994,0.0
112995,0.15
112996,0.05
112997,0.15
112998,0.22
112999,0.21
113000,0.16
113001,0.0
113002,0.0
113003,0.18
113004,0.06
113005,0.07
113006,0.08
113007,0.31
113008,0.01
113009,0.02
113010,0.03
113011,0.04
113012,0.02
113013,0.0
113014,0.0
113015,0.04
113016,0.03
113017,0.05
113018,0.01
113019,0.09
113020,0.04
113021,0.02
113022,0.04
113023,0.0
113024,0.04
113025,0.02
113026,0.0
113027,0.1
113028,0.35
113029,0.08
113030,0.01
113031,0.0
113032,0.6
113033,0.0
113034,0.03
113035,0.0
113036,0.03
113037,0.52
113038,0.02
113039,0.21
113040,0.0
113041,0.02
113042,0.0
113043,0.12
113044,0.03
113045,0.12
113046,0.01
113047,0.03
113048,0.31
113049,0.55
113050,0.01
113051,0.02
113052,0.21
113053,0.0
113054,0.02
113055,0.0
113056,0.01
113057,0.02
113058,0.01
113059,0.0
113060,0.27
113061,0.01
113062,0.18
113063,0.03
113064,0.01
113065,0.18
113066,0.02
113067,0.2
113068,0.03
113069,0.36
113070,0.01
113071,0.0
113072,0.01
113073,0.0
113074,0.0
113075,0.0
113076,0.02
113077,0.46
113078,0.06
113079,0.0
113080,0.05
113081,0.15
113082,0.29
113083,0.0
113084,0.0
113085,0.33
113086,0.06
113087,0.26
113088,0.01
113089,0.19
113090,0.19
113091,0.02
113092,0.0
113093,0.0
113094,0.0
113095,0.0
113096,0.0
113097,0.03
113098,0.26
113099,0.0
113100,0.0
113101,0.0
113102,0.0
113103,0.05
113104,0.09
113105,0.0
113106,0.01
113107,0.0
113108,0.01
113109,0.02
113110,0.0
113111,0.14
113112,0.55
113113,0.0
113114,0.03
113115,0.0
113116,0.02
113117,0.06
113118,0.34
113119,0.01
113120,0.34
113121,0.1
113122,0.0
113123,0.01
113124,0.04
113125,0.01
113126,0.01
113127,0.0
113128,0.01
113129,0.04
113130,0.07
113131,0.02
113132,0.0
113133,0.01
113134,0.09
113135,0.01
113136,0.16
113137,0.05
113138,0.0
113139,0.05
113140,0.01
113141,0.12
113142,0.04
113143,0.02
113144,0.0
113145,0.01
113146,0.05
113147,0.01
113148,0.11
113149,0.05
113150,0.0
113151,0.3
113152,0.02
113153,0.03
113154,0.04
113155,0.0
113156,0.09
113157,0.02
113158,0.03
113159,0.11
113160,0.0
113161,0.45
113162,0.02
113163,0.37
113164,0.11
113165,0.07
113166,0.01
113167,0.26
113168,0.8
113169,0.15
113170,0.12
113171,0.02
113172,0.04
113173,0.0
113174,0.0
113175,0.03
113176,0.0
113177,0.02
113178,0.01
113179,0.02
113180,0.06
113181,0.0
113182,0.48
113183,0.19
113184,0.27
113185,0.01
113186,0.01
113187,0.08
113188,0.0
113189,0.02
113190,0.06
113191,0.01
113192,0.03
113193,0.01
113194,0.0
113195,0.0
113196,0.0
113197,0.01
113198,0.0
113199,0.14
113200,0.23
113201,0.02
113202,0.21
113203,0.04
113204,0.34
113205,0.0
113206,0.0
113207,0.0
113208,0.03
113209,0.01
113210,0.0
113211,0.01
113212,0.02
113213,0.2
113214,0.01
113215,0.1
113216,0.03
113217,0.06
113218,0.0
113219,0.02
113220,0.01
113221,0.0
113222,0.02
113223,0.08
113224,0.06
113225,0.0
113226,0.25
113227,0.0
113228,0.0
113229,0.07
113230,0.03
113231,0.0
113232,0.0
113233,0.19
113234,0.01
113235,0.04
113236,0.02
113237,0.0
113238,0.08
113239,0.0
113240,0.01
113241,0.08
113242,0.24
113243,0.0
113244,0.3
113245,0.06
113246,0.01
113247,0.0
113248,0.0
113249,0.05
113250,0.03
113251,0.07
113252,0.04
113253,0.18
113254,0.0
113255,0.0
113256,0.15
113257,0.05
113258,0.0
113259,0.0
113260,0.0
113261,0.05
113262,0.0
113263,0.0
113264,0.01
113265,0.06
113266,0.0
113267,0.18
113268,0.05
113269,0.05
113270,0.03
113271,0.02
113272,0.15
113273,0.0
113274,0.21
113275,0.14
113276,0.0
113277,0.01
113278,0.0
113279,0.03
113280,0.0
113281,0.06
113282,0.0
113283,0.0
113284,0.0
113285,0.11
113286,0.0
113287,0.18
113288,0.29
113289,0.0
113290,0.01
113291,0.01
113292,0.1
113293,0.05
113294,0.01
113295,0.3
113296,0.43
113297,0.05
113298,0.15
113299,0.01
113300,0.02
113301,0.02
113302,0.17
113303,0.16
113304,0.0
113305,0.03
113306,0.15
113307,0.02
113308,0.06
113309,0.18
113310,0.01
113311,0.01
113312,0.04
113313,0.06
113314,0.0
113315,0.04
113316,0.18
113317,0.0
113318,0.0
113319,0.02
113320,0.04
113321,0.01
113322,0.03
113323,0.0
113324,0.04
113325,0.14
113326,0.0
113327,0.07
113328,0.03
113329,0.0
113330,0.06
113331,0.01
113332,0.0
113333,0.0
113334,0.01
113335,0.06
113336,0.01
113337,0.0
113338,0.12
113339,0.18
113340,0.03
113341,0.01
113342,0.0
113343,0.0
113344,0.02
113345,0.06
113346,0.02
113347,0.04
113348,0.0
113349,0.01
113350,0.23
113351,0.02
113352,0.0
113353,0.0
113354,0.09
113355,0.06
113356,0.04
113357,0.0
113358,0.03
113359,0.0
113360,0.0
113361,0.07
113362,0.0
113363,0.08
113364,0.01
113365,0.02
113366,0.13
113367,0.08
113368,0.51
113369,0.0
113370,0.0
113371,0.0
113372,0.1
113373,0.01
113374,0.0
113375,0.0
113376,0.01
113377,0.08
113378,0.05
113379,0.16
113380,0.08
113381,0.03
113382,0.0
113383,0.01
113384,0.06
113385,0.09
113386,0.04
113387,0.02
113388,0.0
113389,0.05
113390,0.0
113391,0.07
113392,0.02
113393,0.07
113394,0.0
113395,0.06
113396,0.0
113397,0.01
113398,0.01
113399,0.42
113400,0.14
113401,0.09
113402,0.03
113403,0.15
113404,0.0
113405,0.01
113406,0.06
113407,0.04
113408,0.04
113409,0.09
113410,0.02
113411,0.02
113412,0.31
113413,0.02
113414,0.0
113415,0.01
113416,0.32
113417,0.02
113418,0.01
113419,0.07
113420,0.07
113421,0.04
113422,0.17
113423,0.0
113424,0.01
113425,0.11
113426,0.0
113427,0.01
113428,0.11
113429,0.16
113430,0.01
113431,0.0
113432,0.22
113433,0.0
113434,0.07
113435,0.02
113436,0.06
113437,0.01
113438,0.56
113439,0.24
113440,0.07
113441,0.01
113442,0.0
113443,0.77
113444,0.0
113445,0.0
113446,0.05
113447,0.01
113448,0.01
113449,0.24
113450,0.0
113451,0.02
113452,0.0
113453,0.02
113454,0.03
113455,0.05
113456,0.66
113457,0.02
113458,0.08
113459,0.01
113460,0.02
113461,0.26
113462,0.0
113463,0.01
113464,0.43
113465,0.17
113466,0.03
113467,0.05
113468,0.29
113469,0.0
113470,0.13
113471,0.04
113472,0.51
113473,0.09
113474,0.07
113475,0.22
113476,0.0
113477,0.0
113478,0.05
113479,0.01
113480,0.0
113481,0.0
113482,0.01
113483,0.0
113484,0.28
113485,0.09
113486,0.08
113487,0.02
113488,0.0
113489,0.02
113490,0.0
113491,0.2
113492,0.02
113493,0.03
113494,0.1
113495,0.11
113496,0.07
113497,0.0
113498,0.28
113499,0.01
113500,0.0
113501,0.05
113502,0.07
113503,0.04
113504,0.0
113505,0.0
113506,0.04
113507,0.15
113508,0.2
113509,0.0
113510,0.02
113511,0.01
113512,0.0
113513,0.0
113514,0.01
113515,0.0
113516,0.25
113517,0.01
113518,0.0
113519,0.0
113520,0.04
113521,0.06
113522,0.01
113523,0.01
113524,0.01
113525,0.24
113526,0.06
113527,0.57
113528,0.0
113529,0.0
113530,0.05
113531,0.0
113532,0.0
113533,0.01
113534,0.1
113535,0.01
113536,0.0
113537,0.02
113538,0.02
113539,0.02
113540,0.0
113541,0.0
113542,0.01
113543,0.02
113544,0.11
113545,0.01
113546,0.16
113547,0.01
113548,0.14
113549,0.04
113550,0.03
113551,0.04
113552,0.02
113553,0.01
113554,0.08
113555,0.15
113556,0.04
113557,0.0
113558,0.22
113559,0.13
113560,0.24
113561,0.0
113562,0.01
113563,0.2
113564,0.07
113565,0.01
113566,0.3
113567,0.02
113568,0.0
113569,0.02
113570,0.0
113571,0.01
113572,0.02
113573,0.14
113574,0.12
113575,0.0
113576,0.01
113577,0.1
113578,0.33
113579,0.03
113580,0.01
113581,0.0
113582,0.01
113583,0.09
113584,0.11
113585,0.12
113586,0.0
113587,0.4
113588,0.06
113589,0.04
113590,0.03
113591,0.01
113592,0.0
113593,0.01
113594,0.01
113595,0.57
113596,0.0
113597,0.01
113598,0.0
113599,0.0
113600,0.04
113601,0.04
113602,0.04
113603,0.0
113604,0.02
113605,0.05
113606,0.01
113607,0.09
113608,0.13
113609,0.0
113610,0.01
113611,0.35
113612,0.0
113613,0.15
113614,0.48
113615,0.24
113616,0.01
113617,0.09
113618,0.08
113619,0.05
113620,0.15
113621,0.45
113622,0.57
113623,0.02
113624,0.01
113625,0.12
113626,0.02
113627,0.0
113628,0.1
113629,0.04
113630,0.02
113631,0.0
113632,0.01
113633,0.04
113634,0.19
113635,0.0
113636,0.06
113637,0.05
113638,0.03
113639,0.01
113640,0.02
113641,0.02
113642,0.02
113643,0.42
113644,0.04
113645,0.35
113646,0.29
113647,0.01
113648,0.01
113649,0.0
113650,0.0
113651,0.15
113652,0.08
113653,0.46
113654,0.0
113655,0.0
113656,0.0
113657,0.04
113658,0.04
113659,0.0
113660,0.3
113661,0.48
113662,0.01
113663,0.0
113664,0.05
113665,0.09
113666,0.05
113667,0.12
113668,0.0
113669,0.06
113670,0.0
113671,0.04
113672,0.15
113673,0.1
113674,0.0
113675,0.1
113676,0.0
113677,0.01
113678,0.3
113679,0.0
113680,0.03
113681,0.0
113682,0.0
113683,0.01
113684,0.0
113685,0.4
113686,0.02
113687,0.0
113688,0.13
113689,0.0
113690,0.11
113691,0.18
113692,0.0
113693,0.0
113694,0.05
113695,0.03
113696,0.0
113697,0.01
113698,0.06
113699,0.01
113700,0.01
113701,0.06
113702,0.0
113703,0.04
113704,0.23
113705,0.03
113706,0.25
113707,0.07
113708,0.19
113709,0.05
113710,0.03
113711,0.0
113712,0.01
113713,0.18
113714,0.01
113715,0.08
113716,0.04
113717,0.01
113718,0.01
113719,0.01
113720,0.07
113721,0.44
113722,0.19
113723,0.04
113724,0.08
113725,0.0
113726,0.0
113727,0.21
113728,0.0
113729,0.08
113730,0.0
113731,0.04
113732,0.0
113733,0.04
113734,0.1
113735,0.08
113736,0.0
113737,0.0
113738,0.02
113739,0.0
113740,0.02
113741,0.02
113742,0.0
113743,0.07
113744,0.02
113745,0.0
113746,0.06
113747,0.04
113748,0.0
113749,0.0
113750,0.11
113751,0.54
113752,0.01
113753,0.05
113754,0.1
113755,0.02
113756,0.01
113757,0.0
113758,0.02
113759,0.04
113760,0.04
113761,0.03
113762,0.0
113763,0.04
113764,0.01
113765,0.02
113766,0.04
113767,0.03
113768,0.04
113769,0.01
113770,0.07
113771,0.07
113772,0.0
113773,0.0
113774,0.02
113775,0.12
113776,0.02
113777,0.03
113778,0.02
113779,0.07
113780,0.07
113781,0.01
113782,0.03
113783,0.04
113784,0.52
113785,0.02
113786,0.02
113787,0.02
113788,0.0
113789,0.0
113790,0.0
113791,0.54
113792,0.04
113793,0.07
113794,0.07
113795,0.09
113796,0.11
113797,0.0
113798,0.02
113799,0.0
113800,0.01
113801,0.11
113802,0.11
113803,0.04
113804,0.0
113805,0.0
113806,0.0
113807,0.0
113808,0.01
113809,0.01
113810,0.01
113811,0.16
113812,0.0
113813,0.68
113814,0.45
113815,0.04
113816,0.11
113817,0.04
113818,0.01
113819,0.0
113820,0.01
113821,0.12
113822,0.33
113823,0.01
113824,0.21
113825,0.35
113826,0.0
113827,0.02
113828,0.17
113829,0.36
113830,0.0
113831,0.06
113832,0.05
113833,0.0
113834,0.03
113835,0.12
113836,0.02
113837,0.0
113838,0.0
113839,0.02
113840,0.03
113841,0.0
113842,0.03
113843,0.01
113844,0.01
113845,0.02
113846,0.03
113847,0.0
113848,0.02
113849,0.0
113850,0.0
113851,0.02
113852,0.27
113853,0.05
113854,0.03
113855,0.03
113856,0.12
113857,0.17
113858,0.41
113859,0.24
113860,0.04
113861,0.01
113862,0.05
113863,0.16
113864,0.1
113865,0.21
113866,0.0
113867,0.36
113868,0.0
113869,0.03
113870,0.28
113871,0.22
113872,0.0
113873,0.02
113874,0.09
113875,0.0
113876,0.9
113877,0.09
113878,0.04
113879,0.15
113880,0.02
113881,0.01
113882,0.05
113883,0.13
113884,0.05
113885,0.06
113886,0.0
113887,0.16
113888,0.0
113889,0.61
113890,0.05
113891,0.02
113892,0.37
113893,0.41
113894,0.02
113895,0.0
113896,0.0
113897,0.0
113898,0.0
113899,0.0
113900,0.51
113901,0.07
113902,0.04
113903,0.02
113904,0.01
113905,0.12
113906,0.01
113907,0.03
113908,0.0
113909,0.02
113910,0.15
113911,0.04
113912,0.0
113913,0.03
113914,0.02
113915,0.05
113916,0.06
113917,0.05
113918,0.11
113919,0.04
113920,0.0
113921,0.02
113922,0.0
113923,0.04
113924,0.0
113925,0.03
113926,0.37
113927,0.12
113928,0.01
113929,0.05
113930,0.24
113931,0.1
113932,0.09
113933,0.29
113934,0.34
113935,0.05
113936,0.0
113937,0.0
113938,0.0
113939,0.0
113940,0.06
113941,0.04
113942,0.01
113943,0.07
113944,0.29
113945,0.0
113946,0.0
113947,0.0
113948,0.0
113949,0.0
113950,0.42
113951,0.18
113952,0.67
113953,0.04
113954,0.24
113955,0.02
113956,0.02
113957,0.0
113958,0.0
113959,0.1
113960,0.15
113961,0.04
113962,0.02
113963,0.02
113964,0.0
113965,0.01
113966,0.01
113967,0.1
113968,0.0
113969,0.11
113970,0.0
113971,0.05
113972,0.0
113973,0.03
113974,0.45
113975,0.0
113976,0.04
113977,0.02
113978,0.01
113979,0.03
113980,0.26
113981,0.07
113982,0.2
113983,0.07
113984,0.01
113985,0.05
113986,0.09
113987,0.0
113988,0.24
113989,0.02
113990,0.03
113991,0.37
113992,0.2
113993,0.4
113994,0.0
113995,0.0
113996,0.06
113997,0.01
113998,0.08
113999,0.06
114000,0.0
114001,0.05
114002,0.0
114003,0.0
114004,0.0
114005,0.04
114006,0.0
114007,0.13
114008,0.04
114009,0.02
114010,0.0
114011,0.0
114012,0.04
114013,0.64
114014,0.02
114015,0.02
114016,0.03
114017,0.0
114018,0.01
114019,0.0
114020,0.05
114021,0.21
114022,0.0
114023,0.42
114024,0.01
114025,0.05
114026,0.57
114027,0.09
114028,0.19
114029,0.03
114030,0.01
114031,0.53
114032,0.0
114033,0.09
114034,0.07
114035,0.01
114036,0.09
114037,0.0
114038,0.04
114039,0.02
114040,0.24
114041,0.03
114042,0.12
114043,0.04
114044,0.02
114045,0.0
114046,0.01
114047,0.0
114048,0.02
114049,0.2
114050,0.1
114051,0.01
114052,0.12
114053,0.01
114054,0.15
114055,0.01
114056,0.05
114057,0.1
114058,0.01
114059,0.0
114060,0.09
114061,0.1
114062,0.05
114063,0.0
114064,0.03
114065,0.0
114066,0.14
114067,0.0
114068,0.09
114069,0.27
114070,0.21
114071,0.08
114072,0.06
114073,0.27
114074,0.04
114075,0.0
114076,0.0
114077,0.0
114078,0.4
114079,0.06
114080,0.06
114081,0.03
114082,0.27
114083,0.1
114084,0.01
114085,0.01
114086,0.54
114087,0.11
114088,0.06
114089,0.14
114090,0.08
114091,0.03
114092,0.06
114093,0.0
114094,0.04
114095,0.01
114096,0.0
114097,0.02
114098,0.05
114099,0.0
114100,0.01
114101,0.02
114102,0.02
114103,0.01
114104,0.32
114105,0.01
114106,0.03
114107,0.02
114108,0.0
114109,0.0
114110,0.07
114111,0.03
114112,0.0
114113,0.09
114114,0.0
114115,0.0
114116,0.08
114117,0.0
114118,0.35
114119,0.0
114120,0.01
114121,0.37
114122,0.0
114123,0.06
114124,0.0
114125,0.07
114126,0.02
114127,0.0
114128,0.01
114129,0.0
114130,0.02
114131,0.01
114132,0.0
114133,0.0
114134,0.11
114135,0.0
114136,0.06
114137,0.01
114138,0.01
114139,0.0
114140,0.0
114141,0.12
114142,0.01
114143,0.03
114144,0.04
114145,0.0
114146,0.02
114147,0.0
114148,0.02
114149,0.05
114150,0.01
114151,0.01
114152,0.0
114153,0.45
114154,0.01
114155,0.02
114156,0.0
114157,0.09
114158,0.25
114159,0.03
114160,0.0
114161,0.05
114162,0.01
114163,0.01
114164,0.16
114165,0.23
114166,0.56
114167,0.0
114168,0.16
114169,0.04
114170,0.0
114171,0.01
114172,0.12
114173,0.02
114174,0.01
114175,0.04
114176,0.2
114177,0.04
114178,0.06
114179,0.0
114180,0.28
114181,0.01
114182,0.01
114183,0.07
114184,0.03
114185,0.0
114186,0.01
114187,0.0
114188,0.01
114189,0.01
114190,0.01
114191,0.05
114192,0.1
114193,0.0
114194,0.01
114195,0.02
114196,0.17
114197,0.0
114198,0.03
114199,0.06
114200,0.08
114201,0.56
114202,0.07
114203,0.06
114204,0.01
114205,0.6
114206,0.02
114207,0.03
114208,0.04
114209,0.09
114210,0.08
114211,0.0
114212,0.0
114213,0.0
114214,0.0
114215,0.0
114216,0.0
114217,0.01
114218,0.02
114219,0.0
114220,0.03
114221,0.0
114222,0.0
114223,0.08
114224,0.15
114225,0.14
114226,0.07
114227,0.01
114228,0.0
114229,0.01
114230,0.0
114231,0.01
114232,0.03
114233,0.0
114234,0.01
114235,0.05
114236,0.0
114237,0.16
114238,0.36
114239,0.12
114240,0.01
114241,0.03
114242,0.36
114243,0.09
114244,0.05
114245,0.0
114246,0.0
114247,0.03
114248,0.0
114249,0.06
114250,0.0
114251,0.29
114252,0.25
114253,0.0
114254,0.0
114255,0.16
114256,0.22
114257,0.2
114258,0.0
114259,0.05
114260,0.0
114261,0.04
114262,0.0
114263,0.0
114264,0.0
114265,0.22
114266,0.0
114267,0.05
114268,0.0
114269,0.0
114270,0.0
114271,0.12
114272,0.01
114273,0.0
114274,0.01
114275,0.03
114276,0.0
114277,0.0
114278,0.01
114279,0.0
114280,0.0
114281,0.01
114282,0.01
114283,0.0
114284,0.0
114285,0.6
114286,0.09
114287,0.0
114288,0.0
114289,0.2
114290,0.0
114291,0.01
114292,0.03
114293,0.1
114294,0.16
114295,0.01
114296,0.0
114297,0.01
114298,0.54
114299,0.02
114300,0.68
114301,0.09
114302,0.09
114303,0.01
114304,0.0
114305,0.01
114306,0.08
114307,0.07
114308,0.0
114309,0.08
114310,0.08
114311,0.08
114312,0.34
114313,0.41
114314,0.0
114315,0.14
114316,0.0
114317,0.01
114318,0.08
114319,0.0
114320,0.02
114321,0.02
114322,0.01
114323,0.01
114324,0.0
114325,0.0
114326,0.0
114327,0.01
114328,0.0
114329,0.01
114330,0.08
114331,0.02
114332,0.11
114333,0.0
114334,0.03
114335,0.0
114336,0.1
114337,0.05
114338,0.0
114339,0.0
114340,0.14
114341,0.03
114342,0.0
114343,0.03
114344,0.02
114345,0.0
114346,0.0
114347,0.03
114348,0.01
114349,0.0
114350,0.0
114351,0.03
114352,0.02
114353,0.3
114354,0.0
114355,0.0
114356,0.07
114357,0.28
114358,0.0
114359,0.0
114360,0.48
114361,0.01
114362,0.0
114363,0.0
114364,0.05
114365,0.02
114366,0.0
114367,0.07
114368,0.0
114369,0.03
114370,0.03
114371,0.02
114372,0.0
114373,0.05
114374,0.01
114375,0.12
114376,0.19
114377,0.0
114378,0.07
114379,0.0
114380,0.08
114381,0.0
114382,0.0
114383,0.38
114384,0.0
114385,0.54
114386,0.0
114387,0.0
114388,0.0
114389,0.02
114390,0.2
114391,0.17
114392,0.01
114393,0.51
114394,0.0
114395,0.01
114396,0.14
114397,0.0
114398,0.01
114399,0.0
114400,0.83
114401,0.04
114402,0.05
114403,0.03
114404,0.0
114405,0.01
114406,0.29
114407,0.0
114408,0.01
114409,0.17
114410,0.0
114411,0.03
114412,0.15
114413,0.05
114414,0.11
114415,0.07
114416,0.13
114417,0.1
114418,0.02
114419,0.01
114420,0.16
114421,0.28
114422,0.03
114423,0.01
114424,0.05
114425,0.15
114426,0.39
114427,0.02
114428,0.01
114429,0.02
114430,0.05
114431,0.14
114432,0.33
114433,0.0
114434,0.0
114435,0.02
114436,0.14
114437,0.01
114438,0.02
114439,0.0
114440,0.03
114441,0.03
114442,0.2
114443,0.0
114444,0.15
114445,0.0
114446,0.0
114447,0.0
114448,0.0
114449,0.13
114450,0.01
114451,0.39
114452,0.01
114453,0.05
114454,0.03
114455,0.01
114456,0.02
114457,0.0
114458,0.02
114459,0.32
114460,0.06
114461,0.14
114462,0.29
114463,0.01
114464,0.02
114465,0.0
114466,0.04
114467,0.03
114468,0.03
114469,0.0
114470,0.27
114471,0.1
114472,0.01
114473,0.03
114474,0.01
114475,0.01
114476,0.0
114477,0.01
114478,0.01
114479,0.03
114480,0.09
114481,0.01
114482,0.0
114483,0.0
114484,0.0
114485,0.03
114486,0.09
114487,0.01
114488,0.01
114489,0.0
114490,0.0
114491,0.0
114492,0.02
114493,0.04
114494,0.16
114495,0.0
114496,0.32
114497,0.03
114498,0.01
114499,0.0
114500,0.0
114501,0.0
114502,0.02
114503,0.0
114504,0.18
114505,0.0
114506,0.0
114507,0.07
114508,0.01
114509,0.0
114510,0.0
114511,0.0
114512,0.06
114513,0.02
114514,0.03
114515,0.01
114516,0.01
114517,0.19
114518,0.69
114519,0.04
114520,0.03
114521,0.0
114522,0.02
114523,0.28
114524,0.0
114525,0.0
114526,0.06
114527,0.0
114528,0.03
114529,0.0
114530,0.03
114531,0.01
114532,0.0
114533,0.06
114534,0.02
114535,0.01
114536,0.0
114537,0.0
114538,0.01
114539,0.1
114540,0.0
114541,0.35
114542,0.0
114543,0.07
114544,0.0
114545,0.0
114546,0.02
114547,0.18
114548,0.01
114549,0.0
114550,0.03
114551,0.87
114552,0.0
114553,0.06
114554,0.01
114555,0.07
114556,0.13
114557,0.12
114558,0.07
114559,0.0
114560,0.0
114561,0.11
114562,0.0
114563,0.0
114564,0.01
114565,0.47
114566,0.06
114567,0.05
114568,0.0
114569,0.0
114570,0.01
114571,0.06
114572,0.04
114573,0.02
114574,0.05
114575,0.01
114576,0.17
114577,0.28
114578,0.0
114579,0.01
114580,0.06
114581,0.02
114582,0.21
114583,0.01
114584,0.02
114585,0.13
114586,0.0
114587,0.03
114588,0.0
114589,0.0
114590,0.07
114591,0.0
114592,0.02
114593,0.04
114594,0.03
114595,0.07
114596,0.02
114597,0.3
114598,0.08
114599,0.01
114600,0.0
114601,0.03
114602,0.01
114603,0.06
114604,0.0
114605,0.22
114606,0.02
114607,0.0
114608,0.02
114609,0.11
114610,0.02
114611,0.21
114612,0.0
114613,0.03
114614,0.01
114615,0.21
114616,0.0
114617,0.02
114618,0.0
114619,0.26
114620,0.01
114621,0.01
114622,0.01
114623,0.02
114624,0.07
114625,0.0
114626,0.0
114627,0.09
114628,0.07
114629,0.21
114630,0.09
114631,0.0
114632,0.15
114633,0.03
114634,0.09
114635,0.01
114636,0.17
114637,0.52
114638,0.0
114639,0.0
114640,0.03
114641,0.07
114642,0.0
114643,0.23
114644,0.01
114645,0.01
114646,0.02
114647,0.06
114648,0.13
114649,0.22
114650,0.0
114651,0.02
114652,0.02
114653,0.02
114654,0.01
114655,0.01
114656,0.04
114657,0.01
114658,0.05
114659,0.0
114660,0.0
114661,0.02
114662,0.0
114663,0.08
114664,0.0
114665,0.0
114666,0.0
114667,0.08
114668,0.01
114669,0.08
114670,0.03
114671,0.24
114672,0.16
114673,0.01
114674,0.41
114675,0.01
114676,0.0
114677,0.0
114678,0.04
114679,0.06
114680,0.03
114681,0.01
114682,0.01
114683,0.04
114684,0.0
114685,0.0
114686,0.36
114687,0.02
114688,0.0
114689,0.02
114690,0.06
114691,0.0
114692,0.11
114693,0.03
114694,0.02
114695,0.02
114696,0.04
114697,0.01
114698,0.0
114699,0.01
114700,0.45
114701,0.0
114702,0.01
114703,0.0
114704,0.01
114705,0.01
114706,0.01
114707,0.06
114708,0.07
114709,0.02
114710,0.0
114711,0.27
114712,0.0
114713,0.28
114714,0.02
114715,0.0
114716,0.05
114717,0.2
114718,0.0
114719,0.02
114720,0.0
114721,0.0
114722,0.01
114723,0.0
114724,0.02
114725,0.01
114726,0.01
114727,0.11
114728,0.09
114729,0.11
114730,0.03
114731,0.19
114732,0.05
114733,0.01
114734,0.04
114735,0.07
114736,0.0
114737,0.11
114738,0.03
114739,0.04
114740,0.34
114741,0.0
114742,0.0
114743,0.0
114744,0.76
114745,0.01
114746,0.1
114747,0.0
114748,0.01
114749,0.0
114750,0.01
114751,0.0
114752,0.01
114753,0.18
114754,0.14
114755,0.14
114756,0.0
114757,0.02
114758,0.02
114759,0.08
114760,0.15
114761,0.02
114762,0.0
114763,0.0
114764,0.0
114765,0.0
114766,0.0
114767,0.05
114768,0.06
114769,0.0
114770,0.03
114771,0.0
114772,0.14
114773,0.05
114774,0.0
114775,0.01
114776,0.61
114777,0.02
114778,0.05
114779,0.0
114780,0.0
114781,0.37
114782,0.0
114783,0.02
114784,0.03
114785,0.12
114786,0.03
114787,0.11
114788,0.1
114789,0.59
114790,0.03
114791,0.06
114792,0.05
114793,0.15
114794,0.01
114795,0.04
114796,0.0
114797,0.24
114798,0.0
114799,0.01
114800,0.02
114801,0.02
114802,0.0
114803,0.0
114804,0.06
114805,0.02
114806,0.0
114807,0.34
114808,0.0
114809,0.0
114810,0.13
114811,0.01
114812,0.07
114813,0.0
114814,0.11
114815,0.0
114816,0.01
114817,0.7
114818,0.02
114819,0.01
114820,0.0
114821,0.06
114822,0.23
114823,0.36
114824,0.0
114825,0.09
114826,0.03
114827,0.02
114828,0.0
114829,0.02
114830,0.0
114831,0.05
114832,0.0
114833,0.04
114834,0.01
114835,0.25
114836,0.19
114837,0.03
114838,0.02
114839,0.0
114840,0.0
114841,0.0
114842,0.0
114843,0.0
114844,0.01
114845,0.13
114846,0.27
114847,0.04
114848,0.0
114849,0.2
114850,0.01
114851,0.18
114852,0.04
114853,0.15
114854,0.02
114855,0.0
114856,0.0
114857,0.01
114858,0.01
114859,0.01
114860,0.42
114861,0.31
114862,0.02
114863,0.02
114864,0.33
114865,0.0
114866,0.04
114867,0.03
114868,0.01
114869,0.21
114870,0.51
114871,0.0
114872,0.05
114873,0.11
114874,0.05
114875,0.02
114876,0.0
114877,0.05
114878,0.06
114879,0.08
114880,0.03
114881,0.16
114882,0.0
114883,0.54
114884,0.0
114885,0.04
114886,0.06
114887,0.04
114888,0.0
114889,0.09
114890,0.17
114891,0.02
114892,0.02
114893,0.0
114894,0.09
114895,0.0
114896,0.02
114897,0.37
114898,0.0
114899,0.03
114900,0.03
114901,0.04
114902,0.02
114903,0.0
114904,0.03
114905,0.01
114906,0.02
114907,0.01
114908,0.06
114909,0.0
114910,0.25
114911,0.0
114912,0.14
114913,0.0
114914,0.03
114915,0.0
114916,0.37
114917,0.02
114918,0.0
114919,0.0
114920,0.01
114921,0.0
114922,0.41
114923,0.06
114924,0.0
114925,0.04
114926,0.0
114927,0.05
114928,0.14
114929,0.0
114930,0.0
114931,0.08
114932,0.0
114933,0.16
114934,0.0
114935,0.03
114936,0.79
114937,0.01
114938,0.0
114939,0.02
114940,0.17
114941,0.03
114942,0.0
114943,0.02
114944,0.01
114945,0.03
114946,0.05
114947,0.04
114948,0.01
114949,0.07
114950,0.07
114951,0.0
114952,0.06
114953,0.08
114954,0.04
114955,0.02
114956,0.01
114957,0.01
114958,0.49
114959,0.0
114960,0.09
114961,0.31
114962,0.01
114963,0.08
114964,0.0
114965,0.08
114966,0.0
114967,0.0
114968,0.0
114969,0.15
114970,0.06
114971,0.01
114972,0.0
114973,0.02
114974,0.35
114975,0.07
114976,0.32
114977,0.06
114978,0.02
114979,0.06
114980,0.06
114981,0.17
114982,0.02
114983,0.0
114984,0.02
114985,0.17
114986,0.04
114987,0.16
114988,0.18
114989,0.04
114990,0.0
114991,0.53
114992,0.2
114993,0.15
114994,0.01
114995,0.09
114996,0.03
114997,0.43
114998,0.01
114999,0.11
115000,0.0
115001,0.01
115002,0.0
115003,0.06
115004,0.0
115005,0.0
115006,0.0
115007,0.14
115008,0.02
115009,0.07
115010,0.39
115011,0.01
115012,0.11
115013,0.0
115014,0.01
115015,0.01
115016,0.01
115017,0.01
115018,0.0
115019,0.03
115020,0.02
115021,0.0
115022,0.02
115023,0.2
115024,0.03
115025,0.02
115026,0.21
115027,0.09
115028,0.14
115029,0.01
115030,0.07
115031,0.08
115032,0.25
115033,0.08
115034,0.0
115035,0.03
115036,0.0
115037,0.58
115038,0.59
115039,0.11
115040,0.0
115041,0.0
115042,0.07
115043,0.1
115044,0.02
115045,0.31
115046,0.03
115047,0.0
115048,0.0
115049,0.0
115050,0.29
115051,0.01
115052,0.0
115053,0.01
115054,0.0
115055,0.02
115056,0.02
115057,0.0
115058,0.01
115059,0.07
115060,0.27
115061,0.01
115062,0.0
115063,0.01
115064,0.02
115065,0.13
115066,0.02
115067,0.02
115068,0.02
115069,0.0
115070,0.0
115071,0.05
115072,0.01
115073,0.09
115074,0.04
115075,0.04
115076,0.41
115077,0.09
115078,0.04
115079,0.46
115080,0.02
115081,0.0
115082,0.04
115083,0.06
115084,0.43
115085,0.01
115086,0.03
115087,0.01
115088,0.12
115089,0.05
115090,0.0
115091,0.04
115092,0.03
115093,0.02
115094,0.01
115095,0.01
115096,0.05
115097,0.12
115098,0.0
115099,0.08
115100,0.03
115101,0.04
115102,0.03
115103,0.26
115104,0.01
115105,0.07
115106,0.08
115107,0.07
115108,0.0
115109,0.14
115110,0.0
115111,0.55
115112,0.02
115113,0.0
115114,0.01
115115,0.01
115116,0.07
115117,0.01
115118,0.16
115119,0.0
115120,0.09
115121,0.0
115122,0.12
115123,0.2
115124,0.0
115125,0.05
115126,0.03
115127,0.0
115128,0.01
115129,0.15
115130,0.0
115131,0.01
115132,0.0
115133,0.13
115134,0.0
115135,0.01
115136,0.02
115137,0.01
115138,0.06
115139,0.0
115140,0.0
115141,0.0
115142,0.21
115143,0.08
115144,0.0
115145,0.13
115146,0.03
115147,0.01
115148,0.09
115149,0.01
115150,0.01
115151,0.03
115152,0.01
115153,0.02
115154,0.0
115155,0.03
115156,0.14
115157,0.0
115158,0.21
115159,0.0
115160,0.06
115161,0.25
115162,0.0
115163,0.01
115164,0.13
115165,0.01
115166,0.23
115167,0.01
115168,0.1
115169,0.38
115170,0.09
115171,0.03
115172,0.01
115173,0.01
115174,0.48
115175,0.53
115176,0.0
115177,0.07
115178,0.01
115179,0.0
115180,0.0
115181,0.12
115182,0.09
115183,0.0
115184,0.02
115185,0.03
115186,0.0
115187,0.01
115188,0.03
115189,0.16
115190,0.0
115191,0.0
115192,0.16
115193,0.09
115194,0.0
115195,0.34
115196,0.08
115197,0.0
115198,0.54
115199,0.02
115200,0.0
115201,0.0
115202,0.02
115203,0.02
115204,0.44
115205,0.01
115206,0.06
115207,0.0
115208,0.03
115209,0.03
115210,0.01
115211,0.01
115212,0.03
115213,0.08
115214,0.01
115215,0.04
115216,0.2
115217,0.03
115218,0.0
115219,0.15
115220,0.21
115221,0.0
115222,0.15
115223,0.0
115224,0.01
115225,0.05
115226,0.31
115227,0.03
115228,0.0
115229,0.05
115230,0.0
115231,0.66
115232,0.01
115233,0.01
115234,0.19
115235,0.06
115236,0.0
115237,0.02
115238,0.0
115239,0.01
115240,0.05
115241,0.04
115242,0.0
115243,0.02
115244,0.12
115245,0.03
115246,0.0
115247,0.03
115248,0.0
115249,0.16
115250,0.25
115251,0.01
115252,0.03
115253,0.04
115254,0.05
115255,0.12
115256,0.08
115257,0.13
115258,0.0
115259,0.44
115260,0.0
115261,0.0
115262,0.0
115263,0.51
115264,0.36
115265,0.03
115266,0.01
115267,0.01
115268,0.13
115269,0.03
115270,0.06
115271,0.01
115272,0.02
115273,0.04
115274,0.72
115275,0.08
115276,0.04
115277,0.06
115278,0.0
115279,0.05
115280,0.03
115281,0.01
115282,0.01
115283,0.09
115284,0.02
115285,0.06
115286,0.02
115287,0.13
115288,0.03
115289,0.01
115290,0.0
115291,0.44
115292,0.0
115293,0.05
115294,0.0
115295,0.0
115296,0.0
115297,0.0
115298,0.09
115299,0.01
115300,0.15
115301,0.15
115302,0.0
115303,0.05
115304,0.0
115305,0.0
115306,0.36
115307,0.07
115308,0.42
115309,0.0
115310,0.0
115311,0.06
115312,0.0
115313,0.11
115314,0.0
115315,0.0
115316,0.0
115317,0.25
115318,0.07
115319,0.0
115320,0.1
115321,0.21
115322,0.04
115323,0.04
115324,0.04
115325,0.02
115326,0.1
115327,0.24
115328,0.03
115329,0.6
115330,0.09
115331,0.02
115332,0.02
115333,0.08
115334,0.0
115335,0.28
115336,0.12
115337,0.0
115338,0.0
115339,0.01
115340,0.0
115341,0.02
115342,0.01
115343,0.02
115344,0.0
115345,0.0
115346,0.0
115347,0.02
115348,0.06
115349,0.07
115350,0.0
115351,0.0
115352,0.05
115353,0.06
115354,0.0
115355,0.02
115356,0.13
115357,0.0
115358,0.0
115359,0.05
115360,0.29
115361,0.0
115362,0.01
115363,0.02
115364,0.0
115365,0.01
115366,0.0
115367,0.22
115368,0.38
115369,0.01
115370,0.24
115371,0.05
115372,0.1
115373,0.0
115374,0.02
115375,0.03
115376,0.0
115377,0.01
115378,0.0
115379,0.01
115380,0.0
115381,0.0
115382,0.03
115383,0.03
115384,0.01
115385,0.01
115386,0.06
115387,0.14
115388,0.0
115389,0.09
115390,0.63
115391,0.04
115392,0.01
115393,0.0
115394,0.04
115395,0.08
115396,0.02
115397,0.05
115398,0.05
115399,0.0
115400,0.06
115401,0.14
115402,0.03
115403,0.01
115404,0.08
115405,0.04
115406,0.2
115407,0.02
115408,0.0
115409,0.01
115410,0.02
115411,0.04
115412,0.01
115413,0.01
115414,0.05
115415,0.05
115416,0.0
115417,0.01
115418,0.03
115419,0.07
115420,0.01
115421,0.04
115422,0.01
115423,0.01
115424,0.01
115425,0.14
115426,0.08
115427,0.0
115428,0.04
115429,0.01
115430,0.0
115431,0.0
115432,0.04
115433,0.02
115434,0.0
115435,0.12
115436,0.0
115437,0.33
115438,0.0
115439,0.06
115440,0.0
115441,0.03
115442,0.01
115443,0.04
115444,0.0
115445,0.0
115446,0.0
115447,0.25
115448,0.05
115449,0.03
115450,0.05
115451,0.12
115452,0.0
115453,0.0
115454,0.06
115455,0.04
115456,0.01
115457,0.14
115458,0.05
115459,0.0
115460,0.04
115461,0.03
115462,0.12
115463,0.34
115464,0.0
115465,0.07
115466,0.24
115467,0.02
115468,0.01
115469,0.3
115470,0.13
115471,0.0
115472,0.02
115473,0.07
115474,0.02
115475,0.02
115476,0.11
115477,0.06
115478,0.46
115479,0.03
115480,0.02
115481,0.0
115482,0.02
115483,0.13
115484,0.02
115485,0.2
115486,0.04
115487,0.03
115488,0.02
115489,0.59
115490,0.02
115491,0.03
115492,0.04
115493,0.02
115494,0.01
115495,0.42
115496,0.0
115497,0.0
115498,0.03
115499,0.01
115500,0.01
115501,0.53
115502,0.0
115503,0.03
115504,0.08
115505,0.02
115506,0.21
115507,0.06
115508,0.03
115509,0.0
115510,0.06
115511,0.0
115512,0.0
115513,0.25
115514,0.0
115515,0.07
115516,0.0
115517,0.06
115518,0.01
115519,0.0
115520,0.81
115521,0.06
115522,0.31
115523,0.01
115524,0.04
115525,0.03
115526,0.07
115527,0.03
115528,0.13
115529,0.0
115530,0.0
115531,0.03
115532,0.0
115533,0.09
115534,0.05
115535,0.03
115536,0.0
115537,0.01
115538,0.0
115539,0.02
115540,0.0
115541,0.02
115542,0.04
115543,0.01
115544,0.1
115545,0.0
115546,0.1
115547,0.39
115548,0.01
115549,0.0
115550,0.64
115551,0.06
115552,0.04
115553,0.02
115554,0.01
115555,0.03
115556,0.0
115557,0.03
115558,0.01
115559,0.02
115560,0.03
115561,0.15
115562,0.04
115563,0.11
115564,0.0
115565,0.02
115566,0.04
115567,0.01
115568,0.05
115569,0.26
115570,0.0
115571,0.19
115572,0.01
115573,0.0
115574,0.08
115575,0.0
115576,0.01
115577,0.0
115578,0.17
115579,0.01
115580,0.0
115581,0.02
115582,0.0
115583,0.02
115584,0.0
115585,0.07
115586,0.05
115587,0.4
115588,0.0
115589,0.05
115590,0.0
115591,0.0
115592,0.12
115593,0.63
115594,0.0
115595,0.0
115596,0.04
115597,0.02
115598,0.03
115599,0.03
115600,0.01
115601,0.05
115602,0.21
115603,0.0
115604,0.0
115605,0.22
115606,0.04
115607,0.0
115608,0.01
115609,0.0
115610,0.05
115611,0.06
115612,0.0
115613,0.03
115614,0.04
115615,0.06
115616,0.0
115617,0.0
115618,0.0
115619,0.13
115620,0.02
115621,0.07
115622,0.06
115623,0.02
115624,0.01
115625,0.06
115626,0.01
115627,0.0
115628,0.1
115629,0.0
115630,0.0
115631,0.0
115632,0.26
115633,0.09
115634,0.02
115635,0.08
115636,0.0
115637,0.14
115638,0.0
115639,0.0
115640,0.0
115641,0.0
115642,0.0
115643,0.01
115644,0.02
115645,0.06
115646,0.04
115647,0.36
115648,0.04
115649,0.0
115650,0.11
115651,0.16
115652,0.01
115653,0.27
115654,0.12
115655,0.01
115656,0.01
115657,0.05
115658,0.02
115659,0.11
115660,0.06
115661,0.0
115662,0.07
115663,0.04
115664,0.01
115665,0.24
115666,0.07
115667,0.01
115668,0.02
115669,0.0
115670,0.05
115671,0.01
115672,0.02
115673,0.08
115674,0.05
115675,0.0
115676,0.0
115677,0.11
115678,0.11
115679,0.04
115680,0.02
115681,0.0
115682,0.01
115683,0.03
115684,0.0
115685,0.01
115686,0.0
115687,0.0
115688,0.18
115689,0.02
115690,0.62
115691,0.08
115692,0.2
115693,0.01
115694,0.49
115695,0.01
115696,0.07
115697,0.06
115698,0.02
115699,0.01
115700,0.09
115701,0.0
115702,0.0
115703,0.01
115704,0.05
115705,0.29
115706,0.01
115707,0.0
115708,0.01
115709,0.05
115710,0.03
115711,0.01
115712,0.0
115713,0.48
115714,0.0
115715,0.0
115716,0.4
115717,0.0
115718,0.02
115719,0.11
115720,0.02
115721,0.0
115722,0.0
115723,0.0
115724,0.0
115725,0.0
115726,0.07
115727,0.01
115728,0.06
115729,0.01
115730,0.02
115731,0.01
115732,0.03
115733,0.09
115734,0.1
115735,0.01
115736,0.01
115737,0.06
115738,0.0
115739,0.02
115740,0.0
115741,0.06
115742,0.0
115743,0.05
115744,0.0
115745,0.0
115746,0.0
115747,0.23
115748,0.29
115749,0.0
115750,0.0
115751,0.22
115752,0.1
115753,0.16
115754,0.01
115755,0.16
115756,0.53
115757,0.0
115758,0.01
115759,0.07
115760,0.05
115761,0.01
115762,0.02
115763,0.05
115764,0.05
115765,0.02
115766,0.08
115767,0.42
115768,0.04
115769,0.0
115770,0.02
115771,0.05
115772,0.0
115773,0.05
115774,0.02
115775,0.0
115776,0.01
115777,0.0
115778,0.0
115779,0.0
115780,0.19
115781,0.08
115782,0.09
115783,0.14
115784,0.0
115785,0.01
115786,0.1
115787,0.0
115788,0.0
115789,0.02
115790,0.05
115791,0.02
115792,0.0
115793,0.0
115794,0.0
115795,0.0
115796,0.0
115797,0.0
115798,0.0
115799,0.02
115800,0.03
115801,0.11
115802,0.0
115803,0.05
115804,0.58
115805,0.01
115806,0.07
115807,0.0
115808,0.0
115809,0.03
115810,0.09
115811,0.01
115812,0.07
115813,0.0
115814,0.02
115815,0.04
115816,0.32
115817,0.0
115818,0.01
115819,0.1
115820,0.0
115821,0.09
115822,0.03
115823,0.02
115824,0.09
115825,0.11
115826,0.03
115827,0.42
115828,0.02
115829,0.0
115830,0.07
115831,0.03
115832,0.01
115833,0.0
115834,0.01
115835,0.1
115836,0.0
115837,0.34
115838,0.03
115839,0.0
115840,0.0
115841,0.05
115842,0.08
115843,0.36
115844,0.0
115845,0.01
115846,0.0
115847,0.0
115848,0.09
115849,0.16
115850,0.08
115851,0.28
115852,0.0
115853,0.0
115854,0.02
115855,0.0
115856,0.16
115857,0.43
115858,0.04
115859,0.02
115860,0.0
115861,0.01
115862,0.0
115863,0.05
115864,0.5
115865,0.0
115866,0.0
115867,0.13
115868,0.06
115869,0.01
115870,0.01
115871,0.05
115872,0.03
115873,0.15
115874,0.1
115875,0.0
115876,0.01
115877,0.1
115878,0.01
115879,0.13
115880,0.1
115881,0.03
115882,0.09
115883,0.0
115884,0.02
115885,0.02
115886,0.14
115887,0.21
115888,0.0
115889,0.22
115890,0.0
115891,0.03
115892,0.07
115893,0.28
115894,0.03
115895,0.08
115896,0.0
115897,0.05
115898,0.55
115899,0.0
115900,0.11
115901,0.01
115902,0.24
115903,0.0
115904,0.02
115905,0.08
115906,0.0
115907,0.05
115908,0.01
115909,0.0
115910,0.07
115911,0.01
115912,0.15
115913,0.21
115914,0.0
115915,0.02
115916,0.07
115917,0.01
115918,0.0
115919,0.0
115920,0.03
115921,0.0
115922,0.0
115923,0.01
115924,0.09
115925,0.1
115926,0.0
115927,0.01
115928,0.5
115929,0.19
115930,0.01
115931,0.06
115932,0.0
115933,0.0
115934,0.0
115935,0.26
115936,0.0
115937,0.0
115938,0.0
115939,0.0
115940,0.07
115941,0.35
115942,0.0
115943,0.19
115944,0.2
115945,0.02
115946,0.1
115947,0.08
115948,0.0
115949,0.04
115950,0.31
115951,0.0
115952,0.11
115953,0.0
115954,0.11
115955,0.0
115956,0.0
115957,0.0
115958,0.07
115959,0.0
115960,0.12
115961,0.0
115962,0.09
115963,0.0
115964,0.01
115965,0.0
115966,0.01
115967,0.06
115968,0.04
115969,0.1
115970,0.14
115971,0.0
115972,0.0
115973,0.02
115974,0.45
115975,0.07
115976,0.67
115977,0.01
115978,0.07
115979,0.03
115980,0.02
115981,0.0
115982,0.0
115983,0.0
115984,0.02
115985,0.0
115986,0.01
115987,0.02
115988,0.04
115989,0.01
115990,0.01
115991,0.12
115992,0.08
115993,0.02
115994,0.25
115995,0.0
115996,0.08
115997,0.11
115998,0.02
115999,0.0
116000,0.06
116001,0.2
116002,0.01
116003,0.03
116004,0.01
116005,0.1
116006,0.6
116007,0.3
116008,0.01
116009,0.44
116010,0.01
116011,0.59
116012,0.04
116013,0.08
116014,0.12
116015,0.1
116016,0.19
116017,0.02
116018,0.26
116019,0.0
116020,0.06
116021,0.23
116022,0.01
116023,0.35
116024,0.29
116025,0.02
116026,0.02
116027,0.2
116028,0.02
116029,0.23
116030,0.17
116031,0.07
116032,0.0
116033,0.03
116034,0.01
116035,0.2
116036,0.0
116037,0.0
116038,0.03
116039,0.09
116040,0.18
116041,0.02
116042,0.01
116043,0.37
116044,0.0
116045,0.05
116046,0.01
116047,0.03
116048,0.0
116049,0.05
116050,0.19
116051,0.15
116052,0.05
116053,0.01
116054,0.03
116055,0.0
116056,0.04
116057,0.0
116058,0.01
116059,0.0
116060,0.26
116061,0.0
116062,0.0
116063,0.0
116064,0.01
116065,0.1
116066,0.07
116067,0.18
116068,0.06
116069,0.12
116070,0.02
116071,0.05
116072,0.01
116073,0.05
116074,0.02
116075,0.0
116076,0.09
116077,0.01
116078,0.06
116079,0.0
116080,0.01
116081,0.13
116082,0.03
116083,0.05
116084,0.0
116085,0.0
116086,0.19
116087,0.0
116088,0.04
116089,0.01
116090,0.0
116091,0.03
116092,0.0
116093,0.1
116094,0.03
116095,0.01
116096,0.06
116097,0.0
116098,0.02
116099,0.0
116100,0.01
116101,0.15
116102,0.11
116103,0.02
116104,0.0
116105,0.04
116106,0.02
116107,0.14
116108,0.34
116109,0.19
116110,0.17
116111,0.04
116112,0.01
116113,0.04
116114,0.0
116115,0.02
116116,0.02
116117,0.0
116118,0.0
116119,0.08
116120,0.0
116121,0.02
116122,0.07
116123,0.01
116124,0.08
116125,0.0
116126,0.0
116127,0.0
116128,0.0
116129,0.14
116130,0.04
116131,0.0
116132,0.07
116133,0.0
116134,0.04
116135,0.36
116136,0.04
116137,0.02
116138,0.0
116139,0.01
116140,0.0
116141,0.01
116142,0.0
116143,0.1
116144,0.0
116145,0.39
116146,0.06
116147,0.02
116148,0.01
116149,0.04
116150,0.0
116151,0.23
116152,0.03
116153,0.44
116154,0.25
116155,0.0
116156,0.01
116157,0.3
116158,0.03
116159,0.03
116160,0.04
116161,0.0
116162,0.62
116163,0.04
116164,0.02
116165,0.0
116166,0.01
116167,0.05
116168,0.04
116169,0.0
116170,0.05
116171,0.28
116172,0.02
116173,0.01
116174,0.02
116175,0.14
116176,0.0
116177,0.05
116178,0.0
116179,0.02
116180,0.0
116181,0.0
116182,0.04
116183,0.0
116184,0.01
116185,0.0
116186,0.15
116187,0.0
116188,0.01
116189,0.01
116190,0.06
116191,0.39
116192,0.24
116193,0.22
116194,0.26
116195,0.02
116196,0.08
116197,0.21
116198,0.01
116199,0.37
116200,0.04
116201,0.3
116202,0.03
116203,0.51
116204,0.01
116205,0.0
116206,0.03
116207,0.0
116208,0.18
116209,0.04
116210,0.51
116211,0.0
116212,0.01
116213,0.0
116214,0.24
116215,0.02
116216,0.11
116217,0.03
116218,0.15
116219,0.02
116220,0.0
116221,0.1
116222,0.0
116223,0.02
116224,0.02
116225,0.02
116226,0.0
116227,0.01
116228,0.0
116229,0.05
116230,0.26
116231,0.01
116232,0.01
116233,0.01
116234,0.0
116235,0.0
116236,0.0
116237,0.01
116238,0.0
116239,0.16
116240,0.25
116241,0.14
116242,0.05
116243,0.09
116244,0.0
116245,0.0
116246,0.02
116247,0.0
116248,0.01
116249,0.0
116250,0.03
116251,0.07
116252,0.0
116253,0.09
116254,0.0
116255,0.39
116256,0.07
116257,0.13
116258,0.01
116259,0.03
116260,0.29
116261,0.01
116262,0.01
116263,0.0
116264,0.0
116265,0.02
116266,0.09
116267,0.08
116268,0.02
116269,0.03
116270,0.19
116271,0.0
116272,0.04
116273,0.04
116274,0.01
116275,0.18
116276,0.0
116277,0.0
116278,0.0
116279,0.0
116280,0.35
116281,0.02
116282,0.01
116283,0.28
116284,0.02
116285,0.05
116286,0.02
116287,0.05
116288,0.0
116289,0.0
116290,0.38
116291,0.03
116292,0.21
116293,0.0
116294,0.02
116295,0.08
116296,0.08
116297,0.64
116298,0.02
116299,0.0
116300,0.01
116301,0.01
116302,0.0
116303,0.1
116304,0.39
116305,0.01
116306,0.01
116307,0.0
116308,0.0
116309,0.0
116310,0.01
116311,0.14
116312,0.0
116313,0.0
116314,0.01
116315,0.01
116316,0.09
116317,0.02
116318,0.01
116319,0.0
116320,0.05
116321,0.03
116322,0.01
116323,0.01
116324,0.04
116325,0.01
116326,0.03
116327,0.41
116328,0.01
116329,0.47
116330,0.11
116331,0.14
116332,0.02
116333,0.0
116334,0.35
116335,0.23
116336,0.04
116337,0.08
116338,0.16
116339,0.0
116340,0.08
116341,0.0
116342,0.26
116343,0.56
116344,0.06
116345,0.01
116346,0.27
116347,0.12
116348,0.03
116349,0.0
116350,0.2
116351,0.58
116352,0.01
116353,0.0
116354,0.5
116355,0.0
116356,0.0
116357,0.06
116358,0.03
116359,0.01
116360,0.01
116361,0.07
116362,0.03
116363,0.09
116364,0.06
116365,0.06
116366,0.03
116367,0.04
116368,0.44
116369,0.05
116370,0.01
116371,0.04
116372,0.04
116373,0.05
116374,0.04
116375,0.0
116376,0.21
116377,0.46
116378,0.03
116379,0.0
116380,0.0
116381,0.0
116382,0.27
116383,0.02
116384,0.1
116385,0.02
116386,0.06
116387,0.0
116388,0.02
116389,0.0
116390,0.05
116391,0.02
116392,0.01
116393,0.03
116394,0.01
116395,0.09
116396,0.1
116397,0.01
116398,0.03
116399,0.35
116400,0.0
116401,0.01
116402,0.06
116403,0.0
116404,0.0
116405,0.09
116406,0.0
116407,0.02
116408,0.04
116409,0.0
116410,0.2
116411,0.19
116412,0.02
116413,0.41
116414,0.05
116415,0.03
116416,0.43
116417,0.0
116418,0.01
116419,0.01
116420,0.04
116421,0.01
116422,0.0
116423,0.06
116424,0.0
116425,0.48
116426,0.01
116427,0.17
116428,0.1
116429,0.02
116430,0.0
116431,0.14
116432,0.1
116433,0.01
116434,0.0
116435,0.01
116436,0.4
116437,0.0
116438,0.06
116439,0.06
116440,0.0
116441,0.0
116442,0.01
116443,0.27
116444,0.0
116445,0.01
116446,0.0
116447,0.02
116448,0.0
116449,0.0
116450,0.11
116451,0.01
116452,0.03
116453,0.01
116454,0.33
116455,0.02
116456,0.09
116457,0.0
116458,0.01
116459,0.11
116460,0.0
116461,0.09
116462,0.1
116463,0.15
116464,0.02
116465,0.05
116466,0.02
116467,0.06
116468,0.01
116469,0.13
116470,0.21
116471,0.04
116472,0.0
116473,0.09
116474,0.02
116475,0.01
116476,0.12
116477,0.0
116478,0.0
116479,0.0
116480,0.03
116481,0.12
116482,0.05
116483,0.03
116484,0.0
116485,0.01
116486,0.07
116487,0.0
116488,0.01
116489,0.07
116490,0.0
116491,0.02
116492,0.06
116493,0.19
116494,0.21
116495,0.05
116496,0.05
116497,0.01
116498,0.01
116499,0.24
116500,0.0
116501,0.0
116502,0.0
116503,0.0
116504,0.0
116505,0.5
116506,0.0
116507,0.04
116508,0.55
116509,0.07
116510,0.06
116511,0.08
116512,0.03
116513,0.0
116514,0.0
116515,0.04
116516,0.15
116517,0.16
116518,0.01
116519,0.0
116520,0.09
116521,0.01
116522,0.03
116523,0.01
116524,0.13
116525,0.25
116526,0.03
116527,0.05
116528,0.46
116529,0.15
116530,0.15
116531,0.14
116532,0.0
116533,0.1
116534,0.26
116535,0.17
116536,0.04
116537,0.01
116538,0.0
116539,0.02
116540,0.01
116541,0.01
116542,0.04
116543,0.45
116544,0.04
116545,0.05
116546,0.16
116547,0.06
116548,0.05
116549,0.01
116550,0.02
116551,0.0
116552,0.0
116553,0.01
116554,0.0
116555,0.31
116556,0.03
116557,0.05
116558,0.1
116559,0.0
116560,0.12
116561,0.32
116562,0.0
116563,0.01
116564,0.05
116565,0.01
116566,0.07
116567,0.04
116568,0.0
116569,0.0
116570,0.04
116571,0.05
116572,0.01
116573,0.4
116574,0.12
116575,0.13
116576,0.0
116577,0.08
116578,0.13
116579,0.0
116580,0.01
116581,0.0
116582,0.0
116583,0.19
116584,0.0
116585,0.0
116586,0.14
116587,0.0
116588,0.05
116589,0.0
116590,0.06
116591,0.0
116592,0.01
116593,0.0
116594,0.18
116595,0.07
116596,0.0
116597,0.1
116598,0.36
116599,0.06
116600,0.0
116601,0.36
116602,0.07
116603,0.14
116604,0.01
116605,0.01
116606,0.0
116607,0.03
116608,0.01
116609,0.18
116610,0.0
116611,0.5
116612,0.0
116613,0.0
116614,0.01
116615,0.01
116616,0.03
116617,0.08
116618,0.03
116619,0.0
116620,0.04
116621,0.0
116622,0.04
116623,0.0
116624,0.01
116625,0.05
116626,0.17
116627,0.13
116628,0.05
116629,0.01
116630,0.1
116631,0.01
116632,0.01
116633,0.18
116634,0.28
116635,0.06
116636,0.02
116637,0.0
116638,0.0
116639,0.06
116640,0.0
116641,0.2
116642,0.04
116643,0.0
116644,0.11
116645,0.0
116646,0.34
116647,0.02
116648,0.1
116649,0.02
116650,0.01
116651,0.36
116652,0.02
116653,0.04
116654,0.05
116655,0.07
116656,0.04
116657,0.09
116658,0.0
116659,0.04
116660,0.02
116661,0.0
116662,0.03
116663,0.04
116664,0.16
116665,0.0
116666,0.03
116667,0.2
116668,0.0
116669,0.0
116670,0.01
116671,0.24
116672,0.0
116673,0.01
116674,0.0
116675,0.07
116676,0.02
116677,0.0
116678,0.0
116679,0.01
116680,0.0
116681,0.02
116682,0.14
116683,0.08
116684,0.06
116685,0.01
116686,0.13
116687,0.11
116688,0.01
116689,0.03
116690,0.05
116691,0.53
116692,0.06
116693,0.05
116694,0.01
116695,0.01
116696,0.03
116697,0.01
116698,0.12
116699,0.25
116700,0.11
116701,0.15
116702,0.1
116703,0.0
116704,0.01
116705,0.02
116706,0.14
116707,0.01
116708,0.0
116709,0.05
116710,0.0
116711,0.03
116712,0.0
116713,0.09
116714,0.17
116715,0.06
116716,0.3
116717,0.2
116718,0.15
116719,0.43
116720,0.02
116721,0.0
116722,0.0
116723,0.48
116724,0.08
116725,0.05
116726,0.11
116727,0.05
116728,0.36
116729,0.02
116730,0.0
116731,0.0
116732,0.0
116733,0.08
116734,0.0
116735,0.37
116736,0.47
116737,0.02
116738,0.11
116739,0.03
116740,0.06
116741,0.0
116742,0.37
116743,0.01
116744,0.02
116745,0.33
116746,0.02
116747,0.04
116748,0.0
116749,0.01
116750,0.16
116751,0.0
116752,0.02
116753,0.0
116754,0.03
116755,0.0
116756,0.0
116757,0.0
116758,0.01
116759,0.04
116760,0.28
116761,0.05
116762,0.0
116763,0.12
116764,0.02
116765,0.03
116766,0.02
116767,0.22
116768,0.53
116769,0.22
116770,0.0
116771,0.04
116772,0.21
116773,0.21
116774,0.07
116775,0.01
116776,0.0
116777,0.02
116778,0.16
116779,0.01
116780,0.02
116781,0.0
116782,0.31
116783,0.02
116784,0.05
116785,0.67
116786,0.09
116787,0.0
116788,0.53
116789,0.07
116790,0.0
116791,0.11
116792,0.01
116793,0.08
116794,0.03
116795,0.0
116796,0.04
116797,0.54
116798,0.0
116799,0.27
116800,0.1
116801,0.02
116802,0.06
116803,0.04
116804,0.22
116805,0.09
116806,0.05
116807,0.09
116808,0.04
116809,0.11
116810,0.0
116811,0.11
116812,0.0
116813,0.0
116814,0.08
116815,0.0
116816,0.01
116817,0.0
116818,0.01
116819,0.37
116820,0.02
116821,0.02
116822,0.08
116823,0.22
116824,0.2
116825,0.48
116826,0.0
116827,0.0
116828,0.0
116829,0.21
116830,0.02
116831,0.09
116832,0.06
116833,0.01
116834,0.03
116835,0.0
116836,0.01
116837,0.0
116838,0.01
116839,0.05
116840,0.05
116841,0.41
116842,0.02
116843,0.01
116844,0.03
116845,0.06
116846,0.01
116847,0.04
116848,0.0
116849,0.04
116850,0.33
116851,0.01
116852,0.01
116853,0.07
116854,0.04
116855,0.0
116856,0.03
116857,0.11
116858,0.04
116859,0.05
116860,0.36
116861,0.2
116862,0.01
116863,0.09
116864,0.0
116865,0.0
116866,0.0
116867,0.0
116868,0.05
116869,0.16
116870,0.18
116871,0.05
116872,0.02
116873,0.02
116874,0.0
116875,0.11
116876,0.02
116877,0.01
116878,0.0
116879,0.0
116880,0.1
116881,0.11
116882,0.01
116883,0.0
116884,0.01
116885,0.02
116886,0.03
116887,0.01
116888,0.21
116889,0.06
116890,0.15
116891,0.02
116892,0.09
116893,0.21
116894,0.03
116895,0.0
116896,0.09
116897,0.01
116898,0.03
116899,0.0
116900,0.0
116901,0.01
116902,0.08
116903,0.74
116904,0.16
116905,0.35
116906,0.36
116907,0.05
116908,0.11
116909,0.0
116910,0.0
116911,0.0
116912,0.0
116913,0.26
116914,0.01
116915,0.18
116916,0.01
116917,0.01
116918,0.02
116919,0.02
116920,0.03
116921,0.05
116922,0.0
116923,0.0
116924,0.05
116925,0.0
116926,0.04
116927,0.35
116928,0.02
116929,0.0
116930,0.0
116931,0.0
116932,0.09
116933,0.03
116934,0.01
116935,0.0
116936,0.0
116937,0.01
116938,0.0
116939,0.46
116940,0.39
116941,0.0
116942,0.08
116943,0.01
116944,0.04
116945,0.05
116946,0.0
116947,0.0
116948,0.09
116949,0.0
116950,0.01
116951,0.06
116952,0.07
116953,0.0
116954,0.03
116955,0.05
116956,0.14
116957,0.09
116958,0.0
116959,0.18
116960,0.02
116961,0.0
116962,0.01
116963,0.05
116964,0.06
116965,0.0
116966,0.0
116967,0.05
116968,0.0
116969,0.1
116970,0.0
116971,0.05
116972,0.0
116973,0.02
116974,0.06
116975,0.01
116976,0.02
116977,0.0
116978,0.0
116979,0.22
116980,0.0
116981,0.0
116982,0.07
116983,0.09
116984,0.03
116985,0.0
116986,0.01
116987,0.31
116988,0.0
116989,0.19
116990,0.0
116991,0.19
116992,0.09
116993,0.44
116994,0.02
116995,0.04
116996,0.0
116997,0.0
116998,0.02
116999,0.01
117000,0.05
117001,0.06
117002,0.08
117003,0.05
117004,0.01
117005,0.02
117006,0.0
117007,0.0
117008,0.04
117009,0.0
117010,0.57
117011,0.2
117012,0.08
117013,0.02
117014,0.01
117015,0.01
117016,0.12
117017,0.0
117018,0.05
117019,0.01
117020,0.0
117021,0.07
117022,0.01
117023,0.01
117024,0.05
117025,0.01
117026,0.14
117027,0.0
117028,0.0
117029,0.16
117030,0.0
117031,0.08
117032,0.0
117033,0.0
117034,0.03
117035,0.08
117036,0.07
117037,0.08
117038,0.0
117039,0.29
117040,0.01
117041,0.01
117042,0.29
117043,0.44
117044,0.05
117045,0.0
117046,0.0
117047,0.0
117048,0.0
117049,0.0
117050,0.04
117051,0.0
117052,0.08
117053,0.03
117054,0.02
117055,0.0
117056,0.0
117057,0.03
117058,0.01
117059,0.07
117060,0.1
117061,0.27
117062,0.1
117063,0.04
117064,0.03
117065,0.31
117066,0.02
117067,0.0
117068,0.01
117069,0.08
117070,0.0
117071,0.01
117072,0.03
117073,0.02
117074,0.01
117075,0.01
117076,0.05
117077,0.0
117078,0.0
117079,0.0
117080,0.01
117081,0.16
117082,0.01
117083,0.17
117084,0.1
117085,0.01
117086,0.02
117087,0.08
117088,0.04
117089,0.03
117090,0.44
117091,0.0
117092,0.0
117093,0.38
117094,0.05
117095,0.02
117096,0.0
117097,0.04
117098,0.0
117099,0.0
117100,0.0
117101,0.0
117102,0.01
117103,0.03
117104,0.02
117105,0.01
117106,0.01
117107,0.0
117108,0.08
117109,0.04
117110,0.0
117111,0.45
117112,0.0
117113,0.02
117114,0.01
117115,0.01
117116,0.01
117117,0.01
117118,0.04
117119,0.0
117120,0.03
117121,0.0
117122,0.0
117123,0.02
117124,0.03
117125,0.35
117126,0.06
117127,0.01
117128,0.01
117129,0.06
117130,0.1
117131,0.55
117132,0.01
117133,0.02
117134,0.19
117135,0.56
117136,0.05
117137,0.01
117138,0.23
117139,0.02
117140,0.24
117141,0.0
117142,0.0
117143,0.38
117144,0.01
117145,0.05
117146,0.04
117147,0.02
117148,0.0
117149,0.07
117150,0.04
117151,0.0
117152,0.01
117153,0.16
117154,0.0
117155,0.01
117156,0.0
117157,0.18
117158,0.01
117159,0.0
117160,0.11
117161,0.52
117162,0.01
117163,0.0
117164,0.01
117165,0.01
117166,0.01
117167,0.0
117168,0.04
117169,0.03
117170,0.08
117171,0.0
117172,0.31
117173,0.01
117174,0.02
117175,0.15
117176,0.05
117177,0.13
117178,0.12
117179,0.02
117180,0.05
117181,0.01
117182,0.25
117183,0.0
117184,0.07
117185,0.19
117186,0.0
117187,0.03
117188,0.0
117189,0.03
117190,0.01
117191,0.08
117192,0.05
117193,0.0
117194,0.13
117195,0.0
117196,0.39
117197,0.0
117198,0.0
117199,0.0
117200,0.03
117201,0.0
117202,0.0
117203,0.35
117204,0.0
117205,0.01
117206,0.0
117207,0.02
117208,0.01
117209,0.01
117210,0.03
117211,0.0
117212,0.0
117213,0.12
117214,0.0
117215,0.01
117216,0.1
117217,0.0
117218,0.0
117219,0.06
117220,0.0
117221,0.0
117222,0.04
117223,0.05
117224,0.28
117225,0.02
117226,0.11
117227,0.02
117228,0.36
117229,0.0
117230,0.08
117231,0.08
117232,0.18
117233,0.0
117234,0.06
117235,0.03
117236,0.02
117237,0.05
117238,0.02
117239,0.02
117240,0.03
117241,0.1
117242,0.41
117243,0.0
117244,0.0
117245,0.0
117246,0.06
117247,0.26
117248,0.03
117249,0.06
117250,0.01
117251,0.0
117252,0.0
117253,0.3
117254,0.36
117255,0.18
117256,0.08
117257,0.2
117258,0.02
117259,0.12
117260,0.09
117261,0.01
117262,0.3
117263,0.01
117264,0.02
117265,0.21
117266,0.03
117267,0.0
117268,0.0
117269,0.0
117270,0.01
117271,0.0
117272,0.01
117273,0.01
117274,0.0
117275,0.02
117276,0.0
117277,0.01
117278,0.0
117279,0.0
117280,0.07
117281,0.0
117282,0.0
117283,0.01
117284,0.0
117285,0.03
117286,0.06
117287,0.06
117288,0.0
117289,0.16
117290,0.02
117291,0.51
117292,0.02
117293,0.0
117294,0.04
117295,0.09
117296,0.05
117297,0.0
117298,0.0
117299,0.04
117300,0.04
117301,0.51
117302,0.04
117303,0.02
117304,0.01
117305,0.01
117306,0.09
117307,0.01
117308,0.04
117309,0.07
117310,0.0
117311,0.0
117312,0.01
117313,0.01
117314,0.09
117315,0.05
117316,0.0
117317,0.09
117318,0.0
117319,0.0
117320,0.0
117321,0.0
117322,0.14
117323,0.07
117324,0.06
117325,0.01
117326,0.0
117327,0.02
117328,0.0
117329,0.12
117330,0.04
117331,0.63
117332,0.04
117333,0.36
117334,0.01
117335,0.02
117336,0.0
117337,0.08
117338,0.1
117339,0.03
117340,0.23
117341,0.27
117342,0.0
117343,0.0
117344,0.24
117345,0.0
117346,0.58
117347,0.0
117348,0.71
117349,0.02
117350,0.09
117351,0.0
117352,0.03
117353,0.0
117354,0.04
117355,0.01
117356,0.05
117357,0.02
117358,0.34
117359,0.17
117360,0.02
117361,0.0
117362,0.02
117363,0.01
117364,0.11
117365,0.02
117366,0.0
117367,0.0
117368,0.0
117369,0.27
117370,0.0
117371,0.02
117372,0.02
117373,0.05
117374,0.08
117375,0.01
117376,0.3
117377,0.03
117378,0.07
117379,0.24
117380,0.33
117381,0.01
117382,0.04
117383,0.08
117384,0.06
117385,0.15
117386,0.01
117387,0.0
117388,0.03
117389,0.0
117390,0.06
117391,0.01
117392,0.0
117393,0.01
117394,0.01
117395,0.01
117396,0.0
117397,0.0
117398,0.08
117399,0.13
117400,0.01
117401,0.0
117402,0.51
117403,0.27
117404,0.3
117405,0.0
117406,0.04
117407,0.01
117408,0.04
117409,0.05
117410,0.17
117411,0.0
117412,0.16
117413,0.01
117414,0.05
117415,0.08
117416,0.01
117417,0.04
117418,0.19
117419,0.03
117420,0.05
117421,0.06
117422,0.03
117423,0.0
117424,0.0
117425,0.0
117426,0.07
117427,0.0
117428,0.0
117429,0.08
117430,0.46
117431,0.01
117432,0.0
117433,0.02
117434,0.0
117435,0.0
117436,0.42
117437,0.01
117438,0.03
117439,0.01
117440,0.0
117441,0.0
117442,0.02
117443,0.15
117444,0.13
117445,0.0
117446,0.01
117447,0.01
117448,0.0
117449,0.01
117450,0.01
117451,0.0
117452,0.42
117453,0.0
117454,0.07
117455,0.45
117456,0.03
117457,0.02
117458,0.06
117459,0.05
117460,0.0
117461,0.04
117462,0.0
117463,0.0
117464,0.05
117465,0.03
117466,0.03
117467,0.11
117468,0.05
117469,0.03
117470,0.05
117471,0.02
117472,0.01
117473,0.0
117474,0.01
117475,0.0
117476,0.0
117477,0.0
117478,0.02
117479,0.04
117480,0.0
117481,0.03
117482,0.04
117483,0.47
117484,0.02
117485,0.0
117486,0.04
117487,0.0
117488,0.11
117489,0.03
117490,0.05
117491,0.0
117492,0.07
117493,0.03
117494,0.69
117495,0.2
117496,0.46
117497,0.02
117498,0.0
117499,0.1
117500,0.05
117501,0.0
117502,0.57
117503,0.02
117504,0.0
117505,0.01
117506,0.0
117507,0.01
117508,0.0
117509,0.01
117510,0.0
117511,0.41
117512,0.07
117513,0.38
117514,0.01
117515,0.09
117516,0.0
117517,0.02
117518,0.13
117519,0.04
117520,0.07
117521,0.43
117522,0.01
117523,0.07
117524,0.05
117525,0.0
117526,0.08
117527,0.0
117528,0.09
117529,0.01
117530,0.0
117531,0.0
117532,0.08
117533,0.0
117534,0.01
117535,0.01
117536,0.01
117537,0.0
117538,0.51
117539,0.01
117540,0.01
117541,0.1
117542,0.02
117543,0.01
117544,0.31
117545,0.02
117546,0.02
117547,0.0
117548,0.01
117549,0.02
117550,0.01
117551,0.06
117552,0.41
117553,0.03
117554,0.33
117555,0.11
117556,0.0
117557,0.0
117558,0.0
117559,0.0
117560,0.17
117561,0.01
117562,0.26
117563,0.0
117564,0.01
117565,0.04
117566,0.01
117567,0.01
117568,0.0
117569,0.0
117570,0.02
117571,0.04
117572,0.0
117573,0.01
117574,0.0
117575,0.0
117576,0.0
117577,0.56
117578,0.11
117579,0.05
117580,0.0
117581,0.01
117582,0.13
117583,0.0
117584,0.19
117585,0.05
117586,0.05
117587,0.2
117588,0.01
117589,0.28
117590,0.23
117591,0.14
117592,0.04
117593,0.08
117594,0.05
117595,0.0
117596,0.01
117597,0.63
117598,0.0
117599,0.08
117600,0.04
117601,0.0
117602,0.31
117603,0.0
117604,0.07
117605,0.09
117606,0.0
117607,0.0
117608,0.0
117609,0.0
117610,0.0
117611,0.03
117612,0.04
117613,0.02
117614,0.0
117615,0.01
117616,0.06
117617,0.02
117618,0.01
117619,0.0
117620,0.0
117621,0.02
117622,0.09
117623,0.23
117624,0.03
117625,0.1
117626,0.01
117627,0.04
117628,0.29
117629,0.03
117630,0.03
117631,0.05
117632,0.09
117633,0.01
117634,0.0
117635,0.01
117636,0.02
117637,0.02
117638,0.01
117639,0.24
117640,0.0
117641,0.13
117642,0.04
117643,0.3
117644,0.32
117645,0.05
117646,0.55
117647,0.09
117648,0.05
117649,0.05
117650,0.02
117651,0.03
117652,0.01
117653,0.0
117654,0.09
117655,0.04
117656,0.07
117657,0.05
117658,0.0
117659,0.0
117660,0.12
117661,0.0
117662,0.0
117663,0.03
117664,0.07
117665,0.02
117666,0.3
117667,0.01
117668,0.0
117669,0.0
117670,0.29
117671,0.09
117672,0.02
117673,0.0
117674,0.06
117675,0.11
117676,0.15
117677,0.0
117678,0.01
117679,0.0
117680,0.04
117681,0.31
117682,0.02
117683,0.07
117684,0.04
117685,0.06
117686,0.0
117687,0.02
117688,0.03
117689,0.01
117690,0.03
117691,0.0
117692,0.02
117693,0.04
117694,0.0
117695,0.86
117696,0.02
117697,0.0
117698,0.01
117699,0.01
117700,0.0
117701,0.0
117702,0.0
117703,0.13
117704,0.18
117705,0.01
117706,0.0
117707,0.01
117708,0.0
117709,0.0
117710,0.0
117711,0.0
117712,0.0
117713,0.0
117714,0.01
117715,0.37
117716,0.19
117717,0.06
117718,0.04
117719,0.0
117720,0.19
117721,0.49
117722,0.0
117723,0.03
117724,0.0
117725,0.13
117726,0.01
117727,0.03
117728,0.01
117729,0.06
117730,0.0
117731,0.25
117732,0.0
117733,0.07
117734,0.01
117735,0.08
117736,0.47
117737,0.01
117738,0.0
117739,0.08
117740,0.0
117741,0.2
117742,0.0
117743,0.09
117744,0.0
117745,0.49
117746,0.0
117747,0.02
117748,0.02
117749,0.01
117750,0.0
117751,0.03
117752,0.0
117753,0.0
117754,0.0
117755,0.0
117756,0.04
117757,0.47
117758,0.09
117759,0.02
117760,0.05
117761,0.0
117762,0.0
117763,0.01
117764,0.01
117765,0.01
117766,0.02
117767,0.2
117768,0.03
117769,0.12
117770,0.0
117771,0.07
117772,0.19
117773,0.0
117774,0.0
117775,0.03
117776,0.0
117777,0.16
117778,0.01
117779,0.01
117780,0.01
117781,0.04
117782,0.01
117783,0.01
117784,0.14
117785,0.12
117786,0.05
117787,0.04
117788,0.0
117789,0.02
117790,0.33
117791,0.01
117792,0.46
117793,0.08
117794,0.0
117795,0.01
117796,0.0
117797,0.13
117798,0.01
117799,0.04
117800,0.0
117801,0.05
117802,0.05
117803,0.0
117804,0.19
117805,0.0
117806,0.0
117807,0.11
117808,0.0
117809,0.0
117810,0.0
117811,0.05
117812,0.0
117813,0.12
117814,0.0
117815,0.49
117816,0.18
117817,0.02
117818,0.0
117819,0.1
117820,0.05
117821,0.01
117822,0.0
117823,0.11
117824,0.17
117825,0.01
117826,0.01
117827,0.0
117828,0.12
117829,0.31
117830,0.11
117831,0.05
117832,0.04
117833,0.01
117834,0.14
117835,0.0
117836,0.0
117837,0.0
117838,0.0
117839,0.0
117840,0.03
117841,0.01
117842,0.3
117843,0.01
117844,0.02
117845,0.0
117846,0.11
117847,0.42
117848,0.02
117849,0.13
117850,0.0
117851,0.03
117852,0.0
117853,0.01
117854,0.0
117855,0.01
117856,0.06
117857,0.37
117858,0.05
117859,0.26
117860,0.0
117861,0.0
117862,0.02
117863,0.09
117864,0.02
117865,0.01
117866,0.0
117867,0.0
117868,0.01
117869,0.06
117870,0.05
117871,0.01
117872,0.11
117873,0.02
117874,0.0
117875,0.0
117876,0.01
117877,0.01
117878,0.17
117879,0.0
117880,0.02
117881,0.11
117882,0.01
117883,0.09
117884,0.05
117885,0.04
117886,0.03
117887,0.0
117888,0.12
117889,0.02
117890,0.35
117891,0.51
117892,0.0
117893,0.01
117894,0.07
117895,0.01
117896,0.01
117897,0.0
117898,0.0
117899,0.01
117900,0.04
117901,0.0
117902,0.02
117903,0.15
117904,0.04
117905,0.46
117906,0.0
117907,0.04
117908,0.01
117909,0.05
117910,0.05
117911,0.03
117912,0.01
117913,0.04
117914,0.02
117915,0.17
117916,0.22
117917,0.0
117918,0.0
117919,0.26
117920,0.0
117921,0.15
117922,0.01
117923,0.01
117924,0.33
117925,0.09
117926,0.01
117927,0.0
117928,0.14
117929,0.0
117930,0.05
117931,0.0
117932,0.14
117933,0.03
117934,0.07
117935,0.01
117936,0.0
117937,0.0
117938,0.02
117939,0.03
117940,0.0
117941,0.04
117942,0.0
117943,0.23
117944,0.07
117945,0.04
117946,0.17
117947,0.2
117948,0.0
117949,0.02
117950,0.0
117951,0.35
117952,0.14
117953,0.0
117954,0.26
117955,0.04
117956,0.01
117957,0.03
117958,0.0
117959,0.27
117960,0.1
117961,0.01
117962,0.03
117963,0.39
117964,0.0
117965,0.02
117966,0.0
117967,0.13
117968,0.0
117969,0.11
117970,0.0
117971,0.0
117972,0.49
117973,0.0
117974,0.0
117975,0.02
117976,0.04
117977,0.16
117978,0.04
117979,0.0
117980,0.01
117981,0.06
117982,0.36
117983,0.07
117984,0.01
117985,0.11
117986,0.12
117987,0.04
117988,0.04
117989,0.11
117990,0.16
117991,0.0
117992,0.01
117993,0.02
117994,0.16
117995,0.02
117996,0.01
117997,0.03
117998,0.0
117999,0.0
118000,0.0
118001,0.01
118002,0.06
118003,0.0
118004,0.01
118005,0.06
118006,0.0
118007,0.44
118008,0.01
118009,0.01
118010,0.04
118011,0.46
118012,0.0
118013,0.01
118014,0.0
118015,0.02
118016,0.02
118017,0.03
118018,0.02
118019,0.12
118020,0.02
118021,0.29
118022,0.0
118023,0.0
118024,0.08
118025,0.08
118026,0.05
118027,0.03
118028,0.01
118029,0.04
118030,0.0
118031,0.15
118032,0.01
118033,0.01
118034,0.0
118035,0.02
118036,0.0
118037,0.02
118038,0.09
118039,0.18
118040,0.2
118041,0.34
118042,0.01
118043,0.0
118044,0.09
118045,0.07
118046,0.07
118047,0.0
118048,0.0
118049,0.03
118050,0.03
118051,0.01
118052,0.01
118053,0.1
118054,0.04
118055,0.1
118056,0.03
118057,0.14
118058,0.02
118059,0.18
118060,0.01
118061,0.0
118062,0.13
118063,0.09
118064,0.05
118065,0.06
118066,0.1
118067,0.31
118068,0.4
118069,0.0
118070,0.07
118071,0.06
118072,0.08
118073,0.44
118074,0.08
118075,0.54
118076,0.01
118077,0.13
118078,0.29
118079,0.21
118080,0.07
118081,0.17
118082,0.03
118083,0.05
118084,0.0
118085,0.0
118086,0.06
118087,0.19
118088,0.0
118089,0.36
118090,0.02
118091,0.0
118092,0.1
118093,0.57
118094,0.04
118095,0.06
118096,0.13
118097,0.07
118098,0.01
118099,0.1
118100,0.0
118101,0.0
118102,0.06
118103,0.06
118104,0.06
118105,0.01
118106,0.06
118107,0.05
118108,0.0
118109,0.0
118110,0.0
118111,0.01
118112,0.14
118113,0.12
118114,0.21
118115,0.02
118116,0.0
118117,0.09
118118,0.06
118119,0.0
118120,0.44
118121,0.01
118122,0.01
118123,0.01
118124,0.01
118125,0.0
118126,0.03
118127,0.01
118128,0.11
118129,0.01
118130,0.0
118131,0.02
118132,0.01
118133,0.11
118134,0.1
118135,0.03
118136,0.0
118137,0.02
118138,0.4
118139,0.0
118140,0.0
118141,0.07
118142,0.03
118143,0.03
118144,0.04
118145,0.02
118146,0.14
118147,0.45
118148,0.02
118149,0.01
118150,0.01
118151,0.13
118152,0.01
118153,0.02
118154,0.03
118155,0.04
118156,0.04
118157,0.23
118158,0.0
118159,0.09
118160,0.11
118161,0.23
118162,0.02
118163,0.04
118164,0.0
118165,0.4
118166,0.04
118167,0.45
118168,0.0
118169,0.12
118170,0.02
118171,0.45
118172,0.44
118173,0.07
118174,0.06
118175,0.02
118176,0.2
118177,0.02
118178,0.0
118179,0.04
118180,0.17
118181,0.03
118182,0.01
118183,0.01
118184,0.0
118185,0.06
118186,0.03
118187,0.33
118188,0.01
118189,0.01
118190,0.04
118191,0.04
118192,0.68
118193,0.05
118194,0.0
118195,0.01
118196,0.0
118197,0.07
118198,0.02
118199,0.26
118200,0.01
118201,0.0
118202,0.01
118203,0.12
118204,0.01
118205,0.66
118206,0.0
118207,0.11
118208,0.01
118209,0.17
118210,0.06
118211,0.17
118212,0.01
118213,0.05
118214,0.42
118215,0.25
118216,0.0
118217,0.01
118218,0.04
118219,0.09
118220,0.08
118221,0.03
118222,0.21
118223,0.1
118224,0.01
118225,0.0
118226,0.06
118227,0.13
118228,0.03
118229,0.0
118230,0.01
118231,0.03
118232,0.0
118233,0.1
118234,0.05
118235,0.0
118236,0.21
118237,0.01
118238,0.31
118239,0.04
118240,0.01
118241,0.0
118242,0.04
118243,0.24
118244,0.07
118245,0.61
118246,0.06
118247,0.03
118248,0.01
118249,0.0
118250,0.0
118251,0.02
118252,0.32
118253,0.0
118254,0.07
118255,0.0
118256,0.0
118257,0.09
118258,0.04
118259,0.3
118260,0.07
118261,0.0
118262,0.2
118263,0.0
118264,0.02
118265,0.04
118266,0.02
118267,0.01
118268,0.0
118269,0.01
118270,0.01
118271,0.02
118272,0.0
118273,0.26
118274,0.01
118275,0.35
118276,0.07
118277,0.0
118278,0.44
118279,0.03
118280,0.03
118281,0.01
118282,0.0
118283,0.09
118284,0.05
118285,0.0
118286,0.08
118287,0.05
118288,0.0
118289,0.06
118290,0.0
118291,0.01
118292,0.47
118293,0.0
118294,0.05
118295,0.1
118296,0.01
118297,0.01
118298,0.0
118299,0.12
118300,0.02
118301,0.01
118302,0.0
118303,0.01
118304,0.0
118305,0.05
118306,0.06
118307,0.15
118308,0.05
118309,0.0
118310,0.21
118311,0.27
118312,0.39
118313,0.0
118314,0.14
118315,0.06
118316,0.05
118317,0.04
118318,0.04
118319,0.01
118320,0.01
118321,0.01
118322,0.3
118323,0.03
118324,0.3
118325,0.01
118326,0.04
118327,0.02
118328,0.0
118329,0.0
118330,0.0
118331,0.08
118332,0.0
118333,0.0
118334,0.01
118335,0.0
118336,0.2
118337,0.01
118338,0.01
118339,0.18
118340,0.06
118341,0.0
118342,0.01
118343,0.02
118344,0.0
118345,0.02
118346,0.08
118347,0.01
118348,0.0
118349,0.0
118350,0.0
118351,0.04
118352,0.0
118353,0.1
118354,0.03
118355,0.03
118356,0.05
118357,0.08
118358,0.11
118359,0.03
118360,0.0
118361,0.01
118362,0.15
118363,0.01
118364,0.01
118365,0.01
118366,0.02
118367,0.0
118368,0.0
118369,0.0
118370,0.0
118371,0.05
118372,0.0
118373,0.01
118374,0.0
118375,0.2
118376,0.13
118377,0.19
118378,0.0
118379,0.0
118380,0.22
118381,0.22
118382,0.06
118383,0.51
118384,0.02
118385,0.01
118386,0.09
118387,0.0
118388,0.0
118389,0.03
118390,0.0
118391,0.0
118392,0.02
118393,0.03
118394,0.01
118395,0.59
118396,0.21
118397,0.01
118398,0.01
118399,0.48
118400,0.01
118401,0.11
118402,0.08
118403,0.22
118404,0.02
118405,0.0
118406,0.0
118407,0.02
118408,0.01
118409,0.05
118410,0.42
118411,0.0
118412,0.09
118413,0.0
118414,0.0
118415,0.11
118416,0.01
118417,0.02
118418,0.01
118419,0.01
118420,0.0
118421,0.13
118422,0.53
118423,0.04
118424,0.0
118425,0.02
118426,0.38
118427,0.02
118428,0.06
118429,0.0
118430,0.18
118431,0.03
118432,0.03
118433,0.1
118434,0.05
118435,0.03
118436,0.0
118437,0.06
118438,0.03
118439,0.0
118440,0.09
118441,0.03
118442,0.0
118443,0.0
118444,0.02
118445,0.03
118446,0.03
118447,0.03
118448,0.02
118449,0.01
118450,0.0
118451,0.08
118452,0.08
118453,0.03
118454,0.0
118455,0.1
118456,0.12
118457,0.47
118458,0.05
118459,0.0
118460,0.21
118461,0.0
118462,0.05
118463,0.17
118464,0.01
118465,0.0
118466,0.4
118467,0.0
118468,0.06
118469,0.01
118470,0.0
118471,0.14
118472,0.54
118473,0.0
118474,0.02
118475,0.37
118476,0.04
118477,0.05
118478,0.0
118479,0.41
118480,0.05
118481,0.0
118482,0.0
118483,0.19
118484,0.0
118485,0.0
118486,0.09
118487,0.02
118488,0.0
118489,0.06
118490,0.05
118491,0.14
118492,0.0
118493,0.24
118494,0.13
118495,0.02
118496,0.75
118497,0.0
118498,0.37
118499,0.01
118500,0.0
118501,0.0
118502,0.02
118503,0.0
118504,0.47
118505,0.27
118506,0.06
118507,0.01
118508,0.33
118509,0.0
118510,0.21
118511,0.11
118512,0.07
118513,0.01
118514,0.01
118515,0.22
118516,0.0
118517,0.06
118518,0.01
118519,0.04
118520,0.0
118521,0.0
118522,0.03
118523,0.02
118524,0.03
118525,0.0
118526,0.03
118527,0.02
118528,0.03
118529,0.0
118530,0.01
118531,0.03
118532,0.05
118533,0.03
118534,0.12
118535,0.0
118536,0.15
118537,0.0
118538,0.12
118539,0.05
118540,0.01
118541,0.02
118542,0.03
118543,0.0
118544,0.02
118545,0.01
118546,0.26
118547,0.0
118548,0.0
118549,0.15
118550,0.07
118551,0.14
118552,0.0
118553,0.0
118554,0.31
118555,0.09
118556,0.03
118557,0.03
118558,0.0
118559,0.04
118560,0.0
118561,0.04
118562,0.04
118563,0.01
118564,0.03
118565,0.24
118566,0.01
118567,0.0
118568,0.0
118569,0.01
118570,0.2
118571,0.06
118572,0.0
118573,0.0
118574,0.04
118575,0.0
118576,0.02
118577,0.62
118578,0.0
118579,0.0
118580,0.0
118581,0.35
118582,0.01
118583,0.01
118584,0.06
118585,0.08
118586,0.02
118587,0.44
118588,0.06
118589,0.01
118590,0.0
118591,0.37
118592,0.05
118593,0.6
118594,0.02
118595,0.13
118596,0.04
118597,0.02
118598,0.0
118599,0.01
118600,0.01
118601,0.0
118602,0.05
118603,0.0
118604,0.06
118605,0.4
118606,0.07
118607,0.0
118608,0.02
118609,0.0
118610,0.19
118611,0.04
118612,0.06
118613,0.02
118614,0.12
118615,0.01
118616,0.02
118617,0.04
118618,0.04
118619,0.0
118620,0.02
118621,0.05
118622,0.0
118623,0.0
118624,0.01
118625,0.03
118626,0.03
118627,0.02
118628,0.01
118629,0.0
118630,0.01
118631,0.07
118632,0.01
118633,0.09
118634,0.03
118635,0.0
118636,0.0
118637,0.03
118638,0.06
118639,0.01
118640,0.04
118641,0.42
118642,0.07
118643,0.52
118644,0.03
118645,0.0
118646,0.02
118647,0.03
118648,0.0
118649,0.0
118650,0.04
118651,0.01
118652,0.01
118653,0.01
118654,0.0
118655,0.03
118656,0.17
118657,0.0
118658,0.24
118659,0.02
118660,0.0
118661,0.14
118662,0.0
118663,0.02
118664,0.0
118665,0.27
118666,0.03
118667,0.16
118668,0.01
118669,0.01
118670,0.45
118671,0.01
118672,0.45
118673,0.0
118674,0.4
118675,0.01
118676,0.09
118677,0.02
118678,0.02
118679,0.09
118680,0.03
118681,0.01
118682,0.14
118683,0.1
118684,0.05
118685,0.0
118686,0.08
118687,0.0
118688,0.0
118689,0.01
118690,0.04
118691,0.12
118692,0.0
118693,0.01
118694,0.0
118695,0.07
118696,0.18
118697,0.06
118698,0.0
118699,0.0
118700,0.01
118701,0.01
118702,0.05
118703,0.14
118704,0.07
118705,0.01
118706,0.07
118707,0.03
118708,0.02
118709,0.04
118710,0.0
118711,0.01
118712,0.29
118713,0.48
118714,0.08
118715,0.07
118716,0.06
118717,0.05
118718,0.26
118719,0.02
118720,0.13
118721,0.0
118722,0.02
118723,0.04
118724,0.0
118725,0.0
118726,0.24
118727,0.12
118728,0.04
118729,0.0
118730,0.0
118731,0.0
118732,0.02
118733,0.0
118734,0.02
118735,0.08
118736,0.43
118737,0.01
118738,0.11
118739,0.11
118740,0.01
118741,0.0
118742,0.14
118743,0.19
118744,0.16
118745,0.0
118746,0.02
118747,0.0
118748,0.02
118749,0.0
118750,0.01
118751,0.01
118752,0.05
118753,0.0
118754,0.03
118755,0.0
118756,0.07
118757,0.0
118758,0.03
118759,0.0
118760,0.01
118761,0.0
118762,0.0
118763,0.01
118764,0.09
118765,0.02
118766,0.01
118767,0.02
118768,0.02
118769,0.01
118770,0.01
118771,0.0
118772,0.01
118773,0.0
118774,0.14
118775,0.01
118776,0.0
118777,0.0
118778,0.01
118779,0.0
118780,0.02
118781,0.0
118782,0.36
118783,0.22
118784,0.02
118785,0.04
118786,0.02
118787,0.02
118788,0.27
118789,0.01
118790,0.1
118791,0.02
118792,0.0
118793,0.0
118794,0.3
118795,0.04
118796,0.05
118797,0.03
118798,0.0
118799,0.06
118800,0.01
118801,0.15
118802,0.05
118803,0.0
118804,0.05
118805,0.0
118806,0.0
118807,0.01
118808,0.03
118809,0.0
118810,0.0
118811,0.03
118812,0.12
118813,0.01
118814,0.05
118815,0.0
118816,0.0
118817,0.01
118818,0.02
118819,0.03
118820,0.0
118821,0.62
118822,0.02
118823,0.03
118824,0.02
118825,0.47
118826,0.0
118827,0.01
118828,0.11
118829,0.02
118830,0.19
118831,0.02
118832,0.12
118833,0.42
118834,0.03
118835,0.0
118836,0.02
118837,0.02
118838,0.0
118839,0.03
118840,0.02
118841,0.01
118842,0.22
118843,0.07
118844,0.01
118845,0.13
118846,0.26
118847,0.09
118848,0.37
118849,0.0
118850,0.03
118851,0.07
118852,0.02
118853,0.34
118854,0.26
118855,0.26
118856,0.0
118857,0.12
118858,0.14
118859,0.07
118860,0.0
118861,0.0
118862,0.11
118863,0.0
118864,0.05
118865,0.01
118866,0.01
118867,0.03
118868,0.09
118869,0.0
118870,0.03
118871,0.05
118872,0.2
118873,0.01
118874,0.06
118875,0.04
118876,0.01
118877,0.01
118878,0.12
118879,0.0
118880,0.03
118881,0.0
118882,0.06
118883,0.54
118884,0.06
118885,0.07
118886,0.05
118887,0.14
118888,0.01
118889,0.06
118890,0.07
118891,0.07
118892,0.0
118893,0.0
118894,0.03
118895,0.1
118896,0.0
118897,0.09
118898,0.17
118899,0.05
118900,0.03
118901,0.0
118902,0.0
118903,0.0
118904,0.03
118905,0.14
118906,0.03
118907,0.02
118908,0.02
118909,0.02
118910,0.19
118911,0.03
118912,0.0
118913,0.24
118914,0.01
118915,0.15
118916,0.19
118917,0.0
118918,0.35
118919,0.0
118920,0.01
118921,0.03
118922,0.01
118923,0.25
118924,0.0
118925,0.0
118926,0.0
118927,0.17
118928,0.0
118929,0.0
118930,0.0
118931,0.03
118932,0.0
118933,0.0
118934,0.16
118935,0.09
118936,0.01
118937,0.0
118938,0.05
118939,0.03
118940,0.0
118941,0.0
118942,0.0
118943,0.0
118944,0.0
118945,0.03
118946,0.11
118947,0.05
118948,0.01
118949,0.11
118950,0.09
118951,0.04
118952,0.4
118953,0.0
118954,0.16
118955,0.09
118956,0.05
118957,0.03
118958,0.05
118959,0.04
118960,0.0
118961,0.05
118962,0.01
118963,0.0
118964,0.3
118965,0.0
118966,0.0
118967,0.26
118968,0.86
118969,0.02
118970,0.17
118971,0.0
118972,0.11
118973,0.0
118974,0.09
118975,0.0
118976,0.09
118977,0.0
118978,0.0
118979,0.13
118980,0.01
118981,0.02
118982,0.31
118983,0.8
118984,0.09
118985,0.01
118986,0.0
118987,0.02
118988,0.02
118989,0.0
118990,0.07
118991,0.35
118992,0.0
118993,0.05
118994,0.01
118995,0.04
118996,0.45
118997,0.08
118998,0.06
118999,0.0
119000,0.08
119001,0.0
119002,0.01
119003,0.02
119004,0.0
119005,0.06
119006,0.04
119007,0.0
119008,0.0
119009,0.05
119010,0.0
119011,0.22
119012,0.26
119013,0.01
119014,0.0
119015,0.0
119016,0.42
119017,0.02
119018,0.02
119019,0.22
119020,0.42
119021,0.0
119022,0.0
119023,0.06
119024,0.08
119025,0.02
119026,0.02
119027,0.02
119028,0.02
119029,0.07
119030,0.03
119031,0.0
119032,0.52
119033,0.02
119034,0.0
119035,0.02
119036,0.25
119037,0.01
119038,0.0
119039,0.12
119040,0.0
119041,0.1
119042,0.42
119043,0.02
119044,0.52
119045,0.0
119046,0.01
119047,0.06
119048,0.19
119049,0.01
119050,0.0
119051,0.03
119052,0.02
119053,0.0
119054,0.0
119055,0.2
119056,0.01
119057,0.1
119058,0.03
119059,0.0
119060,0.01
119061,0.19
119062,0.01
119063,0.22
119064,0.0
119065,0.27
119066,0.01
119067,0.03
119068,0.01
119069,0.0
119070,0.02
119071,0.0
119072,0.16
119073,0.0
119074,0.42
119075,0.06
119076,0.0
119077,0.01
119078,0.0
119079,0.01
119080,0.04
119081,0.01
119082,0.04
119083,0.28
119084,0.0
119085,0.0
119086,0.0
119087,0.0
119088,0.06
119089,0.01
119090,0.05
119091,0.25
119092,0.05
119093,0.0
119094,0.0
119095,0.13
119096,0.02
119097,0.01
119098,0.28
119099,0.03
119100,0.01
119101,0.52
119102,0.02
119103,0.03
119104,0.08
119105,0.36
119106,0.32
119107,0.73
119108,0.0
119109,0.09
119110,0.14
119111,0.01
119112,0.08
119113,0.07
119114,0.48
119115,0.0
119116,0.05
119117,0.17
119118,0.02
119119,0.0
119120,0.22
119121,0.02
119122,0.1
119123,0.01
119124,0.09
119125,0.05
119126,0.0
119127,0.45
119128,0.03
119129,0.1
119130,0.0
119131,0.14
119132,0.52
119133,0.0
119134,0.13
119135,0.23
119136,0.0
119137,0.0
119138,0.0
119139,0.02
119140,0.02
119141,0.05
119142,0.32
119143,0.0
119144,0.0
119145,0.14
119146,0.12
119147,0.0
119148,0.0
119149,0.0
119150,0.08
119151,0.01
119152,0.02
119153,0.01
119154,0.12
119155,0.0
119156,0.1
119157,0.0
119158,0.0
119159,0.02
119160,0.0
119161,0.01
119162,0.0
119163,0.0
119164,0.06
119165,0.02
119166,0.1
119167,0.07
119168,0.0
119169,0.03
119170,0.31
119171,0.37
119172,0.0
119173,0.01
119174,0.28
119175,0.07
119176,0.08
119177,0.09
119178,0.04
119179,0.14
119180,0.0
119181,0.01
119182,0.0
119183,0.0
119184,0.11
119185,0.21
119186,0.74
119187,0.05
119188,0.03
119189,0.43
119190,0.0
119191,0.0
119192,0.0
119193,0.02
119194,0.0
119195,0.02
119196,0.0
119197,0.08
119198,0.18
119199,0.0
119200,0.0
119201,0.0
119202,0.02
119203,0.12
119204,0.21
119205,0.01
119206,0.03
119207,0.28
119208,0.03
119209,0.01
119210,0.04
119211,0.0
119212,0.01
119213,0.04
119214,0.0
119215,0.0
119216,0.03
119217,0.1
119218,0.02
119219,0.0
119220,0.05
119221,0.04
119222,0.0
119223,0.1
119224,0.02
119225,0.03
119226,0.01
119227,0.02
119228,0.02
119229,0.0
119230,0.0
119231,0.01
119232,0.01
119233,0.03
119234,0.0
119235,0.1
119236,0.0
119237,0.13
119238,0.08
119239,0.02
119240,0.02
119241,0.0
119242,0.01
119243,0.0
119244,0.16
119245,0.0
119246,0.25
119247,0.0
119248,0.0
119249,0.03
119250,0.0
119251,0.02
119252,0.07
119253,0.0
119254,0.0
119255,0.0
119256,0.06
119257,0.01
119258,0.02
119259,0.33
119260,0.44
119261,0.14
119262,0.03
119263,0.04
119264,0.08
119265,0.05
119266,0.02
119267,0.04
119268,0.38
119269,0.0
119270,0.11
119271,0.08
119272,0.17
119273,0.0
119274,0.06
119275,0.04
119276,0.29
119277,0.19
119278,0.0
119279,0.12
119280,0.0
119281,0.22
119282,0.02
119283,0.05
119284,0.04
119285,0.02
119286,0.16
119287,0.08
119288,0.0
119289,0.0
119290,0.0
119291,0.01
119292,0.0
119293,0.03
119294,0.0
119295,0.01
119296,0.07
119297,0.02
119298,0.0
119299,0.14
119300,0.1
119301,0.32
119302,0.31
119303,0.01
119304,0.11
119305,0.1
119306,0.0
119307,0.02
119308,0.17
119309,0.14
119310,0.0
119311,0.0
119312,0.04
119313,0.0
119314,0.04
119315,0.02
119316,0.08
119317,0.03
119318,0.0
119319,0.36
119320,0.03
119321,0.25
119322,0.14
119323,0.0
119324,0.0
119325,0.0
119326,0.01
119327,0.0
119328,0.03
119329,0.0
119330,0.0
119331,0.18
119332,0.29
119333,0.21
119334,0.2
119335,0.03
119336,0.06
119337,0.13
119338,0.0
119339,0.01
119340,0.01
119341,0.04
119342,0.12
119343,0.02
119344,0.01
119345,0.0
119346,0.12
119347,0.0
119348,0.3
119349,0.09
119350,0.11
119351,0.02
119352,0.03
119353,0.0
119354,0.0
119355,0.12
119356,0.02
119357,0.0
119358,0.06
119359,0.13
119360,0.01
119361,0.0
119362,0.06
119363,0.08
119364,0.01
119365,0.0
119366,0.02
119367,0.24
119368,0.11
119369,0.01
119370,0.06
119371,0.04
119372,0.0
119373,0.28
119374,0.03
119375,0.1
119376,0.01
119377,0.05
119378,0.13
119379,0.2
119380,0.04
119381,0.07
119382,0.0
119383,0.01
119384,0.01
119385,0.09
119386,0.04
119387,0.0
119388,0.11
119389,0.04
119390,0.0
119391,0.0
119392,0.0
119393,0.0
119394,0.04
119395,0.01
119396,0.02
119397,0.1
119398,0.0
119399,0.0
119400,0.05
119401,0.02
119402,0.01
119403,0.19
119404,0.03
119405,0.01
119406,0.34
119407,0.16
119408,0.07
119409,0.03
119410,0.01
119411,0.06
119412,0.0
119413,0.15
119414,0.05
119415,0.14
119416,0.0
119417,0.03
119418,0.06
119419,0.1
119420,0.2
119421,0.46
119422,0.35
119423,0.41
119424,0.0
119425,0.0
119426,0.0
119427,0.0
119428,0.19
119429,0.02
119430,0.25
119431,0.01
119432,0.05
119433,0.02
119434,0.06
119435,0.0
119436,0.0
119437,0.0
119438,0.2
119439,0.05
119440,0.02
119441,0.3
119442,0.0
119443,0.0
119444,0.03
119445,0.02
119446,0.0
119447,0.01
119448,0.02
119449,0.01
119450,0.02
119451,0.06
119452,0.09
119453,0.04
119454,0.01
119455,0.36
119456,0.0
119457,0.34
119458,0.24
119459,0.09
119460,0.01
119461,0.0
119462,0.04
119463,0.0
119464,0.14
119465,0.0
119466,0.45
119467,0.0
119468,0.07
119469,0.01
119470,0.01
119471,0.02
119472,0.05
119473,0.18
119474,0.08
119475,0.03
119476,0.0
119477,0.16
119478,0.0
119479,0.0
119480,0.02
119481,0.02
119482,0.08
119483,0.07
119484,0.03
119485,0.01
119486,0.1
119487,0.06
119488,0.02
119489,0.04
119490,0.0
119491,0.08
119492,0.01
119493,0.22
119494,0.0
119495,0.02
119496,0.05
119497,0.18
119498,0.01
119499,0.03
119500,0.0
119501,0.01
119502,0.0
119503,0.02
119504,0.0
119505,0.52
119506,0.0
119507,0.0
119508,0.0
119509,0.05
119510,0.01
119511,0.08
119512,0.01
119513,0.0
119514,0.04
119515,0.18
119516,0.0
119517,0.01
119518,0.01
119519,0.03
119520,0.01
119521,0.0
119522,0.0
119523,0.06
119524,0.0
119525,0.01
119526,0.03
119527,0.4
119528,0.02
119529,0.0
119530,0.46
119531,0.03
119532,0.0
119533,0.01
119534,0.0
119535,0.11
119536,0.02
119537,0.04
119538,0.09
119539,0.0
119540,0.07
119541,0.12
119542,0.46
119543,0.1
119544,0.01
119545,0.01
119546,0.04
119547,0.04
119548,0.18
119549,0.08
119550,0.27
119551,0.13
119552,0.06
119553,0.0
119554,0.0
119555,0.02
119556,0.02
119557,0.09
119558,0.01
119559,0.01
119560,0.0
119561,0.19
119562,0.04
119563,0.12
119564,0.02
119565,0.13
119566,0.19
119567,0.02
119568,0.09
119569,0.01
119570,0.03
119571,0.0
119572,0.1
119573,0.0
119574,0.0
119575,0.0
119576,0.0
119577,0.01
119578,0.0
119579,0.06
119580,0.01
119581,0.03
119582,0.01
119583,0.01
119584,0.02
119585,0.0
119586,0.0
119587,0.13
119588,0.03
119589,0.0
119590,0.01
119591,0.0
119592,0.25
119593,0.01
119594,0.0
119595,0.14
119596,0.0
119597,0.0
119598,0.02
119599,0.07
119600,0.12
119601,0.18
119602,0.0
119603,0.22
119604,0.47
119605,0.59
119606,0.0
119607,0.2
119608,0.09
119609,0.0
119610,0.02
119611,0.0
119612,0.0
119613,0.0
119614,0.5
119615,0.01
119616,0.21
119617,0.01
119618,0.19
119619,0.06
119620,0.01
119621,0.0
119622,0.04
119623,0.06
119624,0.2
119625,0.05
119626,0.01
119627,0.0
119628,0.02
119629,0.01
119630,0.1
119631,0.0
119632,0.01
119633,0.01
119634,0.0
119635,0.01
119636,0.2
119637,0.0
119638,0.0
119639,0.0
119640,0.13
119641,0.08
119642,0.0
119643,0.0
119644,0.07
119645,0.35
119646,0.14
119647,0.3
119648,0.01
119649,0.07
119650,0.01
119651,0.05
119652,0.15
119653,0.01
119654,0.04
119655,0.0
119656,0.02
119657,0.2
119658,0.02
119659,0.06
119660,0.0
119661,0.03
119662,0.02
119663,0.0
119664,0.01
119665,0.0
119666,0.07
119667,0.01
119668,0.18
119669,0.15
119670,0.0
119671,0.03
119672,0.0
119673,0.0
119674,0.04
119675,0.0
119676,0.03
119677,0.01
119678,0.0
119679,0.06
119680,0.0
119681,0.01
119682,0.07
119683,0.06
119684,0.0
119685,0.03
119686,0.07
119687,0.02
119688,0.01
119689,0.4
119690,0.1
119691,0.02
119692,0.01
119693,0.0
119694,0.26
119695,0.04
119696,0.0
119697,0.0
119698,0.02
119699,0.37
119700,0.03
119701,0.1
119702,0.4
119703,0.0
119704,0.04
119705,0.02
119706,0.15
119707,0.42
119708,0.05
119709,0.01
119710,0.22
119711,0.0
119712,0.31
119713,0.48
119714,0.02
119715,0.05
119716,0.06
119717,0.0
119718,0.0
119719,0.16
119720,0.0
119721,0.08
119722,0.02
119723,0.0
119724,0.66
119725,0.0
119726,0.0
119727,0.02
119728,0.0
119729,0.01
119730,0.01
119731,0.07
119732,0.02
119733,0.02
119734,0.0
119735,0.11
119736,0.52
119737,0.02
119738,0.02
119739,0.06
119740,0.0
119741,0.0
119742,0.03
119743,0.01
119744,0.01
119745,0.01
119746,0.01
119747,0.06
119748,0.06
119749,0.01
119750,0.01
119751,0.01
119752,0.04
119753,0.03
119754,0.07
119755,0.22
119756,0.03
119757,0.06
119758,0.0
119759,0.03
119760,0.02
119761,0.0
119762,0.03
119763,0.08
119764,0.01
119765,0.01
119766,0.44
119767,0.0
119768,0.05
119769,0.0
119770,0.01
119771,0.05
119772,0.12
119773,0.01
119774,0.01
119775,0.15
119776,0.0
119777,0.03
119778,0.02
119779,0.07
119780,0.28
119781,0.03
119782,0.08
119783,0.03
119784,0.26
119785,0.0
119786,0.0
119787,0.33
119788,0.05
119789,0.0
119790,0.2
119791,0.05
119792,0.05
119793,0.0
119794,0.01
119795,0.01
119796,0.12
119797,0.0
119798,0.01
119799,0.27
119800,0.02
119801,0.01
119802,0.0
119803,0.14
119804,0.0
119805,0.14
119806,0.01
119807,0.14
119808,0.01
119809,0.08
119810,0.02
119811,0.07
119812,0.0
119813,0.01
119814,0.07
119815,0.22
119816,0.03
119817,0.02
119818,0.01
119819,0.13
119820,0.01
119821,0.0
119822,0.0
119823,0.28
119824,0.0
119825,0.0
119826,0.0
119827,0.0
119828,0.02
119829,0.04
119830,0.02
119831,0.0
119832,0.02
119833,0.0
119834,0.0
119835,0.0
119836,0.01
119837,0.1
119838,0.03
119839,0.0
119840,0.0
119841,0.0
119842,0.03
119843,0.58
119844,0.33
119845,0.0
119846,0.0
119847,0.01
119848,0.0
119849,0.13
119850,0.0
119851,0.02
119852,0.0
119853,0.16
119854,0.05
119855,0.0
119856,0.0
119857,0.0
119858,0.36
119859,0.0
119860,0.0
119861,0.41
119862,0.24
119863,0.02
119864,0.01
119865,0.01
119866,0.0
119867,0.37
119868,0.31
119869,0.0
119870,0.02
119871,0.13
119872,0.71
119873,0.03
119874,0.01
119875,0.06
119876,0.47
119877,0.0
119878,0.0
119879,0.03
119880,0.07
119881,0.03
119882,0.05
119883,0.47
119884,0.01
119885,0.5
119886,0.42
119887,0.03
119888,0.03
119889,0.01
119890,0.07
119891,0.02
119892,0.0
119893,0.02
119894,0.2
119895,0.58
119896,0.02
119897,0.01
119898,0.23
119899,0.0
119900,0.02
119901,0.0
119902,0.0
119903,0.13
119904,0.1
119905,0.21
119906,0.07
119907,0.11
119908,0.01
119909,0.02
119910,0.46
119911,0.02
119912,0.02
119913,0.06
119914,0.01
119915,0.15
119916,0.14
119917,0.03
119918,0.03
119919,0.0
119920,0.0
119921,0.02
119922,0.02
119923,0.0
119924,0.08
119925,0.01
119926,0.0
119927,0.01
119928,0.11
119929,0.07
119930,0.0
119931,0.0
119932,0.05
119933,0.06
119934,0.36
119935,0.07
119936,0.02
119937,0.02
119938,0.01
119939,0.0
119940,0.31
119941,0.06
119942,0.02
119943,0.0
119944,0.02
119945,0.0
119946,0.04
119947,0.03
119948,0.07
119949,0.01
119950,0.0
119951,0.0
119952,0.01
119953,0.07
119954,0.15
119955,0.01
119956,0.07
119957,0.1
119958,0.0
119959,0.0
119960,0.36
119961,0.03
119962,0.02
119963,0.4
119964,0.15
119965,0.01
119966,0.06
119967,0.04
119968,0.05
119969,0.13
119970,0.0
119971,0.03
119972,0.0
119973,0.04
119974,0.04
119975,0.0
119976,0.45
119977,0.0
119978,0.0
119979,0.0
119980,0.03
119981,0.0
119982,0.0
119983,0.15
119984,0.0
119985,0.14
119986,0.05
119987,0.19
119988,0.0
119989,0.0
119990,0.0
119991,0.0
119992,0.0
119993,0.03
119994,0.01
119995,0.02
119996,0.03
119997,0.01
119998,0.02
119999,0.04
120000,0.12
120001,0.01
120002,0.01
120003,0.06
120004,0.02
120005,0.01
120006,0.01
120007,0.0
120008,0.02
120009,0.4
120010,0.01
120011,0.22
120012,0.1
120013,0.0
120014,0.13
120015,0.02
120016,0.01
120017,0.0
120018,0.0
120019,0.0
120020,0.13
120021,0.05
120022,0.01
120023,0.04
120024,0.8
120025,0.27
120026,0.11
120027,0.0
120028,0.02
120029,0.01
120030,0.0
120031,0.19
120032,0.0
120033,0.31
120034,0.61
120035,0.0
120036,0.01
120037,0.0
120038,0.01
120039,0.0
120040,0.07
120041,0.0
120042,0.56
120043,0.02
120044,0.01
120045,0.27
120046,0.22
120047,0.04
120048,0.03
120049,0.0
120050,0.0
120051,0.01
120052,0.1
120053,0.0
120054,0.01
120055,0.03
120056,0.05
120057,0.37
120058,0.06
120059,0.0
120060,0.44
120061,0.03
120062,0.3
120063,0.0
120064,0.13
120065,0.01
120066,0.06
120067,0.02
120068,0.14
120069,0.01
120070,0.0
120071,0.05
120072,0.3
120073,0.02
120074,0.01
120075,0.0
120076,0.02
120077,0.0
120078,0.02
120079,0.0
120080,0.19
120081,0.0
120082,0.3
120083,0.11
120084,0.01
120085,0.02
120086,0.06
120087,0.02
120088,0.08
120089,0.07
120090,0.0
120091,0.34
120092,0.0
120093,0.02
120094,0.0
120095,0.04
120096,0.25
120097,0.01
120098,0.08
120099,0.0
120100,0.1
120101,0.11
120102,0.07
120103,0.02
120104,0.0
120105,0.07
120106,0.0
120107,0.02
120108,0.03
120109,0.1
120110,0.0
120111,0.13
120112,0.03
120113,0.06
120114,0.2
120115,0.3
120116,0.27
120117,0.0
120118,0.02
120119,0.0
120120,0.0
120121,0.0
120122,0.0
120123,0.31
120124,0.0
120125,0.0
120126,0.02
120127,0.03
120128,0.07
120129,0.0
120130,0.05
120131,0.0
120132,0.18
120133,0.02
120134,0.01
120135,0.0
120136,0.06
120137,0.22
120138,0.48
120139,0.16
120140,0.0
120141,0.0
120142,0.32
120143,0.0
120144,0.02
120145,0.02
120146,0.01
120147,0.03
120148,0.0
120149,0.04
120150,0.43
120151,0.01
120152,0.46
120153,0.0
120154,0.25
120155,0.4
120156,0.01
120157,0.04
120158,0.07
120159,0.02
120160,0.0
120161,0.06
120162,0.0
120163,0.07
120164,0.02
120165,0.0
120166,0.04
120167,0.07
120168,0.02
120169,0.03
120170,0.0
120171,0.42
120172,0.27
120173,0.0
120174,0.01
120175,0.04
120176,0.02
120177,0.16
120178,0.14
120179,0.08
120180,0.22
120181,0.0
120182,0.0
120183,0.48
120184,0.02
120185,0.04
120186,0.0
120187,0.2
120188,0.0
120189,0.09
120190,0.12
120191,0.0
120192,0.02
120193,0.01
120194,0.3
120195,0.04
120196,0.0
120197,0.0
120198,0.52
120199,0.16
120200,0.0
120201,0.07
120202,0.0
120203,0.02
120204,0.01
120205,0.26
120206,0.64
120207,0.05
120208,0.0
120209,0.01
120210,0.01
120211,0.0
120212,0.47
120213,0.0
120214,0.07
120215,0.0
120216,0.03
120217,0.05
120218,0.0
120219,0.07
120220,0.0
120221,0.0
120222,0.0
120223,0.0
120224,0.01
120225,0.09
120226,0.0
120227,0.05
120228,0.0
120229,0.02
120230,0.01
120231,0.04
120232,0.01
120233,0.01
120234,0.01
120235,0.02
120236,0.01
120237,0.01
120238,0.02
120239,0.0
120240,0.07
120241,0.25
120242,0.0
120243,0.01
120244,0.0
120245,0.01
120246,0.0
120247,0.0
120248,0.04
120249,0.16
120250,0.13
120251,0.01
120252,0.01
120253,0.0
120254,0.08
120255,0.01
120256,0.1
120257,0.05
120258,0.0
120259,0.28
120260,0.03
120261,0.0
120262,0.76
120263,0.01
120264,0.4
120265,0.06
120266,0.17
120267,0.0
120268,0.0
120269,0.04
120270,0.06
120271,0.09
120272,0.0
120273,0.09
120274,0.0
120275,0.01
120276,0.16
120277,0.01
120278,0.02
120279,0.0
120280,0.35
120281,0.0
120282,0.02
120283,0.0
120284,0.0
120285,0.28
120286,0.03
120287,0.02
120288,0.06
120289,0.03
120290,0.01
120291,0.29
120292,0.36
120293,0.56
120294,0.0
120295,0.35
120296,0.0
120297,0.0
120298,0.33
120299,0.0
120300,0.06
120301,0.0
120302,0.01
120303,0.01
120304,0.0
120305,0.14
120306,0.02
120307,0.13
120308,0.11
120309,0.01
120310,0.0
120311,0.03
120312,0.16
120313,0.0
120314,0.01
120315,0.0
120316,0.0
120317,0.01
120318,0.04
120319,0.01
120320,0.02
120321,0.02
120322,0.32
120323,0.02
120324,0.01
120325,0.22
120326,0.0
120327,0.0
120328,0.16
120329,0.04
120330,0.0
120331,0.01
120332,0.01
120333,0.15
120334,0.23
120335,0.02
120336,0.0
120337,0.19
120338,0.0
120339,0.31
120340,0.11
120341,0.01
120342,0.02
120343,0.16
120344,0.52
120345,0.01
120346,0.08
120347,0.0
120348,0.0
120349,0.01
120350,0.57
120351,0.02
120352,0.07
120353,0.08
120354,0.53
120355,0.0
120356,0.0
120357,0.19
120358,0.0
120359,0.06
120360,0.05
120361,0.01
120362,0.02
120363,0.02
120364,0.0
120365,0.39
120366,0.19
120367,0.32
120368,0.03
120369,0.05
120370,0.16
120371,0.62
120372,0.13
120373,0.0
120374,0.02
120375,0.28
120376,0.21
120377,0.02
120378,0.03
120379,0.08
120380,0.0
120381,0.0
120382,0.16
120383,0.01
120384,0.06
120385,0.0
120386,0.0
120387,0.01
120388,0.06
120389,0.24
120390,0.02
120391,0.0
120392,0.0
120393,0.0
120394,0.0
120395,0.03
120396,0.22
120397,0.0
120398,0.15
120399,0.15
120400,0.02
120401,0.06
120402,0.11
120403,0.16
120404,0.0
120405,0.01
120406,0.45
120407,0.02
120408,0.02
120409,0.04
120410,0.0
120411,0.0
120412,0.13
120413,0.17
120414,0.0
120415,0.0
120416,0.01
120417,0.0
120418,0.1
120419,0.05
120420,0.0
120421,0.03
120422,0.0
120423,0.0
120424,0.02
120425,0.0
120426,0.11
120427,0.01
120428,0.11
120429,0.4
120430,0.05
120431,0.0
120432,0.08
120433,0.14
120434,0.03
120435,0.44
120436,0.01
120437,0.02
120438,0.0
120439,0.47
120440,0.01
120441,0.02
120442,0.0
120443,0.01
120444,0.0
120445,0.01
120446,0.12
120447,0.03
120448,0.12
120449,0.65
120450,0.1
120451,0.0
120452,0.0
120453,0.07
120454,0.22
120455,0.04
120456,0.0
120457,0.47
120458,0.04
120459,0.0
120460,0.15
120461,0.08
120462,0.03
120463,0.0
120464,0.0
120465,0.0
120466,0.02
120467,0.0
120468,0.14
120469,0.01
120470,0.11
120471,0.0
120472,0.33
120473,0.13
120474,0.01
120475,0.29
120476,0.12
120477,0.06
120478,0.09
120479,0.0
120480,0.0
120481,0.01
120482,0.01
120483,0.0
120484,0.01
120485,0.24
120486,0.05
120487,0.03
120488,0.02
120489,0.02
120490,0.04
120491,0.02
120492,0.01
120493,0.19
120494,0.02
120495,0.15
120496,0.0
120497,0.16
120498,0.0
120499,0.01
120500,0.0
120501,0.0
120502,0.02
120503,0.0
120504,0.04
120505,0.13
120506,0.01
120507,0.01
120508,0.02
120509,0.05
120510,0.0
120511,0.0
120512,0.25
120513,0.01
120514,0.01
120515,0.06
120516,0.01
120517,0.08
120518,0.01
120519,0.0
120520,0.0
120521,0.0
120522,0.0
120523,0.0
120524,0.01
120525,0.37
120526,0.22
120527,0.14
120528,0.01
120529,0.08
120530,0.02
120531,0.0
120532,0.03
120533,0.03
120534,0.41
120535,0.18
120536,0.01
120537,0.0
120538,0.0
120539,0.0
120540,0.02
120541,0.0
120542,0.01
120543,0.1
120544,0.0
120545,0.0
120546,0.02
120547,0.0
120548,0.03
120549,0.03
120550,0.01
120551,0.02
120552,0.01
120553,0.0
120554,0.0
120555,0.0
120556,0.0
120557,0.02
120558,0.0
120559,0.0
120560,0.01
120561,0.0
120562,0.03
120563,0.36
120564,0.0
120565,0.02
120566,0.0
120567,0.07
120568,0.02
120569,0.05
120570,0.01
120571,0.02
120572,0.01
120573,0.24
120574,0.07
120575,0.51
120576,0.02
120577,0.01
120578,0.0
120579,0.08
120580,0.52
120581,0.0
120582,0.23
120583,0.01
120584,0.54
120585,0.01
120586,0.08
120587,0.11
120588,0.0
120589,0.01
120590,0.01
120591,0.01
120592,0.75
120593,0.2
120594,0.0
120595,0.1
120596,0.02
120597,0.1
120598,0.02
120599,0.09
120600,0.11
120601,0.01
120602,0.01
120603,0.01
120604,0.0
120605,0.23
120606,0.38
120607,0.02
120608,0.48
120609,0.02
120610,0.0
120611,0.0
120612,0.02
120613,0.02
120614,0.18
120615,0.03
120616,0.24
120617,0.0
120618,0.11
120619,0.1
120620,0.01
120621,0.07
120622,0.01
120623,0.06
120624,0.01
120625,0.19
120626,0.05
120627,0.0
120628,0.07
120629,0.13
120630,0.13
120631,0.07
120632,0.17
120633,0.23
120634,0.05
120635,0.0
120636,0.08
120637,0.03
120638,0.08
120639,0.01
120640,0.0
120641,0.01
120642,0.05
120643,0.19
120644,0.01
120645,0.05
120646,0.01
120647,0.02
120648,0.02
120649,0.02
120650,0.01
120651,0.0
120652,0.17
120653,0.0
120654,0.13
120655,0.12
120656,0.04
120657,0.01
120658,0.15
120659,0.78
120660,0.0
120661,0.01
120662,0.0
120663,0.0
120664,0.03
120665,0.0
120666,0.08
120667,0.49
120668,0.12
120669,0.0
120670,0.01
120671,0.0
120672,0.04
120673,0.11
120674,0.02
120675,0.02
120676,0.01
120677,0.01
120678,0.01
120679,0.0
120680,0.03
120681,0.02
120682,0.3
120683,0.09
120684,0.02
120685,0.04
120686,0.15
120687,0.02
120688,0.07
120689,0.01
120690,0.1
120691,0.04
120692,0.11
120693,0.05
120694,0.0
120695,0.11
120696,0.05
120697,0.17
120698,0.0
120699,0.01
120700,0.19
120701,0.07
120702,0.0
120703,0.0
120704,0.09
120705,0.0
120706,0.03
120707,0.01
120708,0.01
120709,0.01
120710,0.0
120711,0.01
120712,0.04
120713,0.02
120714,0.0
120715,0.0
120716,0.02
120717,0.02
120718,0.01
120719,0.0
120720,0.03
120721,0.0
120722,0.0
120723,0.02
120724,0.04
120725,0.4
120726,0.05
120727,0.07
120728,0.0
120729,0.03
120730,0.08
120731,0.04
120732,0.0
120733,0.1
120734,0.01
120735,0.04
120736,0.14
120737,0.09
120738,0.0
120739,0.04
120740,0.0
120741,0.0
120742,0.0
120743,0.0
120744,0.08
120745,0.0
120746,0.0
120747,0.1
120748,0.0
120749,0.04
120750,0.0
120751,0.03
120752,0.01
120753,0.02
120754,0.0
120755,0.0
120756,0.02
120757,0.14
120758,0.01
120759,0.22
120760,0.0
120761,0.01
120762,0.06
120763,0.04
120764,0.04
120765,0.11
120766,0.14
120767,0.0
120768,0.02
120769,0.09
120770,0.0
120771,0.0
120772,0.28
120773,0.0
120774,0.0
120775,0.0
120776,0.0
120777,0.03
120778,0.01
120779,0.1
120780,0.02
120781,0.4
120782,0.11
120783,0.03
120784,0.07
120785,0.06
120786,0.01
120787,0.08
120788,0.35
120789,0.01
120790,0.04
120791,0.04
120792,0.28
120793,0.0
120794,0.01
120795,0.0
120796,0.13
120797,0.06
120798,0.15
120799,0.0
120800,0.01
120801,0.07
120802,0.01
120803,0.01
120804,0.04
120805,0.0
120806,0.1
120807,0.06
120808,0.06
120809,0.11
120810,0.02
120811,0.11
120812,0.0
120813,0.0
120814,0.02
120815,0.52
120816,0.04
120817,0.01
120818,0.0
120819,0.07
120820,0.19
120821,0.12
120822,0.04
120823,0.01
120824,0.01
120825,0.02
120826,0.05
120827,0.28
120828,0.22
120829,0.05
120830,0.06
120831,0.06
120832,0.06
120833,0.0
120834,0.04
120835,0.02
120836,0.01
120837,0.0
120838,0.07
120839,0.0
120840,0.0
120841,0.01
120842,0.57
120843,0.01
120844,0.23
120845,0.0
120846,0.0
120847,0.02
120848,0.19
120849,0.1
120850,0.35
120851,0.0
120852,0.24
120853,0.0
120854,0.14
120855,0.0
120856,0.18
120857,0.01
120858,0.09
120859,0.04
120860,0.02
120861,0.16
120862,0.0
120863,0.0
120864,0.09
120865,0.2
120866,0.0
120867,0.14
120868,0.0
120869,0.07
120870,0.01
120871,0.03
120872,0.0
120873,0.39
120874,0.13
120875,0.11
120876,0.02
120877,0.39
120878,0.31
120879,0.0
120880,0.13
120881,0.02
120882,0.02
120883,0.13
120884,0.06
120885,0.0
120886,0.48
120887,0.04
120888,0.05
120889,0.03
120890,0.07
120891,0.0
120892,0.03
120893,0.16
120894,0.01
120895,0.02
120896,0.43
120897,0.0
120898,0.0
120899,0.05
120900,0.12
120901,0.04
120902,0.0
120903,0.0
120904,0.01
120905,0.1
120906,0.0
120907,0.0
120908,0.07
120909,0.01
120910,0.41
120911,0.01
120912,0.03
120913,0.25
120914,0.04
120915,0.0
120916,0.0
120917,0.01
120918,0.0
120919,0.0
120920,0.08
120921,0.02
120922,0.03
120923,0.01
120924,0.0
120925,0.03
120926,0.29
120927,0.03
120928,0.06
120929,0.03
120930,0.14
120931,0.1
120932,0.07
120933,0.01
120934,0.0
120935,0.05
120936,0.07
120937,0.05
120938,0.0
120939,0.01
120940,0.01
120941,0.0
120942,0.01
120943,0.13
120944,0.0
120945,0.01
120946,0.33
120947,0.12
120948,0.03
120949,0.41
120950,0.73
120951,0.0
120952,0.03
120953,0.0
120954,0.0
120955,0.03
120956,0.0
120957,0.08
120958,0.1
120959,0.05
120960,0.0
120961,0.01
120962,0.0
120963,0.15
120964,0.0
120965,0.18
120966,0.03
120967,0.06
120968,0.0
120969,0.01
120970,0.06
120971,0.06
120972,0.02
120973,0.09
120974,0.35
120975,0.06
120976,0.11
120977,0.01
120978,0.02
120979,0.02
120980,0.01
120981,0.06
120982,0.11
120983,0.03
120984,0.1
120985,0.0
120986,0.03
120987,0.02
120988,0.1
120989,0.01
120990,0.02
120991,0.02
120992,0.0
120993,0.17
120994,0.0
120995,0.07
120996,0.06
120997,0.0
120998,0.04
120999,0.05
121000,0.02
121001,0.01
121002,0.03
121003,0.0
121004,0.04
121005,0.16
121006,0.01
121007,0.0
121008,0.04
121009,0.01
121010,0.01
121011,0.01
121012,0.0
121013,0.0
121014,0.45
121015,0.0
121016,0.0
121017,0.01
121018,0.5
121019,0.02
121020,0.06
121021,0.08
121022,0.05
121023,0.0
121024,0.15
121025,0.06
121026,0.02
121027,0.02
121028,0.02
121029,0.25
121030,0.0
121031,0.01
121032,0.04
121033,0.0
121034,0.0
121035,0.01
121036,0.02
121037,0.0
121038,0.0
121039,0.06
121040,0.0
121041,0.05
121042,0.11
121043,0.1
121044,0.0
121045,0.0
121046,0.02
121047,0.0
121048,0.04
121049,0.43
121050,0.01
121051,0.35
121052,0.06
121053,0.01
121054,0.14
121055,0.06
121056,0.1
121057,0.02
121058,0.03
121059,0.01
121060,0.03
121061,0.01
121062,0.16
121063,0.16
121064,0.01
121065,0.01
121066,0.0
121067,0.0
121068,0.12
121069,0.03
121070,0.05
121071,0.05
121072,0.01
121073,0.09
121074,0.16
121075,0.03
121076,0.0
121077,0.0
121078,0.55
121079,0.09
121080,0.0
121081,0.01
121082,0.06
121083,0.01
121084,0.0
121085,0.07
121086,0.0
121087,0.08
121088,0.05
121089,0.05
121090,0.61
121091,0.03
121092,0.05
121093,0.0
121094,0.26
121095,0.0
121096,0.04
121097,0.03
121098,0.11
121099,0.03
121100,0.01
121101,0.11
121102,0.06
121103,0.07
121104,0.0
121105,0.0
121106,0.01
121107,0.2
121108,0.17
121109,0.12
121110,0.0
121111,0.02
121112,0.03
121113,0.0
121114,0.13
121115,0.14
121116,0.0
121117,0.02
121118,0.38
121119,0.01
121120,0.06
121121,0.01
121122,0.35
121123,0.25
121124,0.0
121125,0.0
121126,0.02
121127,0.0
121128,0.14
121129,0.27
121130,0.03
121131,0.01
121132,0.0
121133,0.05
121134,0.0
121135,0.11
121136,0.03
121137,0.0
121138,0.19
121139,0.0
121140,0.05
121141,0.12
121142,0.0
121143,0.0
121144,0.0
121145,0.0
121146,0.01
121147,0.01
121148,0.0
121149,0.0
121150,0.12
121151,0.03
121152,0.07
121153,0.02
121154,0.22
121155,0.0
121156,0.01
121157,0.04
121158,0.01
121159,0.0
121160,0.03
121161,0.0
121162,0.0
121163,0.24
121164,0.0
121165,0.0
121166,0.05
121167,0.03
121168,0.0
121169,0.4
121170,0.0
121171,0.0
121172,0.08
121173,0.02
121174,0.64
121175,0.06
121176,0.0
121177,0.0
121178,0.05
121179,0.08
121180,0.02
121181,0.0
121182,0.02
121183,0.05
121184,0.01
121185,0.05
121186,0.01
121187,0.01
121188,0.07
121189,0.01
121190,0.0
121191,0.0
121192,0.02
121193,0.0
121194,0.0
121195,0.13
121196,0.0
121197,0.05
121198,0.09
121199,0.03
121200,0.04
121201,0.14
121202,0.01
121203,0.01
121204,0.0
121205,0.07
121206,0.09
121207,0.0
121208,0.0
121209,0.05
121210,0.03
121211,0.09
121212,0.0
121213,0.0
121214,0.12
121215,0.06
121216,0.12
121217,0.0
121218,0.16
121219,0.08
121220,0.0
121221,0.01
121222,0.0
121223,0.0
121224,0.02
121225,0.14
121226,0.05
121227,0.0
121228,0.17
121229,0.72
121230,0.03
121231,0.04
121232,0.02
121233,0.08
121234,0.06
121235,0.0
121236,0.03
121237,0.02
121238,0.27
121239,0.03
121240,0.05
121241,0.04
121242,0.17
121243,0.01
121244,0.03
121245,0.0
121246,0.01
121247,0.18
121248,0.06
121249,0.0
121250,0.13
121251,0.07
121252,0.01
121253,0.16
121254,0.08
121255,0.4
121256,0.25
121257,0.04
121258,0.0
121259,0.0
121260,0.5
121261,0.0
121262,0.0
121263,0.35
121264,0.07
121265,0.17
121266,0.01
121267,0.0
121268,0.02
121269,0.02
121270,0.1
121271,0.03
121272,0.01
121273,0.01
121274,0.01
121275,0.0
121276,0.0
121277,0.01
121278,0.19
121279,0.0
121280,0.02
121281,0.0
121282,0.0
121283,0.19
121284,0.02
121285,0.04
121286,0.01
121287,0.05
121288,0.61
121289,0.05
121290,0.0
121291,0.03
121292,0.02
121293,0.13
121294,0.0
121295,0.0
121296,0.41
121297,0.17
121298,0.03
121299,0.2
121300,0.07
121301,0.01
121302,0.13
121303,0.03
121304,0.0
121305,0.0
121306,0.01
121307,0.0
121308,0.0
121309,0.0
121310,0.02
121311,0.01
121312,0.22
121313,0.13
121314,0.07
121315,0.04
121316,0.11
121317,0.02
121318,0.62
121319,0.19
121320,0.01
121321,0.0
121322,0.02
121323,0.02
121324,0.02
121325,0.06
121326,0.0
121327,0.0
121328,0.0
121329,0.4
121330,0.0
121331,0.0
121332,0.02
121333,0.05
121334,0.02
121335,0.08
121336,0.02
121337,0.25
121338,0.0
121339,0.01
121340,0.01
121341,0.0
121342,0.0
121343,0.0
121344,0.0
121345,0.0
121346,0.0
121347,0.04
121348,0.05
121349,0.01
121350,0.01
121351,0.01
121352,0.0
121353,0.03
121354,0.0
121355,0.07
121356,0.01
121357,0.08
121358,0.01
121359,0.02
121360,0.08
121361,0.06
121362,0.03
121363,0.01
121364,0.26
121365,0.04
121366,0.07
121367,0.08
121368,0.09
121369,0.02
121370,0.01
121371,0.0
121372,0.02
121373,0.0
121374,0.01
121375,0.05
121376,0.03
121377,0.01
121378,0.0
121379,0.0
121380,0.07
121381,0.0
121382,0.01
121383,0.03
121384,0.03
121385,0.03
121386,0.0
121387,0.02
121388,0.17
121389,0.02
121390,0.2
121391,0.06
121392,0.0
121393,0.02
121394,0.0
121395,0.19
121396,0.0
121397,0.11
121398,0.0
121399,0.14
121400,0.67
121401,0.06
121402,0.0
121403,0.0
121404,0.0
121405,0.04
121406,0.01
121407,0.06
121408,0.0
121409,0.02
121410,0.01
121411,0.0
121412,0.01
121413,0.0
121414,0.0
121415,0.12
121416,0.0
121417,0.02
121418,0.1
121419,0.19
121420,0.0
121421,0.0
121422,0.04
121423,0.0
121424,0.04
121425,0.06
121426,0.03
121427,0.08
121428,0.0
121429,0.03
121430,0.0
121431,0.0
121432,0.0
121433,0.22
121434,0.0
121435,0.05
121436,0.02
121437,0.1
121438,0.0
121439,0.02
121440,0.15
121441,0.02
121442,0.24
121443,0.22
121444,0.0
121445,0.19
121446,0.03
121447,0.0
121448,0.02
121449,0.04
121450,0.02
121451,0.09
121452,0.08
121453,0.26
121454,0.0
121455,0.0
121456,0.02
121457,0.34
121458,0.0
121459,0.01
121460,0.01
121461,0.03
121462,0.02
121463,0.03
121464,0.0
121465,0.0
121466,0.02
121467,0.01
121468,0.0
121469,0.04
121470,0.04
121471,0.14
121472,0.01
121473,0.0
121474,0.19
121475,0.0
121476,0.01
121477,0.02
121478,0.16
121479,0.07
121480,0.02
121481,0.03
121482,0.01
121483,0.0
121484,0.0
121485,0.0
121486,0.28
121487,0.06
121488,0.06
121489,0.0
121490,0.0
121491,0.13
121492,0.01
121493,0.0
121494,0.02
121495,0.01
121496,0.03
121497,0.26
121498,0.03
121499,0.0
121500,0.01
121501,0.01
121502,0.03
121503,0.0
121504,0.02
121505,0.03
121506,0.08
121507,0.11
121508,0.0
121509,0.01
121510,0.0
121511,0.0
121512,0.0
121513,0.08
121514,0.0
121515,0.02
121516,0.12
121517,0.05
121518,0.53
121519,0.01
121520,0.0
121521,0.11
121522,0.01
121523,0.23
121524,0.13
121525,0.03
121526,0.0
121527,0.04
121528,0.05
121529,0.0
121530,0.02
121531,0.06
121532,0.03
121533,0.0
121534,0.0
121535,0.05
121536,0.01
121537,0.03
121538,0.32
121539,0.02
121540,0.03
121541,0.0
121542,0.0
121543,0.03
121544,0.01
121545,0.13
121546,0.02
121547,0.02
121548,0.0
121549,0.75
121550,0.02
121551,0.01
121552,0.01
121553,0.07
121554,0.17
121555,0.08
121556,0.1
121557,0.14
121558,0.0
121559,0.0
121560,0.0
121561,0.0
121562,0.02
121563,0.01
121564,0.0
121565,0.0
121566,0.0
121567,0.0
121568,0.04
121569,0.0
121570,0.0
121571,0.01
121572,0.13
121573,0.1
121574,0.03
121575,0.07
121576,0.06
121577,0.01
121578,0.06
121579,0.0
121580,0.05
121581,0.41
121582,0.01
121583,0.02
121584,0.02
121585,0.13
121586,0.06
121587,0.03
121588,0.0
121589,0.02
121590,0.01
121591,0.04
121592,0.11
121593,0.0
121594,0.01
121595,0.24
121596,0.13
121597,0.02
121598,0.0
121599,0.05
121600,0.3
121601,0.0
121602,0.04
121603,0.03
121604,0.02
121605,0.02
121606,0.01
121607,0.05
121608,0.01
121609,0.03
121610,0.0
121611,0.01
121612,0.0
121613,0.08
121614,0.01
121615,0.04
121616,0.0
121617,0.08
121618,0.2
121619,0.0
121620,0.01
121621,0.0
121622,0.4
121623,0.18
121624,0.11
121625,0.07
121626,0.01
121627,0.05
121628,0.22
121629,0.0
121630,0.01
121631,0.0
121632,0.01
121633,0.51
121634,0.61
121635,0.01
121636,0.45
121637,0.25
121638,0.0
121639,0.0
121640,0.0
121641,0.03
121642,0.05
121643,0.1
121644,0.01
121645,0.64
121646,0.0
121647,0.02
121648,0.02
121649,0.11
121650,0.15
121651,0.0
121652,0.04
121653,0.17
121654,0.0
121655,0.0
121656,0.21
121657,0.0
121658,0.55
121659,0.02
121660,0.04
121661,0.19
121662,0.0
121663,0.02
121664,0.12
121665,0.01
121666,0.0
121667,0.02
121668,0.25
121669,0.02
121670,0.46
121671,0.03
121672,0.0
121673,0.2
121674,0.18
121675,0.03
121676,0.01
121677,0.09
121678,0.0
121679,0.01
121680,0.01
121681,0.03
121682,0.0
121683,0.05
121684,0.0
121685,0.0
121686,0.33
121687,0.09
121688,0.33
121689,0.04
121690,0.01
121691,0.0
121692,0.0
121693,0.01
121694,0.0
121695,0.27
121696,0.09
121697,0.01
121698,0.13
121699,0.34
121700,0.15
121701,0.06
121702,0.1
121703,0.0
121704,0.31
121705,0.04
121706,0.1
121707,0.02
121708,0.0
121709,0.13
121710,0.64
121711,0.05
121712,0.13
121713,0.03
121714,0.07
121715,0.05
121716,0.02
121717,0.0
121718,0.02
121719,0.07
121720,0.0
121721,0.0
121722,0.05
121723,0.0
121724,0.0
121725,0.0
121726,0.0
121727,0.17
121728,0.0
121729,0.01
121730,0.0
121731,0.04
121732,0.03
121733,0.13
121734,0.01
121735,0.04
121736,0.12
121737,0.08
121738,0.02
121739,0.04
121740,0.02
121741,0.0
121742,0.05
121743,0.0
121744,0.02
121745,0.0
121746,0.0
121747,0.27
121748,0.03
121749,0.06
121750,0.63
121751,0.11
121752,0.05
121753,0.02
121754,0.11
121755,0.12
121756,0.03
121757,0.0
121758,0.03
121759,0.23
121760,0.05
121761,0.01
121762,0.05
121763,0.0
121764,0.0
121765,0.23
121766,0.01
121767,0.02
121768,0.39
121769,0.0
121770,0.04
121771,0.0
121772,0.01
121773,0.01
121774,0.02
121775,0.15
121776,0.0
121777,0.0
121778,0.07
121779,0.04
121780,0.02
121781,0.02
121782,0.02
121783,0.0
121784,0.01
121785,0.0
121786,0.04
121787,0.0
121788,0.0
121789,0.04
121790,0.07
121791,0.0
121792,0.04
121793,0.0
121794,0.04
121795,0.0
121796,0.09
121797,0.0
121798,0.06
121799,0.03
121800,0.07
121801,0.01
121802,0.03
121803,0.0
121804,0.04
121805,0.22
121806,0.11
121807,0.02
121808,0.0
121809,0.0
121810,0.09
121811,0.63
121812,0.53
121813,0.51
121814,0.02
121815,0.0
121816,0.0
121817,0.0
121818,0.11
121819,0.0
121820,0.8
121821,0.42
121822,0.1
121823,0.0
121824,0.0
121825,0.03
121826,0.58
121827,0.0
121828,0.06
121829,0.01
121830,0.07
121831,0.14
121832,0.39
121833,0.04
121834,0.0
121835,0.02
121836,0.01
121837,0.11
121838,0.13
121839,0.0
121840,0.07
121841,0.0
121842,0.0
121843,0.05
121844,0.04
121845,0.09
121846,0.21
121847,0.12
121848,0.19
121849,0.0
121850,0.01
121851,0.02
121852,0.01
121853,0.0
121854,0.09
121855,0.07
121856,0.0
121857,0.16
121858,0.09
121859,0.05
121860,0.0
121861,0.01
121862,0.0
121863,0.04
121864,0.0
121865,0.05
121866,0.01
121867,0.0
121868,0.01
121869,0.44
121870,0.04
121871,0.2
121872,0.64
121873,0.0
121874,0.1
121875,0.0
121876,0.03
121877,0.07
121878,0.14
121879,0.05
121880,0.0
121881,0.01
121882,0.13
121883,0.0
121884,0.11
121885,0.03
121886,0.26
121887,0.05
121888,0.04
121889,0.01
121890,0.02
121891,0.03
121892,0.05
121893,0.02
121894,0.06
121895,0.1
121896,0.02
121897,0.02
121898,0.12
121899,0.0
121900,0.54
121901,0.0
121902,0.02
121903,0.01
121904,0.09
121905,0.11
121906,0.0
121907,0.01
121908,0.0
121909,0.01
121910,0.06
121911,0.02
121912,0.09
121913,0.0
121914,0.02
121915,0.0
121916,0.0
121917,0.03
121918,0.0
121919,0.52
121920,0.0
121921,0.0
121922,0.0
121923,0.03
121924,0.02
121925,0.07
121926,0.01
121927,0.01
121928,0.0
121929,0.0
121930,0.25
121931,0.1
121932,0.0
121933,0.01
121934,0.07
121935,0.0
121936,0.0
121937,0.02
121938,0.12
121939,0.02
121940,0.0
121941,0.07
121942,0.0
121943,0.03
121944,0.0
121945,0.0
121946,0.01
121947,0.05
121948,0.2
121949,0.04
121950,0.0
121951,0.05
121952,0.0
121953,0.06
121954,0.0
121955,0.06
121956,0.01
121957,0.0
121958,0.11
121959,0.0
121960,0.48
121961,0.06
121962,0.04
121963,0.0
121964,0.03
121965,0.0
121966,0.43
121967,0.01
121968,0.0
121969,0.03
121970,0.0
121971,0.02
121972,0.01
121973,0.14
121974,0.01
121975,0.49
121976,0.1
121977,0.01
121978,0.6
121979,0.0
121980,0.0
121981,0.46
121982,0.0
121983,0.07
121984,0.07
121985,0.06
121986,0.0
121987,0.0
121988,0.02
121989,0.09
121990,0.13
121991,0.05
121992,0.09
121993,0.0
121994,0.05
121995,0.24
121996,0.0
121997,0.0
121998,0.02
121999,0.05
122000,0.02
122001,0.0
122002,0.0
122003,0.01
122004,0.02
122005,0.18
122006,0.02
122007,0.53
122008,0.0
122009,0.08
122010,0.22
122011,0.05
122012,0.07
122013,0.0
122014,0.02
122015,0.06
122016,0.04
122017,0.05
122018,0.07
122019,0.01
122020,0.09
122021,0.03
122022,0.04
122023,0.0
122024,0.01
122025,0.01
122026,0.08
122027,0.09
122028,0.02
122029,0.01
122030,0.01
122031,0.06
122032,0.15
122033,0.04
122034,0.03
122035,0.32
122036,0.1
122037,0.01
122038,0.0
122039,0.06
122040,0.02
122041,0.13
122042,0.03
122043,0.27
122044,0.06
122045,0.0
122046,0.0
122047,0.0
122048,0.01
122049,0.04
122050,0.04
122051,0.02
122052,0.01
122053,0.01
122054,0.04
122055,0.02
122056,0.0
122057,0.11
122058,0.0
122059,0.31
122060,0.0
122061,0.01
122062,0.01
122063,0.11
122064,0.01
122065,0.03
122066,0.02
122067,0.0
122068,0.04
122069,0.06
122070,0.0
122071,0.41
122072,0.02
122073,0.01
122074,0.0
122075,0.06
122076,0.1
122077,0.32
122078,0.01
122079,0.0
122080,0.03
122081,0.0
122082,0.04
122083,0.2
122084,0.01
122085,0.53
122086,0.01
122087,0.0
122088,0.03
122089,0.0
122090,0.56
122091,0.07
122092,0.01
122093,0.4
122094,0.18
122095,0.0
122096,0.0
122097,0.37
122098,0.01
122099,0.06
122100,0.55
122101,0.11
122102,0.13
122103,0.02
122104,0.0
122105,0.01
122106,0.02
122107,0.43
122108,0.37
122109,0.02
122110,0.1
122111,0.01
122112,0.02
122113,0.13
122114,0.0
122115,0.0
122116,0.0
122117,0.1
122118,0.0
122119,0.08
122120,0.05
122121,0.11
122122,0.01
122123,0.0
122124,0.0
122125,0.02
122126,0.01
122127,0.01
122128,0.05
122129,0.12
122130,0.09
122131,0.09
122132,0.01
122133,0.03
122134,0.07
122135,0.02
122136,0.0
122137,0.1
122138,0.12
122139,0.01
122140,0.0
122141,0.06
122142,0.08
122143,0.0
122144,0.05
122145,0.0
122146,0.1
122147,0.01
122148,0.06
122149,0.0
122150,0.08
122151,0.07
122152,0.0
122153,0.02
122154,0.19
122155,0.07
122156,0.12
122157,0.03
122158,0.04
122159,0.01
122160,0.03
122161,0.07
122162,0.04
122163,0.0
122164,0.2
122165,0.0
122166,0.05
122167,0.02
122168,0.0
122169,0.0
122170,0.09
122171,0.21
122172,0.03
122173,0.02
122174,0.01
122175,0.06
122176,0.23
122177,0.19
122178,0.07
122179,0.04
122180,0.26
122181,0.04
122182,0.0
122183,0.19
122184,0.07
122185,0.0
122186,0.02
122187,0.07
122188,0.11
122189,0.0
122190,0.03
122191,0.22
122192,0.05
122193,0.15
122194,0.0
122195,0.15
122196,0.17
122197,0.5
122198,0.0
122199,0.24
122200,0.0
122201,0.04
122202,0.04
122203,0.0
122204,0.18
122205,0.07
122206,0.2
122207,0.18
122208,0.1
122209,0.02
122210,0.0
122211,0.0
122212,0.0
122213,0.0
122214,0.0
122215,0.14
122216,0.3
122217,0.04
122218,0.0
122219,0.0
122220,0.02
122221,0.0
122222,0.0
122223,0.05
122224,0.05
122225,0.54
122226,0.0
122227,0.34
122228,0.04
122229,0.24
122230,0.04
122231,0.04
122232,0.0
122233,0.08
122234,0.01
122235,0.09
122236,0.01
122237,0.08
122238,0.03
122239,0.03
122240,0.11
122241,0.02
122242,0.02
122243,0.0
122244,0.01
122245,0.0
122246,0.04
122247,0.09
122248,0.0
122249,0.02
122250,0.01
122251,0.03
122252,0.01
122253,0.02
122254,0.02
122255,0.03
122256,0.04
122257,0.44
122258,0.02
122259,0.0
122260,0.0
122261,0.04
122262,0.01
122263,0.16
122264,0.05
122265,0.04
122266,0.15
122267,0.0
122268,0.0
122269,0.04
122270,0.01
122271,0.0
122272,0.02
122273,0.03
122274,0.03
122275,0.0
122276,0.03
122277,0.04
122278,0.02
122279,0.35
122280,0.07
122281,0.03
122282,0.0
122283,0.23
122284,0.0
122285,0.01
122286,0.36
122287,0.04
122288,0.04
122289,0.13
122290,0.03
122291,0.05
122292,0.14
122293,0.0
122294,0.16
122295,0.02
122296,0.02
122297,0.03
122298,0.0
122299,0.11
122300,0.0
122301,0.02
122302,0.0
122303,0.02
122304,0.52
122305,0.0
122306,0.02
122307,0.07
122308,0.02
122309,0.14
122310,0.0
122311,0.0
122312,0.02
122313,0.03
122314,0.15
122315,0.02
122316,0.45
122317,0.0
122318,0.12
122319,0.0
122320,0.33
122321,0.02
122322,0.06
122323,0.05
122324,0.5
122325,0.46
122326,0.02
122327,0.0
122328,0.1
122329,0.15
122330,0.05
122331,0.0
122332,0.0
122333,0.05
122334,0.02
122335,0.0
122336,0.01
122337,0.0
122338,0.01
122339,0.0
122340,0.0
122341,0.1
122342,0.2
122343,0.01
122344,0.01
122345,0.14
122346,0.0
122347,0.01
122348,0.0
122349,0.02
122350,0.01
122351,0.02
122352,0.3
122353,0.02
122354,0.0
122355,0.56
122356,0.73
122357,0.04
122358,0.0
122359,0.0
122360,0.1
122361,0.0
122362,0.0
122363,0.0
122364,0.45
122365,0.0
122366,0.02
122367,0.04
122368,0.07
122369,0.01
122370,0.03
122371,0.01
122372,0.01
122373,0.01
122374,0.09
122375,0.41
122376,0.13
122377,0.0
122378,0.04
122379,0.02
122380,0.0
122381,0.0
122382,0.06
122383,0.01
122384,0.0
122385,0.54
122386,0.05
122387,0.03
122388,0.01
122389,0.03
122390,0.18
122391,0.04
122392,0.04
122393,0.03
122394,0.03
122395,0.0
122396,0.0
122397,0.0
122398,0.74
122399,0.03
122400,0.03
122401,0.01
122402,0.02
122403,0.0
122404,0.23
122405,0.06
122406,0.02
122407,0.37
122408,0.04
122409,0.05
122410,0.02
122411,0.03
122412,0.04
122413,0.09
122414,0.03
122415,0.0
122416,0.21
122417,0.38
122418,0.05
122419,0.0
122420,0.22
122421,0.0
122422,0.37
122423,0.0
122424,0.11
122425,0.0
122426,0.08
122427,0.04
122428,0.02
122429,0.0
122430,0.02
122431,0.08
122432,0.0
122433,0.01
122434,0.6
122435,0.11
122436,0.02
122437,0.01
122438,0.03
122439,0.02
122440,0.2
122441,0.06
122442,0.64
122443,0.4
122444,0.02
122445,0.01
122446,0.0
122447,0.07
122448,0.19
122449,0.32
122450,0.0
122451,0.01
122452,0.0
122453,0.02
122454,0.01
122455,0.02
122456,0.02
122457,0.0
122458,0.0
122459,0.0
122460,0.26
122461,0.11
122462,0.17
122463,0.11
122464,0.0
122465,0.07
122466,0.49
122467,0.08
122468,0.01
122469,0.3
122470,0.06
122471,0.24
122472,0.0
122473,0.01
122474,0.05
122475,0.05
122476,0.14
122477,0.38
122478,0.06
122479,0.17
122480,0.0
122481,0.02
122482,0.03
122483,0.12
122484,0.07
122485,0.0
122486,0.18
122487,0.14
122488,0.07
122489,0.7
122490,0.07
122491,0.01
122492,0.09
122493,0.0
122494,0.0
122495,0.11
122496,0.22
122497,0.03
122498,0.17
122499,0.05
122500,0.0
122501,0.03
122502,0.02
122503,0.03
122504,0.13
122505,0.01
122506,0.03
122507,0.0
122508,0.0
122509,0.0
122510,0.0
122511,0.07
122512,0.08
122513,0.01
122514,0.33
122515,0.0
122516,0.0
122517,0.3
122518,0.29
122519,0.0
122520,0.09
122521,0.01
122522,0.03
122523,0.0
122524,0.01
122525,0.07
122526,0.01
122527,0.0
122528,0.01
122529,0.08
122530,0.04
122531,0.52
122532,0.0
122533,0.01
122534,0.52
122535,0.03
122536,0.07
122537,0.0
122538,0.06
122539,0.05
122540,0.05
122541,0.02
122542,0.0
122543,0.01
122544,0.0
122545,0.0
122546,0.0
122547,0.01
122548,0.02
122549,0.0
122550,0.0
122551,0.07
122552,0.0
122553,0.01
122554,0.0
122555,0.16
122556,0.01
122557,0.03
122558,0.0
122559,0.01
122560,0.0
122561,0.05
122562,0.19
122563,0.05
122564,0.2
122565,0.0
122566,0.08
122567,0.0
122568,0.09
122569,0.0
122570,0.15
122571,0.03
122572,0.19
122573,0.01
122574,0.0
122575,0.03
122576,0.03
122577,0.0
122578,0.0
122579,0.03
122580,0.01
122581,0.17
122582,0.08
122583,0.05
122584,0.16
122585,0.05
122586,0.02
122587,0.0
122588,0.07
122589,0.0
122590,0.01
122591,0.0
122592,0.0
122593,0.0
122594,0.04
122595,0.03
122596,0.03
122597,0.0
122598,0.01
122599,0.03
122600,0.01
122601,0.0
122602,0.05
122603,0.1
122604,0.62
122605,0.04
122606,0.0
122607,0.0
122608,0.0
122609,0.1
122610,0.0
122611,0.42
122612,0.0
122613,0.0
122614,0.17
122615,0.12
122616,0.02
122617,0.0
122618,0.02
122619,0.41
122620,0.07
122621,0.0
122622,0.01
122623,0.0
122624,0.0
122625,0.05
122626,0.01
122627,0.0
122628,0.28
122629,0.28
122630,0.01
122631,0.0
122632,0.0
122633,0.01
122634,0.09
122635,0.04
122636,0.04
122637,0.17
122638,0.14
122639,0.0
122640,0.0
122641,0.02
122642,0.02
122643,0.0
122644,0.02
122645,0.0
122646,0.0
122647,0.02
122648,0.0
122649,0.02
122650,0.0
122651,0.14
122652,0.05
122653,0.0
122654,0.04
122655,0.0
122656,0.0
122657,0.02
122658,0.0
122659,0.0
122660,0.0
122661,0.03
122662,0.0
122663,0.0
122664,0.13
122665,0.07
122666,0.18
122667,0.0
122668,0.16
122669,0.0
122670,0.1
122671,0.06
122672,0.01
122673,0.09
122674,0.01
122675,0.02
122676,0.11
122677,0.0
122678,0.03
122679,0.0
122680,0.0
122681,0.0
122682,0.18
122683,0.01
122684,0.05
122685,0.0
122686,0.02
122687,0.04
122688,0.0
122689,0.0
122690,0.03
122691,0.14
122692,0.26
122693,0.0
122694,0.0
122695,0.2
122696,0.0
122697,0.04
122698,0.84
122699,0.0
122700,0.0
122701,0.02
122702,0.0
122703,0.06
122704,0.0
122705,0.0
122706,0.0
122707,0.01
122708,0.28
122709,0.0
122710,0.61
122711,0.03
122712,0.02
122713,0.0
122714,0.36
122715,0.0
122716,0.07
122717,0.51
122718,0.01
122719,0.0
122720,0.08
122721,0.0
122722,0.0
122723,0.15
122724,0.05
122725,0.35
122726,0.04
122727,0.03
122728,0.05
122729,0.08
122730,0.17
122731,0.12
122732,0.02
122733,0.02
122734,0.32
122735,0.0
122736,0.0
122737,0.04
122738,0.0
122739,0.02
122740,0.7
122741,0.0
122742,0.05
122743,0.0
122744,0.0
122745,0.03
122746,0.26
122747,0.03
122748,0.0
122749,0.01
122750,0.05
122751,0.0
122752,0.0
122753,0.0
122754,0.3
122755,0.0
122756,0.13
122757,0.04
122758,0.1
122759,0.0
122760,0.11
122761,0.02
122762,0.01
122763,0.0
122764,0.04
122765,0.02
122766,0.01
122767,0.1
122768,0.01
122769,0.0
122770,0.53
122771,0.01
122772,0.15
122773,0.0
122774,0.0
122775,0.03
122776,0.06
122777,0.0
122778,0.05
122779,0.0
122780,0.0
122781,0.12
122782,0.07
122783,0.0
122784,0.07
122785,0.01
122786,0.04
122787,0.29
122788,0.05
122789,0.14
122790,0.02
122791,0.4
122792,0.02
122793,0.05
122794,0.0
122795,0.15
122796,0.1
122797,0.15
122798,0.03
122799,0.02
122800,0.0
122801,0.0
122802,0.03
122803,0.17
122804,0.06
122805,0.04
122806,0.0
122807,0.01
122808,0.12
122809,0.0
122810,0.09
122811,0.08
122812,0.0
122813,0.17
122814,0.0
122815,0.0
122816,0.03
122817,0.03
122818,0.0
122819,0.01
122820,0.03
122821,0.01
122822,0.0
122823,0.07
122824,0.03
122825,0.01
122826,0.0
122827,0.05
122828,0.3
122829,0.03
122830,0.02
122831,0.04
122832,0.01
122833,0.01
122834,0.01
122835,0.06
122836,0.1
122837,0.04
122838,0.0
122839,0.26
122840,0.07
122841,0.0
122842,0.1
122843,0.01
122844,0.02
122845,0.06
122846,0.0
122847,0.34
122848,0.03
122849,0.51
122850,0.02
122851,0.0
122852,0.02
122853,0.0
122854,0.01
122855,0.18
122856,0.03
122857,0.13
122858,0.0
122859,0.52
122860,0.23
122861,0.01
122862,0.04
122863,0.0
122864,0.01
122865,0.08
122866,0.02
122867,0.0
122868,0.04
122869,0.1
122870,0.06
122871,0.13
122872,0.03
122873,0.36
122874,0.01
122875,0.1
122876,0.0
122877,0.0
122878,0.02
122879,0.02
122880,0.07
122881,0.0
122882,0.05
122883,0.0
122884,0.01
122885,0.09
122886,0.04
122887,0.0
122888,0.25
122889,0.02
122890,0.04
122891,0.01
122892,0.1
122893,0.0
122894,0.04
122895,0.03
122896,0.0
122897,0.0
122898,0.0
122899,0.03
122900,0.02
122901,0.05
122902,0.0
122903,0.0
122904,0.01
122905,0.0
122906,0.07
122907,0.0
122908,0.05
122909,0.13
122910,0.04
122911,0.03
122912,0.08
122913,0.04
122914,0.03
122915,0.0
122916,0.0
122917,0.01
122918,0.42
122919,0.02
122920,0.45
122921,0.01
122922,0.29
122923,0.08
122924,0.0
122925,0.01
122926,0.05
122927,0.0
122928,0.35
122929,0.08
122930,0.02
122931,0.01
122932,0.02
122933,0.25
122934,0.11
122935,0.09
122936,0.0
122937,0.24
122938,0.0
122939,0.03
122940,0.04
122941,0.18
122942,0.12
122943,0.01
122944,0.09
122945,0.01
122946,0.17
122947,0.34
122948,0.0
122949,0.34
122950,0.0
122951,0.06
122952,0.02
122953,0.0
122954,0.02
122955,0.01
122956,0.02
122957,0.02
122958,0.02
122959,0.53
122960,0.02
122961,0.0
122962,0.01
122963,0.02
122964,0.01
122965,0.0
122966,0.15
122967,0.01
122968,0.1
122969,0.03
122970,0.04
122971,0.0
122972,0.04
122973,0.0
122974,0.0
122975,0.03
122976,0.01
122977,0.01
122978,0.0
122979,0.01
122980,0.0
122981,0.02
122982,0.06
122983,0.12
122984,0.02
122985,0.01
122986,0.05
122987,0.01
122988,0.05
122989,0.0
122990,0.17
122991,0.15
122992,0.01
122993,0.0
122994,0.02
122995,0.06
122996,0.26
122997,0.02
122998,0.03
122999,0.0
123000,0.02
123001,0.01
123002,0.05
123003,0.0
123004,0.0
123005,0.17
123006,0.0
123007,0.11
123008,0.0
123009,0.0
123010,0.04
123011,0.1
123012,0.03
123013,0.0
123014,0.0
123015,0.08
123016,0.01
123017,0.03
123018,0.0
123019,0.09
123020,0.77
123021,0.02
123022,0.52
123023,0.01
123024,0.02
123025,0.06
123026,0.0
123027,0.1
123028,0.08
123029,0.02
123030,0.02
123031,0.17
123032,0.01
123033,0.0
123034,0.02
123035,0.0
123036,0.16
123037,0.01
123038,0.08
123039,0.04
123040,0.03
123041,0.0
123042,0.0
123043,0.03
123044,0.23
123045,0.14
123046,0.15
123047,0.04
123048,0.32
123049,0.01
123050,0.0
123051,0.01
123052,0.03
123053,0.05
123054,0.26
123055,0.0
123056,0.0
123057,0.5
123058,0.0
123059,0.27
123060,0.04
123061,0.0
123062,0.08
123063,0.0
123064,0.02
123065,0.0
123066,0.0
123067,0.05
123068,0.0
123069,0.07
123070,0.0
123071,0.14
123072,0.01
123073,0.04
123074,0.01
123075,0.04
123076,0.14
123077,0.1
123078,0.02
123079,0.01
123080,0.03
123081,0.03
123082,0.0
123083,0.0
123084,0.01
123085,0.01
123086,0.02
123087,0.1
123088,0.29
123089,0.52
123090,0.4
123091,0.02
123092,0.0
123093,0.0
123094,0.14
123095,0.0
123096,0.01
123097,0.16
123098,0.01
123099,0.0
123100,0.02
123101,0.0
123102,0.02
123103,0.11
123104,0.08
123105,0.02
123106,0.69
123107,0.23
123108,0.02
123109,0.01
123110,0.05
123111,0.11
123112,0.04
123113,0.07
123114,0.04
123115,0.0
123116,0.42
123117,0.03
123118,0.01
123119,0.08
123120,0.08
123121,0.26
123122,0.5
123123,0.05
123124,0.0
123125,0.0
123126,0.05
123127,0.07
123128,0.15
123129,0.01
123130,0.04
123131,0.0
123132,0.0
123133,0.01
123134,0.0
123135,0.0
123136,0.01
123137,0.0
123138,0.0
123139,0.01
123140,0.05
123141,0.04
123142,0.35
123143,0.03
123144,0.08
123145,0.03
123146,0.01
123147,0.02
123148,0.0
123149,0.0
123150,0.07
123151,0.02
123152,0.03
123153,0.02
123154,0.08
123155,0.0
123156,0.02
123157,0.02
123158,0.01
123159,0.0
123160,0.03
123161,0.13
123162,0.0
123163,0.0
123164,0.14
123165,0.0
123166,0.04
123167,0.0
123168,0.0
123169,0.0
123170,0.12
123171,0.56
123172,0.02
123173,0.14
123174,0.0
123175,0.0
123176,0.0
123177,0.04
123178,0.18
123179,0.0
123180,0.01
123181,0.0
123182,0.22
123183,0.0
123184,0.05
123185,0.05
123186,0.0
123187,0.0
123188,0.0
123189,0.0
123190,0.0
123191,0.11
123192,0.18
123193,0.01
123194,0.01
123195,0.05
123196,0.07
123197,0.27
123198,0.02
123199,0.04
123200,0.01
123201,0.0
123202,0.0
123203,0.05
123204,0.34
123205,0.0
123206,0.37
123207,0.03
123208,0.02
123209,0.0
123210,0.06
123211,0.02
123212,0.03
123213,0.01
123214,0.14
123215,0.0
123216,0.01
123217,0.01
123218,0.12
123219,0.0
123220,0.05
123221,0.0
123222,0.05
123223,0.34
123224,0.0
123225,0.03
123226,0.18
123227,0.07
123228,0.0
123229,0.02
123230,0.21
123231,0.04
123232,0.0
123233,0.0
123234,0.09
123235,0.35
123236,0.04
123237,0.01
123238,0.55
123239,0.01
123240,0.0
123241,0.01
123242,0.1
123243,0.03
123244,0.04
123245,0.04
123246,0.0
123247,0.38
123248,0.0
123249,0.07
123250,0.0
123251,0.01
123252,0.0
123253,0.0
123254,0.02
123255,0.05
123256,0.03
123257,0.0
123258,0.0
123259,0.01
123260,0.0
123261,0.03
123262,0.05
123263,0.0
123264,0.01
123265,0.07
123266,0.09
123267,0.31
123268,0.0
123269,0.29
123270,0.0
123271,0.0
123272,0.05
123273,0.05
123274,0.01
123275,0.1
123276,0.16
123277,0.11
123278,0.08
123279,0.0
123280,0.3
123281,0.02
123282,0.02
123283,0.0
123284,0.02
123285,0.0
123286,0.02
123287,0.08
123288,0.07
123289,0.01
123290,0.03
123291,0.11
123292,0.04
123293,0.0
123294,0.27
123295,0.17
123296,0.31
123297,0.11
123298,0.28
123299,0.02
123300,0.0
123301,0.28
123302,0.01
123303,0.0
123304,0.11
123305,0.23
123306,0.0
123307,0.0
123308,0.01
123309,0.04
123310,0.19
123311,0.02
123312,0.02
123313,0.12
123314,0.36
123315,0.17
123316,0.13
123317,0.01
123318,0.0
123319,0.0
123320,0.12
123321,0.01
123322,0.2
123323,0.06
123324,0.05
123325,0.0
123326,0.0
123327,0.03
123328,0.0
123329,0.0
123330,0.28
123331,0.12
123332,0.24
123333,0.03
123334,0.09
123335,0.16
123336,0.01
123337,0.0
123338,0.07
123339,0.02
123340,0.14
123341,0.03
123342,0.0
123343,0.08
123344,0.07
123345,0.3
123346,0.01
123347,0.01
123348,0.1
123349,0.01
123350,0.63
123351,0.0
123352,0.01
123353,0.01
123354,0.02
123355,0.01
123356,0.0
123357,0.0
123358,0.0
123359,0.03
123360,0.31
123361,0.01
123362,0.51
123363,0.02
123364,0.0
123365,0.02
123366,0.0
123367,0.03
123368,0.02
123369,0.04
123370,0.02
123371,0.06
123372,0.19
123373,0.03
123374,0.02
123375,0.0
123376,0.02
123377,0.04
123378,0.04
123379,0.0
123380,0.05
123381,0.28
123382,0.46
123383,0.05
123384,0.12
123385,0.0
123386,0.04
123387,0.48
123388,0.0
123389,0.02
123390,0.04
123391,0.52
123392,0.0
123393,0.11
123394,0.05
123395,0.0
123396,0.08
123397,0.27
123398,0.0
123399,0.0
123400,0.02
123401,0.0
123402,0.34
123403,0.0
123404,0.02
123405,0.15
123406,0.03
123407,0.0
123408,0.0
123409,0.01
123410,0.03
123411,0.01
123412,0.01
123413,0.03
123414,0.0
123415,0.01
123416,0.0
123417,0.0
123418,0.01
123419,0.04
123420,0.0
123421,0.04
123422,0.02
123423,0.03
123424,0.01
123425,0.19
123426,0.02
123427,0.0
123428,0.01
123429,0.0
123430,0.6
123431,0.61
123432,0.0
123433,0.08
123434,0.06
123435,0.0
123436,0.12
123437,0.02
123438,0.01
123439,0.03
123440,0.0
123441,0.0
123442,0.0
123443,0.0
123444,0.01
123445,0.04
123446,0.02
123447,0.01
123448,0.05
123449,0.19
123450,0.13
123451,0.06
123452,0.01
123453,0.2
123454,0.03
123455,0.03
123456,0.42
123457,0.03
123458,0.03
123459,0.0
123460,0.09
123461,0.07
123462,0.01
123463,0.04
123464,0.01
123465,0.15
123466,0.11
123467,0.03
123468,0.21
123469,0.04
123470,0.02
123471,0.06
123472,0.0
123473,0.2
123474,0.0
123475,0.03
123476,0.0
123477,0.01
123478,0.1
123479,0.05
123480,0.0
123481,0.01
123482,0.02
123483,0.01
123484,0.15
123485,0.0
123486,0.01
123487,0.25
123488,0.0
123489,0.0
123490,0.02
123491,0.01
123492,0.0
123493,0.21
123494,0.15
123495,0.06
123496,0.0
123497,0.09
123498,0.01
123499,0.0
123500,0.09
123501,0.14
123502,0.02
123503,0.08
123504,0.0
123505,0.01
123506,0.0
123507,0.17
123508,0.02
123509,0.09
123510,0.0
123511,0.42
123512,0.0
123513,0.16
123514,0.0
123515,0.01
123516,0.02
123517,0.0
123518,0.05
123519,0.15
123520,0.02
123521,0.02
123522,0.04
123523,0.0
123524,0.02
123525,0.04
123526,0.21
123527,0.02
123528,0.86
123529,0.02
123530,0.01
123531,0.04
123532,0.02
123533,0.31
123534,0.03
123535,0.0
123536,0.05
123537,0.0
123538,0.29
123539,0.0
123540,0.02
123541,0.05
123542,0.02
123543,0.0
123544,0.01
123545,0.25
123546,0.0
123547,0.07
123548,0.01
123549,0.14
123550,0.0
123551,0.02
123552,0.07
123553,0.09
123554,0.13
123555,0.0
123556,0.08
123557,0.0
123558,0.12
123559,0.0
123560,0.16
123561,0.01
123562,0.08
123563,0.03
123564,0.07
123565,0.01
123566,0.01
123567,0.0
123568,0.01
123569,0.02
123570,0.0
123571,0.1
123572,0.0
123573,0.42
123574,0.14
123575,0.02
123576,0.01
123577,0.0
123578,0.0
123579,0.24
123580,0.12
123581,0.0
123582,0.01
123583,0.06
123584,0.07
123585,0.05
123586,0.01
123587,0.02
123588,0.0
123589,0.03
123590,0.01
123591,0.01
123592,0.43
123593,0.14
123594,0.04
123595,0.05
123596,0.01
123597,0.24
123598,0.01
123599,0.01
123600,0.04
123601,0.08
123602,0.01
123603,0.0
123604,0.0
123605,0.01
123606,0.24
123607,0.01
123608,0.01
123609,0.0
123610,0.0
123611,0.0
123612,0.0
123613,0.04
123614,0.0
123615,0.01
123616,0.03
123617,0.01
123618,0.05
123619,0.14
123620,0.0
123621,0.0
123622,0.01
123623,0.0
123624,0.01
123625,0.02
123626,0.0
123627,0.08
123628,0.0
123629,0.03
123630,0.01
123631,0.01
123632,0.02
123633,0.66
123634,0.16
123635,0.56
123636,0.0
123637,0.07
123638,0.0
123639,0.34
123640,0.03
123641,0.12
123642,0.0
123643,0.0
123644,0.06
123645,0.05
123646,0.0
123647,0.19
123648,0.02
123649,0.38
123650,0.02
123651,0.0
123652,0.4
123653,0.08
123654,0.0
123655,0.28
123656,0.06
123657,0.02
123658,0.01
123659,0.01
123660,0.32
123661,0.03
123662,0.05
123663,0.0
123664,0.01
123665,0.0
123666,0.0
123667,0.03
123668,0.01
123669,0.0
123670,0.02
123671,0.11
123672,0.0
123673,0.0
123674,0.13
123675,0.1
123676,0.0
123677,0.0
123678,0.03
123679,0.0
123680,0.0
123681,0.0
123682,0.05
123683,0.0
123684,0.01
123685,0.0
123686,0.01
123687,0.05
123688,0.01
123689,0.0
123690,0.0
123691,0.0
123692,0.0
123693,0.49
123694,0.01
123695,0.15
123696,0.05
123697,0.05
123698,0.07
123699,0.08
123700,0.11
123701,0.0
123702,0.05
123703,0.01
123704,0.0
123705,0.0
123706,0.0
123707,0.03
123708,0.02
123709,0.0
123710,0.02
123711,0.09
123712,0.0
123713,0.01
123714,0.07
123715,0.35
123716,0.01
123717,0.29
123718,0.06
123719,0.13
123720,0.05
123721,0.04
123722,0.06
123723,0.0
123724,0.08
123725,0.03
123726,0.05
123727,0.0
123728,0.58
123729,0.07
123730,0.01
123731,0.01
123732,0.04
123733,0.5
123734,0.0
123735,0.09
123736,0.0
123737,0.05
123738,0.1
123739,0.04
123740,0.05
123741,0.01
123742,0.0
123743,0.18
123744,0.02
123745,0.01
123746,0.01
123747,0.05
123748,0.0
123749,0.01
123750,0.02
123751,0.07
123752,0.23
123753,0.0
123754,0.0
123755,0.02
123756,0.01
123757,0.01
123758,0.13
123759,0.01
123760,0.0
123761,0.1
123762,0.42
123763,0.42
123764,0.0
123765,0.08
123766,0.01
123767,0.0
123768,0.01
123769,0.03
123770,0.08
123771,0.12
123772,0.09
123773,0.01
123774,0.0
123775,0.0
123776,0.02
123777,0.02
123778,0.03
123779,0.0
123780,0.01
123781,0.24
123782,0.0
123783,0.03
123784,0.0
123785,0.0
123786,0.0
123787,0.71
123788,0.0
123789,0.53
123790,0.0
123791,0.45
123792,0.01
123793,0.0
123794,0.01
123795,0.02
123796,0.05
123797,0.02
123798,0.01
123799,0.09
123800,0.06
123801,0.03
123802,0.1
123803,0.0
123804,0.01
123805,0.0
123806,0.01
123807,0.33
123808,0.0
123809,0.01
123810,0.07
123811,0.25
123812,0.02
123813,0.05
123814,0.06
123815,0.2
123816,0.09
123817,0.0
123818,0.06
123819,0.13
123820,0.01
123821,0.01
123822,0.0
123823,0.0
123824,0.0
123825,0.03
123826,0.0
123827,0.0
123828,0.0
123829,0.1
123830,0.07
123831,0.01
123832,0.03
123833,0.0
123834,0.0
123835,0.0
123836,0.01
123837,0.01
123838,0.01
123839,0.0
123840,0.07
123841,0.72
123842,0.09
123843,0.06
123844,0.12
123845,0.05
123846,0.08
123847,0.02
123848,0.0
123849,0.15
123850,0.0
123851,0.12
123852,0.0
123853,0.03
123854,0.0
123855,0.66
123856,0.0
123857,0.0
123858,0.01
123859,0.01
123860,0.0
123861,0.0
123862,0.01
123863,0.03
123864,0.01
123865,0.01
123866,0.01
123867,0.07
123868,0.0
123869,0.0
123870,0.0
123871,0.0
123872,0.01
123873,0.02
123874,0.05
123875,0.0
123876,0.03
123877,0.02
123878,0.37
123879,0.0
123880,0.17
123881,0.0
123882,0.14
123883,0.37
123884,0.04
123885,0.0
123886,0.03
123887,0.0
123888,0.03
123889,0.02
123890,0.03
123891,0.0
123892,0.02
123893,0.08
123894,0.0
123895,0.04
123896,0.02
123897,0.19
123898,0.02
123899,0.02
123900,0.04
123901,0.0
123902,0.0
123903,0.1
123904,0.43
123905,0.0
123906,0.04
123907,0.01
123908,0.0
123909,0.11
123910,0.0
123911,0.13
123912,0.02
123913,0.06
123914,0.0
123915,0.01
123916,0.0
123917,0.2
123918,0.55
123919,0.01
123920,0.05
123921,0.0
123922,0.06
123923,0.0
123924,0.01
123925,0.0
123926,0.0
123927,0.01
123928,0.28
123929,0.02
123930,0.08
123931,0.0
123932,0.0
123933,0.01
123934,0.05
123935,0.0
123936,0.0
123937,0.0
123938,0.39
123939,0.0
123940,0.0
123941,0.04
123942,0.03
123943,0.01
123944,0.02
123945,0.0
123946,0.01
123947,0.02
123948,0.02
123949,0.01
123950,0.1
123951,0.04
123952,0.06
123953,0.0
123954,0.0
123955,0.0
123956,0.03
123957,0.0
123958,0.05
123959,0.08
123960,0.0
123961,0.0
123962,0.44
123963,0.01
123964,0.0
123965,0.04
123966,0.0
123967,0.0
123968,0.12
123969,0.09
123970,0.01
123971,0.0
123972,0.0
123973,0.1
123974,0.0
123975,0.0
123976,0.01
123977,0.0
123978,0.01
123979,0.0
123980,0.07
123981,0.01
123982,0.01
123983,0.02
123984,0.65
123985,0.04
123986,0.05
123987,0.01
123988,0.0
123989,0.02
123990,0.26
123991,0.07
123992,0.03
123993,0.01
123994,0.0
123995,0.02
123996,0.0
123997,0.0
123998,0.06
123999,0.11
124000,0.01
124001,0.05
124002,0.07
124003,0.0
124004,0.0
124005,0.04
124006,0.3
124007,0.11
124008,0.08
124009,0.25
124010,0.03
124011,0.02
124012,0.03
124013,0.56
124014,0.0
124015,0.0
124016,0.35
124017,0.01
124018,0.04
124019,0.0
124020,0.0
124021,0.04
124022,0.04
124023,0.08
124024,0.03
124025,0.15
124026,0.0
124027,0.06
124028,0.38
124029,0.1
124030,0.09
124031,0.02
124032,0.02
124033,0.06
124034,0.01
124035,0.0
124036,0.3
124037,0.17
124038,0.0
124039,0.48
124040,0.01
124041,0.06
124042,0.01
124043,0.02
124044,0.02
124045,0.04
124046,0.01
124047,0.08
124048,0.0
124049,0.01
124050,0.0
124051,0.17
124052,0.13
124053,0.03
124054,0.0
124055,0.0
124056,0.39
124057,0.09
124058,0.75
124059,0.05
124060,0.0
124061,0.02
124062,0.0
124063,0.01
124064,0.21
124065,0.0
124066,0.16
124067,0.0
124068,0.06
124069,0.16
124070,0.01
124071,0.08
124072,0.04
124073,0.02
124074,0.11
124075,0.29
124076,0.0
124077,0.08
124078,0.13
124079,0.17
124080,0.0
124081,0.0
124082,0.05
124083,0.02
124084,0.0
124085,0.0
124086,0.11
124087,0.0
124088,0.01
124089,0.48
124090,0.01
124091,0.03
124092,0.03
124093,0.01
124094,0.05
124095,0.01
124096,0.11
124097,0.02
124098,0.01
124099,0.01
124100,0.02
124101,0.02
124102,0.0
124103,0.01
124104,0.02
124105,0.07
124106,0.0
124107,0.02
124108,0.05
124109,0.0
124110,0.03
124111,0.0
124112,0.0
124113,0.06
124114,0.02
124115,0.17
124116,0.06
124117,0.0
124118,0.02
124119,0.04
124120,0.02
124121,0.0
124122,0.0
124123,0.07
124124,0.57
124125,0.08
124126,0.12
124127,0.02
124128,0.2
124129,0.02
124130,0.0
124131,0.0
124132,0.0
124133,0.0
124134,0.0
124135,0.1
124136,0.25
124137,0.0
124138,0.0
124139,0.09
124140,0.0
124141,0.01
124142,0.02
124143,0.0
124144,0.48
124145,0.0
124146,0.11
124147,0.02
124148,0.03
124149,0.01
124150,0.07
124151,0.04
124152,0.03
124153,0.01
124154,0.0
124155,0.06
124156,0.05
124157,0.01
124158,0.04
124159,0.01
124160,0.0
124161,0.08
124162,0.02
124163,0.0
124164,0.01
124165,0.01
124166,0.08
124167,0.01
124168,0.39
124169,0.17
124170,0.0
124171,0.02
124172,0.0
124173,0.05
124174,0.0
124175,0.01
124176,0.11
124177,0.0
124178,0.02
124179,0.0
124180,0.39
124181,0.13
124182,0.0
124183,0.0
124184,0.0
124185,0.14
124186,0.16
124187,0.01
124188,0.01
124189,0.0
124190,0.02
124191,0.02
124192,0.04
124193,0.02
124194,0.32
124195,0.01
124196,0.06
124197,0.0
124198,0.27
124199,0.11
124200,0.02
124201,0.15
124202,0.03
124203,0.0
124204,0.0
124205,0.0
124206,0.21
124207,0.5
124208,0.01
124209,0.0
124210,0.06
124211,0.02
124212,0.42
124213,0.1
124214,0.04
124215,0.0
124216,0.01
124217,0.33
124218,0.06
124219,0.02
124220,0.05
124221,0.1
124222,0.29
124223,0.0
124224,0.0
124225,0.05
124226,0.12
124227,0.0
124228,0.03
124229,0.0
124230,0.17
124231,0.06
124232,0.0
124233,0.01
124234,0.21
124235,0.0
124236,0.0
124237,0.15
124238,0.12
124239,0.0
124240,0.02
124241,0.01
124242,0.0
124243,0.0
124244,0.04
124245,0.09
124246,0.03
124247,0.0
124248,0.41
124249,0.05
124250,0.05
124251,0.01
124252,0.0
124253,0.0
124254,0.01
124255,0.15
124256,0.05
124257,0.0
124258,0.04
124259,0.0
124260,0.05
124261,0.0
124262,0.0
124263,0.88
124264,0.0
124265,0.22
124266,0.4
124267,0.0
124268,0.02
124269,0.03
124270,0.01
124271,0.01
124272,0.35
124273,0.02
124274,0.07
124275,0.14
124276,0.0
124277,0.02
124278,0.04
124279,0.02
124280,0.03
124281,0.0
124282,0.04
124283,0.03
124284,0.02
124285,0.03
124286,0.0
124287,0.04
124288,0.01
124289,0.02
124290,0.38
124291,0.0
124292,0.05
124293,0.0
124294,0.22
124295,0.0
124296,0.08
124297,0.11
124298,0.11
124299,0.0
124300,0.0
124301,0.24
124302,0.01
124303,0.04
124304,0.0
124305,0.01
124306,0.03
124307,0.01
124308,0.0
124309,0.1
124310,0.08
124311,0.06
124312,0.03
124313,0.11
124314,0.06
124315,0.0
124316,0.04
124317,0.02
124318,0.12
124319,0.2
124320,0.04
124321,0.01
124322,0.07
124323,0.0
124324,0.11
124325,0.32
124326,0.0
124327,0.04
124328,0.02
124329,0.21
124330,0.3
124331,0.05
124332,0.19
124333,0.01
124334,0.05
124335,0.22
124336,0.17
124337,0.01
124338,0.02
124339,0.02
124340,0.0
124341,0.0
124342,0.17
124343,0.03
124344,0.0
124345,0.03
124346,0.01
124347,0.01
124348,0.0
124349,0.03
124350,0.0
124351,0.03
124352,0.04
124353,0.0
124354,0.22
124355,0.02
124356,0.01
124357,0.04
124358,0.0
124359,0.0
124360,0.08
124361,0.0
124362,0.01
124363,0.0
124364,0.0
124365,0.02
124366,0.01
124367,0.03
124368,0.0
124369,0.02
124370,0.0
124371,0.01
124372,0.0
124373,0.01
124374,0.0
124375,0.31
124376,0.07
124377,0.0
124378,0.01
124379,0.03
124380,0.0
124381,0.04
124382,0.18
124383,0.17
124384,0.0
124385,0.04
124386,0.01
124387,0.0
124388,0.0
124389,0.0
124390,0.12
124391,0.01
124392,0.02
124393,0.0
124394,0.28
124395,0.0
124396,0.08
124397,0.0
124398,0.0
124399,0.06
124400,0.03
124401,0.0
124402,0.05
124403,0.0
124404,0.0
124405,0.01
124406,0.65
124407,0.0
124408,0.07
124409,0.1
124410,0.0
124411,0.1
124412,0.03
124413,0.03
124414,0.01
124415,0.0
124416,0.0
124417,0.0
124418,0.0
124419,0.01
124420,0.21
124421,0.37
124422,0.04
124423,0.01
124424,0.03
124425,0.14
124426,0.18
124427,0.02
124428,0.01
124429,0.03
124430,0.03
124431,0.06
124432,0.0
124433,0.63
124434,0.11
124435,0.01
124436,0.11
124437,0.0
124438,0.0
124439,0.0
124440,0.37
124441,0.01
124442,0.0
124443,0.01
124444,0.16
124445,0.0
124446,0.03
124447,0.03
124448,0.03
124449,0.01
124450,0.0
124451,0.03
124452,0.03
124453,0.2
124454,0.02
124455,0.0
124456,0.0
124457,0.22
124458,0.14
124459,0.01
124460,0.0
124461,0.15
124462,0.0
124463,0.12
124464,0.03
124465,0.17
124466,0.15
124467,0.03
124468,0.08
124469,0.0
124470,0.15
124471,0.0
124472,0.11
124473,0.0
124474,0.19
124475,0.02
124476,0.14
124477,0.0
124478,0.15
124479,0.24
124480,0.04
124481,0.07
124482,0.03
124483,0.01
124484,0.14
124485,0.09
124486,0.52
124487,0.04
124488,0.02
124489,0.12
124490,0.0
124491,0.23
124492,0.0
124493,0.07
124494,0.01
124495,0.0
124496,0.07
124497,0.0
124498,0.06
124499,0.01
124500,0.01
124501,0.0
124502,0.02
124503,0.06
124504,0.39
124505,0.13
124506,0.02
124507,0.02
124508,0.01
124509,0.09
124510,0.55
124511,0.15
124512,0.0
124513,0.31
124514,0.13
124515,0.07
124516,0.0
124517,0.41
124518,0.0
124519,0.0
124520,0.0
124521,0.09
124522,0.01
124523,0.02
124524,0.04
124525,0.0
124526,0.1
124527,0.0
124528,0.12
124529,0.03
124530,0.0
124531,0.03
124532,0.0
124533,0.0
124534,0.0
124535,0.01
124536,0.02
124537,0.06
124538,0.0
124539,0.01
124540,0.15
124541,0.0
124542,0.0
124543,0.04
124544,0.15
124545,0.01
124546,0.01
124547,0.55
124548,0.75
124549,0.01
124550,0.01
124551,0.09
124552,0.47
124553,0.05
124554,0.0
124555,0.01
124556,0.02
124557,0.0
124558,0.24
124559,0.01
124560,0.26
124561,0.0
124562,0.0
124563,0.44
124564,0.0
124565,0.01
124566,0.02
124567,0.0
124568,0.02
124569,0.02
124570,0.01
124571,0.07
124572,0.0
124573,0.03
124574,0.12
124575,0.0
124576,0.03
124577,0.0
124578,0.03
124579,0.0
124580,0.04
124581,0.01
124582,0.22
124583,0.0
124584,0.0
124585,0.12
124586,0.0
124587,0.02
124588,0.01
124589,0.02
124590,0.0
124591,0.11
124592,0.02
124593,0.05
124594,0.32
124595,0.01
124596,0.15
124597,0.32
124598,0.0
124599,0.56
124600,0.07
124601,0.07
124602,0.17
124603,0.03
124604,0.0
124605,0.0
124606,0.1
124607,0.0
124608,0.01
124609,0.0
124610,0.07
124611,0.01
124612,0.04
124613,0.03
124614,0.01
124615,0.0
124616,0.21
124617,0.05
124618,0.01
124619,0.0
124620,0.0
124621,0.07
124622,0.0
124623,0.07
124624,0.02
124625,0.0
124626,0.04
124627,0.42
124628,0.36
124629,0.0
124630,0.21
124631,0.0
124632,0.0
124633,0.18
124634,0.09
124635,0.06
124636,0.02
124637,0.05
124638,0.01
124639,0.1
124640,0.05
124641,0.03
124642,0.06
124643,0.0
124644,0.01
124645,0.0
124646,0.07
124647,0.04
124648,0.01
124649,0.04
124650,0.01
124651,0.01
124652,0.33
124653,0.11
124654,0.0
124655,0.21
124656,0.0
124657,0.47
124658,0.17
124659,0.0
124660,0.0
124661,0.01
124662,0.02
124663,0.05
124664,0.0
124665,0.0
124666,0.0
124667,0.02
124668,0.01
124669,0.09
124670,0.03
124671,0.01
124672,0.04
124673,0.2
124674,0.03
124675,0.0
124676,0.0
124677,0.0
124678,0.02
124679,0.0
124680,0.0
124681,0.19
124682,0.01
124683,0.01
124684,0.0
124685,0.5
124686,0.4
124687,0.01
124688,0.01
124689,0.69
124690,0.02
124691,0.02
124692,0.08
124693,0.01
124694,0.01
124695,0.21
124696,0.0
124697,0.08
124698,0.4
124699,0.01
124700,0.0
124701,0.12
124702,0.01
124703,0.0
124704,0.0
124705,0.02
124706,0.02
124707,0.05
124708,0.0
124709,0.0
124710,0.01
124711,0.02
124712,0.11
124713,0.27
124714,0.13
124715,0.07
124716,0.01
124717,0.75
124718,0.19
124719,0.06
124720,0.0
124721,0.0
124722,0.19
124723,0.0
124724,0.04
124725,0.23
124726,0.02
124727,0.02
124728,0.08
124729,0.02
124730,0.03
124731,0.0
124732,0.07
124733,0.05
124734,0.04
124735,0.01
124736,0.04
124737,0.06
124738,0.0
124739,0.04
124740,0.05
124741,0.14
124742,0.08
124743,0.0
124744,0.01
124745,0.36
124746,0.25
124747,0.0
124748,0.05
124749,0.03
124750,0.14
124751,0.0
124752,0.4
124753,0.03
124754,0.0
124755,0.05
124756,0.1
124757,0.0
124758,0.02
124759,0.32
124760,0.04
124761,0.31
124762,0.13
124763,0.01
124764,0.17
124765,0.0
124766,0.13
124767,0.09
124768,0.13
124769,0.1
124770,0.18
124771,0.0
124772,0.03
124773,0.02
124774,0.03
124775,0.35
124776,0.0
124777,0.02
124778,0.05
124779,0.0
124780,0.0
124781,0.01
124782,0.0
124783,0.01
124784,0.03
124785,0.4
124786,0.02
124787,0.02
124788,0.05
124789,0.12
124790,0.01
124791,0.0
124792,0.04
124793,0.0
124794,0.0
124795,0.0
124796,0.03
124797,0.19
124798,0.0
124799,0.06
124800,0.0
124801,0.0
124802,0.05
124803,0.0
124804,0.01
124805,0.0
124806,0.0
124807,0.18
124808,0.08
124809,0.0
124810,0.0
124811,0.02
124812,0.04
124813,0.0
124814,0.01
124815,0.03
124816,0.66
124817,0.07
124818,0.0
124819,0.28
124820,0.03
124821,0.15
124822,0.02
124823,0.01
124824,0.02
124825,0.0
124826,0.08
124827,0.16
124828,0.01
124829,0.01
124830,0.0
124831,0.03
124832,0.0
124833,0.02
124834,0.0
124835,0.65
124836,0.06
124837,0.0
124838,0.01
124839,0.01
124840,0.01
124841,0.0
124842,0.01
124843,0.04
124844,0.06
124845,0.37
124846,0.18
124847,0.03
124848,0.27
124849,0.04
124850,0.22
124851,0.45
124852,0.11
124853,0.25
124854,0.09
124855,0.01
124856,0.01
124857,0.02
124858,0.0
124859,0.12
124860,0.11
124861,0.05
124862,0.0
124863,0.03
124864,0.01
124865,0.26
124866,0.05
124867,0.07
124868,0.0
124869,0.06
124870,0.05
124871,0.0
124872,0.0
124873,0.01
124874,0.0
124875,0.0
124876,0.07
124877,0.01
124878,0.05
124879,0.28
124880,0.0
124881,0.15
124882,0.43
124883,0.01
124884,0.02
124885,0.0
124886,0.0
124887,0.0
124888,0.0
124889,0.0
124890,0.04
124891,0.02
124892,0.0
124893,0.04
124894,0.46
124895,0.01
124896,0.17
124897,0.07
124898,0.0
124899,0.0
124900,0.02
124901,0.11
124902,0.08
124903,0.02
124904,0.0
124905,0.0
124906,0.02
124907,0.02
124908,0.09
124909,0.01
124910,0.0
124911,0.0
124912,0.08
124913,0.0
124914,0.02
124915,0.0
124916,0.0
124917,0.07
124918,0.0
124919,0.04
124920,0.2
124921,0.01
124922,0.02
124923,0.14
124924,0.12
124925,0.03
124926,0.0
124927,0.16
124928,0.02
124929,0.15
124930,0.0
124931,0.12
124932,0.02
124933,0.29
124934,0.0
124935,0.0
124936,0.02
124937,0.04
124938,0.0
124939,0.0
124940,0.0
124941,0.05
124942,0.04
124943,0.18
124944,0.0
124945,0.01
124946,0.07
124947,0.5
124948,0.0
124949,0.17
124950,0.02
124951,0.0
124952,0.06
124953,0.02
124954,0.0
124955,0.0
124956,0.01
124957,0.0
124958,0.04
124959,0.0
124960,0.08
124961,0.0
124962,0.0
124963,0.0
124964,0.04
124965,0.0
124966,0.01
124967,0.0
124968,0.0
124969,0.09
124970,0.01
124971,0.0
124972,0.0
124973,0.01
124974,0.0
124975,0.01
124976,0.0
124977,0.0
124978,0.06
124979,0.05
124980,0.54
124981,0.18
124982,0.06
124983,0.04
124984,0.01
124985,0.0
124986,0.02
124987,0.07
124988,0.0
124989,0.01
124990,0.0
124991,0.01
124992,0.07
124993,0.01
124994,0.07
124995,0.05
124996,0.0
124997,0.06
124998,0.0
124999,0.03
125000,0.02
125001,0.14
125002,0.15
125003,0.03
125004,0.01
125005,0.24
125006,0.01
125007,0.04
125008,0.0
125009,0.71
125010,0.0
125011,0.0
125012,0.0
125013,0.01
125014,0.02
125015,0.09
125016,0.07
125017,0.1
125018,0.02
125019,0.01
125020,0.0
125021,0.01
125022,0.01
125023,0.0
125024,0.16
125025,0.01
125026,0.01
125027,0.0
125028,0.07
125029,0.0
125030,0.03
125031,0.0
125032,0.02
125033,0.0
125034,0.0
125035,0.03
125036,0.3
125037,0.39
125038,0.05
125039,0.03
125040,0.03
125041,0.05
125042,0.33
125043,0.15
125044,0.0
125045,0.01
125046,0.12
125047,0.03
125048,0.01
125049,0.0
125050,0.01
125051,0.0
125052,0.05
125053,0.1
125054,0.03
125055,0.04
125056,0.0
125057,0.03
125058,0.09
125059,0.06
125060,0.05
125061,0.01
125062,0.0
125063,0.01
125064,0.01
125065,0.19
125066,0.03
125067,0.0
125068,0.0
125069,0.2
125070,0.08
125071,0.08
125072,0.02
125073,0.0
125074,0.01
125075,0.06
125076,0.0
125077,0.18
125078,0.04
125079,0.05
125080,0.01
125081,0.04
125082,0.22
125083,0.27
125084,0.15
125085,0.08
125086,0.21
125087,0.0
125088,0.04
125089,0.03
125090,0.28
125091,0.09
125092,0.03
125093,0.09
125094,0.0
125095,0.0
125096,0.04
125097,0.52
125098,0.01
125099,0.45
125100,0.0
125101,0.01
125102,0.01
125103,0.04
125104,0.06
125105,0.0
125106,0.01
125107,0.08
125108,0.0
125109,0.24
125110,0.0
125111,0.02
125112,0.45
125113,0.13
125114,0.23
125115,0.08
125116,0.02
125117,0.13
125118,0.06
125119,0.03
125120,0.0
125121,0.0
125122,0.01
125123,0.03
125124,0.06
125125,0.06
125126,0.12
125127,0.03
125128,0.0
125129,0.08
125130,0.07
125131,0.01
125132,0.07
125133,0.34
125134,0.01
125135,0.07
125136,0.27
125137,0.0
125138,0.04
125139,0.01
125140,0.02
125141,0.01
125142,0.05
125143,0.0
125144,0.0
125145,0.03
125146,0.03
125147,0.0
125148,0.01
125149,0.04
125150,0.01
125151,0.08
125152,0.01
125153,0.0
125154,0.11
125155,0.01
125156,0.31
125157,0.56
125158,0.03
125159,0.01
125160,0.09
125161,0.1
125162,0.01
125163,0.34
125164,0.0
125165,0.02
125166,0.0
125167,0.0
125168,0.03
125169,0.04
125170,0.02
125171,0.04
125172,0.24
125173,0.09
125174,0.05
125175,0.0
125176,0.01
125177,0.06
125178,0.0
125179,0.08
125180,0.23
125181,0.1
125182,0.0
125183,0.01
125184,0.0
125185,0.01
125186,0.09
125187,0.03
125188,0.0
125189,0.12
125190,0.03
125191,0.01
125192,0.04
125193,0.05
125194,0.1
125195,0.02
125196,0.01
125197,0.01
125198,0.0
125199,0.46
125200,0.0
125201,0.02
125202,0.43
125203,0.0
125204,0.0
125205,0.0
125206,0.08
125207,0.0
125208,0.03
125209,0.02
125210,0.0
125211,0.0
125212,0.01
125213,0.06
125214,0.03
125215,0.01
125216,0.01
125217,0.05
125218,0.0
125219,0.02
125220,0.05
125221,0.02
125222,0.01
125223,0.0
125224,0.15
125225,0.0
125226,0.04
125227,0.0
125228,0.32
125229,0.0
125230,0.06
125231,0.0
125232,0.02
125233,0.0
125234,0.08
125235,0.0
125236,0.04
125237,0.38
125238,0.0
125239,0.04
125240,0.0
125241,0.01
125242,0.16
125243,0.03
125244,0.0
125245,0.12
125246,0.43
125247,0.07
125248,0.08
125249,0.0
125250,0.07
125251,0.25
125252,0.3
125253,0.0
125254,0.07
125255,0.0
125256,0.14
125257,0.03
125258,0.0
125259,0.0
125260,0.25
125261,0.18
125262,0.03
125263,0.07
125264,0.0
125265,0.06
125266,0.0
125267,0.62
125268,0.0
125269,0.14
125270,0.02
125271,0.04
125272,0.03
125273,0.1
125274,0.0
125275,0.36
125276,0.01
125277,0.15
125278,0.01
125279,0.08
125280,0.0
125281,0.14
125282,0.06
125283,0.42
125284,0.02
125285,0.01
125286,0.0
125287,0.03
125288,0.17
125289,0.08
125290,0.0
125291,0.0
125292,0.01
125293,0.02
125294,0.01
125295,0.0
125296,0.21
125297,0.06
125298,0.0
125299,0.0
125300,0.0
125301,0.0
125302,0.01
125303,0.0
125304,0.05
125305,0.04
125306,0.1
125307,0.0
125308,0.01
125309,0.02
125310,0.43
125311,0.02
125312,0.32
125313,0.08
125314,0.0
125315,0.41
125316,0.04
125317,0.37
125318,0.08
125319,0.05
125320,0.0
125321,0.0
125322,0.01
125323,0.07
125324,0.18
125325,0.2
125326,0.03
125327,0.01
125328,0.0
125329,0.02
125330,0.0
125331,0.03
125332,0.51
125333,0.05
125334,0.0
125335,0.02
125336,0.0
125337,0.0
125338,0.13
125339,0.0
125340,0.0
125341,0.08
125342,0.15
125343,0.02
125344,0.22
125345,0.09
125346,0.0
125347,0.2
125348,0.05
125349,0.15
125350,0.02
125351,0.23
125352,0.05
125353,0.03
125354,0.44
125355,0.01
125356,0.1
125357,0.02
125358,0.15
125359,0.0
125360,0.0
125361,0.0
125362,0.0
125363,0.01
125364,0.02
125365,0.13
125366,0.07
125367,0.34
125368,0.0
125369,0.08
125370,0.02
125371,0.03
125372,0.22
125373,0.0
125374,0.0
125375,0.01
125376,0.11
125377,0.57
125378,0.0
125379,0.05
125380,0.0
125381,0.0
125382,0.51
125383,0.0
125384,0.01
125385,0.02
125386,0.05
125387,0.01
125388,0.0
125389,0.0
125390,0.06
125391,0.14
125392,0.03
125393,0.04
125394,0.04
125395,0.08
125396,0.0
125397,0.02
125398,0.28
125399,0.01
125400,0.01
125401,0.13
125402,0.02
125403,0.09
125404,0.19
125405,0.0
125406,0.0
125407,0.0
125408,0.0
125409,0.0
125410,0.03
125411,0.24
125412,0.0
125413,0.0
125414,0.05
125415,0.01
125416,0.03
125417,0.0
125418,0.07
125419,0.13
125420,0.05
125421,0.02
125422,0.15
125423,0.07
125424,0.01
125425,0.0
125426,0.26
125427,0.12
125428,0.08
125429,0.0
125430,0.02
125431,0.06
125432,0.12
125433,0.01
125434,0.04
125435,0.0
125436,0.01
125437,0.02
125438,0.06
125439,0.01
125440,0.0
125441,0.23
125442,0.25
125443,0.0
125444,0.0
125445,0.05
125446,0.0
125447,0.02
125448,0.03
125449,0.05
125450,0.01
125451,0.03
125452,0.08
125453,0.74
125454,0.0
125455,0.02
125456,0.0
125457,0.25
125458,0.04
125459,0.04
125460,0.01
125461,0.0
125462,0.06
125463,0.02
125464,0.0
125465,0.05
125466,0.02
125467,0.01
125468,0.01
125469,0.01
125470,0.81
125471,0.0
125472,0.02
125473,0.01
125474,0.03
125475,0.03
125476,0.0
125477,0.0
125478,0.37
125479,0.0
125480,0.02
125481,0.0
125482,0.05
125483,0.0
125484,0.04
125485,0.08
125486,0.04
125487,0.04
125488,0.1
125489,0.0
125490,0.01
125491,0.66
125492,0.0
125493,0.15
125494,0.07
125495,0.0
125496,0.05
125497,0.04
125498,0.04
125499,0.02
125500,0.02
125501,0.01
125502,0.03
125503,0.01
125504,0.27
125505,0.01
125506,0.01
125507,0.0
125508,0.0
125509,0.0
125510,0.11
125511,0.05
125512,0.26
125513,0.0
125514,0.05
125515,0.02
125516,0.08
125517,0.01
125518,0.0
125519,0.0
125520,0.13
125521,0.15
125522,0.39
125523,0.02
125524,0.02
125525,0.01
125526,0.05
125527,0.09
125528,0.05
125529,0.01
125530,0.0
125531,0.05
125532,0.06
125533,0.01
125534,0.27
125535,0.01
125536,0.03
125537,0.23
125538,0.0
125539,0.0
125540,0.03
125541,0.01
125542,0.41
125543,0.12
125544,0.02
125545,0.0
125546,0.0
125547,0.01
125548,0.08
125549,0.01
125550,0.1
125551,0.01
125552,0.0
125553,0.04
125554,0.03
125555,0.03
125556,0.03
125557,0.09
125558,0.04
125559,0.03
125560,0.0
125561,0.03
125562,0.01
125563,0.0
125564,0.03
125565,0.02
125566,0.04
125567,0.11
125568,0.03
125569,0.22
125570,0.0
125571,0.13
125572,0.0
125573,0.03
125574,0.0
125575,0.0
125576,0.02
125577,0.06
125578,0.01
125579,0.03
125580,0.0
125581,0.05
125582,0.07
125583,0.12
125584,0.0
125585,0.24
125586,0.01
125587,0.09
125588,0.37
125589,0.0
125590,0.0
125591,0.35
125592,0.0
125593,0.05
125594,0.04
125595,0.0
125596,0.07
125597,0.04
125598,0.02
125599,0.0
125600,0.25
125601,0.0
125602,0.03
125603,0.05
125604,0.0
125605,0.26
125606,0.09
125607,0.42
125608,0.01
125609,0.01
125610,0.0
125611,0.02
125612,0.01
125613,0.17
125614,0.1
125615,0.0
125616,0.0
125617,0.0
125618,0.01
125619,0.02
125620,0.03
125621,0.25
125622,0.0
125623,0.06
125624,0.06
125625,0.0
125626,0.06
125627,0.0
125628,0.0
125629,0.0
125630,0.09
125631,0.01
125632,0.12
125633,0.02
125634,0.0
125635,0.01
125636,0.0
125637,0.07
125638,0.02
125639,0.0
125640,0.0
125641,0.0
125642,0.01
125643,0.0
125644,0.02
125645,0.01
125646,0.2
125647,0.0
125648,0.01
125649,0.01
125650,0.01
125651,0.32
125652,0.01
125653,0.2
125654,0.01
125655,0.04
125656,0.04
125657,0.03
125658,0.08
125659,0.0
125660,0.41
125661,0.15
125662,0.12
125663,0.4
125664,0.0
125665,0.0
125666,0.15
125667,0.01
125668,0.32
125669,0.15
125670,0.17
125671,0.01
125672,0.04
125673,0.08
125674,0.06
125675,0.07
125676,0.04
125677,0.0
125678,0.0
125679,0.17
125680,0.07
125681,0.0
125682,0.02
125683,0.03
125684,0.0
125685,0.02
125686,0.0
125687,0.13
125688,0.25
125689,0.06
125690,0.11
125691,0.0
125692,0.1
125693,0.03
125694,0.02
125695,0.16
125696,0.0
125697,0.0
125698,0.19
125699,0.16
125700,0.19
125701,0.0
125702,0.15
125703,0.04
125704,0.03
125705,0.03
125706,0.04
125707,0.01
125708,0.1
125709,0.07
125710,0.03
125711,0.05
125712,0.09
125713,0.0
125714,0.0
125715,0.03
125716,0.0
125717,0.02
125718,0.02
125719,0.25
125720,0.0
125721,0.02
125722,0.06
125723,0.01
125724,0.0
125725,0.0
125726,0.01
125727,0.1
125728,0.08
125729,0.03
125730,0.02
125731,0.0
125732,0.01
125733,0.01
125734,0.1
125735,0.01
125736,0.03
125737,0.02
125738,0.04
125739,0.02
125740,0.04
125741,0.01
125742,0.01
125743,0.06
125744,0.02
125745,0.01
125746,0.0
125747,0.32
125748,0.0
125749,0.0
125750,0.07
125751,0.0
125752,0.07
125753,0.02
125754,0.13
125755,0.0
125756,0.0
125757,0.0
125758,0.01
125759,0.32
125760,0.45
125761,0.07
125762,0.06
125763,0.01
125764,0.0
125765,0.13
125766,0.01
125767,0.02
125768,0.6
125769,0.1
125770,0.04
125771,0.0
125772,0.0
125773,0.03
125774,0.0
125775,0.0
125776,0.0
125777,0.13
125778,0.11
125779,0.11
125780,0.09
125781,0.0
125782,0.0
125783,0.0
125784,0.05
125785,0.05
125786,0.0
125787,0.0
125788,0.03
125789,0.02
125790,0.21
125791,0.02
125792,0.14
125793,0.0
125794,0.01
125795,0.0
125796,0.0
125797,0.05
125798,0.35
125799,0.02
125800,0.02
125801,0.37
125802,0.04
125803,0.05
125804,0.05
125805,0.11
125806,0.31
125807,0.14
125808,0.0
125809,0.03
125810,0.0
125811,0.03
125812,0.02
125813,0.11
125814,0.01
125815,0.0
125816,0.17
125817,0.02
125818,0.01
125819,0.13
125820,0.0
125821,0.0
125822,0.08
125823,0.28
125824,0.18
125825,0.01
125826,0.63
125827,0.07
125828,0.01
125829,0.35
125830,0.0
125831,0.04
125832,0.33
125833,0.01
125834,0.01
125835,0.03
125836,0.0
125837,0.0
125838,0.05
125839,0.11
125840,0.0
125841,0.0
125842,0.0
125843,0.0
125844,0.08
125845,0.08
125846,0.03
125847,0.0
125848,0.42
125849,0.03
125850,0.1
125851,0.07
125852,0.0
125853,0.0
125854,0.0
125855,0.0
125856,0.0
125857,0.04
125858,0.01
125859,0.0
125860,0.01
125861,0.01
125862,0.05
125863,0.0
125864,0.04
125865,0.07
125866,0.39
125867,0.06
125868,0.01
125869,0.0
125870,0.01
125871,0.02
125872,0.07
125873,0.04
125874,0.18
125875,0.03
125876,0.17
125877,0.01
125878,0.03
125879,0.04
125880,0.11
125881,0.0
125882,0.16
125883,0.0
125884,0.08
125885,0.0
125886,0.28
125887,0.11
125888,0.03
125889,0.02
125890,0.33
125891,0.02
125892,0.14
125893,0.66
125894,0.0
125895,0.02
125896,0.02
125897,0.06
125898,0.0
125899,0.04
125900,0.01
125901,0.0
125902,0.02
125903,0.02
125904,0.01
125905,0.08
125906,0.27
125907,0.03
125908,0.04
125909,0.14
125910,0.0
125911,0.03
125912,0.11
125913,0.0
125914,0.03
125915,0.0
125916,0.17
125917,0.02
125918,0.05
125919,0.23
125920,0.01
125921,0.04
125922,0.06
125923,0.06
125924,0.0
125925,0.0
125926,0.0
125927,0.06
125928,0.23
125929,0.11
125930,0.01
125931,0.0
125932,0.07
125933,0.0
125934,0.0
125935,0.04
125936,0.02
125937,0.24
125938,0.0
125939,0.0
125940,0.05
125941,0.0
125942,0.03
125943,0.25
125944,0.03
125945,0.04
125946,0.17
125947,0.1
125948,0.0
125949,0.08
125950,0.0
125951,0.09
125952,0.01
125953,0.06
125954,0.0
125955,0.01
125956,0.34
125957,0.46
125958,0.05
125959,0.2
125960,0.01
125961,0.0
125962,0.0
125963,0.0
125964,0.53
125965,0.02
125966,0.01
125967,0.03
125968,0.1
125969,0.35
125970,0.16
125971,0.0
125972,0.09
125973,0.01
125974,0.09
125975,0.01
125976,0.1
125977,0.06
125978,0.06
125979,0.01
125980,0.04
125981,0.06
125982,0.0
125983,0.0
125984,0.0
125985,0.0
125986,0.13
125987,0.01
125988,0.27
125989,0.12
125990,0.0
125991,0.01
125992,0.0
125993,0.01
125994,0.01
125995,0.16
125996,0.08
125997,0.06
125998,0.02
125999,0.01
126000,0.0
126001,0.02
126002,0.08
126003,0.06
126004,0.0
126005,0.33
126006,0.48
126007,0.25
126008,0.0
126009,0.07
126010,0.0
126011,0.02
126012,0.54
126013,0.0
126014,0.05
126015,0.06
126016,0.04
126017,0.01
126018,0.08
126019,0.0
126020,0.03
126021,0.0
126022,0.08
126023,0.21
126024,0.11
126025,0.04
126026,0.01
126027,0.01
126028,0.04
126029,0.02
126030,0.0
126031,0.06
126032,0.0
126033,0.36
126034,0.0
126035,0.0
126036,0.14
126037,0.3
126038,0.03
126039,0.0
126040,0.05
126041,0.01
126042,0.01
126043,0.01
126044,0.02
126045,0.0
126046,0.01
126047,0.07
126048,0.02
126049,0.0
126050,0.09
126051,0.03
126052,0.02
126053,0.0
126054,0.01
126055,0.04
126056,0.03
126057,0.01
126058,0.01
126059,0.03
126060,0.11
126061,0.0
126062,0.16
126063,0.16
126064,0.02
126065,0.0
126066,0.0
126067,0.27
126068,0.24
126069,0.0
126070,0.43
126071,0.0
126072,0.11
126073,0.09
126074,0.1
126075,0.17
126076,0.0
126077,0.0
126078,0.02
126079,0.0
126080,0.02
126081,0.21
126082,0.0
126083,0.01
126084,0.1
126085,0.51
126086,0.0
126087,0.21
126088,0.01
126089,0.03
126090,0.05
126091,0.07
126092,0.01
126093,0.01
126094,0.03
126095,0.36
126096,0.05
126097,0.04
126098,0.0
126099,0.0
126100,0.0
126101,0.0
126102,0.13
126103,0.16
126104,0.03
126105,0.0
126106,0.03
126107,0.0
126108,0.15
126109,0.24
126110,0.16
126111,0.1
126112,0.03
126113,0.22
126114,0.02
126115,0.54
126116,0.04
126117,0.41
126118,0.02
126119,0.01
126120,0.1
126121,0.0
126122,0.0
126123,0.02
126124,0.35
126125,0.02
126126,0.04
126127,0.18
126128,0.0
126129,0.01
126130,0.01
126131,0.03
126132,0.17
126133,0.02
126134,0.01
126135,0.03
126136,0.05
126137,0.56
126138,0.0
126139,0.0
126140,0.0
126141,0.33
126142,0.0
126143,0.01
126144,0.01
126145,0.02
126146,0.11
126147,0.0
126148,0.06
126149,0.2
126150,0.01
126151,0.53
126152,0.11
126153,0.05
126154,0.02
126155,0.0
126156,0.0
126157,0.51
126158,0.02
126159,0.27
126160,0.01
126161,0.02
126162,0.2
126163,0.02
126164,0.0
126165,0.02
126166,0.01
126167,0.0
126168,0.02
126169,0.0
126170,0.0
126171,0.0
126172,0.01
126173,0.01
126174,0.05
126175,0.02
126176,0.03
126177,0.02
126178,0.0
126179,0.01
126180,0.06
126181,0.0
126182,0.05
126183,0.0
126184,0.03
126185,0.0
126186,0.08
126187,0.08
126188,0.27
126189,0.0
126190,0.15
126191,0.0
126192,0.01
126193,0.03
126194,0.01
126195,0.24
126196,0.06
126197,0.02
126198,0.02
126199,0.01
126200,0.29
126201,0.0
126202,0.13
126203,0.1
126204,0.2
126205,0.03
126206,0.0
126207,0.01
126208,0.22
126209,0.0
126210,0.01
126211,0.04
126212,0.01
126213,0.03
126214,0.09
126215,0.0
126216,0.01
126217,0.05
126218,0.0
126219,0.12
126220,0.32
126221,0.01
126222,0.03
126223,0.11
126224,0.01
126225,0.0
126226,0.05
126227,0.02
126228,0.02
126229,0.0
126230,0.01
126231,0.0
126232,0.01
126233,0.13
126234,0.0
126235,0.08
126236,0.02
126237,0.07
126238,0.0
126239,0.22
126240,0.02
126241,0.13
126242,0.02
126243,0.01
126244,0.5
126245,0.23
126246,0.07
126247,0.11
126248,0.0
126249,0.0
126250,0.27
126251,0.02
126252,0.0
126253,0.01
126254,0.16
126255,0.01
126256,0.08
126257,0.03
126258,0.04
126259,0.13
126260,0.04
126261,0.0
126262,0.0
126263,0.09
126264,0.2
126265,0.04
126266,0.11
126267,0.0
126268,0.01
126269,0.01
126270,0.0
126271,0.05
126272,0.0
126273,0.22
126274,0.0
126275,0.1
126276,0.0
126277,0.04
126278,0.44
126279,0.0
126280,0.0
126281,0.0
126282,0.43
126283,0.0
126284,0.04
126285,0.0
126286,0.0
126287,0.11
126288,0.76
126289,0.01
126290,0.01
126291,0.43
126292,0.13
126293,0.02
126294,0.06
126295,0.0
126296,0.0
126297,0.39
126298,0.29
126299,0.03
126300,0.0
126301,0.04
126302,0.02
126303,0.03
126304,0.0
126305,0.0
126306,0.0
126307,0.07
126308,0.0
126309,0.0
126310,0.1
126311,0.02
126312,0.09
126313,0.02
126314,0.03
126315,0.34
126316,0.0
126317,0.0
126318,0.0
126319,0.0
126320,0.1
126321,0.0
126322,0.0
126323,0.0
126324,0.01
126325,0.02
126326,0.02
126327,0.09
126328,0.02
126329,0.03
126330,0.05
126331,0.01
126332,0.16
126333,0.13
126334,0.0
126335,0.01
126336,0.05
126337,0.0
126338,0.01
126339,0.22
126340,0.34
126341,0.0
126342,0.02
126343,0.0
126344,0.0
126345,0.01
126346,0.07
126347,0.0
126348,0.07
126349,0.04
126350,0.0
126351,0.01
126352,0.05
126353,0.0
126354,0.0
126355,0.2
126356,0.03
126357,0.18
126358,0.04
126359,0.0
126360,0.08
126361,0.0
126362,0.0
126363,0.02
126364,0.01
126365,0.04
126366,0.14
126367,0.0
126368,0.0
126369,0.07
126370,0.0
126371,0.2
126372,0.12
126373,0.0
126374,0.0
126375,0.0
126376,0.06
126377,0.0
126378,0.37
126379,0.15
126380,0.24
126381,0.02
126382,0.01
126383,0.0
126384,0.09
126385,0.08
126386,0.02
126387,0.0
126388,0.03
126389,0.09
126390,0.02
126391,0.12
126392,0.01
126393,0.0
126394,0.02
126395,0.14
126396,0.09
126397,0.27
126398,0.02
126399,0.03
126400,0.16
126401,0.01
126402,0.29
126403,0.01
126404,0.24
126405,0.13
126406,0.0
126407,0.02
126408,0.3
126409,0.01
126410,0.04
126411,0.03
126412,0.0
126413,0.01
126414,0.0
126415,0.04
126416,0.03
126417,0.03
126418,0.0
126419,0.02
126420,0.0
126421,0.0
126422,0.2
126423,0.47
126424,0.0
126425,0.0
126426,0.09
126427,0.02
126428,0.0
126429,0.01
126430,0.03
126431,0.12
126432,0.09
126433,0.02
126434,0.49
126435,0.01
126436,0.01
126437,0.0
126438,0.0
126439,0.47
126440,0.0
126441,0.04
126442,0.02
126443,0.09
126444,0.0
126445,0.01
126446,0.0
126447,0.0
126448,0.31
126449,0.15
126450,0.1
126451,0.04
126452,0.01
126453,0.0
126454,0.01
126455,0.01
126456,0.02
126457,0.02
126458,0.0
126459,0.12
126460,0.02
126461,0.16
126462,0.02
126463,0.0
126464,0.0
126465,0.0
126466,0.0
126467,0.49
126468,0.01
126469,0.04
126470,0.0
126471,0.06
126472,0.03
126473,0.0
126474,0.01
126475,0.02
126476,0.16
126477,0.0
126478,0.06
126479,0.01
126480,0.0
126481,0.0
126482,0.0
126483,0.22
126484,0.09
126485,0.0
126486,0.0
126487,0.22
126488,0.16
126489,0.28
126490,0.02
126491,0.08
126492,0.0
126493,0.18
126494,0.19
126495,0.03
126496,0.01
126497,0.05
126498,0.0
126499,0.02
126500,0.11
126501,0.0
126502,0.11
126503,0.02
126504,0.01
126505,0.02
126506,0.0
126507,0.0
126508,0.0
126509,0.21
126510,0.0
126511,0.03
126512,0.42
126513,0.0
126514,0.09
126515,0.42
126516,0.0
126517,0.0
126518,0.0
126519,0.02
126520,0.51
126521,0.22
126522,0.03
126523,0.07
126524,0.0
126525,0.13
126526,0.27
126527,0.11
126528,0.28
126529,0.03
126530,0.01
126531,0.06
126532,0.0
126533,0.21
126534,0.0
126535,0.1
126536,0.03
126537,0.0
126538,0.11
126539,0.13
126540,0.01
126541,0.01
126542,0.01
126543,0.02
126544,0.01
126545,0.0
126546,0.01
126547,0.03
126548,0.29
126549,0.0
126550,0.04
126551,0.0
126552,0.0
126553,0.03
126554,0.13
126555,0.01
126556,0.0
126557,0.05
126558,0.42
126559,0.0
126560,0.02
126561,0.19
126562,0.41
126563,0.0
126564,0.0
126565,0.23
126566,0.02
126567,0.22
126568,0.44
126569,0.01
126570,0.06
126571,0.37
126572,0.03
126573,0.0
126574,0.01
126575,0.01
126576,0.24
126577,0.01
126578,0.05
126579,0.0
126580,0.03
126581,0.0
126582,0.0
126583,0.0
126584,0.04
126585,0.0
126586,0.01
126587,0.25
126588,0.0
126589,0.06
126590,0.01
126591,0.15
126592,0.14
126593,0.0
126594,0.06
126595,0.21
126596,0.0
126597,0.01
126598,0.59
126599,0.0
126600,0.13
126601,0.0
126602,0.01
126603,0.01
126604,0.01
126605,0.04
126606,0.1
126607,0.02
126608,0.01
126609,0.0
126610,0.12
126611,0.02
126612,0.06
126613,0.0
126614,0.01
126615,0.08
126616,0.04
126617,0.08
126618,0.0
126619,0.05
126620,0.01
126621,0.05
126622,0.02
126623,0.0
126624,0.04
126625,0.01
126626,0.05
126627,0.27
126628,0.66
126629,0.0
126630,0.34
126631,0.03
126632,0.01
126633,0.03
126634,0.15
126635,0.01
126636,0.1
126637,0.09
126638,0.0
126639,0.03
126640,0.01
126641,0.05
126642,0.1
126643,0.01
126644,0.01
126645,0.57
126646,0.02
126647,0.01
126648,0.23
126649,0.11
126650,0.0
126651,0.01
126652,0.05
126653,0.17
126654,0.01
126655,0.0
126656,0.1
126657,0.13
126658,0.06
126659,0.01
126660,0.03
126661,0.0
126662,0.37
126663,0.0
126664,0.23
126665,0.0
126666,0.09
126667,0.55
126668,0.0
126669,0.01
126670,0.04
126671,0.02
126672,0.0
126673,0.64
126674,0.0
126675,0.03
126676,0.0
126677,0.05
126678,0.27
126679,0.05
126680,0.02
126681,0.07
126682,0.09
126683,0.0
126684,0.0
126685,0.25
126686,0.02
126687,0.0
126688,0.01
126689,0.02
126690,0.13
126691,0.53
126692,0.0
126693,0.02
126694,0.02
126695,0.01
126696,0.01
126697,0.17
126698,0.03
126699,0.14
126700,0.02
126701,0.29
126702,0.05
126703,0.14
126704,0.0
126705,0.01
126706,0.0
126707,0.02
126708,0.03
126709,0.03
126710,0.03
126711,0.02
126712,0.0
126713,0.05
126714,0.02
126715,0.12
126716,0.16
126717,0.02
126718,0.12
126719,0.0
126720,0.06
126721,0.0
126722,0.0
126723,0.08
126724,0.19
126725,0.09
126726,0.02
126727,0.02
126728,0.27
126729,0.07
126730,0.04
126731,0.06
126732,0.0
126733,0.0
126734,0.03
126735,0.29
126736,0.01
126737,0.04
126738,0.39
126739,0.04
126740,0.05
126741,0.03
126742,0.16
126743,0.02
126744,0.02
126745,0.01
126746,0.1
126747,0.0
126748,0.08
126749,0.01
126750,0.04
126751,0.01
126752,0.0
126753,0.17
126754,0.0
126755,0.12
126756,0.03
126757,0.11
126758,0.06
126759,0.0
126760,0.0
126761,0.02
126762,0.0
126763,0.0
126764,0.03
126765,0.44
126766,0.05
126767,0.0
126768,0.1
126769,0.0
126770,0.02
126771,0.03
126772,0.0
126773,0.0
126774,0.04
126775,0.03
126776,0.0
126777,0.0
126778,0.04
126779,0.0
126780,0.0
126781,0.0
126782,0.01
126783,0.07
126784,0.05
126785,0.01
126786,0.0
126787,0.08
126788,0.08
126789,0.02
126790,0.01
126791,0.1
126792,0.0
126793,0.31
126794,0.03
126795,0.09
126796,0.18
126797,0.03
126798,0.01
126799,0.07
126800,0.02
126801,0.0
126802,0.01
126803,0.0
126804,0.03
126805,0.57
126806,0.01
126807,0.14
126808,0.0
126809,0.12
126810,0.0
126811,0.0
126812,0.01
126813,0.13
126814,0.1
126815,0.0
126816,0.01
126817,0.0
126818,0.04
126819,0.36
126820,0.42
126821,0.09
126822,0.0
126823,0.48
126824,0.03
126825,0.01
126826,0.02
126827,0.0
126828,0.02
126829,0.02
126830,0.08
126831,0.14
126832,0.0
126833,0.04
126834,0.0
126835,0.0
126836,0.01
126837,0.0
126838,0.03
126839,0.0
126840,0.05
126841,0.22
126842,0.0
126843,0.01
126844,0.49
126845,0.0
126846,0.0
126847,0.0
126848,0.0
126849,0.0
126850,0.04
126851,0.14
126852,0.01
126853,0.04
126854,0.07
126855,0.23
126856,0.0
126857,0.0
126858,0.09
126859,0.07
126860,0.05
126861,0.03
126862,0.0
126863,0.06
126864,0.02
126865,0.07
126866,0.0
126867,0.08
126868,0.16
126869,0.0
126870,0.01
126871,0.0
126872,0.03
126873,0.0
126874,0.01
126875,0.07
126876,0.09
126877,0.12
126878,0.05
126879,0.09
126880,0.1
126881,0.04
126882,0.01
126883,0.0
126884,0.43
126885,0.11
126886,0.1
126887,0.14
126888,0.0
126889,0.39
126890,0.03
126891,0.06
126892,0.02
126893,0.02
126894,0.0
126895,0.0
126896,0.01
126897,0.26
126898,0.04
126899,0.72
126900,0.0
126901,0.05
126902,0.06
126903,0.15
126904,0.0
126905,0.05
126906,0.23
126907,0.0
126908,0.05
126909,0.27
126910,0.0
126911,0.04
126912,0.09
126913,0.0
126914,0.0
126915,0.0
126916,0.06
126917,0.03
126918,0.28
126919,0.0
126920,0.11
126921,0.02
126922,0.0
126923,0.0
126924,0.39
126925,0.01
126926,0.07
126927,0.0
126928,0.02
126929,0.0
126930,0.07
126931,0.07
126932,0.06
126933,0.02
126934,0.02
126935,0.0
126936,0.0
126937,0.08
126938,0.01
126939,0.01
126940,0.27
126941,0.0
126942,0.18
126943,0.0
126944,0.05
126945,0.01
126946,0.09
126947,0.02
126948,0.18
126949,0.03
126950,0.0
126951,0.0
126952,0.56
126953,0.0
126954,0.0
126955,0.0
126956,0.05
126957,0.07
126958,0.07
126959,0.03
126960,0.0
126961,0.09
126962,0.0
126963,0.0
126964,0.01
126965,0.0
126966,0.04
126967,0.03
126968,0.06
126969,0.0
126970,0.0
126971,0.02
126972,0.01
126973,0.04
126974,0.04
126975,0.01
126976,0.02
126977,0.03
126978,0.44
126979,0.0
126980,0.29
126981,0.01
126982,0.05
126983,0.14
126984,0.02
126985,0.04
126986,0.28
126987,0.18
126988,0.07
126989,0.27
126990,0.0
126991,0.15
126992,0.06
126993,0.0
126994,0.0
126995,0.01
126996,0.0
126997,0.11
126998,0.0
126999,0.0
127000,0.07
127001,0.0
127002,0.04
127003,0.01
127004,0.07
127005,0.11
127006,0.0
127007,0.0
127008,0.0
127009,0.0
127010,0.11
127011,0.48
127012,0.1
127013,0.0
127014,0.0
127015,0.0
127016,0.01
127017,0.02
127018,0.22
127019,0.06
127020,0.05
127021,0.1
127022,0.01
127023,0.03
127024,0.17
127025,0.07
127026,0.19
127027,0.07
127028,0.0
127029,0.03
127030,0.0
127031,0.02
127032,0.01
127033,0.08
127034,0.13
127035,0.14
127036,0.36
127037,0.02
127038,0.0
127039,0.0
127040,0.01
127041,0.04
127042,0.0
127043,0.03
127044,0.0
127045,0.18
127046,0.0
127047,0.01
127048,0.02
127049,0.16
127050,0.0
127051,0.16
127052,0.01
127053,0.02
127054,0.1
127055,0.0
127056,0.03
127057,0.05
127058,0.0
127059,0.01
127060,0.0
127061,0.09
127062,0.01
127063,0.01
127064,0.22
127065,0.0
127066,0.02
127067,0.18
127068,0.02
127069,0.08
127070,0.0
127071,0.01
127072,0.03
127073,0.13
127074,0.01
127075,0.05
127076,0.0
127077,0.03
127078,0.03
127079,0.16
127080,0.05
127081,0.08
127082,0.02
127083,0.0
127084,0.65
127085,0.07
127086,0.0
127087,0.02
127088,0.0
127089,0.0
127090,0.26
127091,0.02
127092,0.04
127093,0.02
127094,0.0
127095,0.27
127096,0.32
127097,0.0
127098,0.0
127099,0.0
127100,0.0
127101,0.0
127102,0.08
127103,0.03
127104,0.03
127105,0.0
127106,0.01
127107,0.01
127108,0.13
127109,0.01
127110,0.01
127111,0.0
127112,0.07
127113,0.14
127114,0.01
127115,0.06
127116,0.17
127117,0.0
127118,0.01
127119,0.13
127120,0.17
127121,0.01
127122,0.01
127123,0.04
127124,0.01
127125,0.01
127126,0.05
127127,0.01
127128,0.12
127129,0.05
127130,0.04
127131,0.08
127132,0.05
127133,0.0
127134,0.0
127135,0.02
127136,0.08
127137,0.0
127138,0.19
127139,0.49
127140,0.0
127141,0.12
127142,0.04
127143,0.06
127144,0.01
127145,0.0
127146,0.03
127147,0.0
127148,0.06
127149,0.05
127150,0.01
127151,0.21
127152,0.02
127153,0.04
127154,0.06
127155,0.06
127156,0.07
127157,0.0
127158,0.02
127159,0.0
127160,0.0
127161,0.58
127162,0.31
127163,0.05
127164,0.03
127165,0.02
127166,0.0
127167,0.01
127168,0.03
127169,0.11
127170,0.07
127171,0.0
127172,0.17
127173,0.06
127174,0.02
127175,0.0
127176,0.01
127177,0.06
127178,0.0
127179,0.08
127180,0.0
127181,0.26
127182,0.04
127183,0.04
127184,0.07
127185,0.0
127186,0.01
127187,0.06
127188,0.0
127189,0.03
127190,0.3
127191,0.03
127192,0.01
127193,0.0
127194,0.05
127195,0.06
127196,0.4
127197,0.0
127198,0.01
127199,0.02
127200,0.03
127201,0.08
127202,0.03
127203,0.02
127204,0.0
127205,0.0
127206,0.04
127207,0.1
127208,0.07
127209,0.3
127210,0.17
127211,0.13
127212,0.02
127213,0.0
127214,0.09
127215,0.04
127216,0.0
127217,0.02
127218,0.0
127219,0.04
127220,0.0
127221,0.04
127222,0.1
127223,0.02
127224,0.01
127225,0.0
127226,0.0
127227,0.19
127228,0.0
127229,0.56
127230,0.0
127231,0.09
127232,0.19
127233,0.1
127234,0.0
127235,0.08
127236,0.0
127237,0.01
127238,0.0
127239,0.03
127240,0.01
127241,0.35
127242,0.02
127243,0.02
127244,0.03
127245,0.03
127246,0.07
127247,0.41
127248,0.04
127249,0.11
127250,0.0
127251,0.0
127252,0.03
127253,0.16
127254,0.0
127255,0.0
127256,0.08
127257,0.1
127258,0.02
127259,0.0
127260,0.0
127261,0.03
127262,0.02
127263,0.0
127264,0.02
127265,0.0
127266,0.37
127267,0.01
127268,0.0
127269,0.2
127270,0.09
127271,0.0
127272,0.16
127273,0.01
127274,0.58
127275,0.01
127276,0.03
127277,0.22
127278,0.02
127279,0.13
127280,0.02
127281,0.32
127282,0.01
127283,0.02
127284,0.0
127285,0.0
127286,0.0
127287,0.1
127288,0.0
127289,0.03
127290,0.1
127291,0.04
127292,0.03
127293,0.01
127294,0.06
127295,0.06
127296,0.0
127297,0.02
127298,0.01
127299,0.01
127300,0.12
127301,0.0
127302,0.39
127303,0.0
127304,0.19
127305,0.0
127306,0.63
127307,0.04
127308,0.55
127309,0.02
127310,0.0
127311,0.12
127312,0.23
127313,0.0
127314,0.37
127315,0.0
127316,0.01
127317,0.01
127318,0.11
127319,0.01
127320,0.22
127321,0.03
127322,0.01
127323,0.09
127324,0.26
127325,0.0
127326,0.42
127327,0.12
127328,0.0
127329,0.0
127330,0.0
127331,0.0
127332,0.02
127333,0.0
127334,0.04
127335,0.0
127336,0.07
127337,0.06
127338,0.0
127339,0.0
127340,0.0
127341,0.03
127342,0.0
127343,0.0
127344,0.07
127345,0.0
127346,0.06
127347,0.02
127348,0.06
127349,0.17
127350,0.36
127351,0.0
127352,0.08
127353,0.03
127354,0.0
127355,0.0
127356,0.01
127357,0.23
127358,0.13
127359,0.09
127360,0.0
127361,0.0
127362,0.21
127363,0.01
127364,0.52
127365,0.24
127366,0.0
127367,0.26
127368,0.0
127369,0.01
127370,0.01
127371,0.01
127372,0.02
127373,0.02
127374,0.0
127375,0.4
127376,0.04
127377,0.0
127378,0.05
127379,0.0
127380,0.04
127381,0.0
127382,0.15
127383,0.02
127384,0.11
127385,0.0
127386,0.0
127387,0.14
127388,0.04
127389,0.03
127390,0.5
127391,0.06
127392,0.13
127393,0.0
127394,0.26
127395,0.01
127396,0.02
127397,0.05
127398,0.01
127399,0.0
127400,0.01
127401,0.01
127402,0.01
127403,0.03
127404,0.23
127405,0.14
127406,0.02
127407,0.02
127408,0.0
127409,0.08
127410,0.01
127411,0.0
127412,0.06
127413,0.36
127414,0.05
127415,0.06
127416,0.02
127417,0.02
127418,0.01
127419,0.0
127420,0.01
127421,0.01
127422,0.05
127423,0.05
127424,0.0
127425,0.01
127426,0.08
127427,0.0
127428,0.05
127429,0.0
127430,0.05
127431,0.35
127432,0.0
127433,0.05
127434,0.01
127435,0.09
127436,0.02
127437,0.06
127438,0.15
127439,0.44
127440,0.5
127441,0.0
127442,0.07
127443,0.02
127444,0.43
127445,0.03
127446,0.03
127447,0.26
127448,0.07
127449,0.02
127450,0.0
127451,0.23
127452,0.01
127453,0.02
127454,0.01
127455,0.13
127456,0.05
127457,0.23
127458,0.07
127459,0.01
127460,0.03
127461,0.01
127462,0.0
127463,0.16
127464,0.03
127465,0.05
127466,0.0
127467,0.0
127468,0.12
127469,0.0
127470,0.02
127471,0.0
127472,0.31
127473,0.62
127474,0.0
127475,0.26
127476,0.02
127477,0.0
127478,0.0
127479,0.31
127480,0.08
127481,0.07
127482,0.2
127483,0.01
127484,0.16
127485,0.02
127486,0.01
127487,0.05
127488,0.06
127489,0.0
127490,0.02
127491,0.07
127492,0.02
127493,0.08
127494,0.8
127495,0.01
127496,0.02
127497,0.02
127498,0.01
127499,0.01
127500,0.0
127501,0.01
127502,0.06
127503,0.09
127504,0.0
127505,0.0
127506,0.06
127507,0.01
127508,0.01
127509,0.0
127510,0.01
127511,0.31
127512,0.11
127513,0.05
127514,0.0
127515,0.01
127516,0.15
127517,0.01
127518,0.06
127519,0.03
127520,0.02
127521,0.03
127522,0.01
127523,0.0
127524,0.03
127525,0.08
127526,0.08
127527,0.01
127528,0.03
127529,0.05
127530,0.01
127531,0.01
127532,0.09
127533,0.0
127534,0.0
127535,0.05
127536,0.18
127537,0.0
127538,0.01
127539,0.0
127540,0.12
127541,0.0
127542,0.02
127543,0.01
127544,0.0
127545,0.01
127546,0.02
127547,0.0
127548,0.11
127549,0.0
127550,0.03
127551,0.05
127552,0.01
127553,0.0
127554,0.53
127555,0.0
127556,0.06
127557,0.4
127558,0.08
127559,0.1
127560,0.11
127561,0.05
127562,0.24
127563,0.0
127564,0.11
127565,0.0
127566,0.6
127567,0.03
127568,0.0
127569,0.01
127570,0.02
127571,0.08
127572,0.03
127573,0.59
127574,0.1
127575,0.03
127576,0.01
127577,0.01
127578,0.0
127579,0.01
127580,0.24
127581,0.01
127582,0.01
127583,0.03
127584,0.02
127585,0.02
127586,0.28
127587,0.02
127588,0.0
127589,0.03
127590,0.11
127591,0.01
127592,0.01
127593,0.0
127594,0.07
127595,0.08
127596,0.05
127597,0.02
127598,0.01
127599,0.01
127600,0.03
127601,0.02
127602,0.01
127603,0.06
127604,0.07
127605,0.0
127606,0.0
127607,0.08
127608,0.03
127609,0.44
127610,0.02
127611,0.0
127612,0.02
127613,0.04
127614,0.0
127615,0.12
127616,0.02
127617,0.57
127618,0.11
127619,0.0
127620,0.0
127621,0.02
127622,0.02
127623,0.01
127624,0.02
127625,0.04
127626,0.0
127627,0.1
127628,0.01
127629,0.01
127630,0.21
127631,0.0
127632,0.0
127633,0.0
127634,0.0
127635,0.12
127636,0.01
127637,0.11
127638,0.0
127639,0.02
127640,0.05
127641,0.01
127642,0.06
127643,0.0
127644,0.01
127645,0.19
127646,0.54
127647,0.05
127648,0.59
127649,0.0
127650,0.19
127651,0.0
127652,0.02
127653,0.03
127654,0.07
127655,0.16
127656,0.01
127657,0.0
127658,0.02
127659,0.02
127660,0.06
127661,0.0
127662,0.0
127663,0.02
127664,0.01
127665,0.03
127666,0.0
127667,0.0
127668,0.27
127669,0.08
127670,0.09
127671,0.0
127672,0.04
127673,0.0
127674,0.04
127675,0.05
127676,0.26
127677,0.02
127678,0.02
127679,0.0
127680,0.18
127681,0.0
127682,0.08
127683,0.08
127684,0.0
127685,0.01
127686,0.11
127687,0.01
127688,0.02
127689,0.07
127690,0.0
127691,0.02
127692,0.02
127693,0.55
127694,0.01
127695,0.0
127696,0.0
127697,0.01
127698,0.02
127699,0.02
127700,0.03
127701,0.01
127702,0.46
127703,0.07
127704,0.02
127705,0.03
127706,0.22
127707,0.16
127708,0.23
127709,0.02
127710,0.01
127711,0.02
127712,0.11
127713,0.0
127714,0.04
127715,0.0
127716,0.0
127717,0.11
127718,0.0
127719,0.13
127720,0.0
127721,0.07
127722,0.15
127723,0.0
127724,0.06
127725,0.1
127726,0.01
127727,0.05
127728,0.01
127729,0.06
127730,0.01
127731,0.01
127732,0.0
127733,0.09
127734,0.04
127735,0.03
127736,0.07
127737,0.01
127738,0.01
127739,0.0
127740,0.45
127741,0.0
127742,0.01
127743,0.06
127744,0.34
127745,0.03
127746,0.47
127747,0.04
127748,0.01
127749,0.74
127750,0.02
127751,0.02
127752,0.04
127753,0.06
127754,0.0
127755,0.0
127756,0.02
127757,0.04
127758,0.03
127759,0.0
127760,0.03
127761,0.0
127762,0.0
127763,0.0
127764,0.0
127765,0.07
127766,0.08
127767,0.13
127768,0.02
127769,0.05
127770,0.0
127771,0.0
127772,0.0
127773,0.06
127774,0.02
127775,0.0
127776,0.06
127777,0.01
127778,0.07
127779,0.03
127780,0.17
127781,0.0
127782,0.0
127783,0.0
127784,0.02
127785,0.01
127786,0.2
127787,0.02
127788,0.04
127789,0.03
127790,0.06
127791,0.01
127792,0.04
127793,0.53
127794,0.01
127795,0.01
127796,0.17
127797,0.01
127798,0.02
127799,0.0
127800,0.06
127801,0.0
127802,0.03
127803,0.1
127804,0.02
127805,0.0
127806,0.0
127807,0.0
127808,0.16
127809,0.04
127810,0.11
127811,0.0
127812,0.01
127813,0.0
127814,0.0
127815,0.01
127816,0.27
127817,0.05
127818,0.04
127819,0.55
127820,0.07
127821,0.02
127822,0.01
127823,0.06
127824,0.34
127825,0.01
127826,0.01
127827,0.0
127828,0.05
127829,0.05
127830,0.0
127831,0.0
127832,0.0
127833,0.02
127834,0.19
127835,0.04
127836,0.05
127837,0.09
127838,0.01
127839,0.2
127840,0.02
127841,0.01
127842,0.0
127843,0.03
127844,0.01
127845,0.06
127846,0.05
127847,0.03
127848,0.03
127849,0.0
127850,0.04
127851,0.0
127852,0.03
127853,0.11
127854,0.07
127855,0.01
127856,0.03
127857,0.03
127858,0.0
127859,0.78
127860,0.05
127861,0.02
127862,0.09
127863,0.21
127864,0.22
127865,0.01
127866,0.06
127867,0.01
127868,0.36
127869,0.0
127870,0.15
127871,0.44
127872,0.11
127873,0.08
127874,0.02
127875,0.01
127876,0.02
127877,0.18
127878,0.01
127879,0.0
127880,0.04
127881,0.02
127882,0.04
127883,0.02
127884,0.0
127885,0.18
127886,0.0
127887,0.11
127888,0.27
127889,0.06
127890,0.02
127891,0.0
127892,0.0
127893,0.22
127894,0.01
127895,0.14
127896,0.0
127897,0.27
127898,0.01
127899,0.04
127900,0.03
127901,0.11
127902,0.0
127903,0.02
127904,0.52
127905,0.0
127906,0.04
127907,0.0
127908,0.01
127909,0.09
127910,0.0
127911,0.19
127912,0.03
127913,0.01
127914,0.0
127915,0.0
127916,0.0
127917,0.02
127918,0.0
127919,0.02
127920,0.1
127921,0.0
127922,0.0
127923,0.04
127924,0.0
127925,0.01
127926,0.0
127927,0.1
127928,0.01
127929,0.11
127930,0.0
127931,0.06
127932,0.01
127933,0.04
127934,0.02
127935,0.0
127936,0.01
127937,0.02
127938,0.37
127939,0.11
127940,0.03
127941,0.01
127942,0.02
127943,0.02
127944,0.08
127945,0.0
127946,0.09
127947,0.0
127948,0.02
127949,0.0
127950,0.08
127951,0.01
127952,0.51
127953,0.0
127954,0.01
127955,0.09
127956,0.25
127957,0.03
127958,0.02
127959,0.2
127960,0.03
127961,0.17
127962,0.03
127963,0.06
127964,0.03
127965,0.03
127966,0.05
127967,0.03
127968,0.0
127969,0.0
127970,0.0
127971,0.01
127972,0.57
127973,0.08
127974,0.0
127975,0.01
127976,0.05
127977,0.31
127978,0.02
127979,0.03
127980,0.04
127981,0.08
127982,0.03
127983,0.0
127984,0.0
127985,0.39
127986,0.0
127987,0.04
127988,0.01
127989,0.57
127990,0.27
127991,0.02
127992,0.0
127993,0.0
127994,0.01
127995,0.05
127996,0.0
127997,0.0
127998,0.05
127999,0.12
128000,0.25
128001,0.0
128002,0.03
128003,0.02
128004,0.1
128005,0.01
128006,0.01
128007,0.06
128008,0.0
128009,0.02
128010,0.05
128011,0.02
128012,0.07
128013,0.0
128014,0.01
128015,0.01
128016,0.02
128017,0.26
128018,0.09
128019,0.5
128020,0.08
128021,0.15
128022,0.0
128023,0.23
128024,0.02
128025,0.01
128026,0.0
128027,0.01
128028,0.0
128029,0.24
128030,0.07
128031,0.01
128032,0.0
128033,0.0
128034,0.36
128035,0.01
128036,0.06
128037,0.01
128038,0.01
128039,0.08
128040,0.04
128041,0.2
128042,0.01
128043,0.03
128044,0.03
128045,0.38
128046,0.09
128047,0.03
128048,0.0
128049,0.02
128050,0.08
128051,0.02
128052,0.04
128053,0.07
128054,0.0
128055,0.0
128056,0.32
128057,0.0
128058,0.0
128059,0.0
128060,0.0
128061,0.02
128062,0.07
128063,0.2
128064,0.02
128065,0.02
128066,0.05
128067,0.55
128068,0.0
128069,0.14
128070,0.02
128071,0.0
128072,0.0
128073,0.0
128074,0.07
128075,0.03
128076,0.01
128077,0.0
128078,0.04
128079,0.39
128080,0.04
128081,0.01
128082,0.07
128083,0.06
128084,0.0
128085,0.0
128086,0.05
128087,0.02
128088,0.02
128089,0.15
128090,0.07
128091,0.1
128092,0.04
128093,0.22
128094,0.0
128095,0.01
128096,0.01
128097,0.03
128098,0.0
128099,0.05
128100,0.01
128101,0.28
128102,0.21
128103,0.19
128104,0.11
128105,0.02
128106,0.0
128107,0.02
128108,0.0
128109,0.0
128110,0.01
128111,0.18
128112,0.02
128113,0.04
128114,0.06
128115,0.01
128116,0.05
128117,0.0
128118,0.3
128119,0.08
128120,0.01
128121,0.12
128122,0.08
128123,0.08
128124,0.07
128125,0.0
128126,0.0
128127,0.0
128128,0.1
128129,0.0
128130,0.03
128131,0.02
128132,0.07
128133,0.0
128134,0.0
128135,0.02
128136,0.0
128137,0.04
128138,0.01
128139,0.02
128140,0.3
128141,0.0
128142,0.05
128143,0.0
128144,0.06
128145,0.54
128146,0.29
128147,0.22
128148,0.09
128149,0.01
128150,0.01
128151,0.0
128152,0.07
128153,0.12
128154,0.02
128155,0.01
128156,0.03
128157,0.07
128158,0.05
128159,0.0
128160,0.0
128161,0.0
128162,0.12
128163,0.06
128164,0.0
128165,0.01
128166,0.04
128167,0.03
128168,0.04
128169,0.0
128170,0.03
128171,0.0
128172,0.0
128173,0.0
128174,0.01
128175,0.03
128176,0.11
128177,0.0
128178,0.02
128179,0.05
128180,0.05
128181,0.02
128182,0.0
128183,0.0
128184,0.01
128185,0.1
128186,0.1
128187,0.05
128188,0.0
128189,0.27
128190,0.31
128191,0.0
128192,0.02
128193,0.39
128194,0.0
128195,0.09
128196,0.01
128197,0.27
128198,0.24
128199,0.0
128200,0.05
128201,0.02
128202,0.02
128203,0.02
128204,0.0
128205,0.01
128206,0.49
128207,0.06
128208,0.03
128209,0.0
128210,0.46
128211,0.0
128212,0.13
128213,0.04
128214,0.13
128215,0.27
128216,0.25
128217,0.12
128218,0.04
128219,0.0
128220,0.01
128221,0.0
128222,0.4
128223,0.27
128224,0.21
128225,0.02
128226,0.06
128227,0.0
128228,0.02
128229,0.03
128230,0.08
128231,0.33
128232,0.0
128233,0.15
128234,0.12
128235,0.0
128236,0.21
128237,0.0
128238,0.02
128239,0.0
128240,0.0
128241,0.01
128242,0.01
128243,0.03
128244,0.01
128245,0.53
128246,0.12
128247,0.02
128248,0.67
128249,0.04
128250,0.08
128251,0.0
128252,0.37
128253,0.04
128254,0.0
128255,0.05
128256,0.0
128257,0.02
128258,0.0
128259,0.09
128260,0.43
128261,0.05
128262,0.37
128263,0.1
128264,0.0
128265,0.03
128266,0.0
128267,0.03
128268,0.11
128269,0.0
128270,0.0
128271,0.04
128272,0.03
128273,0.69
128274,0.0
128275,0.05
128276,0.02
128277,0.01
128278,0.0
128279,0.03
128280,0.0
128281,0.02
128282,0.64
128283,0.0
128284,0.01
128285,0.16
128286,0.13
128287,0.08
128288,0.02
128289,0.19
128290,0.04
128291,0.04
128292,0.01
128293,0.0
128294,0.0
128295,0.0
128296,0.01
128297,0.0
128298,0.03
128299,0.15
128300,0.03
128301,0.08
128302,0.36
128303,0.31
128304,0.02
128305,0.01
128306,0.4
128307,0.05
128308,0.11
128309,0.01
128310,0.07
128311,0.7
128312,0.07
128313,0.36
128314,0.0
128315,0.01
128316,0.01
128317,0.04
128318,0.08
128319,0.0
128320,0.01
128321,0.07
128322,0.0
128323,0.0
128324,0.06
128325,0.02
128326,0.04
128327,0.13
128328,0.07
128329,0.01
128330,0.01
128331,0.03
128332,0.0
128333,0.01
128334,0.04
128335,0.07
128336,0.0
128337,0.0
128338,0.01
128339,0.0
128340,0.01
128341,0.01
128342,0.03
128343,0.0
128344,0.02
128345,0.0
128346,0.02
128347,0.02
128348,0.1
128349,0.07
128350,0.0
128351,0.0
128352,0.04
128353,0.01
128354,0.0
128355,0.0
128356,0.0
128357,0.0
128358,0.04
128359,0.0
128360,0.21
128361,0.16
128362,0.0
128363,0.07
128364,0.02
128365,0.01
128366,0.0
128367,0.03
128368,0.02
128369,0.0
128370,0.01
128371,0.02
128372,0.0
128373,0.02
128374,0.17
128375,0.01
128376,0.0
128377,0.0
128378,0.01
128379,0.0
128380,0.0
128381,0.01
128382,0.36
128383,0.44
128384,0.3
128385,0.01
128386,0.02
128387,0.02
128388,0.1
128389,0.0
128390,0.29
128391,0.01
128392,0.13
128393,0.13
128394,0.01
128395,0.0
128396,0.01
128397,0.0
128398,0.02
128399,0.02
128400,0.02
128401,0.1
128402,0.0
128403,0.0
128404,0.0
128405,0.0
128406,0.09
128407,0.02
128408,0.34
128409,0.04
128410,0.06
128411,0.0
128412,0.0
128413,0.06
128414,0.0
128415,0.0
128416,0.01
128417,0.0
128418,0.0
128419,0.08
128420,0.01
128421,0.0
128422,0.01
128423,0.03
128424,0.0
128425,0.02
128426,0.51
128427,0.0
128428,0.0
128429,0.01
128430,0.06
128431,0.0
128432,0.01
128433,0.01
128434,0.02
128435,0.02
128436,0.11
128437,0.03
128438,0.07
128439,0.01
128440,0.39
128441,0.01
128442,0.0
128443,0.09
128444,0.01
128445,0.0
128446,0.03
128447,0.0
128448,0.0
128449,0.06
128450,0.12
128451,0.08
128452,0.07
128453,0.0
128454,0.09
128455,0.0
128456,0.02
128457,0.01
128458,0.25
128459,0.11
128460,0.07
128461,0.04
128462,0.0
128463,0.09
128464,0.28
128465,0.0
128466,0.04
128467,0.07
128468,0.0
128469,0.14
128470,0.33
128471,0.07
128472,0.0
128473,0.31
128474,0.0
128475,0.0
128476,0.04
128477,0.03
128478,0.06
128479,0.01
128480,0.0
128481,0.0
128482,0.13
128483,0.21
128484,0.0
128485,0.03
128486,0.01
128487,0.53
128488,0.12
128489,0.02
128490,0.01
128491,0.05
128492,0.03
128493,0.02
128494,0.0
128495,0.01
128496,0.11
128497,0.06
128498,0.01
128499,0.0
128500,0.01
128501,0.0
128502,0.01
128503,0.36
128504,0.2
128505,0.02
128506,0.03
128507,0.0
128508,0.06
128509,0.2
128510,0.15
128511,0.2
128512,0.0
128513,0.14
128514,0.05
128515,0.42
128516,0.26
128517,0.05
128518,0.0
128519,0.03
128520,0.0
128521,0.21
128522,0.01
128523,0.32
128524,0.0
128525,0.01
128526,0.01
128527,0.07
128528,0.4
128529,0.01
128530,0.0
128531,0.01
128532,0.1
128533,0.0
128534,0.05
128535,0.0
128536,0.01
128537,0.0
128538,0.01
128539,0.05
128540,0.0
128541,0.02
128542,0.13
128543,0.0
128544,0.01
128545,0.02
128546,0.03
128547,0.04
128548,0.0
128549,0.0
128550,0.02
128551,0.14
128552,0.03
128553,0.01
128554,0.03
128555,0.01
128556,0.51
128557,0.03
128558,0.04
128559,0.02
128560,0.0
128561,0.02
128562,0.23
128563,0.29
128564,0.0
128565,0.31
128566,0.14
128567,0.0
128568,0.0
128569,0.35
128570,0.01
128571,0.11
128572,0.06
128573,0.36
128574,0.04
128575,0.39
128576,0.0
128577,0.01
128578,0.0
128579,0.03
128580,0.03
128581,0.05
128582,0.06
128583,0.05
128584,0.09
128585,0.01
128586,0.23
128587,0.11
128588,0.65
128589,0.03
128590,0.01
128591,0.14
128592,0.08
128593,0.0
128594,0.35
128595,0.4
128596,0.01
128597,0.02
128598,0.0
128599,0.1
128600,0.31
128601,0.01
128602,0.03
128603,0.0
128604,0.02
128605,0.31
128606,0.0
128607,0.0
128608,0.02
128609,0.11
128610,0.0
128611,0.02
128612,0.0
128613,0.21
128614,0.01
128615,0.01
128616,0.0
128617,0.02
128618,0.41
128619,0.04
128620,0.04
128621,0.14
128622,0.0
128623,0.02
128624,0.0
128625,0.0
128626,0.12
128627,0.04
128628,0.03
128629,0.03
128630,0.08
128631,0.14
128632,0.04
128633,0.21
128634,0.01
128635,0.1
128636,0.07
128637,0.31
128638,0.06
128639,0.54
128640,0.03
128641,0.12
128642,0.0
128643,0.46
128644,0.0
128645,0.3
128646,0.0
128647,0.01
128648,0.02
128649,0.53
128650,0.0
128651,0.02
128652,0.01
128653,0.15
128654,0.08
128655,0.22
128656,0.05
128657,0.54
128658,0.04
128659,0.0
128660,0.01
128661,0.11
128662,0.0
128663,0.0
128664,0.37
128665,0.17
128666,0.0
128667,0.06
128668,0.03
128669,0.2
128670,0.0
128671,0.04
128672,0.68
128673,0.0
128674,0.0
128675,0.09
128676,0.19
128677,0.0
128678,0.38
128679,0.01
128680,0.0
128681,0.28
128682,0.09
128683,0.0
128684,0.0
128685,0.0
128686,0.28
128687,0.0
128688,0.01
128689,0.01
128690,0.01
128691,0.0
128692,0.43
128693,0.01
128694,0.08
128695,0.01
128696,0.05
128697,0.01
128698,0.0
128699,0.0
128700,0.0
128701,0.57
128702,0.02
128703,0.02
128704,0.02
128705,0.16
128706,0.0
128707,0.02
128708,0.05
128709,0.01
128710,0.1
128711,0.0
128712,0.05
128713,0.06
128714,0.28
128715,0.05
128716,0.1
128717,0.01
128718,0.02
128719,0.0
128720,0.09
128721,0.02
128722,0.0
128723,0.03
128724,0.07
128725,0.01
128726,0.01
128727,0.0
128728,0.0
128729,0.03
128730,0.0
128731,0.28
128732,0.0
128733,0.1
128734,0.0
128735,0.47
128736,0.2
128737,0.0
128738,0.15
128739,0.04
128740,0.01
128741,0.01
128742,0.03
128743,0.53
128744,0.07
128745,0.0
128746,0.05
128747,0.04
128748,0.03
128749,0.07
128750,0.01
128751,0.02
128752,0.03
128753,0.05
128754,0.02
128755,0.12
128756,0.02
128757,0.01
128758,0.02
128759,0.01
128760,0.03
128761,0.03
128762,0.0
128763,0.52
128764,0.31
128765,0.02
128766,0.0
128767,0.01
128768,0.2
128769,0.12
128770,0.0
128771,0.12
128772,0.19
128773,0.23
128774,0.0
128775,0.01
128776,0.08
128777,0.0
128778,0.09
128779,0.01
128780,0.35
128781,0.05
128782,0.0
128783,0.22
128784,0.14
128785,0.0
128786,0.0
128787,0.01
128788,0.03
128789,0.0
128790,0.02
128791,0.25
128792,0.02
128793,0.0
128794,0.12
128795,0.02
128796,0.02
128797,0.02
128798,0.08
128799,0.03
128800,0.26
128801,0.03
128802,0.09
128803,0.02
128804,0.01
128805,0.02
128806,0.03
128807,0.08
128808,0.02
128809,0.03
128810,0.0
128811,0.0
128812,0.0
128813,0.05
128814,0.02
128815,0.0
128816,0.01
128817,0.1
128818,0.01
128819,0.09
128820,0.06
128821,0.01
128822,0.02
128823,0.0
128824,0.76
128825,0.01
128826,0.45
128827,0.21
128828,0.01
128829,0.13
128830,0.0
128831,0.0
128832,0.0
128833,0.37
128834,0.15
128835,0.03
128836,0.1
128837,0.05
128838,0.1
128839,0.02
128840,0.01
128841,0.0
128842,0.02
128843,0.01
128844,0.14
128845,0.03
128846,0.03
128847,0.1
128848,0.07
128849,0.48
128850,0.0
128851,0.01
128852,0.04
128853,0.03
128854,0.03
128855,0.03
128856,0.02
128857,0.0
128858,0.0
128859,0.02
128860,0.26
128861,0.04
128862,0.0
128863,0.0
128864,0.0
128865,0.0
128866,0.0
128867,0.07
128868,0.18
128869,0.43
128870,0.02
128871,0.01
128872,0.0
128873,0.07
128874,0.02
128875,0.01
128876,0.02
128877,0.09
128878,0.22
128879,0.01
128880,0.31
128881,0.01
128882,0.0
128883,0.03
128884,0.09
128885,0.03
128886,0.05
128887,0.03
128888,0.0
128889,0.01
128890,0.05
128891,0.22
128892,0.09
128893,0.17
128894,0.02
128895,0.08
128896,0.06
128897,0.04
128898,0.0
128899,0.16
128900,0.11
128901,0.08
128902,0.0
128903,0.07
128904,0.0
128905,0.3
128906,0.02
128907,0.0
128908,0.08
128909,0.28
128910,0.01
128911,0.0
128912,0.19
128913,0.01
128914,0.03
128915,0.0
128916,0.03
128917,0.02
128918,0.01
128919,0.07
128920,0.05
128921,0.26
128922,0.1
128923,0.0
128924,0.01
128925,0.05
128926,0.0
128927,0.01
128928,0.03
128929,0.02
128930,0.03
128931,0.0
128932,0.05
128933,0.13
128934,0.02
128935,0.05
128936,0.04
128937,0.0
128938,0.0
128939,0.0
128940,0.44
128941,0.0
128942,0.19
128943,0.0
128944,0.08
128945,0.13
128946,0.0
128947,0.13
128948,0.0
128949,0.04
128950,0.0
128951,0.01
128952,0.36
128953,0.03
128954,0.06
128955,0.08
128956,0.07
128957,0.01
128958,0.01
128959,0.01
128960,0.01
128961,0.19
128962,0.08
128963,0.02
128964,0.01
128965,0.01
128966,0.04
128967,0.0
128968,0.05
128969,0.02
128970,0.01
128971,0.01
128972,0.0
128973,0.18
128974,0.0
128975,0.01
128976,0.01
128977,0.1
128978,0.11
128979,0.08
128980,0.0
128981,0.0
128982,0.0
128983,0.0
128984,0.0
128985,0.0
128986,0.16
128987,0.01
128988,0.01
128989,0.01
128990,0.0
128991,0.2
128992,0.37
128993,0.05
128994,0.0
128995,0.01
128996,0.0
128997,0.06
128998,0.11
128999,0.0
129000,0.11
129001,0.0
129002,0.0
129003,0.03
129004,0.0
129005,0.86
129006,0.01
129007,0.1
129008,0.0
129009,0.0
129010,0.02
129011,0.0
129012,0.37
129013,0.17
129014,0.03
129015,0.03
129016,0.01
129017,0.03
129018,0.0
129019,0.0
129020,0.11
129021,0.0
129022,0.08
129023,0.1
129024,0.02
129025,0.53
129026,0.02
129027,0.09
129028,0.08
129029,0.0
129030,0.16
129031,0.01
129032,0.0
129033,0.0
129034,0.21
129035,0.0
129036,0.0
129037,0.0
129038,0.02
129039,0.02
129040,0.0
129041,0.0
129042,0.29
129043,0.02
129044,0.01
129045,0.02
129046,0.0
129047,0.07
129048,0.02
129049,0.0
129050,0.75
129051,0.0
129052,0.03
129053,0.01
129054,0.01
129055,0.01
129056,0.04
129057,0.0
129058,0.04
129059,0.02
129060,0.05
129061,0.01
129062,0.11
129063,0.08
129064,0.01
129065,0.0
129066,0.02
129067,0.0
129068,0.01
129069,0.04
129070,0.16
129071,0.02
129072,0.17
129073,0.06
129074,0.03
129075,0.01
129076,0.15
129077,0.07
129078,0.06
129079,0.07
129080,0.0
129081,0.0
129082,0.05
129083,0.2
129084,0.19
129085,0.67
129086,0.0
129087,0.01
129088,0.01
129089,0.05
129090,0.02
129091,0.0
129092,0.24
129093,0.09
129094,0.31
129095,0.31
129096,0.13
129097,0.02
129098,0.0
129099,0.09
129100,0.0
129101,0.16
129102,0.02
129103,0.17
129104,0.01
129105,0.2
129106,0.03
129107,0.08
129108,0.04
129109,0.02
129110,0.19
129111,0.06
129112,0.11
129113,0.01
129114,0.0
129115,0.0
129116,0.06
129117,0.05
129118,0.0
129119,0.0
129120,0.01
129121,0.31
129122,0.01
129123,0.06
129124,0.02
129125,0.02
129126,0.0
129127,0.0
129128,0.17
129129,0.01
129130,0.0
129131,0.0
129132,0.67
129133,0.29
129134,0.03
129135,0.03
129136,0.0
129137,0.11
129138,0.01
129139,0.02
129140,0.48
129141,0.06
129142,0.06
129143,0.0
129144,0.33
129145,0.01
129146,0.05
129147,0.11
129148,0.0
129149,0.01
129150,0.06
129151,0.07
129152,0.01
129153,0.0
129154,0.01
129155,0.0
129156,0.02
129157,0.0
129158,0.07
129159,0.0
129160,0.01
129161,0.03
129162,0.4
129163,0.17
129164,0.07
129165,0.01
129166,0.0
129167,0.01
129168,0.07
129169,0.01
129170,0.13
129171,0.15
129172,0.11
129173,0.05
129174,0.0
129175,0.02
129176,0.33
129177,0.09
129178,0.0
129179,0.0
129180,0.09
129181,0.23
129182,0.01
129183,0.1
129184,0.39
129185,0.54
129186,0.04
129187,0.0
129188,0.0
129189,0.05
129190,0.0
129191,0.14
129192,0.0
129193,0.04
129194,0.02
129195,0.0
129196,0.05
129197,0.29
129198,0.0
129199,0.0
129200,0.04
129201,0.13
129202,0.0
129203,0.07
129204,0.08
129205,0.32
129206,0.01
129207,0.0
129208,0.01
129209,0.03
129210,0.01
129211,0.33
129212,0.04
129213,0.0
129214,0.01
129215,0.0
129216,0.07
129217,0.01
129218,0.01
129219,0.0
129220,0.0
129221,0.11
129222,0.0
129223,0.01
129224,0.03
129225,0.04
129226,0.01
129227,0.0
129228,0.24
129229,0.14
129230,0.01
129231,0.14
129232,0.07
129233,0.02
129234,0.06
129235,0.01
129236,0.08
129237,0.14
129238,0.0
129239,0.06
129240,0.61
129241,0.01
129242,0.19
129243,0.0
129244,0.3
129245,0.16
129246,0.0
129247,0.01
129248,0.02
129249,0.04
129250,0.0
129251,0.01
129252,0.0
129253,0.0
129254,0.12
129255,0.01
129256,0.01
129257,0.0
129258,0.0
129259,0.02
129260,0.17
129261,0.0
129262,0.04
129263,0.6
129264,0.0
129265,0.07
129266,0.06
129267,0.0
129268,0.0
129269,0.0
129270,0.06
129271,0.01
129272,0.17
129273,0.13
129274,0.01
129275,0.02
129276,0.0
129277,0.03
129278,0.39
129279,0.0
129280,0.01
129281,0.52
129282,0.16
129283,0.05
129284,0.03
129285,0.1
129286,0.18
129287,0.1
129288,0.0
129289,0.34
129290,0.09
129291,0.0
129292,0.07
129293,0.07
129294,0.13
129295,0.26
129296,0.21
129297,0.24
129298,0.0
129299,0.07
129300,0.01
129301,0.0
129302,0.12
129303,0.03
129304,0.0
129305,0.15
129306,0.01
129307,0.02
129308,0.09
129309,0.1
129310,0.05
129311,0.1
129312,0.01
129313,0.0
129314,0.0
129315,0.02
129316,0.01
129317,0.02
129318,0.01
129319,0.0
129320,0.0
129321,0.11
129322,0.0
129323,0.05
129324,0.07
129325,0.02
129326,0.0
129327,0.08
129328,0.11
129329,0.03
129330,0.0
129331,0.03
129332,0.0
129333,0.0
129334,0.4
129335,0.13
129336,0.08
129337,0.06
129338,0.05
129339,0.0
129340,0.0
129341,0.1
129342,0.05
129343,0.43
129344,0.11
129345,0.29
129346,0.01
129347,0.01
129348,0.0
129349,0.05
129350,0.15
129351,0.22
129352,0.06
129353,0.0
129354,0.2
129355,0.17
129356,0.14
129357,0.37
129358,0.01
129359,0.0
129360,0.14
129361,0.0
129362,0.02
129363,0.0
129364,0.19
129365,0.62
129366,0.02
129367,0.03
129368,0.04
129369,0.0
129370,0.01
129371,0.0
129372,0.07
129373,0.01
129374,0.06
129375,0.0
129376,0.08
129377,0.01
129378,0.06
129379,0.01
129380,0.08
129381,0.35
129382,0.04
129383,0.07
129384,0.18
129385,0.04
129386,0.01
129387,0.04
129388,0.54
129389,0.0
129390,0.0
129391,0.06
129392,0.0
129393,0.03
129394,0.01
129395,0.17
129396,0.0
129397,0.01
129398,0.0
129399,0.0
129400,0.0
129401,0.02
129402,0.06
129403,0.11
129404,0.32
129405,0.05
129406,0.04
129407,0.01
129408,0.54
129409,0.07
129410,0.01
129411,0.0
129412,0.01
129413,0.0
129414,0.0
129415,0.0
129416,0.0
129417,0.07
129418,0.01
129419,0.01
129420,0.12
129421,0.04
129422,0.14
129423,0.43
129424,0.03
129425,0.06
129426,0.01
129427,0.01
129428,0.07
129429,0.02
129430,0.03
129431,0.13
129432,0.05
129433,0.06
129434,0.0
129435,0.02
129436,0.14
129437,0.02
129438,0.03
129439,0.12
129440,0.06
129441,0.02
129442,0.08
129443,0.0
129444,0.0
129445,0.0
129446,0.48
129447,0.01
129448,0.24
129449,0.12
129450,0.42
129451,0.06
129452,0.0
129453,0.04
129454,0.0
129455,0.08
129456,0.0
129457,0.09
129458,0.58
129459,0.03
129460,0.05
129461,0.11
129462,0.15
129463,0.15
129464,0.02
129465,0.16
129466,0.0
129467,0.0
129468,0.3
129469,0.02
129470,0.15
129471,0.1
129472,0.08
129473,0.03
129474,0.05
129475,0.04
129476,0.09
129477,0.0
129478,0.01
129479,0.0
129480,0.0
129481,0.35
129482,0.0
129483,0.0
129484,0.05
129485,0.0
129486,0.02
129487,0.01
129488,0.01
129489,0.24
129490,0.01
129491,0.0
129492,0.05
129493,0.07
129494,0.07
129495,0.05
129496,0.02
129497,0.01
129498,0.0
129499,0.11
129500,0.06
129501,0.23
129502,0.06
129503,0.01
129504,0.0
129505,0.02
129506,0.01
129507,0.02
129508,0.19
129509,0.42
129510,0.02
129511,0.0
129512,0.48
129513,0.38
129514,0.12
129515,0.0
129516,0.06
129517,0.08
129518,0.18
129519,0.55
129520,0.0
129521,0.03
129522,0.01
129523,0.0
129524,0.04
129525,0.02
129526,0.03
129527,0.0
129528,0.0
129529,0.04
129530,0.01
129531,0.02
129532,0.04
129533,0.01
129534,0.08
129535,0.0
129536,0.01
129537,0.04
129538,0.0
129539,0.09
129540,0.07
129541,0.01
129542,0.15
129543,0.05
129544,0.0
129545,0.01
129546,0.0
129547,0.0
129548,0.0
129549,0.07
129550,0.0
129551,0.01
129552,0.01
129553,0.29
129554,0.01
129555,0.01
129556,0.05
129557,0.0
129558,0.17
129559,0.07
129560,0.03
129561,0.08
129562,0.02
129563,0.15
129564,0.33
129565,0.04
129566,0.03
129567,0.19
129568,0.01
129569,0.2
129570,0.11
129571,0.05
129572,0.34
129573,0.05
129574,0.08
129575,0.04
129576,0.01
129577,0.48
129578,0.01
129579,0.01
129580,0.0
129581,0.0
129582,0.0
129583,0.16
129584,0.0
129585,0.03
129586,0.22
129587,0.03
129588,0.06
129589,0.33
129590,0.0
129591,0.0
129592,0.0
129593,0.0
129594,0.01
129595,0.0
129596,0.0
129597,0.02
129598,0.55
129599,0.04
129600,0.02
129601,0.01
129602,0.0
129603,0.0
129604,0.0
129605,0.03
129606,0.06
129607,0.08
129608,0.09
129609,0.01
129610,0.01
129611,0.05
129612,0.03
129613,0.0
129614,0.29
129615,0.0
129616,0.12
129617,0.0
129618,0.03
129619,0.08
129620,0.13
129621,0.04
129622,0.02
129623,0.08
129624,0.45
129625,0.02
129626,0.12
129627,0.0
129628,0.03
129629,0.01
129630,0.15
129631,0.08
129632,0.0
129633,0.01
129634,0.08
129635,0.02
129636,0.0
129637,0.06
129638,0.03
129639,0.04
129640,0.0
129641,0.15
129642,0.02
129643,0.05
129644,0.01
129645,0.0
129646,0.0
129647,0.01
129648,0.07
129649,0.0
129650,0.01
129651,0.06
129652,0.04
129653,0.04
129654,0.02
129655,0.01
129656,0.02
129657,0.06
129658,0.08
129659,0.02
129660,0.01
129661,0.0
129662,0.0
129663,0.06
129664,0.37
129665,0.0
129666,0.42
129667,0.0
129668,0.01
129669,0.13
129670,0.0
129671,0.01
129672,0.0
129673,0.11
129674,0.09
129675,0.0
129676,0.21
129677,0.03
129678,0.01
129679,0.02
129680,0.0
129681,0.0
129682,0.21
129683,0.0
129684,0.32
129685,0.01
129686,0.03
129687,0.02
129688,0.6
129689,0.03
129690,0.0
129691,0.01
129692,0.39
129693,0.07
129694,0.4
129695,0.02
129696,0.05
129697,0.01
129698,0.01
129699,0.06
129700,0.02
129701,0.06
129702,0.01
129703,0.06
129704,0.05
129705,0.0
129706,0.04
129707,0.18
129708,0.0
129709,0.01
129710,0.02
129711,0.01
129712,0.06
129713,0.01
129714,0.01
129715,0.02
129716,0.0
129717,0.09
129718,0.09
129719,0.27
129720,0.0
129721,0.05
129722,0.11
129723,0.01
129724,0.01
129725,0.0
129726,0.29
129727,0.04
129728,0.0
129729,0.0
129730,0.0
129731,0.03
129732,0.11
129733,0.6
129734,0.11
129735,0.0
129736,0.01
129737,0.06
129738,0.07
129739,0.14
129740,0.02
129741,0.04
129742,0.0
129743,0.0
129744,0.07
129745,0.01
129746,0.04
129747,0.1
129748,0.01
129749,0.02
129750,0.28
129751,0.0
129752,0.08
129753,0.05
129754,0.18
129755,0.12
129756,0.05
129757,0.25
129758,0.0
129759,0.09
129760,0.0
129761,0.01
129762,0.01
129763,0.09
129764,0.0
129765,0.01
129766,0.01
129767,0.0
129768,0.0
129769,0.04
129770,0.04
129771,0.03
129772,0.02
129773,0.04
129774,0.04
129775,0.03
129776,0.02
129777,0.01
129778,0.44
129779,0.04
129780,0.02
129781,0.06
129782,0.0
129783,0.17
129784,0.0
129785,0.02
129786,0.0
129787,0.0
129788,0.01
129789,0.25
129790,0.03
129791,0.01
129792,0.09
129793,0.0
129794,0.0
129795,0.04
129796,0.01
129797,0.01
129798,0.0
129799,0.23
129800,0.08
129801,0.03
129802,0.0
129803,0.04
129804,0.76
129805,0.15
129806,0.01
129807,0.02
129808,0.07
129809,0.0
129810,0.01
129811,0.09
129812,0.02
129813,0.0
129814,0.2
129815,0.06
129816,0.02
129817,0.0
129818,0.2
129819,0.01
129820,0.31
129821,0.03
129822,0.25
129823,0.0
129824,0.02
129825,0.05
129826,0.0
129827,0.0
129828,0.1
129829,0.01
129830,0.23
129831,0.04
129832,0.05
129833,0.09
129834,0.1
129835,0.0
129836,0.05
129837,0.0
129838,0.03
129839,0.21
129840,0.08
129841,0.02
129842,0.0
129843,0.03
129844,0.01
129845,0.0
129846,0.17
129847,0.0
129848,0.12
129849,0.0
129850,0.04
129851,0.01
129852,0.0
129853,0.04
129854,0.05
129855,0.19
129856,0.01
129857,0.06
129858,0.03
129859,0.08
129860,0.0
129861,0.03
129862,0.01
129863,0.01
129864,0.19
129865,0.14
129866,0.01
129867,0.0
129868,0.03
129869,0.27
129870,0.11
129871,0.0
129872,0.02
129873,0.01
129874,0.02
129875,0.08
129876,0.05
129877,0.03
129878,0.0
129879,0.06
129880,0.0
129881,0.29
129882,0.42
129883,0.0
129884,0.2
129885,0.0
129886,0.01
129887,0.01
129888,0.01
129889,0.11
129890,0.67
129891,0.0
129892,0.01
129893,0.0
129894,0.06
129895,0.0
129896,0.03
129897,0.64
129898,0.01
129899,0.0
129900,0.16
129901,0.05
129902,0.0
129903,0.06
129904,0.02
129905,0.16
129906,0.1
129907,0.02
129908,0.0
129909,0.0
129910,0.03
129911,0.0
129912,0.03
129913,0.02
129914,0.06
129915,0.0
129916,0.0
129917,0.0
129918,0.02
129919,0.04
129920,0.02
129921,0.0
129922,0.01
129923,0.0
129924,0.0
129925,0.01
129926,0.0
129927,0.09
129928,0.15
129929,0.0
129930,0.02
129931,0.08
129932,0.39
129933,0.03
129934,0.52
129935,0.25
129936,0.04
129937,0.01
129938,0.06
129939,0.05
129940,0.03
129941,0.02
129942,0.0
129943,0.01
129944,0.01
129945,0.0
129946,0.11
129947,0.09
129948,0.73
129949,0.21
129950,0.04
129951,0.03
129952,0.03
129953,0.03
129954,0.03
129955,0.0
129956,0.18
129957,0.0
129958,0.0
129959,0.0
129960,0.0
129961,0.01
129962,0.11
129963,0.0
129964,0.0
129965,0.2
129966,0.02
129967,0.02
129968,0.33
129969,0.03
129970,0.04
129971,0.0
129972,0.02
129973,0.15
129974,0.11
129975,0.0
129976,0.14
129977,0.04
129978,0.0
129979,0.0
129980,0.11
129981,0.19
129982,0.0
129983,0.01
129984,0.16
129985,0.0
129986,0.02
129987,0.03
129988,0.02
129989,0.03
129990,0.06
129991,0.32
129992,0.0
129993,0.04
129994,0.01
129995,0.03
129996,0.06
129997,0.0
129998,0.0
129999,0.18
130000,0.0
130001,0.0
130002,0.0
130003,0.03
130004,0.01
130005,0.0
130006,0.01
130007,0.13
130008,0.04
130009,0.09
130010,0.04
130011,0.02
130012,0.0
130013,0.29
130014,0.03
130015,0.16
130016,0.03
130017,0.02
130018,0.0
130019,0.02
130020,0.0
130021,0.06
130022,0.49
130023,0.01
130024,0.31
130025,0.02
130026,0.0
130027,0.01
130028,0.0
130029,0.09
130030,0.03
130031,0.0
130032,0.04
130033,0.17
130034,0.03
130035,0.01
130036,0.0
130037,0.0
130038,0.0
130039,0.0
130040,0.02
130041,0.14
130042,0.0
130043,0.0
130044,0.08
130045,0.06
130046,0.06
130047,0.07
130048,0.02
130049,0.09
130050,0.0
130051,0.0
130052,0.13
130053,0.0
130054,0.09
130055,0.03
130056,0.0
130057,0.02
130058,0.03
130059,0.02
130060,0.02
130061,0.07
130062,0.01
130063,0.04
130064,0.09
130065,0.1
130066,0.17
130067,0.0
130068,0.0
130069,0.04
130070,0.17
130071,0.49
130072,0.1
130073,0.04
130074,0.01
130075,0.02
130076,0.04
130077,0.3
130078,0.0
130079,0.02
130080,0.24
130081,0.0
130082,0.0
130083,0.02
130084,0.85
130085,0.02
130086,0.04
130087,0.0
130088,0.42
130089,0.0
130090,0.01
130091,0.01
130092,0.0
130093,0.09
130094,0.03
130095,0.22
130096,0.52
130097,0.38
130098,0.07
130099,0.0
130100,0.01
130101,0.02
130102,0.07
130103,0.0
130104,0.57
130105,0.01
130106,0.0
130107,0.03
130108,0.08
130109,0.06
130110,0.14
130111,0.01
130112,0.01
130113,0.13
130114,0.0
130115,0.0
130116,0.03
130117,0.08
130118,0.03
130119,0.08
130120,0.22
130121,0.22
130122,0.0
130123,0.16
130124,0.79
130125,0.04
130126,0.11
130127,0.02
130128,0.01
130129,0.35
130130,0.31
130131,0.09
130132,0.0
130133,0.24
130134,0.11
130135,0.02
130136,0.06
130137,0.38
130138,0.0
130139,0.02
130140,0.05
130141,0.0
130142,0.13
130143,0.17
130144,0.0
130145,0.17
130146,0.19
130147,0.01
130148,0.0
130149,0.0
130150,0.01
130151,0.0
130152,0.0
130153,0.19
130154,0.0
130155,0.02
130156,0.06
130157,0.0
130158,0.03
130159,0.0
130160,0.01
130161,0.0
130162,0.01
130163,0.02
130164,0.01
130165,0.0
130166,0.03
130167,0.02
130168,0.14
130169,0.03
130170,0.0
130171,0.01
130172,0.0
130173,0.07
130174,0.03
130175,0.0
130176,0.06
130177,0.0
130178,0.0
130179,0.07
130180,0.01
130181,0.0
130182,0.33
130183,0.14
130184,0.08
130185,0.03
130186,0.01
130187,0.0
130188,0.0
130189,0.22
130190,0.0
130191,0.05
130192,0.0
130193,0.03
130194,0.0
130195,0.02
130196,0.02
130197,0.0
130198,0.03
130199,0.0
130200,0.1
130201,0.04
130202,0.55
130203,0.08
130204,0.0
130205,0.06
130206,0.01
130207,0.06
130208,0.02
130209,0.15
130210,0.11
130211,0.01
130212,0.04
130213,0.09
130214,0.21
130215,0.0
130216,0.22
130217,0.08
130218,0.12
130219,0.64
130220,0.03
130221,0.21
130222,0.0
130223,0.0
130224,0.03
130225,0.02
130226,0.14
130227,0.0
130228,0.08
130229,0.12
130230,0.09
130231,0.11
130232,0.03
130233,0.48
130234,0.01
130235,0.27
130236,0.01
130237,0.0
130238,0.0
130239,0.02
130240,0.02
130241,0.02
130242,0.62
130243,0.0
130244,0.15
130245,0.0
130246,0.0
130247,0.04
130248,0.0
130249,0.0
130250,0.02
130251,0.06
130252,0.1
130253,0.06
130254,0.02
130255,0.5
130256,0.07
130257,0.27
130258,0.22
130259,0.3
130260,0.0
130261,0.0
130262,0.01
130263,0.04
130264,0.0
130265,0.01
130266,0.12
130267,0.02
130268,0.0
130269,0.32
130270,0.09
130271,0.0
130272,0.0
130273,0.18
130274,0.3
130275,0.16
130276,0.01
130277,0.03
130278,0.07
130279,0.01
130280,0.02
130281,0.09
130282,0.0
130283,0.03
130284,0.02
130285,0.07
130286,0.0
130287,0.14
130288,0.02
130289,0.0
130290,0.0
130291,0.0
130292,0.14
130293,0.05
130294,0.32
130295,0.02
130296,0.02
130297,0.0
130298,0.05
130299,0.0
130300,0.28
130301,0.02
130302,0.0
130303,0.0
130304,0.04
130305,0.08
130306,0.06
130307,0.03
130308,0.0
130309,0.05
130310,0.03
130311,0.05
130312,0.24
130313,0.01
130314,0.0
130315,0.0
130316,0.01
130317,0.0
130318,0.25
130319,0.02
130320,0.0
130321,0.17
130322,0.51
130323,0.0
130324,0.0
130325,0.12
130326,0.56
130327,0.35
130328,0.1
130329,0.0
130330,0.2
130331,0.0
130332,0.0
130333,0.02
130334,0.02
130335,0.03
130336,0.0
130337,0.02
130338,0.16
130339,0.17
130340,0.08
130341,0.05
130342,0.0
130343,0.0
130344,0.01
130345,0.06
130346,0.09
130347,0.0
130348,0.37
130349,0.05
130350,0.0
130351,0.0
130352,0.05
130353,0.0
130354,0.0
130355,0.06
130356,0.12
130357,0.13
130358,0.12
130359,0.0
130360,0.0
130361,0.02
130362,0.04
130363,0.55
130364,0.0
130365,0.04
130366,0.01
130367,0.05
130368,0.01
130369,0.0
130370,0.1
130371,0.01
130372,0.04
130373,0.0
130374,0.06
130375,0.04
130376,0.02
130377,0.04
130378,0.01
130379,0.0
130380,0.15
130381,0.01
130382,0.0
130383,0.0
130384,0.12
130385,0.03
130386,0.0
130387,0.01
130388,0.18
130389,0.42
130390,0.09
130391,0.0
130392,0.02
130393,0.01
130394,0.01
130395,0.02
130396,0.14
130397,0.05
130398,0.02
130399,0.01
130400,0.06
130401,0.03
130402,0.0
130403,0.0
130404,0.13
130405,0.0
130406,0.01
130407,0.0
130408,0.08
130409,0.01
130410,0.12
130411,0.05
130412,0.01
130413,0.0
130414,0.37
130415,0.03
130416,0.02
130417,0.01
130418,0.15
130419,0.03
130420,0.03
130421,0.02
130422,0.0
130423,0.05
130424,0.3
130425,0.02
130426,0.01
130427,0.0
130428,0.0
130429,0.01
130430,0.01
130431,0.0
130432,0.24
130433,0.0
130434,0.0
130435,0.02
130436,0.02
130437,0.01
130438,0.0
130439,0.01
130440,0.0
130441,0.39
130442,0.32
130443,0.0
130444,0.05
130445,0.27
130446,0.21
130447,0.58
130448,0.04
130449,0.05
130450,0.03
130451,0.02
130452,0.08
130453,0.03
130454,0.04
130455,0.01
130456,0.0
130457,0.0
130458,0.04
130459,0.13
130460,0.0
130461,0.07
130462,0.19
130463,0.0
130464,0.13
130465,0.01
130466,0.0
130467,0.01
130468,0.13
130469,0.05
130470,0.01
130471,0.01
130472,0.05
130473,0.0
130474,0.0
130475,0.0
130476,0.08
130477,0.23
130478,0.0
130479,0.0
130480,0.0
130481,0.06
130482,0.09
130483,0.01
130484,0.0
130485,0.03
130486,0.0
130487,0.02
130488,0.24
130489,0.03
130490,0.01
130491,0.05
130492,0.02
130493,0.0
130494,0.01
130495,0.06
130496,0.29
130497,0.41
130498,0.56
130499,0.08
130500,0.0
130501,0.0
130502,0.01
130503,0.0
130504,0.32
130505,0.03
130506,0.02
130507,0.02
130508,0.0
130509,0.0
130510,0.0
130511,0.0
130512,0.53
130513,0.01
130514,0.09
130515,0.05
130516,0.01
130517,0.0
130518,0.02
130519,0.0
130520,0.06
130521,0.11
130522,0.33
130523,0.28
130524,0.04
130525,0.22
130526,0.02
130527,0.17
130528,0.31
130529,0.58
130530,0.34
130531,0.0
130532,0.0
130533,0.16
130534,0.03
130535,0.02
130536,0.0
130537,0.03
130538,0.04
130539,0.07
130540,0.06
130541,0.0
130542,0.0
130543,0.0
130544,0.04
130545,0.32
130546,0.08
130547,0.23
130548,0.36
130549,0.0
130550,0.02
130551,0.37
130552,0.0
130553,0.0
130554,0.02
130555,0.26
130556,0.0
130557,0.03
130558,0.0
130559,0.03
130560,0.0
130561,0.09
130562,0.62
130563,0.0
130564,0.11
130565,0.0
130566,0.12
130567,0.53
130568,0.43
130569,0.02
130570,0.02
130571,0.06
130572,0.19
130573,0.04
130574,0.06
130575,0.02
130576,0.02
130577,0.01
130578,0.0
130579,0.04
130580,0.06
130581,0.03
130582,0.0
130583,0.01
130584,0.01
130585,0.0
130586,0.16
130587,0.17
130588,0.05
130589,0.03
130590,0.01
130591,0.0
130592,0.03
130593,0.06
130594,0.06
130595,0.28
130596,0.0
130597,0.02
130598,0.0
130599,0.02
130600,0.01
130601,0.54
130602,0.23
130603,0.01
130604,0.13
130605,0.0
130606,0.1
130607,0.0
130608,0.09
130609,0.08
130610,0.0
130611,0.0
130612,0.0
130613,0.0
130614,0.0
130615,0.0
130616,0.17
130617,0.06
130618,0.03
130619,0.24
130620,0.0
130621,0.1
130622,0.01
130623,0.05
130624,0.01
130625,0.24
130626,0.01
130627,0.16
130628,0.02
130629,0.18
130630,0.04
130631,0.01
130632,0.07
130633,0.18
130634,0.05
130635,0.06
130636,0.01
130637,0.04
130638,0.0
130639,0.13
130640,0.0
130641,0.01
130642,0.08
130643,0.0
130644,0.0
130645,0.01
130646,0.0
130647,0.08
130648,0.0
130649,0.03
130650,0.0
130651,0.02
130652,0.0
130653,0.0
130654,0.05
130655,0.0
130656,0.27
130657,0.27
130658,0.23
130659,0.0
130660,0.07
130661,0.0
130662,0.07
130663,0.0
130664,0.0
130665,0.0
130666,0.0
130667,0.02
130668,0.01
130669,0.0
130670,0.0
130671,0.15
130672,0.03
130673,0.02
130674,0.0
130675,0.0
130676,0.02
130677,0.0
130678,0.0
130679,0.04
130680,0.27
130681,0.26
130682,0.1
130683,0.0
130684,0.0
130685,0.01
130686,0.1
130687,0.03
130688,0.0
130689,0.04
130690,0.01
130691,0.08
130692,0.0
130693,0.01
130694,0.3
130695,0.17
130696,0.19
130697,0.03
130698,0.01
130699,0.07
130700,0.0
130701,0.13
130702,0.0
130703,0.01
130704,0.0
130705,0.07
130706,0.01
130707,0.02
130708,0.26
130709,0.02
130710,0.06
130711,0.01
130712,0.01
130713,0.03
130714,0.17
130715,0.01
130716,0.0
130717,0.11
130718,0.37
130719,0.02
130720,0.04
130721,0.05
130722,0.0
130723,0.02
130724,0.04
130725,0.0
130726,0.04
130727,0.01
130728,0.03
130729,0.0
130730,0.0
130731,0.02
130732,0.01
130733,0.22
130734,0.0
130735,0.06
130736,0.01
130737,0.16
130738,0.0
130739,0.26
130740,0.01
130741,0.01
130742,0.02
130743,0.0
130744,0.04
130745,0.01
130746,0.0
130747,0.01
130748,0.14
130749,0.0
130750,0.01
130751,0.19
130752,0.32
130753,0.0
130754,0.08
130755,0.01
130756,0.0
130757,0.09
130758,0.0
130759,0.01
130760,0.69
130761,0.0
130762,0.04
130763,0.3
130764,0.0
130765,0.04
130766,0.0
130767,0.02
130768,0.02
130769,0.01
130770,0.01
130771,0.03
130772,0.0
130773,0.46
130774,0.42
130775,0.03
130776,0.01
130777,0.02
130778,0.0
130779,0.19
130780,0.08
130781,0.0
130782,0.12
130783,0.1
130784,0.03
130785,0.04
130786,0.0
130787,0.0
130788,0.02
130789,0.03
130790,0.07
130791,0.19
130792,0.02
130793,0.23
130794,0.0
130795,0.01
130796,0.0
130797,0.44
130798,0.01
130799,0.03
130800,0.01
130801,0.03
130802,0.05
130803,0.0
130804,0.1
130805,0.0
130806,0.09
130807,0.36
130808,0.04
130809,0.01
130810,0.0
130811,0.1
130812,0.0
130813,0.01
130814,0.01
130815,0.52
130816,0.02
130817,0.52
130818,0.04
130819,0.75
130820,0.06
130821,0.01
130822,0.35
130823,0.03
130824,0.57
130825,0.01
130826,0.0
130827,0.05
130828,0.01
130829,0.0
130830,0.16
130831,0.02
130832,0.01
130833,0.1
130834,0.01
130835,0.18
130836,0.0
130837,0.0
130838,0.06
130839,0.06
130840,0.03
130841,0.03
130842,0.01
130843,0.01
130844,0.07
130845,0.26
130846,0.04
130847,0.25
130848,0.19
130849,0.03
130850,0.02
130851,0.04
130852,0.0
130853,0.0
130854,0.02
130855,0.1
130856,0.01
130857,0.0
130858,0.0
130859,0.06
130860,0.03
130861,0.22
130862,0.0
130863,0.06
130864,0.0
130865,0.18
130866,0.02
130867,0.12
130868,0.0
130869,0.2
130870,0.01
130871,0.0
130872,0.01
130873,0.27
130874,0.0
130875,0.09
130876,0.0
130877,0.0
130878,0.0
130879,0.05
130880,0.01
130881,0.01
130882,0.11
130883,0.01
130884,0.03
130885,0.0
130886,0.01
130887,0.02
130888,0.1
130889,0.01
130890,0.06
130891,0.01
130892,0.03
130893,0.01
130894,0.07
130895,0.03
130896,0.0
130897,0.0
130898,0.09
130899,0.01
130900,0.24
130901,0.01
130902,0.01
130903,0.0
130904,0.02
130905,0.0
130906,0.07
130907,0.44
130908,0.01
130909,0.0
130910,0.02
130911,0.0
130912,0.01
130913,0.0
130914,0.01
130915,0.03
130916,0.01
130917,0.0
130918,0.03
130919,0.46
130920,0.02
130921,0.09
130922,0.21
130923,0.01
130924,0.01
130925,0.19
130926,0.22
130927,0.0
130928,0.0
130929,0.0
130930,0.05
130931,0.03
130932,0.0
130933,0.01
130934,0.01
130935,0.0
130936,0.05
130937,0.0
130938,0.0
130939,0.44
130940,0.01
130941,0.01
130942,0.11
130943,0.0
130944,0.02
130945,0.54
130946,0.05
130947,0.03
130948,0.02
130949,0.01
130950,0.0
130951,0.03
130952,0.01
130953,0.0
130954,0.01
130955,0.08
130956,0.01
130957,0.0
130958,0.02
130959,0.04
130960,0.0
130961,0.0
130962,0.03
130963,0.01
130964,0.0
130965,0.11
130966,0.02
130967,0.02
130968,0.11
130969,0.0
130970,0.03
130971,0.09
130972,0.03
130973,0.0
130974,0.0
130975,0.0
130976,0.0
130977,0.09
130978,0.0
130979,0.0
130980,0.06
130981,0.01
130982,0.0
130983,0.01
130984,0.0
130985,0.0
130986,0.01
130987,0.03
130988,0.01
130989,0.49
130990,0.03
130991,0.01
130992,0.08
130993,0.01
130994,0.0
130995,0.13
130996,0.59
130997,0.02
130998,0.0
130999,0.01
131000,0.03
131001,0.01
131002,0.0
131003,0.12
131004,0.0
131005,0.05
131006,0.0
131007,0.04
131008,0.35
131009,0.01
131010,0.06
131011,0.1
131012,0.22
131013,0.06
131014,0.03
131015,0.0
131016,0.0
131017,0.0
131018,0.14
131019,0.0
131020,0.03
131021,0.0
131022,0.05
131023,0.12
131024,0.04
131025,0.0
131026,0.67
131027,0.01
131028,0.02
131029,0.0
131030,0.01
131031,0.01
131032,0.8
131033,0.0
131034,0.0
131035,0.12
131036,0.34
131037,0.01
131038,0.07
131039,0.1
131040,0.04
131041,0.0
131042,0.0
131043,0.05
131044,0.19
131045,0.02
131046,0.0
131047,0.0
131048,0.0
131049,0.0
131050,0.01
131051,0.04
131052,0.1
131053,0.0
131054,0.0
131055,0.12
131056,0.0
131057,0.01
131058,0.0
131059,0.0
131060,0.0
131061,0.0
131062,0.13
131063,0.0
131064,0.1
131065,0.55
131066,0.06
131067,0.1
131068,0.08
131069,0.0
131070,0.57
131071,0.07
131072,0.0
131073,0.0
131074,0.0
131075,0.45
131076,0.09
131077,0.15
131078,0.1
131079,0.05
131080,0.08
131081,0.1
131082,0.03
131083,0.03
131084,0.01
131085,0.15
131086,0.01
131087,0.12
131088,0.0
131089,0.02
131090,0.0
131091,0.01
131092,0.49
131093,0.05
131094,0.09
131095,0.08
131096,0.0
131097,0.02
131098,0.05
131099,0.07
131100,0.01
131101,0.0
131102,0.0
131103,0.0
131104,0.01
131105,0.02
131106,0.0
131107,0.02
131108,0.0
131109,0.0
131110,0.0
131111,0.03
131112,0.0
131113,0.0
131114,0.03
131115,0.0
131116,0.0
131117,0.03
131118,0.28
131119,0.03
131120,0.0
131121,0.0
131122,0.13
131123,0.0
131124,0.01
131125,0.0
131126,0.0
131127,0.0
131128,0.02
131129,0.0
131130,0.03
131131,0.12
131132,0.0
131133,0.0
131134,0.16
131135,0.02
131136,0.0
131137,0.17
131138,0.04
131139,0.02
131140,0.18
131141,0.1
131142,0.04
131143,0.01
131144,0.02
131145,0.38
131146,0.01
131147,0.0
131148,0.07
131149,0.0
131150,0.01
131151,0.02
131152,0.0
131153,0.01
131154,0.21
131155,0.0
131156,0.0
131157,0.0
131158,0.01
131159,0.0
131160,0.01
131161,0.0
131162,0.0
131163,0.02
131164,0.02
131165,0.04
131166,0.0
131167,0.0
131168,0.0
131169,0.0
131170,0.03
131171,0.0
131172,0.05
131173,0.13
131174,0.02
131175,0.06
131176,0.01
131177,0.26
131178,0.02
131179,0.36
131180,0.08
131181,0.46
131182,0.05
131183,0.0
131184,0.05
131185,0.51
131186,0.01
131187,0.01
131188,0.0
131189,0.03
131190,0.01
131191,0.0
131192,0.14
131193,0.0
131194,0.02
131195,0.05
131196,0.01
131197,0.0
131198,0.05
131199,0.1
131200,0.11
131201,0.08
131202,0.22
131203,0.05
131204,0.34
131205,0.01
131206,0.02
131207,0.02
131208,0.17
131209,0.43
131210,0.05
131211,0.0
131212,0.0
131213,0.05
131214,0.0
131215,0.04
131216,0.01
131217,0.03
131218,0.0
131219,0.23
131220,0.07
131221,0.0
131222,0.1
131223,0.02
131224,0.0
131225,0.0
131226,0.0
131227,0.01
131228,0.47
131229,0.03
131230,0.05
131231,0.04
131232,0.06
131233,0.01
131234,0.61
131235,0.07
131236,0.01
131237,0.25
131238,0.0
131239,0.04
131240,0.05
131241,0.01
131242,0.13
131243,0.03
131244,0.11
131245,0.0
131246,0.01
131247,0.01
131248,0.13
131249,0.0
131250,0.01
131251,0.0
131252,0.02
131253,0.08
131254,0.04
131255,0.01
131256,0.03
131257,0.03
131258,0.04
131259,0.01
131260,0.03
131261,0.0
131262,0.01
131263,0.3
131264,0.0
131265,0.08
131266,0.1
131267,0.15
131268,0.44
131269,0.04
131270,0.06
131271,0.0
131272,0.02
131273,0.04
131274,0.0
131275,0.06
131276,0.0
131277,0.0
131278,0.01
131279,0.52
131280,0.07
131281,0.14
131282,0.0
131283,0.09
131284,0.16
131285,0.0
131286,0.02
131287,0.01
131288,0.17
131289,0.0
131290,0.02
131291,0.15
131292,0.1
131293,0.05
131294,0.03
131295,0.11
131296,0.14
131297,0.03
131298,0.03
131299,0.35
131300,0.01
131301,0.01
131302,0.02
131303,0.09
131304,0.23
131305,0.3
131306,0.0
131307,0.27
131308,0.02
131309,0.03
131310,0.0
131311,0.0
131312,0.01
131313,0.01
131314,0.19
131315,0.05
131316,0.12
131317,0.06
131318,0.1
131319,0.15
131320,0.08
131321,0.06
131322,0.04
131323,0.06
131324,0.03
131325,0.0
131326,0.0
131327,0.01
131328,0.17
131329,0.1
131330,0.0
131331,0.02
131332,0.01
131333,0.13
131334,0.0
131335,0.0
131336,0.02
131337,0.04
131338,0.02
131339,0.12
131340,0.0
131341,0.0
131342,0.0
131343,0.05
131344,0.0
131345,0.03
131346,0.13
131347,0.03
131348,0.44
131349,0.02
131350,0.01
131351,0.31
131352,0.01
131353,0.0
131354,0.01
131355,0.32
131356,0.02
131357,0.0
131358,0.08
131359,0.01
131360,0.12
131361,0.01
131362,0.0
131363,0.01
131364,0.11
131365,0.0
131366,0.02
131367,0.0
131368,0.17
131369,0.04
131370,0.01
131371,0.02
131372,0.0
131373,0.21
131374,0.02
131375,0.03
131376,0.0
131377,0.0
131378,0.28
131379,0.15
131380,0.1
131381,0.01
131382,0.02
131383,0.0
131384,0.01
131385,0.03
131386,0.0
131387,0.0
131388,0.02
131389,0.01
131390,0.05
131391,0.05
131392,0.0
131393,0.07
131394,0.02
131395,0.04
131396,0.0
131397,0.0
131398,0.0
131399,0.03
131400,0.0
131401,0.02
131402,0.59
131403,0.0
131404,0.02
131405,0.03
131406,0.13
131407,0.0
131408,0.02
131409,0.0
131410,0.01
131411,0.07
131412,0.08
131413,0.15
131414,0.21
131415,0.16
131416,0.32
131417,0.05
131418,0.03
131419,0.26
131420,0.73
131421,0.0
131422,0.45
131423,0.15
131424,0.0
131425,0.0
131426,0.37
131427,0.0
131428,0.02
131429,0.0
131430,0.02
131431,0.03
131432,0.0
131433,0.07
131434,0.01
131435,0.15
131436,0.08
131437,0.03
131438,0.08
131439,0.32
131440,0.01
131441,0.01
131442,0.0
131443,0.01
131444,0.02
131445,0.04
131446,0.01
131447,0.07
131448,0.09
131449,0.02
131450,0.0
131451,0.06
131452,0.01
131453,0.05
131454,0.0
131455,0.02
131456,0.25
131457,0.14
131458,0.02
131459,0.04
131460,0.02
131461,0.09
131462,0.01
131463,0.09
131464,0.01
131465,0.05
131466,0.1
131467,0.09
131468,0.0
131469,0.0
131470,0.24
131471,0.08
131472,0.05
131473,0.11
131474,0.0
131475,0.04
131476,0.1
131477,0.03
131478,0.01
131479,0.04
131480,0.0
131481,0.0
131482,0.01
131483,0.01
131484,0.07
131485,0.17
131486,0.28
131487,0.0
131488,0.32
131489,0.2
131490,0.03
131491,0.03
131492,0.33
131493,0.03
131494,0.14
131495,0.0
131496,0.02
131497,0.04
131498,0.02
131499,0.03
131500,0.02
131501,0.0
131502,0.0
131503,0.01
131504,0.0
131505,0.0
131506,0.02
131507,0.01
131508,0.01
131509,0.02
131510,0.04
131511,0.01
131512,0.16
131513,0.01
131514,0.01
131515,0.0
131516,0.05
131517,0.0
131518,0.01
131519,0.0
131520,0.02
131521,0.01
131522,0.31
131523,0.02
131524,0.04
131525,0.0
131526,0.33
131527,0.0
131528,0.04
131529,0.34
131530,0.06
131531,0.18
131532,0.0
131533,0.0
131534,0.15
131535,0.0
131536,0.0
131537,0.0
131538,0.03
131539,0.37
131540,0.0
131541,0.02
131542,0.04
131543,0.46
131544,0.02
131545,0.0
131546,0.06
131547,0.02
131548,0.0
131549,0.03
131550,0.59
131551,0.0
131552,0.0
131553,0.23
131554,0.31
131555,0.01
131556,0.21
131557,0.01
131558,0.06
131559,0.21
131560,0.0
131561,0.02
131562,0.0
131563,0.01
131564,0.18
131565,0.05
131566,0.08
131567,0.0
131568,0.0
131569,0.02
131570,0.38
131571,0.0
131572,0.02
131573,0.02
131574,0.0
131575,0.0
131576,0.0
131577,0.01
131578,0.0
131579,0.09
131580,0.01
131581,0.0
131582,0.77
131583,0.02
131584,0.01
131585,0.05
131586,0.07
131587,0.0
131588,0.01
131589,0.09
131590,0.0
131591,0.01
131592,0.0
131593,0.35
131594,0.0
131595,0.23
131596,0.25
131597,0.0
131598,0.09
131599,0.0
131600,0.0
131601,0.0
131602,0.0
131603,0.08
131604,0.07
131605,0.0
131606,0.0
131607,0.02
131608,0.0
131609,0.1
131610,0.05
131611,0.0
131612,0.0
131613,0.02
131614,0.02
131615,0.05
131616,0.01
131617,0.06
131618,0.04
131619,0.06
131620,0.01
131621,0.21
131622,0.02
131623,0.0
131624,0.04
131625,0.0
131626,0.0
131627,0.0
131628,0.04
131629,0.14
131630,0.27
131631,0.11
131632,0.18
131633,0.12
131634,0.08
131635,0.0
131636,0.0
131637,0.05
131638,0.01
131639,0.03
131640,0.0
131641,0.02
131642,0.03
131643,0.01
131644,0.03
131645,0.0
131646,0.32
131647,0.0
131648,0.05
131649,0.02
131650,0.08
131651,0.0
131652,0.06
131653,0.01
131654,0.01
131655,0.09
131656,0.0
131657,0.0
131658,0.01
131659,0.22
131660,0.14
131661,0.04
131662,0.0
131663,0.09
131664,0.0
131665,0.0
131666,0.31
131667,0.01
131668,0.0
131669,0.07
131670,0.04
131671,0.1
131672,0.01
131673,0.0
131674,0.0
131675,0.07
131676,0.0
131677,0.0
131678,0.31
131679,0.01
131680,0.13
131681,0.07
131682,0.05
131683,0.01
131684,0.05
131685,0.0
131686,0.02
131687,0.0
131688,0.18
131689,0.04
131690,0.01
131691,0.05
131692,0.05
131693,0.02
131694,0.04
131695,0.01
131696,0.02
131697,0.06
131698,0.16
131699,0.01
131700,0.03
131701,0.05
131702,0.02
131703,0.0
131704,0.0
131705,0.01
131706,0.11
131707,0.0
131708,0.34
131709,0.08
131710,0.25
131711,0.0
131712,0.0
131713,0.01
131714,0.03
131715,0.0
131716,0.23
131717,0.04
131718,0.12
131719,0.02
131720,0.11
131721,0.0
131722,0.03
131723,0.0
131724,0.0
131725,0.03
131726,0.01
131727,0.04
131728,0.0
131729,0.12
131730,0.01
131731,0.01
131732,0.16
131733,0.0
131734,0.34
131735,0.16
131736,0.01
131737,0.13
131738,0.15
131739,0.48
131740,0.05
131741,0.01
131742,0.19
131743,0.0
131744,0.09
131745,0.01
131746,0.09
131747,0.05
131748,0.0
131749,0.0
131750,0.05
131751,0.03
131752,0.03
131753,0.01
131754,0.0
131755,0.2
131756,0.0
131757,0.12
131758,0.02
131759,0.2
131760,0.01
131761,0.02
131762,0.04
131763,0.0
131764,0.0
131765,0.04
131766,0.04
131767,0.27
131768,0.0
131769,0.13
131770,0.02
131771,0.0
131772,0.01
131773,0.01
131774,0.0
131775,0.02
131776,0.13
131777,0.12
131778,0.0
131779,0.08
131780,0.04
131781,0.08
131782,0.0
131783,0.03
131784,0.0
131785,0.08
131786,0.3
131787,0.4
131788,0.02
131789,0.09
131790,0.04
131791,0.05
131792,0.01
131793,0.38
131794,0.0
131795,0.01
131796,0.09
131797,0.04
131798,0.0
131799,0.1
131800,0.09
131801,0.0
131802,0.0
131803,0.0
131804,0.01
131805,0.21
131806,0.03
131807,0.02
131808,0.21
131809,0.04
131810,0.0
131811,0.15
131812,0.07
131813,0.0
131814,0.21
131815,0.01
131816,0.06
131817,0.03
131818,0.48
131819,0.0
131820,0.01
131821,0.0
131822,0.01
131823,0.0
131824,0.33
131825,0.06
131826,0.07
131827,0.06
131828,0.0
131829,0.02
131830,0.06
131831,0.0
131832,0.1
131833,0.0
131834,0.0
131835,0.0
131836,0.02
131837,0.42
131838,0.01
131839,0.0
131840,0.01
131841,0.03
131842,0.02
131843,0.21
131844,0.0
131845,0.01
131846,0.03
131847,0.05
131848,0.17
131849,0.16
131850,0.02
131851,0.0
131852,0.08
131853,0.0
131854,0.11
131855,0.09
131856,0.08
131857,0.17
131858,0.03
131859,0.0
131860,0.01
131861,0.04
131862,0.04
131863,0.15
131864,0.0
131865,0.18
131866,0.01
131867,0.0
131868,0.01
131869,0.02
131870,0.13
131871,0.45
131872,0.0
131873,0.01
131874,0.3
131875,0.0
131876,0.0
131877,0.0
131878,0.12
131879,0.08
131880,0.0
131881,0.0
131882,0.07
131883,0.03
131884,0.0
131885,0.04
131886,0.06
131887,0.0
131888,0.0
131889,0.1
131890,0.27
131891,0.3
131892,0.04
131893,0.0
131894,0.0
131895,0.07
131896,0.43
131897,0.03
131898,0.05
131899,0.02
131900,0.21
131901,0.0
131902,0.08
131903,0.0
131904,0.01
131905,0.06
131906,0.05
131907,0.2
131908,0.05
131909,0.42
131910,0.04
131911,0.0
131912,0.0
131913,0.02
131914,0.04
131915,0.0
131916,0.04
131917,0.16
131918,0.1
131919,0.01
131920,0.03
131921,0.01
131922,0.0
131923,0.01
131924,0.06
131925,0.0
131926,0.03
131927,0.13
131928,0.18
131929,0.05
131930,0.0
131931,0.02
131932,0.08
131933,0.01
131934,0.0
131935,0.03
131936,0.01
131937,0.03
131938,0.1
131939,0.01
131940,0.03
131941,0.05
131942,0.05
131943,0.08
131944,0.0
131945,0.04
131946,0.0
131947,0.16
131948,0.01
131949,0.0
131950,0.16
131951,0.01
131952,0.02
131953,0.0
131954,0.0
131955,0.0
131956,0.02
131957,0.06
131958,0.18
131959,0.02
131960,0.04
131961,0.0
131962,0.08
131963,0.05
131964,0.04
131965,0.1
131966,0.13
131967,0.04
131968,0.03
131969,0.02
131970,0.06
131971,0.01
131972,0.23
131973,0.02
131974,0.0
131975,0.02
131976,0.0
131977,0.01
131978,0.01
131979,0.07
131980,0.05
131981,0.56
131982,0.01
131983,0.08
131984,0.01
131985,0.0
131986,0.01
131987,0.01
131988,0.07
131989,0.01
131990,0.06
131991,0.03
131992,0.06
131993,0.08
131994,0.01
131995,0.01
131996,0.03
131997,0.03
131998,0.04
131999,0.0
132000,0.19
132001,0.01
132002,0.16
132003,0.05
132004,0.02
132005,0.0
132006,0.06
132007,0.02
132008,0.5
132009,0.02
132010,0.04
132011,0.0
132012,0.03
132013,0.02
132014,0.05
132015,0.14
132016,0.0
132017,0.0
132018,0.0
132019,0.04
132020,0.28
132021,0.15
132022,0.2
132023,0.03
132024,0.42
132025,0.01
132026,0.04
132027,0.0
132028,0.18
132029,0.02
132030,0.02
132031,0.05
132032,0.0
132033,0.0
132034,0.06
132035,0.47
132036,0.01
132037,0.18
132038,0.0
132039,0.12
132040,0.03
132041,0.04
132042,0.39
132043,0.06
132044,0.0
132045,0.02
132046,0.0
132047,0.0
132048,0.0
132049,0.0
132050,0.0
132051,0.0
132052,0.1
132053,0.0
132054,0.01
132055,0.04
132056,0.07
132057,0.0
132058,0.0
132059,0.0
132060,0.03
132061,0.08
132062,0.26
132063,0.0
132064,0.39
132065,0.01
132066,0.15
132067,0.01
132068,0.16
132069,0.1
132070,0.41
132071,0.04
132072,0.05
132073,0.03
132074,0.03
132075,0.17
132076,0.0
132077,0.12
132078,0.15
132079,0.0
132080,0.04
132081,0.08
132082,0.01
132083,0.0
132084,0.04
132085,0.03
132086,0.05
132087,0.0
132088,0.16
132089,0.07
132090,0.05
132091,0.0
132092,0.0
132093,0.01
132094,0.02
132095,0.21
132096,0.53
132097,0.0
132098,0.05
132099,0.05
132100,0.16
132101,0.16
132102,0.02
132103,0.06
132104,0.01
132105,0.02
132106,0.0
132107,0.0
132108,0.65
132109,0.0
132110,0.02
132111,0.0
132112,0.03
132113,0.04
132114,0.01
132115,0.04
132116,0.2
132117,0.03
132118,0.02
132119,0.0
132120,0.0
132121,0.08
132122,0.11
132123,0.01
132124,0.29
132125,0.0
132126,0.09
132127,0.04
132128,0.03
132129,0.04
132130,0.02
132131,0.02
132132,0.01
132133,0.27
132134,0.0
132135,0.12
132136,0.01
132137,0.0
132138,0.0
132139,0.03
132140,0.01
132141,0.0
132142,0.13
132143,0.04
132144,0.02
132145,0.04
132146,0.0
132147,0.02
132148,0.01
132149,0.03
132150,0.29
132151,0.03
132152,0.0
132153,0.01
132154,0.0
132155,0.0
132156,0.0
132157,0.17
132158,0.03
132159,0.01
132160,0.1
132161,0.05
132162,0.0
132163,0.38
132164,0.09
132165,0.0
132166,0.05
132167,0.04
132168,0.06
132169,0.02
132170,0.0
132171,0.17
132172,0.08
132173,0.01
132174,0.82
132175,0.06
132176,0.09
132177,0.12
132178,0.49
132179,0.01
132180,0.0
132181,0.05
132182,0.07
132183,0.29
132184,0.0
132185,0.01
132186,0.04
132187,0.02
132188,0.13
132189,0.01
132190,0.04
132191,0.11
132192,0.05
132193,0.02
132194,0.0
132195,0.26
132196,0.05
132197,0.02
132198,0.0
132199,0.0
132200,0.01
132201,0.09
132202,0.47
132203,0.0
132204,0.0
132205,0.0
132206,0.01
132207,0.01
132208,0.07
132209,0.0
132210,0.01
132211,0.01
132212,0.07
132213,0.0
132214,0.01
132215,0.02
132216,0.01
132217,0.0
132218,0.0
132219,0.1
132220,0.07
132221,0.02
132222,0.02
132223,0.0
132224,0.16
132225,0.1
132226,0.02
132227,0.05
132228,0.0
132229,0.01
132230,0.03
132231,0.08
132232,0.17
132233,0.0
132234,0.0
132235,0.0
132236,0.01
132237,0.0
132238,0.0
132239,0.03
132240,0.03
132241,0.0
132242,0.01
132243,0.12
132244,0.0
132245,0.11
132246,0.01
132247,0.02
132248,0.05
132249,0.28
132250,0.0
132251,0.3
132252,0.27
132253,0.01
132254,0.0
132255,0.0
132256,0.02
132257,0.0
132258,0.0
132259,0.09
132260,0.01
132261,0.14
132262,0.02
132263,0.0
132264,0.32
132265,0.05
132266,0.01
132267,0.15
132268,0.02
132269,0.02
132270,0.02
132271,0.01
132272,0.0
132273,0.0
132274,0.04
132275,0.03
132276,0.5
132277,0.01
132278,0.11
132279,0.04
132280,0.49
132281,0.05
132282,0.01
132283,0.02
132284,0.07
132285,0.01
132286,0.0
132287,0.0
132288,0.05
132289,0.0
132290,0.08
132291,0.0
132292,0.0
132293,0.03
132294,0.07
132295,0.0
132296,0.46
132297,0.13
132298,0.03
132299,0.0
132300,0.0
132301,0.0
132302,0.09
132303,0.0
132304,0.0
132305,0.0
132306,0.38
132307,0.0
132308,0.03
132309,0.18
132310,0.22
132311,0.02
132312,0.01
132313,0.38
132314,0.0
132315,0.0
132316,0.11
132317,0.01
132318,0.01
132319,0.01
132320,0.45
132321,0.01
132322,0.16
132323,0.17
132324,0.01
132325,0.02
132326,0.06
132327,0.01
132328,0.06
132329,0.06
132330,0.0
132331,0.31
132332,0.02
132333,0.02
132334,0.0
132335,0.0
132336,0.04
132337,0.01
132338,0.0
132339,0.13
132340,0.03
132341,0.01
132342,0.06
132343,0.04
132344,0.16
132345,0.0
132346,0.09
132347,0.0
132348,0.02
132349,0.04
132350,0.04
132351,0.03
132352,0.08
132353,0.2
132354,0.02
132355,0.01
132356,0.01
132357,0.01
132358,0.0
132359,0.02
132360,0.75
132361,0.01
132362,0.04
132363,0.02
132364,0.02
132365,0.27
132366,0.0
132367,0.0
132368,0.06
132369,0.07
132370,0.2
132371,0.11
132372,0.0
132373,0.02
132374,0.0
132375,0.0
132376,0.06
132377,0.03
132378,0.0
132379,0.0
132380,0.25
132381,0.04
132382,0.0
132383,0.03
132384,0.1
132385,0.0
132386,0.02
132387,0.21
132388,0.12
132389,0.08
132390,0.03
132391,0.08
132392,0.01
132393,0.0
132394,0.02
132395,0.03
132396,0.02
132397,0.0
132398,0.0
132399,0.76
132400,0.0
132401,0.0
132402,0.0
132403,0.2
132404,0.35
132405,0.13
132406,0.03
132407,0.39
132408,0.0
132409,0.0
132410,0.04
132411,0.21
132412,0.0
132413,0.13
132414,0.01
132415,0.0
132416,0.12
132417,0.0
132418,0.01
132419,0.01
132420,0.13
132421,0.13
132422,0.01
132423,0.02
132424,0.25
132425,0.0
132426,0.01
132427,0.05
132428,0.13
132429,0.03
132430,0.02
132431,0.0
132432,0.0
132433,0.01
132434,0.0
132435,0.05
132436,0.0
132437,0.03
132438,0.1
132439,0.0
132440,0.01
132441,0.0
132442,0.06
132443,0.08
132444,0.02
132445,0.0
132446,0.0
132447,0.02
132448,0.1
132449,0.4
132450,0.12
132451,0.02
132452,0.06
132453,0.02
132454,0.37
132455,0.01
132456,0.0
132457,0.02
132458,0.0
132459,0.0
132460,0.0
132461,0.04
132462,0.01
132463,0.0
132464,0.02
132465,0.17
132466,0.13
132467,0.08
132468,0.29
132469,0.04
132470,0.09
132471,0.1
132472,0.0
132473,0.06
132474,0.0
132475,0.03
132476,0.04
132477,0.15
132478,0.21
132479,0.02
132480,0.01
132481,0.28
132482,0.03
132483,0.0
132484,0.03
132485,0.0
132486,0.0
132487,0.0
132488,0.0
132489,0.03
132490,0.12
132491,0.05
132492,0.01
132493,0.07
132494,0.0
132495,0.01
132496,0.0
132497,0.08
132498,0.06
132499,0.03
132500,0.5
132501,0.0
132502,0.0
132503,0.06
132504,0.0
132505,0.0
132506,0.05
132507,0.22
132508,0.0
132509,0.0
132510,0.14
132511,0.01
132512,0.02
132513,0.02
132514,0.04
132515,0.29
132516,0.01
132517,0.11
132518,0.16
132519,0.0
132520,0.03
132521,0.22
132522,0.01
132523,0.03
132524,0.18
132525,0.01
132526,0.01
132527,0.0
132528,0.02
132529,0.0
132530,0.04
132531,0.04
132532,0.0
132533,0.05
132534,0.1
132535,0.01
132536,0.04
132537,0.0
132538,0.0
132539,0.01
132540,0.05
132541,0.04
132542,0.0
132543,0.0
132544,0.07
132545,0.01
132546,0.0
132547,0.0
132548,0.61
132549,0.09
132550,0.06
132551,0.02
132552,0.09
132553,0.0
132554,0.05
132555,0.01
132556,0.25
132557,0.2
132558,0.0
132559,0.06
132560,0.01
132561,0.05
132562,0.02
132563,0.05
132564,0.0
132565,0.08
132566,0.02
132567,0.17
132568,0.07
132569,0.08
132570,0.0
132571,0.02
132572,0.0
132573,0.0
132574,0.01
132575,0.06
132576,0.0
132577,0.14
132578,0.01
132579,0.19
132580,0.07
132581,0.12
132582,0.0
132583,0.02
132584,0.01
132585,0.15
132586,0.0
132587,0.1
132588,0.0
132589,0.02
132590,0.01
132591,0.02
132592,0.03
132593,0.27
132594,0.02
132595,0.06
132596,0.01
132597,0.11
132598,0.04
132599,0.0
132600,0.0
132601,0.01
132602,0.0
132603,0.17
132604,0.08
132605,0.65
132606,0.0
132607,0.0
132608,0.05
132609,0.0
132610,0.07
132611,0.41
132612,0.0
132613,0.0
132614,0.07
132615,0.63
132616,0.12
132617,0.0
132618,0.01
132619,0.09
132620,0.0
132621,0.02
132622,0.0
132623,0.0
132624,0.0
132625,0.1
132626,0.01
132627,0.07
132628,0.26
132629,0.08
132630,0.05
132631,0.0
132632,0.05
132633,0.0
132634,0.02
132635,0.0
132636,0.06
132637,0.03
132638,0.0
132639,0.12
132640,0.1
132641,0.22
132642,0.04
132643,0.02
132644,0.01
132645,0.0
132646,0.03
132647,0.34
132648,0.0
132649,0.0
132650,0.0
132651,0.08
132652,0.03
132653,0.22
132654,0.09
132655,0.01
132656,0.0
132657,0.26
132658,0.3
132659,0.04
132660,0.0
132661,0.03
132662,0.28
132663,0.0
132664,0.06
132665,0.04
132666,0.0
132667,0.04
132668,0.21
132669,0.0
132670,0.0
132671,0.0
132672,0.02
132673,0.16
132674,0.02
132675,0.02
132676,0.1
132677,0.01
132678,0.0
132679,0.0
132680,0.0
132681,0.0
132682,0.01
132683,0.18
132684,0.38
132685,0.01
132686,0.05
132687,0.44
132688,0.01
132689,0.0
132690,0.0
132691,0.14
132692,0.03
132693,0.04
132694,0.15
132695,0.0
132696,0.03
132697,0.0
132698,0.05
132699,0.07
132700,0.0
132701,0.06
132702,0.03
132703,0.06
132704,0.1
132705,0.15
132706,0.05
132707,0.0
132708,0.0
132709,0.14
132710,0.01
132711,0.04
132712,0.09
132713,0.0
132714,0.0
132715,0.03
132716,0.03
132717,0.02
132718,0.04
132719,0.0
132720,0.08
132721,0.0
132722,0.34
132723,0.0
132724,0.07
132725,0.01
132726,0.01
132727,0.36
132728,0.01
132729,0.07
132730,0.0
132731,0.02
132732,0.0
132733,0.0
132734,0.03
132735,0.42
132736,0.35
132737,0.01
132738,0.09
132739,0.66
132740,0.0
132741,0.06
132742,0.0
132743,0.0
132744,0.2
132745,0.0
132746,0.05
132747,0.0
132748,0.02
132749,0.04
132750,0.0
132751,0.0
132752,0.34
132753,0.01
132754,0.13
132755,0.11
132756,0.07
132757,0.02
132758,0.0
132759,0.02
132760,0.01
132761,0.1
132762,0.0
132763,0.06
132764,0.01
132765,0.0
132766,0.0
132767,0.0
132768,0.08
132769,0.03
132770,0.0
132771,0.34
132772,0.01
132773,0.1
132774,0.05
132775,0.07
132776,0.05
132777,0.03
132778,0.0
132779,0.24
132780,0.02
132781,0.07
132782,0.01
132783,0.01
132784,0.0
132785,0.02
132786,0.25
132787,0.07
132788,0.11
132789,0.18
132790,0.06
132791,0.01
132792,0.03
132793,0.03
132794,0.05
132795,0.02
132796,0.06
132797,0.06
132798,0.0
132799,0.0
132800,0.25
132801,0.01
132802,0.09
132803,0.23
132804,0.04
132805,0.02
132806,0.03
132807,0.01
132808,0.25
132809,0.03
132810,0.01
132811,0.03
132812,0.13
132813,0.09
132814,0.18
132815,0.02
132816,0.02
132817,0.02
132818,0.41
132819,0.34
132820,0.11
132821,0.03
132822,0.0
132823,0.0
132824,0.0
132825,0.0
132826,0.02
132827,0.19
132828,0.0
132829,0.0
132830,0.0
132831,0.36
132832,0.05
132833,0.01
132834,0.0
132835,0.0
132836,0.14
132837,0.03
132838,0.19
132839,0.0
132840,0.0
132841,0.22
132842,0.05
132843,0.0
132844,0.05
132845,0.2
132846,0.01
132847,0.05
132848,0.18
132849,0.07
132850,0.01
132851,0.01
132852,0.0
132853,0.19
132854,0.04
132855,0.03
132856,0.0
132857,0.01
132858,0.03
132859,0.09
132860,0.01
132861,0.07
132862,0.01
132863,0.0
132864,0.01
132865,0.0
132866,0.03
132867,0.02
132868,0.02
132869,0.0
132870,0.02
132871,0.14
132872,0.07
132873,0.0
132874,0.0
132875,0.0
132876,0.0
132877,0.0
132878,0.01
132879,0.02
132880,0.05
132881,0.05
132882,0.02
132883,0.11
132884,0.03
132885,0.0
132886,0.12
132887,0.01
132888,0.04
132889,0.0
132890,0.01
132891,0.0
132892,0.13
132893,0.01
132894,0.02
132895,0.07
132896,0.0
132897,0.14
132898,0.01
132899,0.0
132900,0.27
132901,0.0
132902,0.01
132903,0.0
132904,0.01
132905,0.02
132906,0.01
132907,0.0
132908,0.12
132909,0.0
132910,0.1
132911,0.08
132912,0.0
132913,0.02
132914,0.08
132915,0.17
132916,0.01
132917,0.15
132918,0.01
132919,0.14
132920,0.01
132921,0.09
132922,0.02
132923,0.46
132924,0.19
132925,0.04
132926,0.0
132927,0.07
132928,0.08
132929,0.16
132930,0.0
132931,0.0
132932,0.0
132933,0.0
132934,0.01
132935,0.06
132936,0.0
132937,0.01
132938,0.24
132939,0.01
132940,0.02
132941,0.02
132942,0.01
132943,0.0
132944,0.1
132945,0.0
132946,0.06
132947,0.01
132948,0.54
132949,0.0
132950,0.0
132951,0.0
132952,0.01
132953,0.01
132954,0.06
132955,0.06
132956,0.06
132957,0.03
132958,0.06
132959,0.07
132960,0.0
132961,0.0
132962,0.0
132963,0.05
132964,0.06
132965,0.05
132966,0.0
132967,0.39
132968,0.0
132969,0.04
132970,0.1
132971,0.57
132972,0.01
132973,0.38
132974,0.08
132975,0.08
132976,0.35
132977,0.01
132978,0.7
132979,0.01
132980,0.01
132981,0.0
132982,0.61
132983,0.0
132984,0.02
132985,0.02
132986,0.03
132987,0.12
132988,0.0
132989,0.0
132990,0.02
132991,0.0
132992,0.01
132993,0.0
132994,0.04
132995,0.0
132996,0.0
132997,0.09
132998,0.09
132999,0.13
133000,0.0
133001,0.0
133002,0.01
133003,0.01
133004,0.0
133005,0.04
133006,0.15
133007,0.03
133008,0.04
133009,0.03
133010,0.0
133011,0.0
133012,0.02
133013,0.05
133014,0.0
133015,0.05
133016,0.0
133017,0.04
133018,0.0
133019,0.35
133020,0.38
133021,0.0
133022,0.05
133023,0.03
133024,0.0
133025,0.01
133026,0.01
133027,0.01
133028,0.14
133029,0.01
133030,0.0
133031,0.02
133032,0.08
133033,0.03
133034,0.26
133035,0.09
133036,0.0
133037,0.0
133038,0.0
133039,0.0
133040,0.01
133041,0.02
133042,0.23
133043,0.04
133044,0.45
133045,0.0
133046,0.09
133047,0.03
133048,0.02
133049,0.06
133050,0.04
133051,0.02
133052,0.01
133053,0.0
133054,0.05
133055,0.01
133056,0.03
133057,0.0
133058,0.0
133059,0.0
133060,0.5
133061,0.04
133062,0.11
133063,0.15
133064,0.59
133065,0.04
133066,0.0
133067,0.0
133068,0.0
133069,0.13
133070,0.05
133071,0.12
133072,0.07
133073,0.0
133074,0.0
133075,0.01
133076,0.4
133077,0.09
133078,0.13
133079,0.07
133080,0.0
133081,0.0
133082,0.03
133083,0.0
133084,0.03
133085,0.0
133086,0.01
133087,0.15
133088,0.01
133089,0.11
133090,0.16
133091,0.0
133092,0.0
133093,0.08
133094,0.03
133095,0.03
133096,0.05
133097,0.01
133098,0.0
133099,0.08
133100,0.03
133101,0.0
133102,0.0
133103,0.0
133104,0.26
133105,0.0
133106,0.0
133107,0.1
133108,0.06
133109,0.61
133110,0.04
133111,0.01
133112,0.18
133113,0.34
133114,0.0
133115,0.03
133116,0.03
133117,0.0
133118,0.09
133119,0.19
133120,0.01
133121,0.01
133122,0.0
133123,0.07
133124,0.02
133125,0.01
133126,0.0
133127,0.16
133128,0.05
133129,0.23
133130,0.34
133131,0.0
133132,0.1
133133,0.01
133134,0.0
133135,0.0
133136,0.0
133137,0.36
133138,0.07
133139,0.24
133140,0.0
133141,0.05
133142,0.0
133143,0.0
133144,0.18
133145,0.0
133146,0.2
133147,0.14
133148,0.54
133149,0.04
133150,0.12
133151,0.47
133152,0.45
133153,0.09
133154,0.27
133155,0.01
133156,0.0
133157,0.0
133158,0.0
133159,0.0
133160,0.0
133161,0.01
133162,0.29
133163,0.22
133164,0.03
133165,0.07
133166,0.0
133167,0.13
133168,0.02
133169,0.03
133170,0.05
133171,0.0
133172,0.35
133173,0.03
133174,0.05
133175,0.23
133176,0.01
133177,0.0
133178,0.0
133179,0.04
133180,0.03
133181,0.01
133182,0.02
133183,0.18
133184,0.0
133185,0.05
133186,0.0
133187,0.02
133188,0.23
133189,0.0
133190,0.05
133191,0.28
133192,0.16
133193,0.08
133194,0.06
133195,0.11
133196,0.09
133197,0.01
133198,0.0
133199,0.4
133200,0.15
133201,0.02
133202,0.0
133203,0.02
133204,0.26
133205,0.03
133206,0.12
133207,0.05
133208,0.0
133209,0.11
133210,0.14
133211,0.0
133212,0.1
133213,0.08
133214,0.01
133215,0.01
133216,0.15
133217,0.0
133218,0.0
133219,0.46
133220,0.04
133221,0.22
133222,0.02
133223,0.07
133224,0.01
133225,0.0
133226,0.01
133227,0.06
133228,0.03
133229,0.01
133230,0.24
133231,0.31
133232,0.07
133233,0.03
133234,0.02
133235,0.01
133236,0.02
133237,0.2
133238,0.0
133239,0.0
133240,0.01
133241,0.06
133242,0.0
133243,0.02
133244,0.12
133245,0.15
133246,0.02
133247,0.19
133248,0.16
133249,0.01
133250,0.02
133251,0.0
133252,0.13
133253,0.0
133254,0.34
133255,0.02
133256,0.2
133257,0.0
133258,0.01
133259,0.02
133260,0.01
133261,0.01
133262,0.02
133263,0.22
133264,0.27
133265,0.02
133266,0.03
133267,0.12
133268,0.02
133269,0.04
133270,0.12
133271,0.03
133272,0.01
133273,0.01
133274,0.0
133275,0.03
133276,0.0
133277,0.59
133278,0.01
133279,0.02
133280,0.07
133281,0.0
133282,0.0
133283,0.46
133284,0.0
133285,0.01
133286,0.01
133287,0.02
133288,0.01
133289,0.0
133290,0.04
133291,0.37
133292,0.0
133293,0.0
133294,0.01
133295,0.01
133296,0.33
133297,0.0
133298,0.44
133299,0.6
133300,0.05
133301,0.0
133302,0.57
133303,0.03
133304,0.13
133305,0.18
133306,0.02
133307,0.0
133308,0.07
133309,0.0
133310,0.0
133311,0.0
133312,0.16
133313,0.27
133314,0.0
133315,0.03
133316,0.02
133317,0.01
133318,0.55
133319,0.0
133320,0.04
133321,0.0
133322,0.01
133323,0.06
133324,0.01
133325,0.0
133326,0.0
133327,0.0
133328,0.0
133329,0.0
133330,0.02
133331,0.01
133332,0.24
133333,0.01
133334,0.0
133335,0.02
133336,0.21
133337,0.0
133338,0.15
133339,0.24
133340,0.0
133341,0.0
133342,0.01
133343,0.01
133344,0.0
133345,0.47
133346,0.05
133347,0.06
133348,0.03
133349,0.01
133350,0.0
133351,0.22
133352,0.06
133353,0.02
133354,0.0
133355,0.06
133356,0.05
133357,0.08
133358,0.03
133359,0.01
133360,0.01
133361,0.02
133362,0.0
133363,0.06
133364,0.09
133365,0.0
133366,0.48
133367,0.06
133368,0.03
133369,0.5
133370,0.22
133371,0.0
133372,0.34
133373,0.03
133374,0.0
133375,0.0
133376,0.04
133377,0.05
133378,0.01
133379,0.04
133380,0.0
133381,0.06
133382,0.07
133383,0.67
133384,0.0
133385,0.0
133386,0.02
133387,0.0
133388,0.01
133389,0.0
133390,0.0
133391,0.34
133392,0.0
133393,0.0
133394,0.02
133395,0.01
133396,0.01
133397,0.04
133398,0.0
133399,0.28
133400,0.0
133401,0.17
133402,0.03
133403,0.0
133404,0.01
133405,0.12
133406,0.04
133407,0.05
133408,0.0
133409,0.08
133410,0.02
133411,0.0
133412,0.01
133413,0.03
133414,0.0
133415,0.06
133416,0.01
133417,0.18
133418,0.56
133419,0.01
133420,0.0
133421,0.02
133422,0.14
133423,0.0
133424,0.17
133425,0.04
133426,0.03
133427,0.0
133428,0.01
133429,0.16
133430,0.0
133431,0.06
133432,0.0
133433,0.33
133434,0.0
133435,0.01
133436,0.04
133437,0.01
133438,0.01
133439,0.12
133440,0.03
133441,0.02
133442,0.07
133443,0.05
133444,0.4
133445,0.01
133446,0.07
133447,0.22
133448,0.0
133449,0.03
133450,0.17
133451,0.01
133452,0.02
133453,0.0
133454,0.1
133455,0.04
133456,0.0
133457,0.01
133458,0.0
133459,0.01
133460,0.16
133461,0.16
133462,0.02
133463,0.0
133464,0.0
133465,0.03
133466,0.01
133467,0.3
133468,0.04
133469,0.0
133470,0.36
133471,0.06
133472,0.14
133473,0.44
133474,0.49
133475,0.0
133476,0.0
133477,0.04
133478,0.0
133479,0.09
133480,0.0
133481,0.0
133482,0.0
133483,0.0
133484,0.06
133485,0.13
133486,0.07
133487,0.06
133488,0.0
133489,0.0
133490,0.0
133491,0.01
133492,0.03
133493,0.01
133494,0.03
133495,0.0
133496,0.03
133497,0.04
133498,0.03
133499,0.08
133500,0.5
133501,0.0
133502,0.01
133503,0.01
133504,0.03
133505,0.0
133506,0.03
133507,0.01
133508,0.0
133509,0.16
133510,0.01
133511,0.01
133512,0.02
133513,0.02
133514,0.0
133515,0.1
133516,0.0
133517,0.05
133518,0.34
133519,0.03
133520,0.01
133521,0.0
133522,0.03
133523,0.02
133524,0.04
133525,0.16
133526,0.0
133527,0.51
133528,0.02
133529,0.04
133530,0.0
133531,0.0
133532,0.0
133533,0.01
133534,0.0
133535,0.17
133536,0.0
133537,0.03
133538,0.0
133539,0.01
133540,0.02
133541,0.0
133542,0.02
133543,0.04
133544,0.01
133545,0.04
133546,0.05
133547,0.06
133548,0.03
133549,0.0
133550,0.01
133551,0.06
133552,0.02
133553,0.01
133554,0.02
133555,0.01
133556,0.0
133557,0.07
133558,0.02
133559,0.01
133560,0.13
133561,0.07
133562,0.09
133563,0.0
133564,0.02
133565,0.0
133566,0.12
133567,0.04
133568,0.03
133569,0.01
133570,0.01
133571,0.23
133572,0.42
133573,0.0
133574,0.03
133575,0.1
133576,0.01
133577,0.01
133578,0.17
133579,0.01
133580,0.0
133581,0.03
133582,0.02
133583,0.03
133584,0.0
133585,0.05
133586,0.02
133587,0.01
133588,0.01
133589,0.02
133590,0.41
133591,0.0
133592,0.13
133593,0.15
133594,0.02
133595,0.06
133596,0.02
133597,0.01
133598,0.05
133599,0.01
133600,0.43
133601,0.33
133602,0.25
133603,0.01
133604,0.0
133605,0.0
133606,0.07
133607,0.02
133608,0.2
133609,0.11
133610,0.09
133611,0.0
133612,0.01
133613,0.0
133614,0.0
133615,0.0
133616,0.0
133617,0.0
133618,0.0
133619,0.0
133620,0.01
133621,0.03
133622,0.18
133623,0.0
133624,0.01
133625,0.0
133626,0.07
133627,0.17
133628,0.0
133629,0.01
133630,0.01
133631,0.13
133632,0.05
133633,0.0
133634,0.0
133635,0.06
133636,0.0
133637,0.07
133638,0.0
133639,0.27
133640,0.04
133641,0.0
133642,0.01
133643,0.09
133644,0.03
133645,0.01
133646,0.01
133647,0.01
133648,0.02
133649,0.03
133650,0.0
133651,0.0
133652,0.01
133653,0.02
133654,0.0
133655,0.0
133656,0.02
133657,0.0
133658,0.03
133659,0.0
133660,0.03
133661,0.3
133662,0.0
133663,0.02
133664,0.23
133665,0.1
133666,0.07
133667,0.02
133668,0.0
133669,0.09
133670,0.05
133671,0.13
133672,0.0
133673,0.01
133674,0.0
133675,0.03
133676,0.02
133677,0.05
133678,0.01
133679,0.0
133680,0.42
133681,0.03
133682,0.02
133683,0.06
133684,0.02
133685,0.0
133686,0.0
133687,0.12
133688,0.0
133689,0.13
133690,0.01
133691,0.02
133692,0.0
133693,0.02
133694,0.04
133695,0.02
133696,0.3
133697,0.02
133698,0.07
133699,0.02
133700,0.26
133701,0.02
133702,0.0
133703,0.14
133704,0.01
133705,0.14
133706,0.0
133707,0.01
133708,0.01
133709,0.02
133710,0.0
133711,0.02
133712,0.0
133713,0.01
133714,0.08
133715,0.18
133716,0.01
133717,0.33
133718,0.0
133719,0.11
133720,0.0
133721,0.01
133722,0.01
133723,0.14
133724,0.1
133725,0.11
133726,0.0
133727,0.0
133728,0.13
133729,0.13
133730,0.1
133731,0.1
133732,0.04
133733,0.03
133734,0.0
133735,0.0
133736,0.01
133737,0.01
133738,0.0
133739,0.04
133740,0.03
133741,0.01
133742,0.04
133743,0.02
133744,0.0
133745,0.02
133746,0.0
133747,0.01
133748,0.03
133749,0.04
133750,0.29
133751,0.18
133752,0.01
133753,0.12
133754,0.32
133755,0.0
133756,0.04
133757,0.0
133758,0.13
133759,0.02
133760,0.02
133761,0.01
133762,0.0
133763,0.27
133764,0.01
133765,0.06
133766,0.0
133767,0.01
133768,0.0
133769,0.0
133770,0.01
133771,0.02
133772,0.01
133773,0.03
133774,0.17
133775,0.03
133776,0.01
133777,0.06
133778,0.02
133779,0.01
133780,0.05
133781,0.5
133782,0.02
133783,0.0
133784,0.19
133785,0.09
133786,0.05
133787,0.15
133788,0.08
133789,0.0
133790,0.07
133791,0.0
133792,0.13
133793,0.06
133794,0.07
133795,0.02
133796,0.01
133797,0.0
133798,0.0
133799,0.0
133800,0.0
133801,0.0
133802,0.03
133803,0.06
133804,0.0
133805,0.01
133806,0.0
133807,0.06
133808,0.1
133809,0.06
133810,0.0
133811,0.01
133812,0.02
133813,0.0
133814,0.16
133815,0.02
133816,0.0
133817,0.01
133818,0.0
133819,0.0
133820,0.02
133821,0.01
133822,0.01
133823,0.15
133824,0.02
133825,0.0
133826,0.03
133827,0.04
133828,0.07
133829,0.07
133830,0.01
133831,0.03
133832,0.03
133833,0.23
133834,0.28
133835,0.01
133836,0.0
133837,0.07
133838,0.05
133839,0.09
133840,0.08
133841,0.13
133842,0.04
133843,0.02
133844,0.06
133845,0.0
133846,0.03
133847,0.08
133848,0.06
133849,0.08
133850,0.0
133851,0.52
133852,0.02
133853,0.0
133854,0.0
133855,0.14
133856,0.0
133857,0.01
133858,0.04
133859,0.0
133860,0.0
133861,0.02
133862,0.04
133863,0.06
133864,0.04
133865,0.01
133866,0.03
133867,0.0
133868,0.28
133869,0.52
133870,0.1
133871,0.01
133872,0.03
133873,0.0
133874,0.06
133875,0.03
133876,0.03
133877,0.09
133878,0.02
133879,0.01
133880,0.28
133881,0.0
133882,0.0
133883,0.11
133884,0.0
133885,0.13
133886,0.02
133887,0.17
133888,0.1
133889,0.14
133890,0.03
133891,0.01
133892,0.01
133893,0.0
133894,0.05
133895,0.15
133896,0.13
133897,0.0
133898,0.05
133899,0.0
133900,0.1
133901,0.0
133902,0.24
133903,0.01
133904,0.0
133905,0.01
133906,0.19
133907,0.06
133908,0.17
133909,0.18
133910,0.0
133911,0.1
133912,0.0
133913,0.09
133914,0.2
133915,0.02
133916,0.03
133917,0.0
133918,0.0
133919,0.01
133920,0.05
133921,0.03
133922,0.02
133923,0.04
133924,0.01
133925,0.14
133926,0.02
133927,0.01
133928,0.04
133929,0.01
133930,0.0
133931,0.01
133932,0.04
133933,0.0
133934,0.07
133935,0.0
133936,0.08
133937,0.76
133938,0.22
133939,0.0
133940,0.03
133941,0.0
133942,0.02
133943,0.29
133944,0.02
133945,0.05
133946,0.05
133947,0.07
133948,0.02
133949,0.05
133950,0.1
133951,0.05
133952,0.0
133953,0.0
133954,0.0
133955,0.01
133956,0.0
133957,0.0
133958,0.03
133959,0.32
133960,0.01
133961,0.02
133962,0.07
133963,0.02
133964,0.0
133965,0.01
133966,0.03
133967,0.06
133968,0.0
133969,0.01
133970,0.01
133971,0.01
133972,0.17
133973,0.01
133974,0.0
133975,0.07
133976,0.25
133977,0.52
133978,0.0
133979,0.03
133980,0.0
133981,0.07
133982,0.03
133983,0.04
133984,0.0
133985,0.3
133986,0.0
133987,0.01
133988,0.04
133989,0.2
133990,0.02
133991,0.06
133992,0.13
133993,0.03
133994,0.0
133995,0.62
133996,0.0
133997,0.0
133998,0.0
133999,0.0
134000,0.1
134001,0.0
134002,0.03
134003,0.11
134004,0.01
134005,0.35
134006,0.01
134007,0.2
134008,0.0
134009,0.0
134010,0.03
134011,0.04
134012,0.0
134013,0.37
134014,0.04
134015,0.1
134016,0.03
134017,0.15
134018,0.01
134019,0.65
134020,0.02
134021,0.03
134022,0.02
134023,0.0
134024,0.06
134025,0.24
134026,0.08
134027,0.0
134028,0.0
134029,0.01
134030,0.02
134031,0.0
134032,0.01
134033,0.0
134034,0.25
134035,0.01
134036,0.16
134037,0.03
134038,0.03
134039,0.33
134040,0.07
134041,0.0
134042,0.03
134043,0.02
134044,0.0
134045,0.01
134046,0.14
134047,0.03
134048,0.0
134049,0.0
134050,0.04
134051,0.01
134052,0.02
134053,0.01
134054,0.0
134055,0.01
134056,0.1
134057,0.01
134058,0.0
134059,0.03
134060,0.0
134061,0.46
134062,0.09
134063,0.0
134064,0.2
134065,0.47
134066,0.01
134067,0.19
134068,0.0
134069,0.09
134070,0.26
134071,0.01
134072,0.01
134073,0.09
134074,0.0
134075,0.02
134076,0.02
134077,0.05
134078,0.31
134079,0.28
134080,0.01
134081,0.01
134082,0.05
134083,0.05
134084,0.0
134085,0.01
134086,0.06
134087,0.0
134088,0.0
134089,0.44
134090,0.0
134091,0.16
134092,0.02
134093,0.04
134094,0.03
134095,0.03
134096,0.02
134097,0.05
134098,0.01
134099,0.03
134100,0.02
134101,0.0
134102,0.02
134103,0.05
134104,0.06
134105,0.03
134106,0.02
134107,0.1
134108,0.02
134109,0.0
134110,0.0
134111,0.0
134112,0.06
134113,0.0
134114,0.03
134115,0.01
134116,0.07
134117,0.0
134118,0.18
134119,0.01
134120,0.01
134121,0.0
134122,0.02
134123,0.0
134124,0.0
134125,0.04
134126,0.01
134127,0.16
134128,0.05
134129,0.01
134130,0.0
134131,0.0
134132,0.01
134133,0.14
134134,0.01
134135,0.02
134136,0.24
134137,0.08
134138,0.09
134139,0.25
134140,0.0
134141,0.02
134142,0.03
134143,0.11
134144,0.08
134145,0.0
134146,0.15
134147,0.0
134148,0.03
134149,0.01
134150,0.1
134151,0.13
134152,0.01
134153,0.08
134154,0.0
134155,0.0
134156,0.0
134157,0.01
134158,0.03
134159,0.36
134160,0.03
134161,0.08
134162,0.04
134163,0.1
134164,0.14
134165,0.0
134166,0.07
134167,0.03
134168,0.09
134169,0.13
134170,0.0
134171,0.09
134172,0.2
134173,0.0
134174,0.04
134175,0.0
134176,0.17
134177,0.0
134178,0.02
134179,0.01
134180,0.01
134181,0.0
134182,0.44
134183,0.01
134184,0.1
134185,0.02
134186,0.01
134187,0.12
134188,0.08
134189,0.0
134190,0.05
134191,0.02
134192,0.03
134193,0.01
134194,0.04
134195,0.0
134196,0.06
134197,0.26
134198,0.0
134199,0.04
134200,0.0
134201,0.1
134202,0.02
134203,0.18
134204,0.0
134205,0.0
134206,0.36
134207,0.0
134208,0.02
134209,0.02
134210,0.34
134211,0.0
134212,0.33
134213,0.06
134214,0.02
134215,0.02
134216,0.01
134217,0.25
134218,0.1
134219,0.17
134220,0.08
134221,0.01
134222,0.01
134223,0.0
134224,0.15
134225,0.0
134226,0.02
134227,0.06
134228,0.48
134229,0.03
134230,0.23
134231,0.03
134232,0.57
134233,0.03
134234,0.22
134235,0.0
134236,0.01
134237,0.01
134238,0.0
134239,0.03
134240,0.0
134241,0.05
134242,0.26
134243,0.01
134244,0.01
134245,0.01
134246,0.16
134247,0.04
134248,0.04
134249,0.02
134250,0.03
134251,0.01
134252,0.01
134253,0.07
134254,0.02
134255,0.0
134256,0.06
134257,0.1
134258,0.01
134259,0.03
134260,0.01
134261,0.03
134262,0.05
134263,0.08
134264,0.07
134265,0.0
134266,0.01
134267,0.0
134268,0.0
134269,0.06
134270,0.1
134271,0.0
134272,0.0
134273,0.0
134274,0.01
134275,0.03
134276,0.0
134277,0.01
134278,0.46
134279,0.05
134280,0.08
134281,0.03
134282,0.03
134283,0.28
134284,0.04
134285,0.35
134286,0.0
134287,0.0
134288,0.15
134289,0.0
134290,0.0
134291,0.01
134292,0.3
134293,0.01
134294,0.25
134295,0.01
134296,0.15
134297,0.02
134298,0.24
134299,0.0
134300,0.27
134301,0.08
134302,0.0
134303,0.0
134304,0.16
134305,0.01
134306,0.03
134307,0.05
134308,0.01
134309,0.02
134310,0.06
134311,0.06
134312,0.02
134313,0.01
134314,0.0
134315,0.0
134316,0.0
134317,0.19
134318,0.01
134319,0.08
134320,0.0
134321,0.03
134322,0.01
134323,0.03
134324,0.22
134325,0.05
134326,0.0
134327,0.06
134328,0.04
134329,0.05
134330,0.0
134331,0.14
134332,0.0
134333,0.03
134334,0.27
134335,0.03
134336,0.02
134337,0.0
134338,0.02
134339,0.15
134340,0.0
134341,0.07
134342,0.06
134343,0.0
134344,0.02
134345,0.02
134346,0.01
134347,0.0
134348,0.01
134349,0.0
134350,0.03
134351,0.0
134352,0.17
134353,0.02
134354,0.02
134355,0.04
134356,0.37
134357,0.12
134358,0.02
134359,0.24
134360,0.0
134361,0.08
134362,0.01
134363,0.5
134364,0.03
134365,0.0
134366,0.02
134367,0.05
134368,0.04
134369,0.02
134370,0.12
134371,0.05
134372,0.16
134373,0.43
134374,0.31
134375,0.04
134376,0.17
134377,0.01
134378,0.0
134379,0.02
134380,0.0
134381,0.22
134382,0.0
134383,0.03
134384,0.0
134385,0.46
134386,0.0
134387,0.02
134388,0.03
134389,0.04
134390,0.04
134391,0.03
134392,0.31
134393,0.0
134394,0.08
134395,0.06
134396,0.13
134397,0.01
134398,0.0
134399,0.13
134400,0.0
134401,0.08
134402,0.0
134403,0.0
134404,0.11
134405,0.02
134406,0.01
134407,0.11
134408,0.0
134409,0.0
134410,0.0
134411,0.06
134412,0.07
134413,0.0
134414,0.02
134415,0.26
134416,0.02
134417,0.12
134418,0.09
134419,0.03
134420,0.02
134421,0.0
134422,0.15
134423,0.0
134424,0.0
134425,0.45
134426,0.01
134427,0.11
134428,0.04
134429,0.1
134430,0.02
134431,0.02
134432,0.03
134433,0.01
134434,0.0
134435,0.0
134436,0.0
134437,0.03
134438,0.0
134439,0.0
134440,0.02
134441,0.05
134442,0.05
134443,0.0
134444,0.07
134445,0.08
134446,0.03
134447,0.07
134448,0.01
134449,0.0
134450,0.01
134451,0.0
134452,0.4
134453,0.02
134454,0.63
134455,0.43
134456,0.09
134457,0.37
134458,0.0
134459,0.02
134460,0.0
134461,0.0
134462,0.03
134463,0.01
134464,0.0
134465,0.02
134466,0.06
134467,0.07
134468,0.02
134469,0.07
134470,0.04
134471,0.04
134472,0.0
134473,0.12
134474,0.22
134475,0.16
134476,0.04
134477,0.0
134478,0.05
134479,0.1
134480,0.03
134481,0.25
134482,0.0
134483,0.0
134484,0.26
134485,0.24
134486,0.12
134487,0.0
134488,0.0
134489,0.01
134490,0.0
134491,0.23
134492,0.11
134493,0.64
134494,0.01
134495,0.02
134496,0.05
134497,0.51
134498,0.05
134499,0.02
134500,0.55
134501,0.0
134502,0.15
134503,0.03
134504,0.02
134505,0.15
134506,0.06
134507,0.0
134508,0.0
134509,0.02
134510,0.06
134511,0.0
134512,0.01
134513,0.03
134514,0.01
134515,0.01
134516,0.0
134517,0.67
134518,0.01
134519,0.0
134520,0.0
134521,0.03
134522,0.01
134523,0.01
134524,0.03
134525,0.06
134526,0.0
134527,0.03
134528,0.0
134529,0.03
134530,0.01
134531,0.02
134532,0.0
134533,0.04
134534,0.0
134535,0.04
134536,0.01
134537,0.11
134538,0.0
134539,0.0
134540,0.17
134541,0.0
134542,0.0
134543,0.0
134544,0.01
134545,0.06
134546,0.12
134547,0.0
134548,0.43
134549,0.01
134550,0.36
134551,0.11
134552,0.19
134553,0.01
134554,0.0
134555,0.0
134556,0.0
134557,0.02
134558,0.08
134559,0.0
134560,0.06
134561,0.02
134562,0.2
134563,0.09
134564,0.03
134565,0.01
134566,0.14
134567,0.05
134568,0.45
134569,0.01
134570,0.0
134571,0.04
134572,0.07
134573,0.0
134574,0.0
134575,0.3
134576,0.11
134577,0.01
134578,0.0
134579,0.01
134580,0.05
134581,0.0
134582,0.0
134583,0.01
134584,0.02
134585,0.5
134586,0.0
134587,0.14
134588,0.03
134589,0.0
134590,0.07
134591,0.0
134592,0.03
134593,0.23
134594,0.03
134595,0.0
134596,0.01
134597,0.07
134598,0.19
134599,0.0
134600,0.04
134601,0.01
134602,0.29
134603,0.03
134604,0.01
134605,0.16
134606,0.02
134607,0.04
134608,0.07
134609,0.05
134610,0.04
134611,0.09
134612,0.01
134613,0.0
134614,0.0
134615,0.09
134616,0.09
134617,0.01
134618,0.15
134619,0.01
134620,0.19
134621,0.07
134622,0.19
134623,0.06
134624,0.39
134625,0.04
134626,0.02
134627,0.01
134628,0.01
134629,0.11
134630,0.0
134631,0.1
134632,0.03
134633,0.09
134634,0.03
134635,0.01
134636,0.36
134637,0.05
134638,0.05
134639,0.0
134640,0.12
134641,0.04
134642,0.0
134643,0.0
134644,0.01
134645,0.36
134646,0.08
134647,0.03
134648,0.38
134649,0.01
134650,0.08
134651,0.0
134652,0.11
134653,0.0
134654,0.15
134655,0.65
134656,0.0
134657,0.0
134658,0.04
134659,0.02
134660,0.07
134661,0.38
134662,0.0
134663,0.0
134664,0.03
134665,0.08
134666,0.02
134667,0.0
134668,0.53
134669,0.0
134670,0.24
134671,0.0
134672,0.0
134673,0.06
134674,0.02
134675,0.0
134676,0.07
134677,0.0
134678,0.04
134679,0.03
134680,0.0
134681,0.0
134682,0.05
134683,0.04
134684,0.1
134685,0.03
134686,0.04
134687,0.0
134688,0.0
134689,0.02
134690,0.15
134691,0.03
134692,0.09
134693,0.01
134694,0.01
134695,0.01
134696,0.44
134697,0.34
134698,0.11
134699,0.02
134700,0.02
134701,0.01
134702,0.54
134703,0.01
134704,0.02
134705,0.0
134706,0.0
134707,0.12
134708,0.04
134709,0.05
134710,0.01
134711,0.06
134712,0.02
134713,0.02
134714,0.19
134715,0.14
134716,0.0
134717,0.0
134718,0.06
134719,0.01
134720,0.07
134721,0.0
134722,0.01
134723,0.01
134724,0.0
134725,0.1
134726,0.05
134727,0.0
134728,0.0
134729,0.0
134730,0.01
134731,0.0
134732,0.03
134733,0.0
134734,0.03
134735,0.01
134736,0.82
134737,0.0
134738,0.01
134739,0.1
134740,0.03
134741,0.0
134742,0.03
134743,0.02
134744,0.0
134745,0.07
134746,0.03
134747,0.05
134748,0.01
134749,0.03
134750,0.0
134751,0.04
134752,0.0
134753,0.01
134754,0.0
134755,0.67
134756,0.41
134757,0.03
134758,0.01
134759,0.02
134760,0.08
134761,0.02
134762,0.01
134763,0.01
134764,0.0
134765,0.01
134766,0.19
134767,0.01
134768,0.02
134769,0.03
134770,0.0
134771,0.13
134772,0.09
134773,0.12
134774,0.01
134775,0.05
134776,0.0
134777,0.0
134778,0.32
134779,0.0
134780,0.0
134781,0.04
134782,0.02
134783,0.03
134784,0.0
134785,0.02
134786,0.0
134787,0.58
134788,0.0
134789,0.01
134790,0.02
134791,0.06
134792,0.0
134793,0.27
134794,0.02
134795,0.07
134796,0.0
134797,0.0
134798,0.05
134799,0.01
134800,0.01
134801,0.01
134802,0.02
134803,0.0
134804,0.0
134805,0.07
134806,0.04
134807,0.0
134808,0.05
134809,0.02
134810,0.02
134811,0.0
134812,0.0
134813,0.21
134814,0.0
134815,0.01
134816,0.0
134817,0.04
134818,0.02
134819,0.01
134820,0.08
134821,0.0
134822,0.07
134823,0.32
134824,0.0
134825,0.06
134826,0.01
134827,0.0
134828,0.05
134829,0.27
134830,0.0
134831,0.04
134832,0.04
134833,0.0
134834,0.35
134835,0.02
134836,0.74
134837,0.01
134838,0.03
134839,0.0
134840,0.01
134841,0.51
134842,0.0
134843,0.68
134844,0.14
134845,0.0
134846,0.01
134847,0.01
134848,0.02
134849,0.19
134850,0.01
134851,0.4
134852,0.0
134853,0.08
134854,0.03
134855,0.01
134856,0.01
134857,0.0
134858,0.0
134859,0.09
134860,0.02
134861,0.1
134862,0.14
134863,0.03
134864,0.01
134865,0.05
134866,0.31
134867,0.78
134868,0.01
134869,0.01
134870,0.06
134871,0.01
134872,0.01
134873,0.04
134874,0.0
134875,0.0
134876,0.0
134877,0.0
134878,0.02
134879,0.02
134880,0.0
134881,0.02
134882,0.01
134883,0.0
134884,0.01
134885,0.01
134886,0.01
134887,0.11
134888,0.12
134889,0.0
134890,0.24
134891,0.0
134892,0.05
134893,0.1
134894,0.0
134895,0.1
134896,0.0
134897,0.1
134898,0.01
134899,0.0
134900,0.0
134901,0.0
134902,0.19
134903,0.05
134904,0.13
134905,0.0
134906,0.0
134907,0.06
134908,0.0
134909,0.0
134910,0.01
134911,0.01
134912,0.01
134913,0.03
134914,0.03
134915,0.35
134916,0.28
134917,0.0
134918,0.13
134919,0.01
134920,0.0
134921,0.0
134922,0.02
134923,0.08
134924,0.08
134925,0.19
134926,0.03
134927,0.0
134928,0.01
134929,0.06
134930,0.0
134931,0.01
134932,0.19
134933,0.0
134934,0.0
134935,0.1
134936,0.02
134937,0.0
134938,0.02
134939,0.19
134940,0.01
134941,0.02
134942,0.04
134943,0.0
134944,0.08
134945,0.29
134946,0.07
134947,0.3
134948,0.0
134949,0.0
134950,0.04
134951,0.06
134952,0.39
134953,0.17
134954,0.05
134955,0.0
134956,0.2
134957,0.15
134958,0.0
134959,0.01
134960,0.31
134961,0.03
134962,0.01
134963,0.01
134964,0.0
134965,0.05
134966,0.15
134967,0.12
134968,0.05
134969,0.0
134970,0.01
134971,0.09
134972,0.0
134973,0.06
134974,0.0
134975,0.0
134976,0.02
134977,0.0
134978,0.09
134979,0.37
134980,0.0
134981,0.04
134982,0.04
134983,0.02
134984,0.11
134985,0.0
134986,0.0
134987,0.0
134988,0.0
134989,0.68
134990,0.01
134991,0.08
134992,0.0
134993,0.1
134994,0.0
134995,0.02
134996,0.09
134997,0.04
134998,0.01
134999,0.11
135000,0.02
135001,0.04
135002,0.0
135003,0.0
135004,0.02
135005,0.12
135006,0.01
135007,0.01
135008,0.34
135009,0.0
135010,0.01
135011,0.0
135012,0.21
135013,0.0
135014,0.01
135015,0.0
135016,0.0
135017,0.0
135018,0.04
135019,0.0
135020,0.04
135021,0.0
135022,0.47
135023,0.01
135024,0.17
135025,0.12
135026,0.02
135027,0.21
135028,0.03
135029,0.1
135030,0.0
135031,0.05
135032,0.38
135033,0.01
135034,0.0
135035,0.01
135036,0.22
135037,0.0
135038,0.1
135039,0.0
135040,0.0
135041,0.0
135042,0.06
135043,0.0
135044,0.01
135045,0.03
135046,0.0
135047,0.1
135048,0.05
135049,0.0
135050,0.0
135051,0.02
135052,0.04
135053,0.18
135054,0.13
135055,0.01
135056,0.0
135057,0.0
135058,0.02
135059,0.01
135060,0.01
135061,0.04
135062,0.02
135063,0.0
135064,0.0
135065,0.01
135066,0.0
135067,0.31
135068,0.15
135069,0.07
135070,0.01
135071,0.0
135072,0.02
135073,0.0
135074,0.0
135075,0.01
135076,0.0
135077,0.43
135078,0.12
135079,0.0
135080,0.0
135081,0.01
135082,0.28
135083,0.0
135084,0.01
135085,0.17
135086,0.0
135087,0.19
135088,0.04
135089,0.05
135090,0.01
135091,0.14
135092,0.01
135093,0.03
135094,0.16
135095,0.15
135096,0.06
135097,0.12
135098,0.54
135099,0.0
135100,0.16
135101,0.0
135102,0.01
135103,0.2
135104,0.02
135105,0.07
135106,0.0
135107,0.02
135108,0.07
135109,0.06
135110,0.0
135111,0.01
135112,0.0
135113,0.0
135114,0.02
135115,0.01
135116,0.19
135117,0.55
135118,0.0
135119,0.07
135120,0.0
135121,0.01
135122,0.01
135123,0.0
135124,0.0
135125,0.11
135126,0.0
135127,0.16
135128,0.04
135129,0.04
135130,0.13
135131,0.02
135132,0.03
135133,0.09
135134,0.33
135135,0.0
135136,0.0
135137,0.09
135138,0.02
135139,0.02
135140,0.44
135141,0.16
135142,0.0
135143,0.11
135144,0.07
135145,0.0
135146,0.08
135147,0.02
135148,0.08
135149,0.01
135150,0.05
135151,0.0
135152,0.0
135153,0.0
135154,0.01
135155,0.02
135156,0.05
135157,0.0
135158,0.0
135159,0.61
135160,0.0
135161,0.01
135162,0.0
135163,0.01
135164,0.07
135165,0.07
135166,0.21
135167,0.03
135168,0.13
135169,0.06
135170,0.04
135171,0.02
135172,0.0
135173,0.71
135174,0.1
135175,0.02
135176,0.23
135177,0.01
135178,0.01
135179,0.06
135180,0.1
135181,0.01
135182,0.0
135183,0.03
135184,0.02
135185,0.46
135186,0.02
135187,0.1
135188,0.01
135189,0.0
135190,0.01
135191,0.03
135192,0.0
135193,0.24
135194,0.03
135195,0.0
135196,0.06
135197,0.05
135198,0.07
135199,0.0
135200,0.49
135201,0.05
135202,0.0
135203,0.01
135204,0.01
135205,0.0
135206,0.04
135207,0.01
135208,0.01
135209,0.0
135210,0.01
135211,0.8
135212,0.12
135213,0.17
135214,0.15
135215,0.07
135216,0.0
135217,0.0
135218,0.01
135219,0.0
135220,0.04
135221,0.04
135222,0.09
135223,0.0
135224,0.01
135225,0.25
135226,0.02
135227,0.01
135228,0.0
135229,0.51
135230,0.04
135231,0.0
135232,0.0
135233,0.0
135234,0.0
135235,0.0
135236,0.4
135237,0.0
135238,0.08
135239,0.0
135240,0.0
135241,0.05
135242,0.0
135243,0.07
135244,0.0
135245,0.43
135246,0.01
135247,0.02
135248,0.0
135249,0.06
135250,0.27
135251,0.25
135252,0.01
135253,0.06
135254,0.04
135255,0.03
135256,0.06
135257,0.0
135258,0.02
135259,0.11
135260,0.03
135261,0.0
135262,0.06
135263,0.01
135264,0.0
135265,0.01
135266,0.07
135267,0.02
135268,0.08
135269,0.06
135270,0.13
135271,0.02
135272,0.04
135273,0.08
135274,0.15
135275,0.22
135276,0.02
135277,0.03
135278,0.03
135279,0.0
135280,0.01
135281,0.01
135282,0.48
135283,0.09
135284,0.02
135285,0.01
135286,0.12
135287,0.0
135288,0.14
135289,0.03
135290,0.01
135291,0.03
135292,0.04
135293,0.04
135294,0.12
135295,0.24
135296,0.03
135297,0.03
135298,0.12
135299,0.01
135300,0.0
135301,0.04
135302,0.0
135303,0.15
135304,0.06
135305,0.0
135306,0.0
135307,0.19
135308,0.37
135309,0.05
135310,0.0
135311,0.06
135312,0.1
135313,0.0
135314,0.02
135315,0.09
135316,0.04
135317,0.28
135318,0.0
135319,0.23
135320,0.49
135321,0.1
135322,0.03
135323,0.0
135324,0.0
135325,0.32
135326,0.02
135327,0.02
135328,0.01
135329,0.28
135330,0.0
135331,0.0
135332,0.02
135333,0.08
135334,0.0
135335,0.1
135336,0.0
135337,0.01
135338,0.14
135339,0.1
135340,0.41
135341,0.03
135342,0.04
135343,0.0
135344,0.0
135345,0.0
135346,0.01
135347,0.2
135348,0.53
135349,0.01
135350,0.2
135351,0.02
135352,0.0
135353,0.04
135354,0.22
135355,0.0
135356,0.01
135357,0.0
135358,0.0
135359,0.0
135360,0.0
135361,0.0
135362,0.05
135363,0.0
135364,0.0
135365,0.14
135366,0.0
135367,0.01
135368,0.0
135369,0.02
135370,0.25
135371,0.0
135372,0.0
135373,0.06
135374,0.0
135375,0.23
135376,0.01
135377,0.01
135378,0.0
135379,0.0
135380,0.01
135381,0.6
135382,0.01
135383,0.01
135384,0.01
135385,0.09
135386,0.02
135387,0.28
135388,0.01
135389,0.05
135390,0.04
135391,0.0
135392,0.0
135393,0.03
135394,0.14
135395,0.0
135396,0.01
135397,0.03
135398,0.01
135399,0.02
135400,0.01
135401,0.12
135402,0.09
135403,0.14
135404,0.3
135405,0.17
135406,0.02
135407,0.02
135408,0.01
135409,0.0
135410,0.0
135411,0.09
135412,0.17
135413,0.01
135414,0.65
135415,0.0
135416,0.01
135417,0.04
135418,0.34
135419,0.1
135420,0.0
135421,0.01
135422,0.08
135423,0.45
135424,0.01
135425,0.0
135426,0.14
135427,0.09
135428,0.05
135429,0.0
135430,0.01
135431,0.05
135432,0.08
135433,0.0
135434,0.01
135435,0.01
135436,0.0
135437,0.0
135438,0.0
135439,0.01
135440,0.03
135441,0.03
135442,0.11
135443,0.04
135444,0.06
135445,0.11
135446,0.0
135447,0.0
135448,0.04
135449,0.0
135450,0.1
135451,0.02
135452,0.0
135453,0.04
135454,0.01
135455,0.1
135456,0.02
135457,0.01
135458,0.02
135459,0.27
135460,0.01
135461,0.14
135462,0.13
135463,0.0
135464,0.0
135465,0.04
135466,0.0
135467,0.29
135468,0.2
135469,0.32
135470,0.3
135471,0.02
135472,0.04
135473,0.27
135474,0.01
135475,0.02
135476,0.24
135477,0.06
135478,0.04
135479,0.0
135480,0.04
135481,0.01
135482,0.0
135483,0.02
135484,0.03
135485,0.02
135486,0.04
135487,0.26
135488,0.01
135489,0.05
135490,0.0
135491,0.14
135492,0.05
135493,0.02
135494,0.04
135495,0.05
135496,0.05
135497,0.1
135498,0.05
135499,0.0
135500,0.01
135501,0.0
135502,0.21
135503,0.03
135504,0.02
135505,0.0
135506,0.19
135507,0.07
135508,0.0
135509,0.07
135510,0.0
135511,0.01
135512,0.01
135513,0.04
135514,0.0
135515,0.02
135516,0.03
135517,0.03
135518,0.11
135519,0.0
135520,0.1
135521,0.0
135522,0.39
135523,0.05
135524,0.0
135525,0.0
135526,0.02
135527,0.01
135528,0.01
135529,0.04
135530,0.02
135531,0.0
135532,0.03
135533,0.02
135534,0.18
135535,0.0
135536,0.0
135537,0.0
135538,0.06
135539,0.01
135540,0.04
135541,0.08
135542,0.02
135543,0.04
135544,0.02
135545,0.03
135546,0.02
135547,0.07
135548,0.0
135549,0.0
135550,0.0
135551,0.0
135552,0.0
135553,0.02
135554,0.01
135555,0.0
135556,0.05
135557,0.01
135558,0.0
135559,0.0
135560,0.05
135561,0.01
135562,0.0
135563,0.01
135564,0.05
135565,0.02
135566,0.06
135567,0.17
135568,0.0
135569,0.01
135570,0.0
135571,0.01
135572,0.0
135573,0.0
135574,0.0
135575,0.45
135576,0.33
135577,0.02
135578,0.35
135579,0.02
135580,0.02
135581,0.05
135582,0.11
135583,0.01
135584,0.08
135585,0.01
135586,0.01
135587,0.19
135588,0.0
135589,0.0
135590,0.0
135591,0.0
135592,0.09
135593,0.01
135594,0.1
135595,0.17
135596,0.38
135597,0.12
135598,0.02
135599,0.0
135600,0.04
135601,0.06
135602,0.01
135603,0.38
135604,0.0
135605,0.06
135606,0.04
135607,0.05
135608,0.06
135609,0.07
135610,0.0
135611,0.01
135612,0.01
135613,0.01
135614,0.0
135615,0.01
135616,0.04
135617,0.01
135618,0.0
135619,0.0
135620,0.0
135621,0.0
135622,0.0
135623,0.07
135624,0.0
135625,0.17
135626,0.13
135627,0.04
135628,0.0
135629,0.0
135630,0.0
135631,0.02
135632,0.14
135633,0.0
135634,0.01
135635,0.03
135636,0.03
135637,0.1
135638,0.27
135639,0.0
135640,0.45
135641,0.06
135642,0.0
135643,0.0
135644,0.03
135645,0.01
135646,0.01
135647,0.08
135648,0.03
135649,0.03
135650,0.0
135651,0.06
135652,0.02
135653,0.16
135654,0.38
135655,0.03
135656,0.0
135657,0.01
135658,0.0
135659,0.01
135660,0.01
135661,0.0
135662,0.06
135663,0.09
135664,0.04
135665,0.0
135666,0.0
135667,0.0
135668,0.09
135669,0.05
135670,0.06
135671,0.0
135672,0.27
135673,0.09
135674,0.1
135675,0.03
135676,0.09
135677,0.0
135678,0.05
135679,0.05
135680,0.03
135681,0.0
135682,0.01
135683,0.04
135684,0.0
135685,0.37
135686,0.01
135687,0.0
135688,0.03
135689,0.0
135690,0.32
135691,0.14
135692,0.06
135693,0.02
135694,0.0
135695,0.04
135696,0.1
135697,0.03
135698,0.05
135699,0.03
135700,0.38
135701,0.0
135702,0.0
135703,0.0
135704,0.08
135705,0.0
135706,0.22
135707,0.01
135708,0.0
135709,0.01
135710,0.03
135711,0.0
135712,0.0
135713,0.08
135714,0.17
135715,0.01
135716,0.01
135717,0.01
135718,0.0
135719,0.0
135720,0.42
135721,0.02
135722,0.03
135723,0.02
135724,0.06
135725,0.0
135726,0.13
135727,0.01
135728,0.0
135729,0.0
135730,0.01
135731,0.11
135732,0.0
135733,0.08
135734,0.05
135735,0.0
135736,0.35
135737,0.0
135738,0.0
135739,0.08
135740,0.04
135741,0.02
135742,0.01
135743,0.0
135744,0.02
135745,0.01
135746,0.43
135747,0.09
135748,0.03
135749,0.19
135750,0.41
135751,0.01
135752,0.05
135753,0.07
135754,0.34
135755,0.24
135756,0.17
135757,0.08
135758,0.0
135759,0.0
135760,0.0
135761,0.09
135762,0.0
135763,0.04
135764,0.0
135765,0.01
135766,0.0
135767,0.13
135768,0.0
135769,0.01
135770,0.0
135771,0.17
135772,0.01
135773,0.0
135774,0.01
135775,0.01
135776,0.01
135777,0.17
135778,0.01
135779,0.22
135780,0.01
135781,0.13
135782,0.12
135783,0.0
135784,0.0
135785,0.01
135786,0.01
135787,0.04
135788,0.0
135789,0.05
135790,0.01
135791,0.0
135792,0.0
135793,0.13
135794,0.01
135795,0.0
135796,0.01
135797,0.07
135798,0.05
135799,0.04
135800,0.0
135801,0.0
135802,0.0
135803,0.18
135804,0.0
135805,0.15
135806,0.02
135807,0.16
135808,0.01
135809,0.0
135810,0.18
135811,0.15
135812,0.0
135813,0.38
135814,0.02
135815,0.0
135816,0.0
135817,0.0
135818,0.0
135819,0.08
135820,0.0
135821,0.05
135822,0.0
135823,0.01
135824,0.01
135825,0.05
135826,0.0
135827,0.07
135828,0.13
135829,0.02
135830,0.09
135831,0.01
135832,0.05
135833,0.11
135834,0.02
135835,0.03
135836,0.13
135837,0.0
135838,0.0
135839,0.02
135840,0.17
135841,0.1
135842,0.4
135843,0.0
135844,0.0
135845,0.02
135846,0.01
135847,0.08
135848,0.0
135849,0.03
135850,0.1
135851,0.4
135852,0.22
135853,0.02
135854,0.03
135855,0.09
135856,0.04
135857,0.07
135858,0.0
135859,0.1
135860,0.36
135861,0.03
135862,0.09
135863,0.01
135864,0.08
135865,0.02
135866,0.04
135867,0.12
135868,0.04
135869,0.0
135870,0.02
135871,0.78
135872,0.08
135873,0.16
135874,0.03
135875,0.61
135876,0.07
135877,0.01
135878,0.0
135879,0.04
135880,0.02
135881,0.0
135882,0.2
135883,0.16
135884,0.01
135885,0.0
135886,0.05
135887,0.0
135888,0.04
135889,0.0
135890,0.01
135891,0.0
135892,0.01
135893,0.01
135894,0.03
135895,0.0
135896,0.2
135897,0.01
135898,0.03
135899,0.21
135900,0.13
135901,0.01
135902,0.06
135903,0.0
135904,0.0
135905,0.65
135906,0.09
135907,0.03
135908,0.02
135909,0.02
135910,0.05
135911,0.25
135912,0.15
135913,0.14
135914,0.01
135915,0.08
135916,0.06
135917,0.05
135918,0.0
135919,0.04
135920,0.01
135921,0.0
135922,0.0
135923,0.02
135924,0.0
135925,0.0
135926,0.04
135927,0.0
135928,0.02
135929,0.04
135930,0.0
135931,0.05
135932,0.02
135933,0.03
135934,0.0
135935,0.0
135936,0.01
135937,0.0
135938,0.0
135939,0.02
135940,0.35
135941,0.02
135942,0.0
135943,0.01
135944,0.0
135945,0.04
135946,0.0
135947,0.04
135948,0.0
135949,0.07
135950,0.3
135951,0.1
135952,0.01
135953,0.01
135954,0.21
135955,0.13
135956,0.19
135957,0.01
135958,0.0
135959,0.0
135960,0.28
135961,0.0
135962,0.03
135963,0.04
135964,0.01
135965,0.0
135966,0.01
135967,0.02
135968,0.08
135969,0.31
135970,0.01
135971,0.01
135972,0.2
135973,0.09
135974,0.03
135975,0.02
135976,0.03
135977,0.0
135978,0.07
135979,0.01
135980,0.02
135981,0.0
135982,0.01
135983,0.0
135984,0.0
135985,0.49
135986,0.07
135987,0.0
135988,0.06
135989,0.0
135990,0.13
135991,0.03
135992,0.01
135993,0.02
135994,0.0
135995,0.1
135996,0.01
135997,0.01
135998,0.29
135999,0.02
136000,0.0
136001,0.02
136002,0.12
136003,0.05
136004,0.15
136005,0.0
136006,0.08
136007,0.0
136008,0.02
136009,0.01
136010,0.0
136011,0.02
136012,0.02
136013,0.05
136014,0.0
136015,0.06
136016,0.02
136017,0.0
136018,0.08
136019,0.01
136020,0.03
136021,0.04
136022,0.12
136023,0.33
136024,0.0
136025,0.0
136026,0.02
136027,0.0
136028,0.84
136029,0.01
136030,0.11
136031,0.0
136032,0.0
136033,0.0
136034,0.19
136035,0.0
136036,0.05
136037,0.0
136038,0.08
136039,0.11
136040,0.06
136041,0.02
136042,0.0
136043,0.14
136044,0.0
136045,0.01
136046,0.11
136047,0.01
136048,0.59
136049,0.0
136050,0.07
136051,0.0
136052,0.0
136053,0.01
136054,0.13
136055,0.02
136056,0.0
136057,0.23
136058,0.16
136059,0.04
136060,0.44
136061,0.06
136062,0.02
136063,0.17
136064,0.14
136065,0.15
136066,0.16
136067,0.04
136068,0.0
136069,0.0
136070,0.06
136071,0.11
136072,0.19
136073,0.0
136074,0.06
136075,0.02
136076,0.01
136077,0.04
136078,0.03
136079,0.0
136080,0.02
136081,0.07
136082,0.03
136083,0.05
136084,0.05
136085,0.02
136086,0.0
136087,0.0
136088,0.01
136089,0.18
136090,0.0
136091,0.05
136092,0.12
136093,0.14
136094,0.01
136095,0.15
136096,0.02
136097,0.0
136098,0.01
136099,0.14
136100,0.02
136101,0.08
136102,0.03
136103,0.17
136104,0.3
136105,0.0
136106,0.01
136107,0.0
136108,0.07
136109,0.04
136110,0.07
136111,0.0
136112,0.02
136113,0.41
136114,0.0
136115,0.16
136116,0.02
136117,0.06
136118,0.16
136119,0.0
136120,0.04
136121,0.11
136122,0.0
136123,0.0
136124,0.01
136125,0.34
136126,0.0
136127,0.02
136128,0.02
136129,0.0
136130,0.04
136131,0.0
136132,0.17
136133,0.21
136134,0.0
136135,0.04
136136,0.24
136137,0.02
136138,0.06
136139,0.11
136140,0.01
136141,0.24
136142,0.05
136143,0.0
136144,0.01
136145,0.08
136146,0.01
136147,0.06
136148,0.53
136149,0.0
136150,0.01
136151,0.13
136152,0.01
136153,0.18
136154,0.06
136155,0.01
136156,0.11
136157,0.01
136158,0.11
136159,0.0
136160,0.44
136161,0.0
136162,0.02
136163,0.01
136164,0.23
136165,0.02
136166,0.36
136167,0.0
136168,0.03
136169,0.07
136170,0.01
136171,0.0
136172,0.01
136173,0.06
136174,0.0
136175,0.0
136176,0.0
136177,0.04
136178,0.01
136179,0.0
136180,0.03
136181,0.48
136182,0.02
136183,0.0
136184,0.09
136185,0.49
136186,0.01
136187,0.01
136188,0.02
136189,0.12
136190,0.0
136191,0.0
136192,0.14
136193,0.02
136194,0.06
136195,0.0
136196,0.04
136197,0.01
136198,0.11
136199,0.49
136200,0.09
136201,0.03
136202,0.21
136203,0.0
136204,0.06
136205,0.06
136206,0.05
136207,0.0
136208,0.02
136209,0.02
136210,0.09
136211,0.06
136212,0.12
136213,0.09
136214,0.15
136215,0.0
136216,0.01
136217,0.0
136218,0.04
136219,0.0
136220,0.07
136221,0.04
136222,0.11
136223,0.01
136224,0.44
136225,0.01
136226,0.04
136227,0.0
136228,0.15
136229,0.01
136230,0.01
136231,0.01
136232,0.42
136233,0.37
136234,0.12
136235,0.01
136236,0.0
136237,0.01
136238,0.06
136239,0.02
136240,0.02
136241,0.02
136242,0.01
136243,0.07
136244,0.0
136245,0.08
136246,0.11
136247,0.01
136248,0.0
136249,0.0
136250,0.0
136251,0.0
136252,0.0
136253,0.02
136254,0.34
136255,0.04
136256,0.01
136257,0.0
136258,0.0
136259,0.14
136260,0.0
136261,0.06
136262,0.0
136263,0.01
136264,0.0
136265,0.02
136266,0.26
136267,0.04
136268,0.04
136269,0.05
136270,0.04
136271,0.17
136272,0.0
136273,0.09
136274,0.17
136275,0.15
136276,0.0
136277,0.01
136278,0.23
136279,0.03
136280,0.05
136281,0.0
136282,0.27
136283,0.0
136284,0.06
136285,0.0
136286,0.05
136287,0.02
136288,0.06
136289,0.68
136290,0.09
136291,0.02
136292,0.0
136293,0.0
136294,0.01
136295,0.0
136296,0.01
136297,0.01
136298,0.0
136299,0.0
136300,0.45
136301,0.05
136302,0.03
136303,0.09
136304,0.02
136305,0.32
136306,0.0
136307,0.13
136308,0.0
136309,0.01
136310,0.05
136311,0.01
136312,0.01
136313,0.45
136314,0.01
136315,0.02
136316,0.07
136317,0.06
136318,0.12
136319,0.14
136320,0.0
136321,0.0
136322,0.19
136323,0.06
136324,0.06
136325,0.0
136326,0.06
136327,0.16
136328,0.0
136329,0.04
136330,0.13
136331,0.54
136332,0.06
136333,0.03
136334,0.23
136335,0.0
136336,0.03
136337,0.02
136338,0.09
136339,0.0
136340,0.28
136341,0.0
136342,0.71
136343,0.08
136344,0.16
136345,0.0
136346,0.32
136347,0.0
136348,0.02
136349,0.07
136350,0.0
136351,0.0
136352,0.21
136353,0.06
136354,0.24
136355,0.0
136356,0.0
136357,0.08
136358,0.28
136359,0.02
136360,0.14
136361,0.0
136362,0.01
136363,0.0
136364,0.01
136365,0.01
136366,0.01
136367,0.16
136368,0.07
136369,0.0
136370,0.02
136371,0.1
136372,0.03
136373,0.0
136374,0.06
136375,0.02
136376,0.13
136377,0.0
136378,0.0
136379,0.03
136380,0.01
136381,0.0
136382,0.0
136383,0.02
136384,0.06
136385,0.0
136386,0.02
136387,0.0
136388,0.01
136389,0.15
136390,0.03
136391,0.0
136392,0.0
136393,0.04
136394,0.37
136395,0.02
136396,0.0
136397,0.02
136398,0.01
136399,0.04
136400,0.0
136401,0.06
136402,0.01
136403,0.0
136404,0.0
136405,0.0
136406,0.03
136407,0.05
136408,0.0
136409,0.1
136410,0.05
136411,0.1
136412,0.15
136413,0.02
136414,0.01
136415,0.17
136416,0.02
136417,0.02
136418,0.02
136419,0.0
136420,0.01
136421,0.02
136422,0.06
136423,0.01
136424,0.0
136425,0.46
136426,0.35
136427,0.02
136428,0.01
136429,0.01
136430,0.01
136431,0.07
136432,0.18
136433,0.09
136434,0.04
136435,0.01
136436,0.01
136437,0.02
136438,0.0
136439,0.07
136440,0.03
136441,0.02
136442,0.46
136443,0.24
136444,0.01
136445,0.01
136446,0.0
136447,0.0
136448,0.02
136449,0.05
136450,0.02
136451,0.0
136452,0.0
136453,0.09
136454,0.1
136455,0.01
136456,0.03
136457,0.0
136458,0.08
136459,0.05
136460,0.03
136461,0.0
136462,0.01
136463,0.02
136464,0.01
136465,0.0
136466,0.0
136467,0.24
136468,0.11
136469,0.03
136470,0.01
136471,0.0
136472,0.01
136473,0.13
136474,0.0
136475,0.29
136476,0.01
136477,0.05
136478,0.0
136479,0.0
136480,0.0
136481,0.03
136482,0.58
136483,0.05
136484,0.0
136485,0.0
136486,0.15
136487,0.0
136488,0.01
136489,0.0
136490,0.01
136491,0.07
136492,0.0
136493,0.01
136494,0.0
136495,0.02
136496,0.23
136497,0.02
136498,0.39
136499,0.0
136500,0.14
136501,0.11
136502,0.0
136503,0.01
136504,0.02
136505,0.01
136506,0.03
136507,0.2
136508,0.04
136509,0.0
136510,0.01
136511,0.14
136512,0.0
136513,0.02
136514,0.0
136515,0.15
136516,0.15
136517,0.01
136518,0.01
136519,0.38
136520,0.0
136521,0.0
136522,0.0
136523,0.0
136524,0.02
136525,0.0
136526,0.01
136527,0.0
136528,0.01
136529,0.27
136530,0.0
136531,0.0
136532,0.13
136533,0.4
136534,0.0
136535,0.06
136536,0.03
136537,0.04
136538,0.03
136539,0.08
136540,0.0
136541,0.0
136542,0.0
136543,0.07
136544,0.09
136545,0.01
136546,0.14
136547,0.18
136548,0.0
136549,0.0
136550,0.03
136551,0.05
136552,0.03
136553,0.0
136554,0.06
136555,0.04
136556,0.19
136557,0.0
136558,0.01
136559,0.01
136560,0.02
136561,0.0
136562,0.12
136563,0.0
136564,0.0
136565,0.0
136566,0.02
136567,0.02
136568,0.02
136569,0.0
136570,0.0
136571,0.08
136572,0.25
136573,0.0
136574,0.37
136575,0.17
136576,0.25
136577,0.03
136578,0.03
136579,0.0
136580,0.0
136581,0.07
136582,0.0
136583,0.0
136584,0.0
136585,0.03
136586,0.01
136587,0.02
136588,0.0
136589,0.0
136590,0.02
136591,0.0
136592,0.0
136593,0.0
136594,0.0
136595,0.02
136596,0.04
136597,0.21
136598,0.02
136599,0.11
136600,0.01
136601,0.01
136602,0.09
136603,0.01
136604,0.0
136605,0.0
136606,0.0
136607,0.1
136608,0.22
136609,0.01
136610,0.06
136611,0.04
136612,0.31
136613,0.38
136614,0.27
136615,0.08
136616,0.0
136617,0.03
136618,0.16
136619,0.0
136620,0.03
136621,0.05
136622,0.14
136623,0.01
136624,0.27
136625,0.04
136626,0.2
136627,0.01
136628,0.16
136629,0.03
136630,0.0
136631,0.07
136632,0.07
136633,0.04
136634,0.52
136635,0.11
136636,0.04
136637,0.0
136638,0.08
136639,0.34
136640,0.0
136641,0.01
136642,0.0
136643,0.1
136644,0.03
136645,0.01
136646,0.0
136647,0.27
136648,0.23
136649,0.0
136650,0.0
136651,0.11
136652,0.0
136653,0.0
136654,0.26
136655,0.09
136656,0.03
136657,0.06
136658,0.0
136659,0.07
136660,0.03
136661,0.0
136662,0.03
136663,0.01
136664,0.02
136665,0.45
136666,0.07
136667,0.0
136668,0.01
136669,0.03
136670,0.05
136671,0.25
136672,0.25
136673,0.01
136674,0.05
136675,0.35
136676,0.03
136677,0.01
136678,0.01
136679,0.01
136680,0.34
136681,0.06
136682,0.06
136683,0.0
136684,0.02
136685,0.01
136686,0.05
136687,0.23
136688,0.0
136689,0.0
136690,0.01
136691,0.0
136692,0.0
136693,0.02
136694,0.01
136695,0.01
136696,0.0
136697,0.24
136698,0.0
136699,0.03
136700,0.0
136701,0.01
136702,0.0
136703,0.0
136704,0.01
136705,0.01
136706,0.01
136707,0.0
136708,0.3
136709,0.0
136710,0.0
136711,0.33
136712,0.21
136713,0.0
136714,0.01
136715,0.03
136716,0.17
136717,0.25
136718,0.03
136719,0.44
136720,0.23
136721,0.0
136722,0.02
136723,0.02
136724,0.04
136725,0.01
136726,0.0
136727,0.13
136728,0.07
136729,0.03
136730,0.0
136731,0.14
136732,0.08
136733,0.08
136734,0.0
136735,0.06
136736,0.13
136737,0.01
136738,0.0
136739,0.03
136740,0.12
136741,0.04
136742,0.0
136743,0.05
136744,0.25
136745,0.02
136746,0.12
136747,0.04
136748,0.02
136749,0.46
136750,0.03
136751,0.0
136752,0.0
136753,0.0
136754,0.0
136755,0.04
136756,0.01
136757,0.01
136758,0.07
136759,0.08
136760,0.08
136761,0.01
136762,0.0
136763,0.04
136764,0.02
136765,0.02
136766,0.11
136767,0.0
136768,0.02
136769,0.01
136770,0.34
136771,0.0
136772,0.6
136773,0.03
136774,0.03
136775,0.08
136776,0.02
136777,0.04
136778,0.06
136779,0.0
136780,0.0
136781,0.07
136782,0.0
136783,0.0
136784,0.37
136785,0.03
136786,0.0
136787,0.0
136788,0.07
136789,0.0
136790,0.14
136791,0.2
136792,0.03
136793,0.01
136794,0.02
136795,0.01
136796,0.09
136797,0.01
136798,0.05
136799,0.02
136800,0.0
136801,0.02
136802,0.05
136803,0.17
136804,0.08
136805,0.0
136806,0.07
136807,0.02
136808,0.05
136809,0.05
136810,0.0
136811,0.0
136812,0.14
136813,0.17
136814,0.01
136815,0.02
136816,0.02
136817,0.02
136818,0.0
136819,0.0
136820,0.11
136821,0.03
136822,0.0
136823,0.05
136824,0.01
136825,0.02
136826,0.0
136827,0.0
136828,0.01
136829,0.01
136830,0.02
136831,0.01
136832,0.01
136833,0.15
136834,0.0
136835,0.0
136836,0.12
136837,0.2
136838,0.11
136839,0.57
136840,0.06
136841,0.03
136842,0.0
136843,0.0
136844,0.02
136845,0.03
136846,0.01
136847,0.13
136848,0.08
136849,0.06
136850,0.0
136851,0.01
136852,0.02
136853,0.67
136854,0.01
136855,0.07
136856,0.03
136857,0.02
136858,0.0
136859,0.01
136860,0.0
136861,0.1
136862,0.0
136863,0.03
136864,0.03
136865,0.0
136866,0.15
136867,0.01
136868,0.01
136869,0.09
136870,0.17
136871,0.0
136872,0.05
136873,0.02
136874,0.09
136875,0.01
136876,0.01
136877,0.01
136878,0.06
136879,0.01
136880,0.02
136881,0.06
136882,0.0
136883,0.0
136884,0.01
136885,0.03
136886,0.03
136887,0.07
136888,0.03
136889,0.09
136890,0.01
136891,0.0
136892,0.04
136893,0.1
136894,0.11
136895,0.01
136896,0.0
136897,0.07
136898,0.0
136899,0.07
136900,0.18
136901,0.02
136902,0.33
136903,0.02
136904,0.0
136905,0.07
136906,0.0
136907,0.01
136908,0.01
136909,0.1
136910,0.0
136911,0.0
136912,0.0
136913,0.22
136914,0.26
136915,0.17
136916,0.03
136917,0.34
136918,0.13
136919,0.0
136920,0.08
136921,0.0
136922,0.0
136923,0.0
136924,0.0
136925,0.01
136926,0.36
136927,0.0
136928,0.01
136929,0.23
136930,0.01
136931,0.32
136932,0.08
136933,0.11
136934,0.04
136935,0.0
136936,0.02
136937,0.09
136938,0.05
136939,0.05
136940,0.0
136941,0.22
136942,0.32
136943,0.49
136944,0.0
136945,0.38
136946,0.01
136947,0.16
136948,0.0
136949,0.02
136950,0.02
136951,0.0
136952,0.01
136953,0.01
136954,0.08
136955,0.0
136956,0.0
136957,0.04
136958,0.0
136959,0.5
136960,0.0
136961,0.04
136962,0.0
136963,0.0
136964,0.01
136965,0.05
136966,0.08
136967,0.59
136968,0.0
136969,0.21
136970,0.02
136971,0.01
136972,0.02
136973,0.01
136974,0.0
136975,0.06
136976,0.17
136977,0.0
136978,0.74
136979,0.33
136980,0.03
136981,0.04
136982,0.0
136983,0.14
136984,0.07
136985,0.0
136986,0.0
136987,0.0
136988,0.0
136989,0.07
136990,0.02
136991,0.1
136992,0.18
136993,0.0
136994,0.11
136995,0.21
136996,0.09
136997,0.03
136998,0.03
136999,0.07
137000,0.02
137001,0.0
137002,0.04
137003,0.04
137004,0.05
137005,0.01
137006,0.02
137007,0.04
137008,0.03
137009,0.2
137010,0.02
137011,0.08
137012,0.06
137013,0.2
137014,0.84
137015,0.01
137016,0.0
137017,0.0
137018,0.0
137019,0.01
137020,0.34
137021,0.0
137022,0.34
137023,0.06
137024,0.0
137025,0.15
137026,0.0
137027,0.0
137028,0.37
137029,0.12
137030,0.04
137031,0.0
137032,0.31
137033,0.0
137034,0.14
137035,0.06
137036,0.03
137037,0.02
137038,0.03
137039,0.05
137040,0.84
137041,0.05
137042,0.0
137043,0.05
137044,0.0
137045,0.02
137046,0.05
137047,0.0
137048,0.02
137049,0.0
137050,0.02
137051,0.01
137052,0.0
137053,0.09
137054,0.05
137055,0.0
137056,0.19
137057,0.0
137058,0.02
137059,0.02
137060,0.0
137061,0.0
137062,0.06
137063,0.0
137064,0.07
137065,0.0
137066,0.09
137067,0.02
137068,0.01
137069,0.01
137070,0.03
137071,0.0
137072,0.05
137073,0.05
137074,0.07
137075,0.04
137076,0.0
137077,0.2
137078,0.25
137079,0.01
137080,0.05
137081,0.01
137082,0.01
137083,0.0
137084,0.02
137085,0.08
137086,0.0
137087,0.02
137088,0.02
137089,0.02
137090,0.05
137091,0.01
137092,0.04
137093,0.06
137094,0.1
137095,0.16
137096,0.15
137097,0.18
137098,0.01
137099,0.0
137100,0.01
137101,0.07
137102,0.4
137103,0.06
137104,0.04
137105,0.04
137106,0.02
137107,0.0
137108,0.0
137109,0.01
137110,0.01
137111,0.01
137112,0.18
137113,0.02
137114,0.03
137115,0.01
137116,0.09
137117,0.0
137118,0.01
137119,0.09
137120,0.24
137121,0.02
137122,0.0
137123,0.0
137124,0.0
137125,0.06
137126,0.02
137127,0.0
137128,0.12
137129,0.02
137130,0.0
137131,0.0
137132,0.01
137133,0.02
137134,0.01
137135,0.0
137136,0.09
137137,0.0
137138,0.04
137139,0.0
137140,0.06
137141,0.04
137142,0.06
137143,0.7
137144,0.0
137145,0.01
137146,0.11
137147,0.0
137148,0.03
137149,0.13
137150,0.41
137151,0.0
137152,0.02
137153,0.0
137154,0.35
137155,0.01
137156,0.0
137157,0.24
137158,0.01
137159,0.0
137160,0.0
137161,0.04
137162,0.14
137163,0.01
137164,0.0
137165,0.07
137166,0.01
137167,0.01
137168,0.04
137169,0.02
137170,0.04
137171,0.02
137172,0.22
137173,0.0
137174,0.74
137175,0.02
137176,0.0
137177,0.0
137178,0.01
137179,0.03
137180,0.0
137181,0.0
137182,0.11
137183,0.05
137184,0.03
137185,0.0
137186,0.05
137187,0.0
137188,0.0
137189,0.01
137190,0.11
137191,0.08
137192,0.02
137193,0.12
137194,0.09
137195,0.27
137196,0.0
137197,0.0
137198,0.05
137199,0.04
137200,0.01
137201,0.0
137202,0.17
137203,0.0
137204,0.04
137205,0.05
137206,0.08
137207,0.0
137208,0.0
137209,0.0
137210,0.04
137211,0.01
137212,0.0
137213,0.0
137214,0.11
137215,0.0
137216,0.76
137217,0.18
137218,0.16
137219,0.02
137220,0.0
137221,0.0
137222,0.5
137223,0.08
137224,0.0
137225,0.01
137226,0.01
137227,0.04
137228,0.03
137229,0.07
137230,0.0
137231,0.01
137232,0.0
137233,0.07
137234,0.23
137235,0.17
137236,0.01
137237,0.0
137238,0.19
137239,0.04
137240,0.05
137241,0.01
137242,0.0
137243,0.01
137244,0.04
137245,0.01
137246,0.02
137247,0.01
137248,0.0
137249,0.1
137250,0.01
137251,0.04
137252,0.01
137253,0.0
137254,0.31
137255,0.0
137256,0.01
137257,0.1
137258,0.0
137259,0.01
137260,0.58
137261,0.05
137262,0.08
137263,0.04
137264,0.01
137265,0.07
137266,0.0
137267,0.0
137268,0.16
137269,0.03
137270,0.01
137271,0.01
137272,0.02
137273,0.17
137274,0.03
137275,0.0
137276,0.0
137277,0.35
137278,0.03
137279,0.0
137280,0.57
137281,0.01
137282,0.0
137283,0.04
137284,0.01
137285,0.11
137286,0.0
137287,0.0
137288,0.06
137289,0.01
137290,0.12
137291,0.01
137292,0.04
137293,0.03
137294,0.0
137295,0.0
137296,0.0
137297,0.15
137298,0.13
137299,0.02
137300,0.0
137301,0.0
137302,0.01
137303,0.01
137304,0.0
137305,0.08
137306,0.43
137307,0.03
137308,0.16
137309,0.01
137310,0.0
137311,0.18
137312,0.13
137313,0.0
137314,0.0
137315,0.0
137316,0.1
137317,0.0
137318,0.27
137319,0.24
137320,0.03
137321,0.01
137322,0.04
137323,0.0
137324,0.0
137325,0.16
137326,0.0
137327,0.01
137328,0.0
137329,0.05
137330,0.01
137331,0.0
137332,0.12
137333,0.27
137334,0.06
137335,0.14
137336,0.03
137337,0.0
137338,0.0
137339,0.05
137340,0.07
137341,0.02
137342,0.04
137343,0.11
137344,0.06
137345,0.01
137346,0.01
137347,0.04
137348,0.0
137349,0.02
137350,0.0
137351,0.2
137352,0.0
137353,0.09
137354,0.0
137355,0.0
137356,0.05
137357,0.01
137358,0.01
137359,0.47
137360,0.2
137361,0.07
137362,0.01
137363,0.02
137364,0.08
137365,0.0
137366,0.01
137367,0.02
137368,0.0
137369,0.0
137370,0.0
137371,0.01
137372,0.0
137373,0.21
137374,0.02
137375,0.37
137376,0.05
137377,0.0
137378,0.04
137379,0.0
137380,0.0
137381,0.0
137382,0.05
137383,0.05
137384,0.02
137385,0.04
137386,0.02
137387,0.06
137388,0.23
137389,0.16
137390,0.11
137391,0.0
137392,0.0
137393,0.02
137394,0.02
137395,0.03
137396,0.03
137397,0.01
137398,0.07
137399,0.0
137400,0.0
137401,0.0
137402,0.18
137403,0.0
137404,0.04
137405,0.0
137406,0.0
137407,0.02
137408,0.16
137409,0.0
137410,0.0
137411,0.02
137412,0.13
137413,0.0
137414,0.0
137415,0.0
137416,0.03
137417,0.06
137418,0.06
137419,0.0
137420,0.05
137421,0.0
137422,0.63
137423,0.25
137424,0.0
137425,0.0
137426,0.01
137427,0.02
137428,0.0
137429,0.0
137430,0.08
137431,0.04
137432,0.05
137433,0.45
137434,0.13
137435,0.19
137436,0.0
137437,0.14
137438,0.19
137439,0.07
137440,0.17
137441,0.0
137442,0.07
137443,0.0
137444,0.0
137445,0.1
137446,0.02
137447,0.06
137448,0.0
137449,0.38
137450,0.01
137451,0.01
137452,0.0
137453,0.04
137454,0.04
137455,0.0
137456,0.0
137457,0.0
137458,0.65
137459,0.0
137460,0.02
137461,0.0
137462,0.11
137463,0.01
137464,0.0
137465,0.01
137466,0.0
137467,0.58
137468,0.34
137469,0.04
137470,0.19
137471,0.04
137472,0.01
137473,0.18
137474,0.01
137475,0.0
137476,0.23
137477,0.2
137478,0.03
137479,0.03
137480,0.62
137481,0.01
137482,0.0
137483,0.52
137484,0.04
137485,0.01
137486,0.01
137487,0.36
137488,0.02
137489,0.03
137490,0.03
137491,0.31
137492,0.26
137493,0.02
137494,0.06
137495,0.04
137496,0.0
137497,0.02
137498,0.18
137499,0.1
137500,0.27
137501,0.03
137502,0.14
137503,0.04
137504,0.0
137505,0.06
137506,0.05
137507,0.0
137508,0.0
137509,0.02
137510,0.0
137511,0.02
137512,0.11
137513,0.45
137514,0.04
137515,0.01
137516,0.02
137517,0.01
137518,0.11
137519,0.02
137520,0.01
137521,0.01
137522,0.0
137523,0.0
137524,0.0
137525,0.06
137526,0.05
137527,0.05
137528,0.01
137529,0.07
137530,0.01
137531,0.02
137532,0.06
137533,0.0
137534,0.0
137535,0.03
137536,0.26
137537,0.45
137538,0.0
137539,0.02
137540,0.15
137541,0.05
137542,0.0
137543,0.02
137544,0.09
137545,0.14
137546,0.07
137547,0.0
137548,0.0
137549,0.04
137550,0.05
137551,0.02
137552,0.03
137553,0.11
137554,0.05
137555,0.03
137556,0.0
137557,0.01
137558,0.03
137559,0.03
137560,0.1
137561,0.0
137562,0.02
137563,0.0
137564,0.0
137565,0.01
137566,0.01
137567,0.02
137568,0.01
137569,0.01
137570,0.04
137571,0.15
137572,0.15
137573,0.0
137574,0.01
137575,0.32
137576,0.01
137577,0.03
137578,0.11
137579,0.0
137580,0.22
137581,0.04
137582,0.52
137583,0.1
137584,0.01
137585,0.0
137586,0.01
137587,0.23
137588,0.05
137589,0.0
137590,0.02
137591,0.03
137592,0.4
137593,0.03
137594,0.07
137595,0.03
137596,0.02
137597,0.0
137598,0.12
137599,0.03
137600,0.0
137601,0.02
137602,0.05
137603,0.02
137604,0.0
137605,0.0
137606,0.0
137607,0.02
137608,0.02
137609,0.01
137610,0.11
137611,0.01
137612,0.36
137613,0.01
137614,0.01
137615,0.05
137616,0.02
137617,0.0
137618,0.14
137619,0.0
137620,0.01
137621,0.05
137622,0.0
137623,0.02
137624,0.31
137625,0.02
137626,0.0
137627,0.0
137628,0.01
137629,0.01
137630,0.0
137631,0.07
137632,0.09
137633,0.0
137634,0.0
137635,0.0
137636,0.03
137637,0.04
137638,0.08
137639,0.03
137640,0.05
137641,0.02
137642,0.04
137643,0.0
137644,0.08
137645,0.2
137646,0.01
137647,0.04
137648,0.0
137649,0.0
137650,0.0
137651,0.06
137652,0.0
137653,0.03
137654,0.11
137655,0.09
137656,0.02
137657,0.01
137658,0.01
137659,0.14
137660,0.24
137661,0.21
137662,0.01
137663,0.08
137664,0.0
137665,0.0
137666,0.07
137667,0.1
137668,0.01
137669,0.4
137670,0.0
137671,0.06
137672,0.02
137673,0.0
137674,0.12
137675,0.01
137676,0.04
137677,0.0
137678,0.05
137679,0.0
137680,0.01
137681,0.0
137682,0.04
137683,0.01
137684,0.03
137685,0.0
137686,0.07
137687,0.0
137688,0.0
137689,0.04
137690,0.01
137691,0.03
137692,0.01
137693,0.0
137694,0.02
137695,0.01
137696,0.04
137697,0.48
137698,0.44
137699,0.02
137700,0.22
137701,0.19
137702,0.02
137703,0.0
137704,0.01
137705,0.17
137706,0.07
137707,0.0
137708,0.02
137709,0.13
137710,0.06
137711,0.0
137712,0.0
137713,0.0
137714,0.06
137715,0.31
137716,0.08
137717,0.0
137718,0.02
137719,0.0
137720,0.13
137721,0.03
137722,0.0
137723,0.0
137724,0.01
137725,0.02
137726,0.01
137727,0.67
137728,0.0
137729,0.01
137730,0.0
137731,0.02
137732,0.08
137733,0.0
137734,0.02
137735,0.04
137736,0.01
137737,0.01
137738,0.03
137739,0.0
137740,0.01
137741,0.11
137742,0.45
137743,0.02
137744,0.08
137745,0.0
137746,0.0
137747,0.07
137748,0.01
137749,0.12
137750,0.0
137751,0.0
137752,0.17
137753,0.39
137754,0.06
137755,0.0
137756,0.01
137757,0.05
137758,0.14
137759,0.0
137760,0.19
137761,0.0
137762,0.03
137763,0.0
137764,0.02
137765,0.03
137766,0.01
137767,0.0
137768,0.0
137769,0.0
137770,0.03
137771,0.02
137772,0.0
137773,0.0
137774,0.02
137775,0.0
137776,0.02
137777,0.07
137778,0.04
137779,0.0
137780,0.03
137781,0.09
137782,0.28
137783,0.07
137784,0.03
137785,0.06
137786,0.14
137787,0.38
137788,0.05
137789,0.0
137790,0.02
137791,0.03
137792,0.08
137793,0.04
137794,0.03
137795,0.01
137796,0.04
137797,0.18
137798,0.01
137799,0.03
137800,0.07
137801,0.04
137802,0.06
137803,0.11
137804,0.02
137805,0.04
137806,0.01
137807,0.11
137808,0.01
137809,0.3
137810,0.01
137811,0.03
137812,0.01
137813,0.06
137814,0.15
137815,0.01
137816,0.23
137817,0.08
137818,0.01
137819,0.0
137820,0.0
137821,0.01
137822,0.04
137823,0.05
137824,0.02
137825,0.01
137826,0.0
137827,0.04
137828,0.0
137829,0.67
137830,0.0
137831,0.06
137832,0.5
137833,0.09
137834,0.11
137835,0.0
137836,0.0
137837,0.05
137838,0.07
137839,0.05
137840,0.0
137841,0.31
137842,0.03
137843,0.0
137844,0.03
137845,0.21
137846,0.02
137847,0.03
137848,0.19
137849,0.09
137850,0.14
137851,0.05
137852,0.0
137853,0.01
137854,0.02
137855,0.0
137856,0.17
137857,0.01
137858,0.03
137859,0.19
137860,0.0
137861,0.0
137862,0.2
137863,0.08
137864,0.15
137865,0.48
137866,0.02
137867,0.02
137868,0.06
137869,0.1
137870,0.04
137871,0.0
137872,0.0
137873,0.03
137874,0.19
137875,0.02
137876,0.04
137877,0.11
137878,0.03
137879,0.0
137880,0.0
137881,0.22
137882,0.23
137883,0.0
137884,0.15
137885,0.03
137886,0.01
137887,0.01
137888,0.13
137889,0.0
137890,0.5
137891,0.0
137892,0.07
137893,0.16
137894,0.15
137895,0.17
137896,0.0
137897,0.01
137898,0.08
137899,0.0
137900,0.02
137901,0.01
137902,0.0
137903,0.0
137904,0.1
137905,0.21
137906,0.01
137907,0.04
137908,0.0
137909,0.0
137910,0.03
137911,0.04
137912,0.01
137913,0.0
137914,0.0
137915,0.07
137916,0.03
137917,0.0
137918,0.01
137919,0.02
137920,0.06
137921,0.04
137922,0.02
137923,0.01
137924,0.09
137925,0.0
137926,0.08
137927,0.02
137928,0.0
137929,0.02
137930,0.07
137931,0.0
137932,0.01
137933,0.0
137934,0.26
137935,0.01
137936,0.04
137937,0.65
137938,0.01
137939,0.18
137940,0.09
137941,0.0
137942,0.0
137943,0.0
137944,0.0
137945,0.01
137946,0.07
137947,0.15
137948,0.01
137949,0.03
137950,0.01
137951,0.16
137952,0.0
137953,0.02
137954,0.0
137955,0.1
137956,0.21
137957,0.02
137958,0.01
137959,0.04
137960,0.05
137961,0.01
137962,0.0
137963,0.06
137964,0.03
137965,0.0
137966,0.01
137967,0.01
137968,0.0
137969,0.16
137970,0.01
137971,0.13
137972,0.0
137973,0.12
137974,0.52
137975,0.01
137976,0.0
137977,0.03
137978,0.0
137979,0.0
137980,0.0
137981,0.0
137982,0.01
137983,0.18
137984,0.01
137985,0.0
137986,0.01
137987,0.02
137988,0.01
137989,0.0
137990,0.26
137991,0.09
137992,0.02
137993,0.63
137994,0.01
137995,0.0
137996,0.04
137997,0.26
137998,0.0
137999,0.09
138000,0.0
138001,0.0
138002,0.36
138003,0.01
138004,0.03
138005,0.16
138006,0.05
138007,0.0
138008,0.0
138009,0.0
138010,0.0
138011,0.1
138012,0.12
138013,0.0
138014,0.07
138015,0.07
138016,0.01
138017,0.0
138018,0.09
138019,0.63
138020,0.17
138021,0.0
138022,0.18
138023,0.2
138024,0.0
138025,0.15
138026,0.15
138027,0.03
138028,0.03
138029,0.01
138030,0.0
138031,0.0
138032,0.03
138033,0.23
138034,0.0
138035,0.04
138036,0.0
138037,0.05
138038,0.01
138039,0.03
138040,0.14
138041,0.0
138042,0.04
138043,0.0
138044,0.12
138045,0.07
138046,0.0
138047,0.0
138048,0.0
138049,0.03
138050,0.02
138051,0.13
138052,0.22
138053,0.16
138054,0.0
138055,0.0
138056,0.03
138057,0.0
138058,0.32
138059,0.0
138060,0.01
138061,0.0
138062,0.0
138063,0.0
138064,0.0
138065,0.13
138066,0.15
138067,0.02
138068,0.01
138069,0.03
138070,0.0
138071,0.0
138072,0.14
138073,0.01
138074,0.0
138075,0.03
138076,0.22
138077,0.08
138078,0.01
138079,0.19
138080,0.02
138081,0.0
138082,0.09
138083,0.0
138084,0.0
138085,0.0
138086,0.0
138087,0.0
138088,0.08
138089,0.21
138090,0.0
138091,0.01
138092,0.01
138093,0.01
138094,0.25
138095,0.0
138096,0.06
138097,0.06
138098,0.02
138099,0.01
138100,0.04
138101,0.01
138102,0.1
138103,0.07
138104,0.0
138105,0.01
138106,0.01
138107,0.12
138108,0.47
138109,0.02
138110,0.14
138111,0.0
138112,0.02
138113,0.0
138114,0.0
138115,0.0
138116,0.0
138117,0.0
138118,0.01
138119,0.04
138120,0.0
138121,0.13
138122,0.48
138123,0.13
138124,0.0
138125,0.0
138126,0.01
138127,0.21
138128,0.02
138129,0.44
138130,0.12
138131,0.02
138132,0.0
138133,0.1
138134,0.01
138135,0.0
138136,0.02
138137,0.03
138138,0.1
138139,0.01
138140,0.01
138141,0.14
138142,0.31
138143,0.02
138144,0.01
138145,0.01
138146,0.11
138147,0.17
138148,0.28
138149,0.0
138150,0.21
138151,0.0
138152,0.02
138153,0.0
138154,0.03
138155,0.01
138156,0.01
138157,0.0
138158,0.04
138159,0.0
138160,0.02
138161,0.0
138162,0.04
138163,0.0
138164,0.0
138165,0.04
138166,0.47
138167,0.07
138168,0.28
138169,0.06
138170,0.34
138171,0.09
138172,0.04
138173,0.0
138174,0.03
138175,0.0
138176,0.21
138177,0.0
138178,0.0
138179,0.18
138180,0.01
138181,0.02
138182,0.03
138183,0.01
138184,0.0
138185,0.0
138186,0.23
138187,0.0
138188,0.03
138189,0.0
138190,0.07
138191,0.05
138192,0.0
138193,0.02
138194,0.0
138195,0.35
138196,0.0
138197,0.03
138198,0.03
138199,0.08
138200,0.1
138201,0.01
138202,0.0
138203,0.03
138204,0.0
138205,0.02
138206,0.09
138207,0.01
138208,0.05
138209,0.0
138210,0.03
138211,0.02
138212,0.02
138213,0.08
138214,0.02
138215,0.0
138216,0.07
138217,0.0
138218,0.01
138219,0.13
138220,0.04
138221,0.03
138222,0.07
138223,0.02
138224,0.41
138225,0.03
138226,0.01
138227,0.01
138228,0.0
138229,0.0
138230,0.0
138231,0.09
138232,0.01
138233,0.0
138234,0.0
138235,0.14
138236,0.02
138237,0.0
138238,0.0
138239,0.02
138240,0.02
138241,0.07
138242,0.0
138243,0.03
138244,0.0
138245,0.06
138246,0.0
138247,0.02
138248,0.0
138249,0.0
138250,0.0
138251,0.0
138252,0.08
138253,0.06
138254,0.0
138255,0.07
138256,0.0
138257,0.0
138258,0.0
138259,0.03
138260,0.2
138261,0.0
138262,0.0
138263,0.04
138264,0.69
138265,0.03
138266,0.01
138267,0.09
138268,0.19
138269,0.12
138270,0.02
138271,0.01
138272,0.13
138273,0.0
138274,0.03
138275,0.0
138276,0.05
138277,0.07
138278,0.0
138279,0.03
138280,0.12
138281,0.0
138282,0.01
138283,0.0
138284,0.0
138285,0.01
138286,0.01
138287,0.03
138288,0.01
138289,0.01
138290,0.0
138291,0.02
138292,0.16
138293,0.04
138294,0.2
138295,0.13
138296,0.01
138297,0.01
138298,0.0
138299,0.06
138300,0.02
138301,0.03
138302,0.01
138303,0.0
138304,0.44
138305,0.05
138306,0.0
138307,0.03
138308,0.04
138309,0.72
138310,0.05
138311,0.0
138312,0.02
138313,0.02
138314,0.01
138315,0.0
138316,0.31
138317,0.0
138318,0.06
138319,0.01
138320,0.01
138321,0.14
138322,0.0
138323,0.01
138324,0.0
138325,0.0
138326,0.03
138327,0.0
138328,0.06
138329,0.01
138330,0.02
138331,0.0
138332,0.0
138333,0.02
138334,0.02
138335,0.15
138336,0.0
138337,0.0
138338,0.31
138339,0.13
138340,0.01
138341,0.02
138342,0.06
138343,0.03
138344,0.09
138345,0.02
138346,0.02
138347,0.16
138348,0.01
138349,0.01
138350,0.0
138351,0.01
138352,0.0
138353,0.08
138354,0.12
138355,0.25
138356,0.0
138357,0.05
138358,0.05
138359,0.0
138360,0.02
138361,0.03
138362,0.02
138363,0.0
138364,0.09
138365,0.01
138366,0.01
138367,0.4
138368,0.12
138369,0.16
138370,0.0
138371,0.01
138372,0.07
138373,0.01
138374,0.17
138375,0.03
138376,0.01
138377,0.06
138378,0.28
138379,0.0
138380,0.03
138381,0.0
138382,0.0
138383,0.01
138384,0.02
138385,0.0
138386,0.03
138387,0.0
138388,0.05
138389,0.0
138390,0.15
138391,0.16
138392,0.01
138393,0.02
138394,0.01
138395,0.07
138396,0.01
138397,0.01
138398,0.06
138399,0.24
138400,0.0
138401,0.02
138402,0.0
138403,0.02
138404,0.05
138405,0.05
138406,0.07
138407,0.0
138408,0.12
138409,0.4
138410,0.05
138411,0.02
138412,0.03
138413,0.42
138414,0.01
138415,0.04
138416,0.14
138417,0.0
138418,0.14
138419,0.01
138420,0.08
138421,0.0
138422,0.0
138423,0.04
138424,0.08
138425,0.25
138426,0.12
138427,0.07
138428,0.01
138429,0.0
138430,0.0
138431,0.1
138432,0.0
138433,0.03
138434,0.01
138435,0.0
138436,0.03
138437,0.02
138438,0.0
138439,0.03
138440,0.02
138441,0.01
138442,0.07
138443,0.08
138444,0.0
138445,0.0
138446,0.0
138447,0.07
138448,0.48
138449,0.37
138450,0.36
138451,0.0
138452,0.05
138453,0.13
138454,0.03
138455,0.0
138456,0.15
138457,0.03
138458,0.05
138459,0.03
138460,0.01
138461,0.06
138462,0.15
138463,0.05
138464,0.01
138465,0.17
138466,0.08
138467,0.01
138468,0.02
138469,0.0
138470,0.0
138471,0.01
138472,0.01
138473,0.01
138474,0.23
138475,0.0
138476,0.03
138477,0.0
138478,0.0
138479,0.02
138480,0.01
138481,0.0
138482,0.0
138483,0.03
138484,0.03
138485,0.01
138486,0.01
138487,0.01
138488,0.69
138489,0.0
138490,0.02
138491,0.54
138492,0.0
138493,0.0
138494,0.01
138495,0.02
138496,0.45
138497,0.31
138498,0.01
138499,0.4
138500,0.0
138501,0.03
138502,0.01
138503,0.02
138504,0.01
138505,0.0
138506,0.1
138507,0.0
138508,0.02
138509,0.02
138510,0.0
138511,0.25
138512,0.03
138513,0.07
138514,0.17
138515,0.01
138516,0.0
138517,0.01
138518,0.0
138519,0.28
138520,0.01
138521,0.0
138522,0.01
138523,0.06
138524,0.0
138525,0.0
138526,0.0
138527,0.01
138528,0.33
138529,0.0
138530,0.0
138531,0.01
138532,0.03
138533,0.01
138534,0.1
138535,0.03
138536,0.06
138537,0.03
138538,0.01
138539,0.0
138540,0.22
138541,0.02
138542,0.01
138543,0.04
138544,0.66
138545,0.02
138546,0.04
138547,0.0
138548,0.1
138549,0.01
138550,0.21
138551,0.0
138552,0.17
138553,0.01
138554,0.01
138555,0.3
138556,0.04
138557,0.17
138558,0.05
138559,0.1
138560,0.0
138561,0.14
138562,0.0
138563,0.02
138564,0.19
138565,0.09
138566,0.0
138567,0.07
138568,0.02
138569,0.0
138570,0.03
138571,0.03
138572,0.31
138573,0.1
138574,0.0
138575,0.0
138576,0.01
138577,0.05
138578,0.0
138579,0.09
138580,0.09
138581,0.09
138582,0.0
138583,0.02
138584,0.04
138585,0.01
138586,0.01
138587,0.18
138588,0.17
138589,0.06
138590,0.02
138591,0.03
138592,0.05
138593,0.0
138594,0.03
138595,0.0
138596,0.08
138597,0.0
138598,0.0
138599,0.01
138600,0.03
138601,0.16
138602,0.01
138603,0.04
138604,0.01
138605,0.0
138606,0.01
138607,0.05
138608,0.12
138609,0.0
138610,0.03
138611,0.02
138612,0.14
138613,0.29
138614,0.0
138615,0.0
138616,0.01
138617,0.01
138618,0.26
138619,0.0
138620,0.0
138621,0.0
138622,0.07
138623,0.02
138624,0.05
138625,0.07
138626,0.11
138627,0.02
138628,0.22
138629,0.21
138630,0.07
138631,0.12
138632,0.01
138633,0.01
138634,0.03
138635,0.2
138636,0.0
138637,0.11
138638,0.0
138639,0.0
138640,0.04
138641,0.2
138642,0.02
138643,0.28
138644,0.0
138645,0.01
138646,0.04
138647,0.02
138648,0.01
138649,0.01
138650,0.01
138651,0.0
138652,0.01
138653,0.0
138654,0.03
138655,0.0
138656,0.0
138657,0.01
138658,0.41
138659,0.44
138660,0.01
138661,0.01
138662,0.0
138663,0.17
138664,0.0
138665,0.12
138666,0.02
138667,0.0
138668,0.25
138669,0.0
138670,0.03
138671,0.01
138672,0.01
138673,0.04
138674,0.0
138675,0.0
138676,0.01
138677,0.53
138678,0.03
138679,0.0
138680,0.01
138681,0.01
138682,0.04
138683,0.05
138684,0.0
138685,0.01
138686,0.18
138687,0.46
138688,0.09
138689,0.0
138690,0.05
138691,0.0
138692,0.02
138693,0.1
138694,0.02
138695,0.13
138696,0.07
138697,0.0
138698,0.0
138699,0.07
138700,0.22
138701,0.35
138702,0.02
138703,0.07
138704,0.0
138705,0.07
138706,0.0
138707,0.64
138708,0.01
138709,0.03
138710,0.13
138711,0.03
138712,0.01
138713,0.5
138714,0.06
138715,0.0
138716,0.17
138717,0.13
138718,0.11
138719,0.12
138720,0.25
138721,0.14
138722,0.0
138723,0.0
138724,0.0
138725,0.0
138726,0.23
138727,0.03
138728,0.01
138729,0.0
138730,0.23
138731,0.05
138732,0.07
138733,0.07
138734,0.01
138735,0.1
138736,0.01
138737,0.07
138738,0.17
138739,0.04
138740,0.0
138741,0.08
138742,0.01
138743,0.04
138744,0.07
138745,0.01
138746,0.05
138747,0.0
138748,0.0
138749,0.0
138750,0.03
138751,0.0
138752,0.02
138753,0.02
138754,0.21
138755,0.14
138756,0.0
138757,0.04
138758,0.01
138759,0.02
138760,0.1
138761,0.29
138762,0.01
138763,0.01
138764,0.01
138765,0.03
138766,0.04
138767,0.14
138768,0.01
138769,0.0
138770,0.0
138771,0.05
138772,0.08
138773,0.0
138774,0.06
138775,0.0
138776,0.0
138777,0.42
138778,0.0
138779,0.0
138780,0.04
138781,0.02
138782,0.18
138783,0.0
138784,0.02
138785,0.0
138786,0.0
138787,0.0
138788,0.02
138789,0.0
138790,0.02
138791,0.02
138792,0.06
138793,0.49
138794,0.08
138795,0.06
138796,0.04
138797,0.05
138798,0.01
138799,0.12
138800,0.0
138801,0.01
138802,0.0
138803,0.15
138804,0.1
138805,0.02
138806,0.03
138807,0.03
138808,0.0
138809,0.0
138810,0.0
138811,0.01
138812,0.04
138813,0.0
138814,0.04
138815,0.03
138816,0.09
138817,0.32
138818,0.0
138819,0.15
138820,0.0
138821,0.02
138822,0.02
138823,0.1
138824,0.01
138825,0.01
138826,0.04
138827,0.03
138828,0.12
138829,0.01
138830,0.24
138831,0.0
138832,0.01
138833,0.03
138834,0.04
138835,0.01
138836,0.06
138837,0.0
138838,0.0
138839,0.04
138840,0.0
138841,0.01
138842,0.03
138843,0.01
138844,0.04
138845,0.09
138846,0.06
138847,0.44
138848,0.01
138849,0.0
138850,0.01
138851,0.0
138852,0.02
138853,0.07
138854,0.0
138855,0.03
138856,0.01
138857,0.0
138858,0.03
138859,0.03
138860,0.01
138861,0.04
138862,0.08
138863,0.02
138864,0.01
138865,0.0
138866,0.57
138867,0.02
138868,0.52
138869,0.05
138870,0.08
138871,0.0
138872,0.2
138873,0.0
138874,0.0
138875,0.01
138876,0.09
138877,0.38
138878,0.2
138879,0.01
138880,0.01
138881,0.31
138882,0.02
138883,0.02
138884,0.0
138885,0.11
138886,0.17
138887,0.01
138888,0.17
138889,0.0
138890,0.0
138891,0.02
138892,0.03
138893,0.09
138894,0.06
138895,0.04
138896,0.06
138897,0.0
138898,0.01
138899,0.01
138900,0.02
138901,0.05
138902,0.15
138903,0.03
138904,0.18
138905,0.03
138906,0.01
138907,0.19
138908,0.53
138909,0.0
138910,0.0
138911,0.0
138912,0.0
138913,0.01
138914,0.23
138915,0.0
138916,0.01
138917,0.06
138918,0.04
138919,0.07
138920,0.0
138921,0.25
138922,0.06
138923,0.12
138924,0.0
138925,0.0
138926,0.18
138927,0.03
138928,0.0
138929,0.0
138930,0.16
138931,0.0
138932,0.0
138933,0.03
138934,0.02
138935,0.0
138936,0.0
138937,0.12
138938,0.2
138939,0.02
138940,0.02
138941,0.01
138942,0.0
138943,0.13
138944,0.0
138945,0.03
138946,0.11
138947,0.0
138948,0.01
138949,0.13
138950,0.0
138951,0.1
138952,0.0
138953,0.08
138954,0.01
138955,0.04
138956,0.0
138957,0.01
138958,0.38
138959,0.01
138960,0.0
138961,0.08
138962,0.0
138963,0.11
138964,0.0
138965,0.03
138966,0.03
138967,0.03
138968,0.02
138969,0.14
138970,0.02
138971,0.03
138972,0.01
138973,0.02
138974,0.03
138975,0.0
138976,0.0
138977,0.25
138978,0.01
138979,0.0
138980,0.06
138981,0.04
138982,0.0
138983,0.05
138984,0.0
138985,0.0
138986,0.01
138987,0.0
138988,0.03
138989,0.0
138990,0.0
138991,0.0
138992,0.0
138993,0.02
138994,0.06
138995,0.15
138996,0.01
138997,0.03
138998,0.0
138999,0.21
139000,0.06
139001,0.07
139002,0.0
139003,0.01
139004,0.03
139005,0.01
139006,0.03
139007,0.86
139008,0.09
139009,0.01
139010,0.17
139011,0.02
139012,0.0
139013,0.02
139014,0.0
139015,0.01
139016,0.06
139017,0.0
139018,0.01
139019,0.0
139020,0.06
139021,0.0
139022,0.3
139023,0.0
139024,0.0
139025,0.28
139026,0.5
139027,0.04
139028,0.18
139029,0.0
139030,0.0
139031,0.0
139032,0.03
139033,0.0
139034,0.0
139035,0.0
139036,0.04
139037,0.02
139038,0.0
139039,0.05
139040,0.02
139041,0.09
139042,0.06
139043,0.51
139044,0.0
139045,0.03
139046,0.0
139047,0.24
139048,0.05
139049,0.04
139050,0.0
139051,0.08
139052,0.04
139053,0.0
139054,0.01
139055,0.0
139056,0.02
139057,0.07
139058,0.0
139059,0.0
139060,0.11
139061,0.0
139062,0.02
139063,0.01
139064,0.03
139065,0.0
139066,0.0
139067,0.03
139068,0.0
139069,0.0
139070,0.0
139071,0.1
139072,0.0
139073,0.06
139074,0.05
139075,0.04
139076,0.06
139077,0.0
139078,0.07
139079,0.05
139080,0.13
139081,0.0
139082,0.02
139083,0.41
139084,0.0
139085,0.02
139086,0.0
139087,0.01
139088,0.03
139089,0.02
139090,0.26
139091,0.01
139092,0.12
139093,0.07
139094,0.01
139095,0.06
139096,0.05
139097,0.03
139098,0.77
139099,0.02
139100,0.04
139101,0.0
139102,0.57
139103,0.14
139104,0.01
139105,0.06
139106,0.04
139107,0.05
139108,0.09
139109,0.01
139110,0.08
139111,0.01
139112,0.05
139113,0.12
139114,0.14
139115,0.0
139116,0.05
139117,0.07
139118,0.0
139119,0.05
139120,0.17
139121,0.0
139122,0.19
139123,0.04
139124,0.04
139125,0.08
139126,0.0
139127,0.0
139128,0.01
139129,0.04
139130,0.04
139131,0.03
139132,0.0
139133,0.0
139134,0.0
139135,0.06
139136,0.0
139137,0.0
139138,0.0
139139,0.0
139140,0.03
139141,0.09
139142,0.02
139143,0.01
139144,0.03
139145,0.39
139146,0.05
139147,0.01
139148,0.06
139149,0.0
139150,0.12
139151,0.08
139152,0.21
139153,0.01
139154,0.0
139155,0.01
139156,0.08
139157,0.04
139158,0.06
139159,0.0
139160,0.0
139161,0.0
139162,0.12
139163,0.37
139164,0.0
139165,0.05
139166,0.08
139167,0.03
139168,0.0
139169,0.0
139170,0.03
139171,0.0
139172,0.02
139173,0.13
139174,0.16
139175,0.0
139176,0.05
139177,0.25
139178,0.0
139179,0.04
139180,0.06
139181,0.04
139182,0.0
139183,0.0
139184,0.1
139185,0.01
139186,0.0
139187,0.01
139188,0.0
139189,0.14
139190,0.07
139191,0.01
139192,0.01
139193,0.02
139194,0.08
139195,0.03
139196,0.04
139197,0.0
139198,0.0
139199,0.02
139200,0.0
139201,0.14
139202,0.01
139203,0.01
139204,0.01
139205,0.01
139206,0.05
139207,0.01
139208,0.0
139209,0.11
139210,0.02
139211,0.04
139212,0.02
139213,0.01
139214,0.06
139215,0.05
139216,0.0
139217,0.0
139218,0.04
139219,0.02
139220,0.22
139221,0.02
139222,0.12
139223,0.03
139224,0.01
139225,0.04
139226,0.06
139227,0.0
139228,0.0
139229,0.0
139230,0.03
139231,0.0
139232,0.05
139233,0.06
139234,0.0
139235,0.0
139236,0.06
139237,0.3
139238,0.0
139239,0.04
139240,0.26
139241,0.0
139242,0.04
139243,0.09
139244,0.0
139245,0.0
139246,0.0
139247,0.05
139248,0.0
139249,0.05
139250,0.0
139251,0.0
139252,0.14
139253,0.01
139254,0.0
139255,0.16
139256,0.02
139257,0.02
139258,0.01
139259,0.0
139260,0.0
139261,0.08
139262,0.01
139263,0.12
139264,0.01
139265,0.0
139266,0.0
139267,0.01
139268,0.01
139269,0.12
139270,0.02
139271,0.0
139272,0.01
139273,0.04
139274,0.02
139275,0.02
139276,0.05
139277,0.02
139278,0.47
139279,0.0
139280,0.0
139281,0.02
139282,0.03
139283,0.0
139284,0.28
139285,0.08
139286,0.04
139287,0.0
139288,0.0
139289,0.05
139290,0.58
139291,0.0
139292,0.02
139293,0.01
139294,0.16
139295,0.56
139296,0.33
139297,0.01
139298,0.0
139299,0.04
139300,0.49
139301,0.01
139302,0.09
139303,0.12
139304,0.0
139305,0.0
139306,0.01
139307,0.0
139308,0.01
139309,0.0
139310,0.0
139311,0.03
139312,0.18
139313,0.12
139314,0.0
139315,0.14
139316,0.01
139317,0.0
139318,0.09
139319,0.0
139320,0.02
139321,0.07
139322,0.28
139323,0.01
139324,0.21
139325,0.05
139326,0.0
139327,0.08
139328,0.01
139329,0.04
139330,0.01
139331,0.02
139332,0.0
139333,0.04
139334,0.01
139335,0.0
139336,0.0
139337,0.02
139338,0.01
139339,0.04
139340,0.0
139341,0.01
139342,0.04
139343,0.01
139344,0.11
139345,0.07
139346,0.0
139347,0.03
139348,0.01
139349,0.09
139350,0.0
139351,0.22
139352,0.03
139353,0.0
139354,0.63
139355,0.02
139356,0.01
139357,0.01
139358,0.0
139359,0.01
139360,0.0
139361,0.0
139362,0.0
139363,0.39
139364,0.0
139365,0.0
139366,0.04
139367,0.01
139368,0.0
139369,0.0
139370,0.0
139371,0.12
139372,0.02
139373,0.0
139374,0.13
139375,0.23
139376,0.07
139377,0.01
139378,0.14
139379,0.06
139380,0.0
139381,0.0
139382,0.0
139383,0.01
139384,0.15
139385,0.0
139386,0.11
139387,0.0
139388,0.26
139389,0.25
139390,0.07
139391,0.04
139392,0.01
139393,0.01
139394,0.02
139395,0.01
139396,0.0
139397,0.07
139398,0.01
139399,0.52
139400,0.08
139401,0.03
139402,0.17
139403,0.09
139404,0.0
139405,0.0
139406,0.45
139407,0.01
139408,0.0
139409,0.17
139410,0.04
139411,0.0
139412,0.0
139413,0.01
139414,0.0
139415,0.0
139416,0.0
139417,0.05
139418,0.03
139419,0.02
139420,0.01
139421,0.36
139422,0.0
139423,0.1
139424,0.0
139425,0.0
139426,0.01
139427,0.02
139428,0.06
139429,0.02
139430,0.0
139431,0.01
139432,0.06
139433,0.04
139434,0.0
139435,0.0
139436,0.02
139437,0.0
139438,0.2
139439,0.01
139440,0.01
139441,0.0
139442,0.02
139443,0.03
139444,0.0
139445,0.2
139446,0.14
139447,0.01
139448,0.07
139449,0.01
139450,0.17
139451,0.01
139452,0.15
139453,0.29
139454,0.0
139455,0.0
139456,0.0
139457,0.0
139458,0.06
139459,0.0
139460,0.12
139461,0.0
139462,0.12
139463,0.42
139464,0.13
139465,0.11
139466,0.0
139467,0.06
139468,0.22
139469,0.5
139470,0.02
139471,0.54
139472,0.0
139473,0.0
139474,0.02
139475,0.02
139476,0.0
139477,0.09
139478,0.0
139479,0.05
139480,0.02
139481,0.0
139482,0.12
139483,0.02
139484,0.03
139485,0.0
139486,0.0
139487,0.05
139488,0.68
139489,0.06
139490,0.08
139491,0.66
139492,0.02
139493,0.27
139494,0.0
139495,0.01
139496,0.02
139497,0.3
139498,0.32
139499,0.05
139500,0.0
139501,0.0
139502,0.14
139503,0.03
139504,0.07
139505,0.01
139506,0.02
139507,0.1
139508,0.02
139509,0.01
139510,0.01
139511,0.0
139512,0.03
139513,0.01
139514,0.02
139515,0.0
139516,0.01
139517,0.0
139518,0.01
139519,0.01
139520,0.03
139521,0.0
139522,0.08
139523,0.01
139524,0.05
139525,0.05
139526,0.02
139527,0.01
139528,0.0
139529,0.01
139530,0.0
139531,0.01
139532,0.01
139533,0.29
139534,0.03
139535,0.09
139536,0.0
139537,0.02
139538,0.04
139539,0.01
139540,0.01
139541,0.07
139542,0.0
139543,0.0
139544,0.02
139545,0.04
139546,0.0
139547,0.03
139548,0.09
139549,0.0
139550,0.29
139551,0.04
139552,0.04
139553,0.02
139554,0.02
139555,0.0
139556,0.05
139557,0.58
139558,0.09
139559,0.53
139560,0.04
139561,0.0
139562,0.03
139563,0.01
139564,0.26
139565,0.32
139566,0.03
139567,0.02
139568,0.02
139569,0.01
139570,0.0
139571,0.0
139572,0.31
139573,0.04
139574,0.02
139575,0.04
139576,0.02
139577,0.0
139578,0.06
139579,0.01
139580,0.06
139581,0.0
139582,0.32
139583,0.01
139584,0.64
139585,0.02
139586,0.0
139587,0.0
139588,0.26
139589,0.2
139590,0.28
139591,0.12
139592,0.0
139593,0.02
139594,0.04
139595,0.14
139596,0.0
139597,0.0
139598,0.05
139599,0.02
139600,0.0
139601,0.0
139602,0.03
139603,0.13
139604,0.0
139605,0.08
139606,0.02
139607,0.04
139608,0.02
139609,0.05
139610,0.0
139611,0.26
139612,0.14
139613,0.1
139614,0.01
139615,0.01
139616,0.12
139617,0.2
139618,0.08
139619,0.09
139620,0.02
139621,0.25
139622,0.12
139623,0.05
139624,0.0
139625,0.0
139626,0.0
139627,0.34
139628,0.0
139629,0.09
139630,0.02
139631,0.04
139632,0.04
139633,0.0
139634,0.0
139635,0.12
139636,0.21
139637,0.04
139638,0.09
139639,0.01
139640,0.03
139641,0.0
139642,0.0
139643,0.51
139644,0.03
139645,0.07
139646,0.07
139647,0.43
139648,0.24
139649,0.0
139650,0.21
139651,0.06
139652,0.04
139653,0.0
139654,0.0
139655,0.12
139656,0.05
139657,0.0
139658,0.05
139659,0.0
139660,0.04
139661,0.02
139662,0.01
139663,0.02
139664,0.01
139665,0.0
139666,0.05
139667,0.03
139668,0.08
139669,0.3
139670,0.0
139671,0.58
139672,0.01
139673,0.0
139674,0.04
139675,0.0
139676,0.16
139677,0.02
139678,0.11
139679,0.19
139680,0.0
139681,0.14
139682,0.0
139683,0.0
139684,0.0
139685,0.02
139686,0.01
139687,0.01
139688,0.0
139689,0.0
139690,0.0
139691,0.09
139692,0.04
139693,0.0
139694,0.01
139695,0.04
139696,0.03
139697,0.56
139698,0.0
139699,0.02
139700,0.0
139701,0.05
139702,0.0
139703,0.09
139704,0.06
139705,0.04
139706,0.0
139707,0.04
139708,0.07
139709,0.35
139710,0.0
139711,0.17
139712,0.0
139713,0.0
139714,0.0
139715,0.09
139716,0.02
139717,0.13
139718,0.06
139719,0.25
139720,0.02
139721,0.0
139722,0.01
139723,0.0
139724,0.01
139725,0.0
139726,0.0
139727,0.0
139728,0.0
139729,0.0
139730,0.0
139731,0.03
139732,0.0
139733,0.01
139734,0.0
139735,0.02
139736,0.24
139737,0.47
139738,0.01
139739,0.46
139740,0.0
139741,0.0
139742,0.01
139743,0.0
139744,0.04
139745,0.05
139746,0.03
139747,0.0
139748,0.06
139749,0.0
139750,0.02
139751,0.0
139752,0.01
139753,0.02
139754,0.23
139755,0.15
139756,0.0
139757,0.0
139758,0.04
139759,0.0
139760,0.0
139761,0.03
139762,0.02
139763,0.0
139764,0.07
139765,0.15
139766,0.75
139767,0.0
139768,0.04
139769,0.02
139770,0.0
139771,0.0
139772,0.0
139773,0.01
139774,0.18
139775,0.0
139776,0.14
139777,0.0
139778,0.03
139779,0.06
139780,0.0
139781,0.09
139782,0.12
139783,0.0
139784,0.11
139785,0.1
139786,0.08
139787,0.11
139788,0.01
139789,0.0
139790,0.03
139791,0.12
139792,0.05
139793,0.03
139794,0.01
139795,0.0
139796,0.02
139797,0.12
139798,0.12
139799,0.25
139800,0.0
139801,0.36
139802,0.02
139803,0.09
139804,0.12
139805,0.04
139806,0.0
139807,0.0
139808,0.0
139809,0.18
139810,0.07
139811,0.02
139812,0.0
139813,0.19
139814,0.0
139815,0.01
139816,0.0
139817,0.32
139818,0.07
139819,0.21
139820,0.01
139821,0.03
139822,0.0
139823,0.01
139824,0.05
139825,0.04
139826,0.04
139827,0.0
139828,0.09
139829,0.06
139830,0.02
139831,0.25
139832,0.02
139833,0.0
139834,0.04
139835,0.02
139836,0.01
139837,0.04
139838,0.23
139839,0.0
139840,0.12
139841,0.0
139842,0.08
139843,0.06
139844,0.0
139845,0.05
139846,0.02
139847,0.19
139848,0.07
139849,0.0
139850,0.16
139851,0.0
139852,0.0
139853,0.09
139854,0.01
139855,0.0
139856,0.0
139857,0.02
139858,0.0
139859,0.01
139860,0.0
139861,0.01
139862,0.03
139863,0.0
139864,0.05
139865,0.04
139866,0.04
139867,0.32
139868,0.03
139869,0.0
139870,0.01
139871,0.0
139872,0.05
139873,0.01
139874,0.0
139875,0.0
139876,0.04
139877,0.01
139878,0.05
139879,0.0
139880,0.0
139881,0.23
139882,0.26
139883,0.18
139884,0.36
139885,0.0
139886,0.01
139887,0.03
139888,0.08
139889,0.0
139890,0.13
139891,0.01
139892,0.06
139893,0.0
139894,0.01
139895,0.08
139896,0.01
139897,0.0
139898,0.01
139899,0.0
139900,0.0
139901,0.0
139902,0.0
139903,0.07
139904,0.01
139905,0.31
139906,0.02
139907,0.19
139908,0.0
139909,0.02
139910,0.19
139911,0.0
139912,0.06
139913,0.0
139914,0.08
139915,0.0
139916,0.03
139917,0.0
139918,0.4
139919,0.01
139920,0.02
139921,0.0
139922,0.0
139923,0.22
139924,0.08
139925,0.07
139926,0.01
139927,0.0
139928,0.21
139929,0.01
139930,0.0
139931,0.01
139932,0.0
139933,0.03
139934,0.0
139935,0.16
139936,0.02
139937,0.23
139938,0.0
139939,0.1
139940,0.02
139941,0.17
139942,0.38
139943,0.02
139944,0.0
139945,0.0
139946,0.01
139947,0.0
139948,0.01
139949,0.04
139950,0.02
139951,0.0
139952,0.0
139953,0.01
139954,0.0
139955,0.08
139956,0.44
139957,0.0
139958,0.08
139959,0.0
139960,0.02
139961,0.07
139962,0.06
139963,0.08
139964,0.29
139965,0.07
139966,0.03
139967,0.03
139968,0.21
139969,0.01
139970,0.06
139971,0.02
139972,0.07
139973,0.0
139974,0.06
139975,0.0
139976,0.42
139977,0.03
139978,0.05
139979,0.21
139980,0.15
139981,0.37
139982,0.01
139983,0.0
139984,0.05
139985,0.0
139986,0.02
139987,0.05
139988,0.11
139989,0.0
139990,0.36
139991,0.27
139992,0.04
139993,0.01
139994,0.07
139995,0.01
139996,0.03
139997,0.0
139998,0.05
139999,0.18
140000,0.0
140001,0.0
140002,0.22
140003,0.31
140004,0.0
140005,0.0
140006,0.03
140007,0.01
140008,0.02
140009,0.0
140010,0.04
140011,0.09
140012,0.0
140013,0.0
140014,0.37
140015,0.0
140016,0.01
140017,0.0
140018,0.0
140019,0.0
140020,0.01
140021,0.09
140022,0.0
140023,0.0
140024,0.0
140025,0.09
140026,0.1
140027,0.04
140028,0.0
140029,0.28
140030,0.03
140031,0.04
140032,0.12
140033,0.04
140034,0.24
140035,0.0
140036,0.1
140037,0.01
140038,0.02
140039,0.0
140040,0.2
140041,0.02
140042,0.1
140043,0.01
140044,0.13
140045,0.02
140046,0.02
140047,0.03
140048,0.19
140049,0.05
140050,0.05
140051,0.0
140052,0.05
140053,0.21
140054,0.0
140055,0.04
140056,0.13
140057,0.04
140058,0.0
140059,0.02
140060,0.64
140061,0.01
140062,0.41
140063,0.19
140064,0.01
140065,0.09
140066,0.0
140067,0.02
140068,0.0
140069,0.03
140070,0.15
140071,0.17
140072,0.01
140073,0.0
140074,0.0
140075,0.02
140076,0.38
140077,0.0
140078,0.0
140079,0.07
140080,0.06
140081,0.0
140082,0.05
140083,0.01
140084,0.0
140085,0.13
140086,0.07
140087,0.02
140088,0.05
140089,0.02
140090,0.0
140091,0.02
140092,0.05
140093,0.01
140094,0.07
140095,0.11
140096,0.02
140097,0.0
140098,0.04
140099,0.03
140100,0.06
140101,0.13
140102,0.1
140103,0.11
140104,0.13
140105,0.13
140106,0.57
140107,0.0
140108,0.02
140109,0.67
140110,0.01
140111,0.1
140112,0.0
140113,0.03
140114,0.04
140115,0.1
140116,0.0
140117,0.01
140118,0.01
140119,0.03
140120,0.01
140121,0.0
140122,0.11
140123,0.04
140124,0.0
140125,0.01
140126,0.46
140127,0.13
140128,0.06
140129,0.01
140130,0.02
140131,0.14
140132,0.02
140133,0.01
140134,0.0
140135,0.01
140136,0.0
140137,0.04
140138,0.04
140139,0.02
140140,0.0
140141,0.01
140142,0.0
140143,0.0
140144,0.03
140145,0.02
140146,0.05
140147,0.02
140148,0.01
140149,0.12
140150,0.0
140151,0.01
140152,0.01
140153,0.0
140154,0.01
140155,0.15
140156,0.18
140157,0.08
140158,0.0
140159,0.2
140160,0.06
140161,0.17
140162,0.32
140163,0.0
140164,0.02
140165,0.38
140166,0.02
140167,0.14
140168,0.0
140169,0.0
140170,0.06
140171,0.09
140172,0.05
140173,0.01
140174,0.14
140175,0.18
140176,0.02
140177,0.07
140178,0.05
140179,0.05
140180,0.01
140181,0.09
140182,0.0
140183,0.1
140184,0.0
140185,0.01
140186,0.04
140187,0.01
140188,0.06
140189,0.17
140190,0.0
140191,0.05
140192,0.0
140193,0.0
140194,0.0
140195,0.05
140196,0.07
140197,0.0
140198,0.02
140199,0.01
140200,0.01
140201,0.03
140202,0.0
140203,0.0
140204,0.08
140205,0.05
140206,0.06
140207,0.0
140208,0.02
140209,0.0
140210,0.01
140211,0.47
140212,0.06
140213,0.05
140214,0.05
140215,0.04
140216,0.12
140217,0.0
140218,0.46
140219,0.0
140220,0.13
140221,0.1
140222,0.0
140223,0.0
140224,0.04
140225,0.01
140226,0.02
140227,0.11
140228,0.03
140229,0.12
140230,0.15
140231,0.0
140232,0.07
140233,0.06
140234,0.02
140235,0.09
140236,0.12
140237,0.4
140238,0.06
140239,0.0
140240,0.01
140241,0.06
140242,0.0
140243,0.02
140244,0.18
140245,0.19
140246,0.0
140247,0.01
140248,0.01
140249,0.03
140250,0.01
140251,0.02
140252,0.0
140253,0.18
140254,0.04
140255,0.0
140256,0.02
140257,0.08
140258,0.47
140259,0.02
140260,0.02
140261,0.0
140262,0.0
140263,0.02
140264,0.01
140265,0.15
140266,0.0
140267,0.0
140268,0.02
140269,0.0
140270,0.0
140271,0.0
140272,0.33
140273,0.0
140274,0.0
140275,0.04
140276,0.38
140277,0.0
140278,0.01
140279,0.0
140280,0.0
140281,0.29
140282,0.0
140283,0.03
140284,0.07
140285,0.07
140286,0.0
140287,0.02
140288,0.06
140289,0.01
140290,0.04
140291,0.0
140292,0.01
140293,0.0
140294,0.0
140295,0.0
140296,0.03
140297,0.0
140298,0.08
140299,0.01
140300,0.08
140301,0.03
140302,0.21
140303,0.0
140304,0.0
140305,0.04
140306,0.06
140307,0.0
140308,0.0
140309,0.03
140310,0.11
140311,0.02
140312,0.07
140313,0.33
140314,0.0
140315,0.02
140316,0.03
140317,0.13
140318,0.0
140319,0.01
140320,0.05
140321,0.09
140322,0.04
140323,0.0
140324,0.0
140325,0.05
140326,0.01
140327,0.44
140328,0.35
140329,0.2
140330,0.03
140331,0.11
140332,0.02
140333,0.05
140334,0.14
140335,0.02
140336,0.01
140337,0.01
140338,0.02
140339,0.0
140340,0.0
140341,0.0
140342,0.01
140343,0.0
140344,0.01
140345,0.0
140346,0.04
140347,0.52
140348,0.02
140349,0.15
140350,0.28
140351,0.03
140352,0.01
140353,0.0
140354,0.1
140355,0.19
140356,0.0
140357,0.09
140358,0.0
140359,0.02
140360,0.39
140361,0.0
140362,0.03
140363,0.06
140364,0.0
140365,0.04
140366,0.0
140367,0.04
140368,0.11
140369,0.01
140370,0.0
140371,0.0
140372,0.0
140373,0.0
140374,0.02
140375,0.03
140376,0.04
140377,0.04
140378,0.01
140379,0.38
140380,0.02
140381,0.0
140382,0.0
140383,0.05
140384,0.0
140385,0.28
140386,0.0
140387,0.03
140388,0.04
140389,0.0
140390,0.06
140391,0.0
140392,0.01
140393,0.03
140394,0.01
140395,0.0
140396,0.05
140397,0.0
140398,0.01
140399,0.0
140400,0.04
140401,0.01
140402,0.09
140403,0.0
140404,0.01
140405,0.03
140406,0.0
140407,0.09
140408,0.07
140409,0.0
140410,0.04
140411,0.01
140412,0.04
140413,0.0
140414,0.04
140415,0.02
140416,0.0
140417,0.0
140418,0.0
140419,0.01
140420,0.0
140421,0.19
140422,0.04
140423,0.14
140424,0.01
140425,0.09
140426,0.0
140427,0.05
140428,0.03
140429,0.02
140430,0.07
140431,0.0
140432,0.0
140433,0.0
140434,0.01
140435,0.13
140436,0.01
140437,0.92
140438,0.0
140439,0.0
140440,0.01
140441,0.12
140442,0.0
140443,0.05
140444,0.01
140445,0.04
140446,0.06
140447,0.05
140448,0.05
140449,0.0
140450,0.1
140451,0.02
140452,0.03
140453,0.06
140454,0.01
140455,0.0
140456,0.03
140457,0.0
140458,0.06
140459,0.02
140460,0.05
140461,0.0
140462,0.03
140463,0.05
140464,0.5
140465,0.0
140466,0.0
140467,0.02
140468,0.04
140469,0.06
140470,0.19
140471,0.0
140472,0.05
140473,0.01
140474,0.05
140475,0.05
140476,0.15
140477,0.0
140478,0.08
140479,0.0
140480,0.0
140481,0.0
140482,0.0
140483,0.07
140484,0.02
140485,0.08
140486,0.01
140487,0.0
140488,0.02
140489,0.05
140490,0.15
140491,0.15
140492,0.11
140493,0.02
140494,0.13
140495,0.0
140496,0.11
140497,0.01
140498,0.2
140499,0.0
140500,0.19
140501,0.03
140502,0.38
140503,0.04
140504,0.01
140505,0.06
140506,0.03
140507,0.03
140508,0.0
140509,0.04
140510,0.05
140511,0.0
140512,0.0
140513,0.02
140514,0.01
140515,0.38
140516,0.02
140517,0.07
140518,0.03
140519,0.13
140520,0.0
140521,0.31
140522,0.03
140523,0.67
140524,0.0
140525,0.08
140526,0.01
140527,0.03
140528,0.02
140529,0.0
140530,0.09
140531,0.01
140532,0.03
140533,0.0
140534,0.0
140535,0.55
140536,0.05
140537,0.0
140538,0.02
140539,0.01
140540,0.03
140541,0.17
140542,0.0
140543,0.16
140544,0.31
140545,0.32
140546,0.17
140547,0.06
140548,0.06
140549,0.02
140550,0.0
140551,0.0
140552,0.0
140553,0.01
140554,0.1
140555,0.01
140556,0.01
140557,0.0
140558,0.01
140559,0.26
140560,0.01
140561,0.02
140562,0.02
140563,0.1
140564,0.03
140565,0.0
140566,0.08
140567,0.0
140568,0.0
140569,0.01
140570,0.07
140571,0.07
140572,0.02
140573,0.0
140574,0.22
140575,0.0
140576,0.04
140577,0.0
140578,0.04
140579,0.12
140580,0.0
140581,0.0
140582,0.0
140583,0.05
140584,0.0
140585,0.24
140586,0.02
140587,0.02
140588,0.08
140589,0.0
140590,0.0
140591,0.02
140592,0.18
140593,0.09
140594,0.02
140595,0.05
140596,0.0
140597,0.0
140598,0.1
140599,0.05
140600,0.0
140601,0.27
140602,0.01
140603,0.01
140604,0.47
140605,0.08
140606,0.0
140607,0.03
140608,0.0
140609,0.64
140610,0.0
140611,0.0
140612,0.05
140613,0.24
140614,0.07
140615,0.0
140616,0.03
140617,0.0
140618,0.46
140619,0.0
140620,0.0
140621,0.48
140622,0.0
140623,0.06
140624,0.0
140625,0.02
140626,0.0
140627,0.02
140628,0.01
140629,0.17
140630,0.02
140631,0.0
140632,0.15
140633,0.24
140634,0.0
140635,0.0
140636,0.08
140637,0.0
140638,0.11
140639,0.01
140640,0.0
140641,0.02
140642,0.0
140643,0.1
140644,0.12
140645,0.11
140646,0.22
140647,0.05
140648,0.0
140649,0.04
140650,0.0
140651,0.12
140652,0.2
140653,0.0
140654,0.02
140655,0.0
140656,0.03
140657,0.06
140658,0.01
140659,0.01
140660,0.04
140661,0.0
140662,0.02
140663,0.1
140664,0.0
140665,0.0
140666,0.28
140667,0.03
140668,0.19
140669,0.04
140670,0.01
140671,0.09
140672,0.04
140673,0.02
140674,0.09
140675,0.01
140676,0.11
140677,0.0
140678,0.02
140679,0.0
140680,0.61
140681,0.17
140682,0.0
140683,0.04
140684,0.0
140685,0.16
140686,0.02
140687,0.04
140688,0.01
140689,0.09
140690,0.37
140691,0.0
140692,0.01
140693,0.0
140694,0.0
140695,0.15
140696,0.01
140697,0.01
140698,0.0
140699,0.01
140700,0.03
140701,0.0
140702,0.02
140703,0.09
140704,0.09
140705,0.05
140706,0.0
140707,0.73
140708,0.0
140709,0.2
140710,0.15
140711,0.24
140712,0.02
140713,0.02
140714,0.17
140715,0.09
140716,0.01
140717,0.03
140718,0.0
140719,0.15
140720,0.01
140721,0.01
140722,0.0
140723,0.05
140724,0.0
140725,0.53
140726,0.01
140727,0.02
140728,0.04
140729,0.0
140730,0.0
140731,0.01
140732,0.02
140733,0.03
140734,0.29
140735,0.0
140736,0.0
140737,0.23
140738,0.05
140739,0.01
140740,0.03
140741,0.0
140742,0.1
140743,0.03
140744,0.11
140745,0.02
140746,0.07
140747,0.02
140748,0.06
140749,0.0
140750,0.0
140751,0.02
140752,0.0
140753,0.04
140754,0.01
140755,0.01
140756,0.43
140757,0.04
140758,0.1
140759,0.17
140760,0.04
140761,0.04
140762,0.0
140763,0.0
140764,0.09
140765,0.1
140766,0.0
140767,0.01
140768,0.0
140769,0.0
140770,0.01
140771,0.0
140772,0.01
140773,0.03
140774,0.12
140775,0.02
140776,0.02
140777,0.08
140778,0.0
140779,0.11
140780,0.0
140781,0.09
140782,0.01
140783,0.39
140784,0.01
140785,0.05
140786,0.0
140787,0.08
140788,0.16
140789,0.01
140790,0.42
140791,0.0
140792,0.0
140793,0.13
140794,0.01
140795,0.08
140796,0.07
140797,0.3
140798,0.12
140799,0.26
140800,0.03
140801,0.0
140802,0.0
140803,0.13
140804,0.0
140805,0.34
140806,0.04
140807,0.0
140808,0.03
140809,0.03
140810,0.05
140811,0.01
140812,0.01
140813,0.0
140814,0.38
140815,0.41
140816,0.29
140817,0.0
140818,0.0
140819,0.02
140820,0.01
140821,0.03
140822,0.01
140823,0.0
140824,0.02
140825,0.04
140826,0.0
140827,0.0
140828,0.02
140829,0.11
140830,0.0
140831,0.08
140832,0.05
140833,0.21
140834,0.36
140835,0.05
140836,0.02
140837,0.09
140838,0.05
140839,0.29
140840,0.02
140841,0.04
140842,0.06
140843,0.0
140844,0.03
140845,0.14
140846,0.04
140847,0.35
140848,0.01
140849,0.13
140850,0.0
140851,0.42
140852,0.05
140853,0.08
140854,0.03
140855,0.18
140856,0.02
140857,0.0
140858,0.06
140859,0.13
140860,0.02
140861,0.16
140862,0.0
140863,0.0
140864,0.0
140865,0.07
140866,0.0
140867,0.07
140868,0.0
140869,0.0
140870,0.02
140871,0.03
140872,0.03
140873,0.05
140874,0.14
140875,0.02
140876,0.02
140877,0.33
140878,0.02
140879,0.3
140880,0.07
140881,0.0
140882,0.0
140883,0.07
140884,0.2
140885,0.08
140886,0.0
140887,0.02
140888,0.01
140889,0.05
140890,0.57
140891,0.22
140892,0.04
140893,0.0
140894,0.21
140895,0.01
140896,0.0
140897,0.15
140898,0.05
140899,0.0
140900,0.16
140901,0.02
140902,0.03
140903,0.01
140904,0.52
140905,0.0
140906,0.03
140907,0.07
140908,0.0
140909,0.0
140910,0.02
140911,0.0
140912,0.0
140913,0.09
140914,0.03
140915,0.0
140916,0.27
140917,0.0
140918,0.16
140919,0.07
140920,0.18
140921,0.06
140922,0.02
140923,0.06
140924,0.0
140925,0.33
140926,0.06
140927,0.04
140928,0.0
140929,0.0
140930,0.02
140931,0.04
140932,0.01
140933,0.01
140934,0.0
140935,0.49
140936,0.01
140937,0.0
140938,0.0
140939,0.01
140940,0.0
140941,0.06
140942,0.02
140943,0.0
140944,0.04
140945,0.0
140946,0.08
140947,0.0
140948,0.47
140949,0.16
140950,0.13
140951,0.0
140952,0.0
140953,0.01
140954,0.0
140955,0.28
140956,0.0
140957,0.01
140958,0.0
140959,0.01
140960,0.02
140961,0.08
140962,0.01
140963,0.3
140964,0.02
140965,0.06
140966,0.05
140967,0.01
140968,0.1
140969,0.41
140970,0.55
140971,0.01
140972,0.0
140973,0.08
140974,0.0
140975,0.07
140976,0.0
140977,0.05
140978,0.0
140979,0.05
140980,0.03
140981,0.13
140982,0.16
140983,0.03
140984,0.47
140985,0.0
140986,0.01
140987,0.19
140988,0.14
140989,0.13
140990,0.0
140991,0.0
140992,0.0
140993,0.0
140994,0.03
140995,0.05
140996,0.01
140997,0.01
140998,0.05
140999,0.0
141000,0.0
141001,0.02
141002,0.0
141003,0.03
141004,0.0
141005,0.0
141006,0.0
141007,0.51
141008,0.14
141009,0.02
141010,0.04
141011,0.21
141012,0.08
141013,0.03
141014,0.04
141015,0.11
141016,0.0
141017,0.0
141018,0.01
141019,0.0
141020,0.03
141021,0.01
141022,0.12
141023,0.32
141024,0.01
141025,0.0
141026,0.0
141027,0.05
141028,0.22
141029,0.11
141030,0.12
141031,0.0
141032,0.23
141033,0.04
141034,0.11
141035,0.03
141036,0.0
141037,0.25
141038,0.03
141039,0.0
141040,0.07
141041,0.01
141042,0.04
141043,0.07
141044,0.0
141045,0.12
141046,0.04
141047,0.0
141048,0.0
141049,0.0
141050,0.06
141051,0.0
141052,0.75
141053,0.02
141054,0.04
141055,0.0
141056,0.03
141057,0.0
141058,0.2
141059,0.49
141060,0.04
141061,0.0
141062,0.0
141063,0.0
141064,0.0
141065,0.01
141066,0.02
141067,0.09
141068,0.28
141069,0.07
141070,0.0
141071,0.0
141072,0.01
141073,0.44
141074,0.48
141075,0.0
141076,0.02
141077,0.0
141078,0.04
141079,0.01
141080,0.14
141081,0.09
141082,0.0
141083,0.01
141084,0.0
141085,0.04
141086,0.04
141087,0.03
141088,0.04
141089,0.03
141090,0.06
141091,0.02
141092,0.0
141093,0.01
141094,0.2
141095,0.02
141096,0.05
141097,0.32
141098,0.01
141099,0.02
141100,0.13
141101,0.01
141102,0.0
141103,0.04
141104,0.09
141105,0.01
141106,0.0
141107,0.0
141108,0.03
141109,0.0
141110,0.07
141111,0.58
141112,0.0
141113,0.29
141114,0.01
141115,0.08
141116,0.01
141117,0.01
141118,0.63
141119,0.12
141120,0.01
141121,0.34
141122,0.0
141123,0.07
141124,0.0
141125,0.13
141126,0.02
141127,0.25
141128,0.28
141129,0.04
141130,0.03
141131,0.0
141132,0.01
141133,0.3
141134,0.01
141135,0.19
141136,0.2
141137,0.02
141138,0.0
141139,0.0
141140,0.01
141141,0.0
141142,0.22
141143,0.13
141144,0.01
141145,0.01
141146,0.33
141147,0.01
141148,0.03
141149,0.0
141150,0.0
141151,0.01
141152,0.02
141153,0.07
141154,0.03
141155,0.01
141156,0.0
141157,0.03
141158,0.01
141159,0.0
141160,0.2
141161,0.06
141162,0.0
141163,0.29
141164,0.04
141165,0.0
141166,0.05
141167,0.0
141168,0.0
141169,0.02
141170,0.02
141171,0.0
141172,0.17
141173,0.0
141174,0.0
141175,0.13
141176,0.19
141177,0.0
141178,0.02
141179,0.01
141180,0.6
141181,0.03
141182,0.04
141183,0.09
141184,0.01
141185,0.01
141186,0.02
141187,0.19
141188,0.01
141189,0.0
141190,0.0
141191,0.07
141192,0.05
141193,0.02
141194,0.63
141195,0.0
141196,0.02
141197,0.03
141198,0.01
141199,0.11
141200,0.17
141201,0.26
141202,0.0
141203,0.0
141204,0.09
141205,0.06
141206,0.01
141207,0.4
141208,0.02
141209,0.0
141210,0.01
141211,0.03
141212,0.14
141213,0.0
141214,0.17
141215,0.0
141216,0.04
141217,0.01
141218,0.0
141219,0.04
141220,0.03
141221,0.01
141222,0.12
141223,0.05
141224,0.03
141225,0.04
141226,0.04
141227,0.0
141228,0.34
141229,0.03
141230,0.0
141231,0.03
141232,0.01
141233,0.0
141234,0.0
141235,0.05
141236,0.06
141237,0.08
141238,0.02
141239,0.08
141240,0.02
141241,0.03
141242,0.02
141243,0.04
141244,0.04
141245,0.04
141246,0.02
141247,0.03
141248,0.0
141249,0.0
141250,0.07
141251,0.02
141252,0.03
141253,0.1
141254,0.0
141255,0.22
141256,0.0
141257,0.07
141258,0.01
141259,0.02
141260,0.3
141261,0.07
141262,0.01
141263,0.0
141264,0.02
141265,0.17
141266,0.0
141267,0.02
141268,0.02
141269,0.75
141270,0.31
141271,0.01
141272,0.0
141273,0.05
141274,0.0
141275,0.12
141276,0.0
141277,0.02
141278,0.1
141279,0.0
141280,0.06
141281,0.02
141282,0.25
141283,0.09
141284,0.0
141285,0.01
141286,0.0
141287,0.09
141288,0.08
141289,0.03
141290,0.02
141291,0.03
141292,0.03
141293,0.02
141294,0.0
141295,0.03
141296,0.3
141297,0.12
141298,0.0
141299,0.0
141300,0.05
141301,0.12
141302,0.02
141303,0.0
141304,0.08
141305,0.0
141306,0.0
141307,0.01
141308,0.04
141309,0.23
141310,0.2
141311,0.02
141312,0.0
141313,0.03
141314,0.0
141315,0.0
141316,0.02
141317,0.03
141318,0.04
141319,0.0
141320,0.0
141321,0.26
141322,0.02
141323,0.07
141324,0.01
141325,0.01
141326,0.02
141327,0.02
141328,0.08
141329,0.19
141330,0.06
141331,0.42
141332,0.08
141333,0.02
141334,0.27
141335,0.01
141336,0.0
141337,0.05
141338,0.01
141339,0.02
141340,0.1
141341,0.24
141342,0.0
141343,0.0
141344,0.0
141345,0.04
141346,0.02
141347,0.01
141348,0.01
141349,0.02
141350,0.03
141351,0.0
141352,0.0
141353,0.09
141354,0.22
141355,0.03
141356,0.17
141357,0.0
141358,0.0
141359,0.17
141360,0.06
141361,0.15
141362,0.28
141363,0.0
141364,0.02
141365,0.04
141366,0.0
141367,0.0
141368,0.07
141369,0.01
141370,0.07
141371,0.17
141372,0.06
141373,0.0
141374,0.02
141375,0.09
141376,0.0
141377,0.0
141378,0.09
141379,0.58
141380,0.06
141381,0.0
141382,0.0
141383,0.02
141384,0.08
141385,0.06
141386,0.0
141387,0.0
141388,0.01
141389,0.01
141390,0.33
141391,0.05
141392,0.08
141393,0.32
141394,0.06
141395,0.03
141396,0.0
141397,0.02
141398,0.02
141399,0.05
141400,0.02
141401,0.0
141402,0.0
141403,0.07
141404,0.01
141405,0.01
141406,0.06
141407,0.07
141408,0.0
141409,0.0
141410,0.14
141411,0.06
141412,0.16
141413,0.0
141414,0.1
141415,0.04
141416,0.0
141417,0.01
141418,0.04
141419,0.1
141420,0.0
141421,0.02
141422,0.04
141423,0.0
141424,0.19
141425,0.34
141426,0.04
141427,0.0
141428,0.0
141429,0.14
141430,0.0
141431,0.05
141432,0.03
141433,0.07
141434,0.02
141435,0.01
141436,0.17
141437,0.01
141438,0.03
141439,0.0
141440,0.0
141441,0.01
141442,0.02
141443,0.03
141444,0.03
141445,0.11
141446,0.2
141447,0.02
141448,0.05
141449,0.01
141450,0.07
141451,0.06
141452,0.22
141453,0.01
141454,0.0
141455,0.0
141456,0.0
141457,0.05
141458,0.01
141459,0.0
141460,0.05
141461,0.11
141462,0.0
141463,0.08
141464,0.06
141465,0.0
141466,0.04
141467,0.01
141468,0.03
141469,0.14
141470,0.0
141471,0.06
141472,0.0
141473,0.01
141474,0.02
141475,0.05
141476,0.15
141477,0.04
141478,0.0
141479,0.0
141480,0.18
141481,0.01
141482,0.05
141483,0.03
141484,0.01
141485,0.06
141486,0.0
141487,0.01
141488,0.44
141489,0.0
141490,0.04
141491,0.45
141492,0.06
141493,0.18
141494,0.07
141495,0.04
141496,0.0
141497,0.0
141498,0.0
141499,0.08
141500,0.08
141501,0.03
141502,0.02
141503,0.0
141504,0.01
141505,0.0
141506,0.01
141507,0.0
141508,0.0
141509,0.05
141510,0.0
141511,0.74
141512,0.0
141513,0.2
141514,0.0
141515,0.29
141516,0.02
141517,0.02
141518,0.0
141519,0.0
141520,0.01
141521,0.0
141522,0.0
141523,0.0
141524,0.0
141525,0.02
141526,0.0
141527,0.01
141528,0.13
141529,0.01
141530,0.01
141531,0.03
141532,0.03
141533,0.0
141534,0.17
141535,0.35
141536,0.02
141537,0.18
141538,0.0
141539,0.01
141540,0.0
141541,0.44
141542,0.03
141543,0.0
141544,0.0
141545,0.0
141546,0.61
141547,0.17
141548,0.0
141549,0.04
141550,0.04
141551,0.02
141552,0.11
141553,0.01
141554,0.24
141555,0.01
141556,0.01
141557,0.18
141558,0.22
141559,0.0
141560,0.0
141561,0.03
141562,0.0
141563,0.13
141564,0.07
141565,0.0
141566,0.01
141567,0.0
141568,0.01
141569,0.02
141570,0.5
141571,0.04
141572,0.01
141573,0.0
141574,0.18
141575,0.01
141576,0.01
141577,0.02
141578,0.22
141579,0.0
141580,0.02
141581,0.12
141582,0.18
141583,0.09
141584,0.02
141585,0.02
141586,0.0
141587,0.44
141588,0.0
141589,0.01
141590,0.0
141591,0.08
141592,0.03
141593,0.07
141594,0.0
141595,0.04
141596,0.16
141597,0.05
141598,0.23
141599,0.01
141600,0.02
141601,0.09
141602,0.04
141603,0.01
141604,0.0
141605,0.03
141606,0.09
141607,0.0
141608,0.04
141609,0.05
141610,0.02
141611,0.0
141612,0.01
141613,0.06
141614,0.1
141615,0.01
141616,0.0
141617,0.02
141618,0.01
141619,0.57
141620,0.37
141621,0.24
141622,0.09
141623,0.36
141624,0.01
141625,0.09
141626,0.03
141627,0.01
141628,0.01
141629,0.0
141630,0.06
141631,0.11
141632,0.2
141633,0.15
141634,0.02
141635,0.58
141636,0.19
141637,0.23
141638,0.0
141639,0.04
141640,0.0
141641,0.0
141642,0.0
141643,0.0
141644,0.32
141645,0.0
141646,0.05
141647,0.0
141648,0.0
141649,0.07
141650,0.0
141651,0.01
141652,0.0
141653,0.0
141654,0.03
141655,0.42
141656,0.08
141657,0.0
141658,0.04
141659,0.0
141660,0.06
141661,0.01
141662,0.0
141663,0.16
141664,0.05
141665,0.01
141666,0.0
141667,0.1
141668,0.28
141669,0.17
141670,0.15
141671,0.37
141672,0.0
141673,0.01
141674,0.0
141675,0.0
141676,0.44
141677,0.25
141678,0.11
141679,0.12
141680,0.0
141681,0.0
141682,0.06
141683,0.0
141684,0.1
141685,0.0
141686,0.05
141687,0.0
141688,0.24
141689,0.11
141690,0.06
141691,0.05
141692,0.02
141693,0.44
141694,0.0
141695,0.07
141696,0.01
141697,0.82
141698,0.12
141699,0.06
141700,0.36
141701,0.0
141702,0.13
141703,0.17
141704,0.01
141705,0.15
141706,0.36
141707,0.04
141708,0.01
141709,0.09
141710,0.38
141711,0.26
141712,0.01
141713,0.0
141714,0.08
141715,0.0
141716,0.05
141717,0.69
141718,0.0
141719,0.01
141720,0.0
141721,0.0
141722,0.01
141723,0.0
141724,0.04
141725,0.07
141726,0.01
141727,0.04
141728,0.09
141729,0.11
141730,0.18
141731,0.0
141732,0.05
141733,0.13
141734,0.02
141735,0.0
141736,0.0
141737,0.33
141738,0.0
141739,0.0
141740,0.13
141741,0.0
141742,0.0
141743,0.07
141744,0.0
141745,0.0
141746,0.0
141747,0.0
141748,0.03
141749,0.0
141750,0.0
141751,0.07
141752,0.04
141753,0.02
141754,0.03
141755,0.01
141756,0.0
141757,0.03
141758,0.3
141759,0.0
141760,0.26
141761,0.0
141762,0.15
141763,0.05
141764,0.0
141765,0.03
141766,0.38
141767,0.04
141768,0.0
141769,0.0
141770,0.0
141771,0.04
141772,0.01
141773,0.05
141774,0.03
141775,0.04
141776,0.0
141777,0.0
141778,0.02
141779,0.32
141780,0.03
141781,0.01
141782,0.03
141783,0.15
141784,0.0
141785,0.02
141786,0.0
141787,0.01
141788,0.38
141789,0.06
141790,0.0
141791,0.58
141792,0.1
141793,0.02
141794,0.01
141795,0.0
141796,0.0
141797,0.0
141798,0.0
141799,0.1
141800,0.16
141801,0.06
141802,0.01
141803,0.02
141804,0.0
141805,0.01
141806,0.04
141807,0.03
141808,0.13
141809,0.01
141810,0.0
141811,0.06
141812,0.01
141813,0.0
141814,0.0
141815,0.12
141816,0.0
141817,0.15
141818,0.0
141819,0.22
141820,0.19
141821,0.01
141822,0.0
141823,0.08
141824,0.01
141825,0.04
141826,0.07
141827,0.13
141828,0.1
141829,0.05
141830,0.1
141831,0.11
141832,0.0
141833,0.05
141834,0.01
141835,0.02
141836,0.06
141837,0.63
141838,0.18
141839,0.01
141840,0.03
141841,0.0
141842,0.0
141843,0.0
141844,0.07
141845,0.0
141846,0.01
141847,0.02
141848,0.15
141849,0.0
141850,0.0
141851,0.19
141852,0.01
141853,0.01
141854,0.11
141855,0.0
141856,0.12
141857,0.15
141858,0.26
141859,0.05
141860,0.04
141861,0.13
141862,0.02
141863,0.02
141864,0.12
141865,0.02
141866,0.01
141867,0.0
141868,0.01
141869,0.0
141870,0.0
141871,0.21
141872,0.0
141873,0.02
141874,0.01
141875,0.01
141876,0.0
141877,0.12
141878,0.01
141879,0.19
141880,0.01
141881,0.0
141882,0.49
141883,0.29
141884,0.1
141885,0.04
141886,0.02
141887,0.05
141888,0.07
141889,0.03
141890,0.04
141891,0.0
141892,0.0
141893,0.06
141894,0.4
141895,0.0
141896,0.01
141897,0.07
141898,0.29
141899,0.01
141900,0.0
141901,0.0
141902,0.05
141903,0.02
141904,0.0
141905,0.05
141906,0.07
141907,0.61
141908,0.02
141909,0.02
141910,0.0
141911,0.0
141912,0.29
141913,0.04
141914,0.08
141915,0.04
141916,0.0
141917,0.0
141918,0.16
141919,0.0
141920,0.08
141921,0.05
141922,0.08
141923,0.09
141924,0.17
141925,0.0
141926,0.04
141927,0.05
141928,0.01
141929,0.02
141930,0.03
141931,0.03
141932,0.13
141933,0.0
141934,0.08
141935,0.02
141936,0.42
141937,0.0
141938,0.0
141939,0.05
141940,0.12
141941,0.29
141942,0.11
141943,0.01
141944,0.0
141945,0.01
141946,0.0
141947,0.1
141948,0.0
141949,0.01
141950,0.07
141951,0.12
141952,0.08
141953,0.0
141954,0.07
141955,0.01
141956,0.61
141957,0.04
141958,0.15
141959,0.02
141960,0.0
141961,0.02
141962,0.0
141963,0.02
141964,0.02
141965,0.16
141966,0.04
141967,0.07
141968,0.0
141969,0.0
141970,0.0
141971,0.01
141972,0.35
141973,0.0
141974,0.05
141975,0.0
141976,0.0
141977,0.01
141978,0.03
141979,0.01
141980,0.0
141981,0.03
141982,0.12
141983,0.27
141984,0.0
141985,0.41
141986,0.05
141987,0.32
141988,0.03
141989,0.03
141990,0.07
141991,0.0
141992,0.03
141993,0.03
141994,0.14
141995,0.22
141996,0.07
141997,0.06
141998,0.0
141999,0.06
142000,0.05
142001,0.01
142002,0.01
142003,0.03
142004,0.17
142005,0.0
142006,0.0
142007,0.01
142008,0.01
142009,0.13
142010,0.0
142011,0.0
142012,0.02
142013,0.29
142014,0.06
142015,0.0
142016,0.01
142017,0.01
142018,0.07
142019,0.11
142020,0.15
142021,0.04
142022,0.05
142023,0.22
142024,0.0
142025,0.01
142026,0.26
142027,0.04
142028,0.0
142029,0.0
142030,0.0
142031,0.04
142032,0.07
142033,0.18
142034,0.0
142035,0.0
142036,0.0
142037,0.01
142038,0.04
142039,0.02
142040,0.0
142041,0.04
142042,0.0
142043,0.09
142044,0.0
142045,0.27
142046,0.0
142047,0.02
142048,0.04
142049,0.05
142050,0.02
142051,0.19
142052,0.15
142053,0.04
142054,0.09
142055,0.0
142056,0.03
142057,0.03
142058,0.1
142059,0.0
142060,0.08
142061,0.01
142062,0.09
142063,0.38
142064,0.1
142065,0.09
142066,0.0
142067,0.03
142068,0.1
142069,0.01
142070,0.0
142071,0.03
142072,0.0
142073,0.0
142074,0.09
142075,0.02
142076,0.36
142077,0.32
142078,0.02
142079,0.14
142080,0.01
142081,0.11
142082,0.01
142083,0.04
142084,0.0
142085,0.13
142086,0.08
142087,0.01
142088,0.01
142089,0.01
142090,0.0
142091,0.03
142092,0.0
142093,0.08
142094,0.39
142095,0.1
142096,0.0
142097,0.0
142098,0.06
142099,0.23
142100,0.06
142101,0.01
142102,0.52
142103,0.1
142104,0.01
142105,0.0
142106,0.08
142107,0.08
142108,0.06
142109,0.4
142110,0.46
142111,0.0
142112,0.0
142113,0.0
142114,0.02
142115,0.06
142116,0.19
142117,0.01
142118,0.03
142119,0.03
142120,0.02
142121,0.34
142122,0.02
142123,0.07
142124,0.02
142125,0.01
142126,0.17
142127,0.16
142128,0.0
142129,0.07
142130,0.01
142131,0.08
142132,0.06
142133,0.0
142134,0.16
142135,0.02
142136,0.05
142137,0.03
142138,0.17
142139,0.01
142140,0.13
142141,0.02
142142,0.07
142143,0.0
142144,0.0
142145,0.12
142146,0.0
142147,0.26
142148,0.0
142149,0.21
142150,0.04
142151,0.04
142152,0.02
142153,0.02
142154,0.01
142155,0.32
142156,0.02
142157,0.03
142158,0.12
142159,0.0
142160,0.45
142161,0.01
142162,0.03
142163,0.0
142164,0.09
142165,0.05
142166,0.05
142167,0.1
142168,0.0
142169,0.02
142170,0.01
142171,0.0
142172,0.02
142173,0.13
142174,0.16
142175,0.04
142176,0.09
142177,0.14
142178,0.08
142179,0.0
142180,0.02
142181,0.01
142182,0.01
142183,0.0
142184,0.08
142185,0.04
142186,0.03
142187,0.26
142188,0.0
142189,0.27
142190,0.03
142191,0.27
142192,0.16
142193,0.04
142194,0.0
142195,0.06
142196,0.02
142197,0.01
142198,0.0
142199,0.03
142200,0.0
142201,0.0
142202,0.02
142203,0.02
142204,0.2
142205,0.01
142206,0.29
142207,0.01
142208,0.03
142209,0.03
142210,0.09
142211,0.0
142212,0.0
142213,0.26
142214,0.1
142215,0.5
142216,0.0
142217,0.21
142218,0.2
142219,0.01
142220,0.01
142221,0.0
142222,0.02
142223,0.0
142224,0.0
142225,0.5
142226,0.0
142227,0.01
142228,0.03
142229,0.0
142230,0.23
142231,0.29
142232,0.04
142233,0.0
142234,0.15
142235,0.03
142236,0.02
142237,0.03
142238,0.01
142239,0.0
142240,0.0
142241,0.17
142242,0.15
142243,0.05
142244,0.21
142245,0.02
142246,0.0
142247,0.01
142248,0.06
142249,0.0
142250,0.69
142251,0.05
142252,0.04
142253,0.0
142254,0.0
142255,0.0
142256,0.0
142257,0.0
142258,0.02
142259,0.42
142260,0.17
142261,0.01
142262,0.0
142263,0.02
142264,0.37
142265,0.3
142266,0.08
142267,0.02
142268,0.22
142269,0.0
142270,0.08
142271,0.03
142272,0.12
142273,0.17
142274,0.41
142275,0.01
142276,0.03
142277,0.13
142278,0.0
142279,0.07
142280,0.02
142281,0.0
142282,0.04
142283,0.02
142284,0.01
142285,0.04
142286,0.0
142287,0.01
142288,0.0
142289,0.04
142290,0.03
142291,0.01
142292,0.01
142293,0.02
142294,0.0
142295,0.0
142296,0.0
142297,0.02
142298,0.13
142299,0.0
142300,0.03
142301,0.15
142302,0.0
142303,0.0
142304,0.03
142305,0.03
142306,0.02
142307,0.44
142308,0.0
142309,0.02
142310,0.01
142311,0.01
142312,0.0
142313,0.05
142314,0.01
142315,0.0
142316,0.04
142317,0.0
142318,0.14
142319,0.01
142320,0.14
142321,0.02
142322,0.0
142323,0.0
142324,0.03
142325,0.23
142326,0.01
142327,0.14
142328,0.11
142329,0.01
142330,0.0
142331,0.11
142332,0.05
142333,0.06
142334,0.18
142335,0.27
142336,0.11
142337,0.12
142338,0.07
142339,0.0
142340,0.04
142341,0.03
142342,0.28
142343,0.02
142344,0.22
142345,0.07
142346,0.04
142347,0.32
142348,0.38
142349,0.02
142350,0.04
142351,0.09
142352,0.01
142353,0.0
142354,0.06
142355,0.0
142356,0.01
142357,0.0
142358,0.28
142359,0.1
142360,0.0
142361,0.51
142362,0.0
142363,0.31
142364,0.05
142365,0.15
142366,0.0
142367,0.0
142368,0.0
142369,0.08
142370,0.05
142371,0.01
142372,0.17
142373,0.0
142374,0.02
142375,0.02
142376,0.0
142377,0.09
142378,0.0
142379,0.74
142380,0.05
142381,0.24
142382,0.22
142383,0.08
142384,0.04
142385,0.0
142386,0.0
142387,0.0
142388,0.07
142389,0.0
142390,0.0
142391,0.0
142392,0.05
142393,0.25
142394,0.04
142395,0.0
142396,0.02
142397,0.01
142398,0.03
142399,0.02
142400,0.06
142401,0.02
142402,0.05
142403,0.0
142404,0.12
142405,0.22
142406,0.01
142407,0.04
142408,0.05
142409,0.01
142410,0.01
142411,0.0
142412,0.31
142413,0.06
142414,0.0
142415,0.0
142416,0.05
142417,0.05
142418,0.14
142419,0.02
142420,0.01
142421,0.07
142422,0.0
142423,0.01
142424,0.13
142425,0.0
142426,0.02
142427,0.13
142428,0.0
142429,0.0
142430,0.1
142431,0.01
142432,0.09
142433,0.55
142434,0.03
142435,0.0
142436,0.01
142437,0.02
142438,0.18
142439,0.01
142440,0.0
142441,0.01
142442,0.0
142443,0.07
142444,0.0
142445,0.26
142446,0.0
142447,0.12
142448,0.08
142449,0.04
142450,0.04
142451,0.02
142452,0.0
142453,0.12
142454,0.02
142455,0.03
142456,0.02
142457,0.0
142458,0.03
142459,0.02
142460,0.01
142461,0.02
142462,0.06
142463,0.01
142464,0.0
142465,0.0
142466,0.02
142467,0.09
142468,0.17
142469,0.12
142470,0.01
142471,0.0
142472,0.05
142473,0.03
142474,0.01
142475,0.02
142476,0.0
142477,0.02
142478,0.09
142479,0.0
142480,0.03
142481,0.0
142482,0.06
142483,0.03
142484,0.02
142485,0.01
142486,0.06
142487,0.01
142488,0.04
142489,0.17
142490,0.34
142491,0.02
142492,0.0
142493,0.07
142494,0.01
142495,0.15
142496,0.3
142497,0.06
142498,0.0
142499,0.27
142500,0.0
142501,0.0
142502,0.37
142503,0.08
142504,0.09
142505,0.0
142506,0.03
142507,0.04
142508,0.0
142509,0.0
142510,0.03
142511,0.15
142512,0.01
142513,0.09
142514,0.06
142515,0.01
142516,0.06
142517,0.0
142518,0.06
142519,0.05
142520,0.02
142521,0.0
142522,0.09
142523,0.01
142524,0.01
142525,0.02
142526,0.1
142527,0.13
142528,0.08
142529,0.0
142530,0.0
142531,0.0
142532,0.0
142533,0.0
142534,0.73
142535,0.1
142536,0.0
142537,0.03
142538,0.02
142539,0.71
142540,0.19
142541,0.29
142542,0.14
142543,0.01
142544,0.37
142545,0.14
142546,0.0
142547,0.01
142548,0.0
142549,0.05
142550,0.06
142551,0.06
142552,0.01
142553,0.06
142554,0.0
142555,0.03
142556,0.0
142557,0.09
142558,0.0
142559,0.0
142560,0.13
142561,0.01
142562,0.06
142563,0.02
142564,0.03
142565,0.02
142566,0.0
142567,0.0
142568,0.02
142569,0.0
142570,0.0
142571,0.28
142572,0.04
142573,0.0
142574,0.32
142575,0.05
142576,0.22
142577,0.01
142578,0.14
142579,0.02
142580,0.01
142581,0.05
142582,0.07
142583,0.06
142584,0.0
142585,0.03
142586,0.02
142587,0.21
142588,0.09
142589,0.09
142590,0.02
142591,0.02
142592,0.21
142593,0.0
142594,0.09
142595,0.0
142596,0.31
142597,0.01
142598,0.1
142599,0.07
142600,0.0
142601,0.01
142602,0.09
142603,0.02
142604,0.01
142605,0.0
142606,0.02
142607,0.02
142608,0.1
142609,0.01
142610,0.15
142611,0.02
142612,0.01
142613,0.05
142614,0.11
142615,0.03
142616,0.0
142617,0.0
142618,0.07
142619,0.0
142620,0.0
142621,0.04
142622,0.29
142623,0.02
142624,0.02
142625,0.03
142626,0.0
142627,0.0
142628,0.15
142629,0.02
142630,0.0
142631,0.29
142632,0.0
142633,0.0
142634,0.08
142635,0.29
142636,0.0
142637,0.0
142638,0.08
142639,0.04
142640,0.01
142641,0.38
142642,0.01
142643,0.38
142644,0.39
142645,0.03
142646,0.04
142647,0.0
142648,0.51
142649,0.17
142650,0.05
142651,0.0
142652,0.0
142653,0.22
142654,0.27
142655,0.07
142656,0.15
142657,0.0
142658,0.04
142659,0.01
142660,0.12
142661,0.01
142662,0.04
142663,0.32
142664,0.01
142665,0.01
142666,0.12
142667,0.24
142668,0.0
142669,0.06
142670,0.33
142671,0.0
142672,0.0
142673,0.12
142674,0.05
142675,0.02
142676,0.0
142677,0.83
142678,0.12
142679,0.06
142680,0.0
142681,0.0
142682,0.06
142683,0.02
142684,0.08
142685,0.52
142686,0.01
142687,0.05
142688,0.04
142689,0.05
142690,0.0
142691,0.27
142692,0.12
142693,0.0
142694,0.0
142695,0.0
142696,0.01
142697,0.01
142698,0.01
142699,0.49
142700,0.06
142701,0.07
142702,0.0
142703,0.05
142704,0.03
142705,0.0
142706,0.02
142707,0.01
142708,0.08
142709,0.11
142710,0.0
142711,0.0
142712,0.0
142713,0.01
142714,0.0
142715,0.35
142716,0.39
142717,0.01
142718,0.19
142719,0.0
142720,0.0
142721,0.0
142722,0.1
142723,0.2
142724,0.03
142725,0.0
142726,0.09
142727,0.01
142728,0.0
142729,0.08
142730,0.22
142731,0.26
142732,0.02
142733,0.0
142734,0.02
142735,0.09
142736,0.0
142737,0.09
142738,0.03
142739,0.03
142740,0.14
142741,0.0
142742,0.16
142743,0.0
142744,0.0
142745,0.0
142746,0.0
142747,0.25
142748,0.01
142749,0.01
142750,0.0
142751,0.0
142752,0.01
142753,0.06
142754,0.17
142755,0.09
142756,0.04
142757,0.01
142758,0.0
142759,0.0
142760,0.0
142761,0.38
142762,0.01
142763,0.0
142764,0.0
142765,0.21
142766,0.01
142767,0.0
142768,0.0
142769,0.12
142770,0.02
142771,0.05
142772,0.0
142773,0.02
142774,0.01
142775,0.04
142776,0.38
142777,0.04
142778,0.1
142779,0.02
142780,0.0
142781,0.02
142782,0.34
142783,0.0
142784,0.09
142785,0.04
142786,0.05
142787,0.44
142788,0.01
142789,0.0
142790,0.0
142791,0.03
142792,0.06
142793,0.01
142794,0.11
142795,0.03
142796,0.14
142797,0.01
142798,0.07
142799,0.02
142800,0.03
142801,0.03
142802,0.01
142803,0.0
142804,0.28
142805,0.02
142806,0.08
142807,0.42
142808,0.02
142809,0.01
142810,0.18
142811,0.05
142812,0.11
142813,0.01
142814,0.01
142815,0.03
142816,0.02
142817,0.01
142818,0.05
142819,0.02
142820,0.01
142821,0.01
142822,0.0
142823,0.06
142824,0.34
142825,0.0
142826,0.0
142827,0.0
142828,0.04
142829,0.25
142830,0.17
142831,0.17
142832,0.15
142833,0.0
142834,0.0
142835,0.01
142836,0.0
142837,0.0
142838,0.28
142839,0.29
142840,0.02
142841,0.08
142842,0.0
142843,0.09
142844,0.02
142845,0.07
142846,0.0
142847,0.03
142848,0.01
142849,0.0
142850,0.13
142851,0.0
142852,0.04
142853,0.06
142854,0.03
142855,0.0
142856,0.01
142857,0.0
142858,0.04
142859,0.12
142860,0.02
142861,0.1
142862,0.01
142863,0.05
142864,0.24
142865,0.0
142866,0.77
142867,0.0
142868,0.01
142869,0.08
142870,0.0
142871,0.0
142872,0.0
142873,0.03
142874,0.49
142875,0.04
142876,0.05
142877,0.18
142878,0.03
142879,0.16
142880,0.12
142881,0.01
142882,0.07
142883,0.0
142884,0.04
142885,0.06
142886,0.01
142887,0.52
142888,0.01
142889,0.19
142890,0.01
142891,0.03
142892,0.02
142893,0.03
142894,0.15
142895,0.01
142896,0.02
142897,0.08
142898,0.0
142899,0.0
142900,0.47
142901,0.0
142902,0.14
142903,0.05
142904,0.02
142905,0.0
142906,0.01
142907,0.0
142908,0.02
142909,0.03
142910,0.0
142911,0.02
142912,0.18
142913,0.13
142914,0.03
142915,0.0
142916,0.01
142917,0.0
142918,0.01
142919,0.01
142920,0.08
142921,0.06
142922,0.0
142923,0.0
142924,0.1
142925,0.0
142926,0.01
142927,0.02
142928,0.06
142929,0.01
142930,0.0
142931,0.0
142932,0.4
142933,0.08
142934,0.01
142935,0.01
142936,0.03
142937,0.0
142938,0.02
142939,0.14
142940,0.83
142941,0.15
142942,0.03
142943,0.07
142944,0.22
142945,0.04
142946,0.0
142947,0.0
142948,0.08
142949,0.08
142950,0.23
142951,0.05
142952,0.06
142953,0.01
142954,0.05
142955,0.01
142956,0.0
142957,0.03
142958,0.0
142959,0.0
142960,0.0
142961,0.0
142962,0.0
142963,0.0
142964,0.27
142965,0.0
142966,0.02
142967,0.05
142968,0.01
142969,0.4
142970,0.02
142971,0.14
142972,0.0
142973,0.0
142974,0.0
142975,0.0
142976,0.19
142977,0.02
142978,0.0
142979,0.0
142980,0.0
142981,0.03
142982,0.23
142983,0.07
142984,0.11
142985,0.01
142986,0.03
142987,0.08
142988,0.0
142989,0.0
142990,0.0
142991,0.0
142992,0.01
142993,0.13
142994,0.26
142995,0.0
142996,0.04
142997,0.31
142998,0.02
142999,0.04
143000,0.04
143001,0.03
143002,0.05
143003,0.16
143004,0.0
143005,0.0
143006,0.0
143007,0.0
143008,0.05
143009,0.0
143010,0.0
143011,0.01
143012,0.0
143013,0.02
143014,0.0
143015,0.0
143016,0.14
143017,0.11
143018,0.09
143019,0.0
143020,0.01
143021,0.0
143022,0.0
143023,0.03
143024,0.1
143025,0.07
143026,0.09
143027,0.03
143028,0.0
143029,0.03
143030,0.0
143031,0.03
143032,0.01
143033,0.03
143034,0.03
143035,0.02
143036,0.01
143037,0.0
143038,0.04
143039,0.01
143040,0.0
143041,0.05
143042,0.01
143043,0.02
143044,0.0
143045,0.07
143046,0.08
143047,0.05
143048,0.02
143049,0.02
143050,0.04
143051,0.06
143052,0.09
143053,0.02
143054,0.0
143055,0.28
143056,0.0
143057,0.02
143058,0.02
143059,0.12
143060,0.38
143061,0.0
143062,0.0
143063,0.0
143064,0.02
143065,0.0
143066,0.01
143067,0.07
143068,0.0
143069,0.01
143070,0.01
143071,0.01
143072,0.0
143073,0.03
143074,0.01
143075,0.1
143076,0.22
143077,0.04
143078,0.01
143079,0.11
143080,0.0
143081,0.0
143082,0.02
143083,0.17
143084,0.0
143085,0.01
143086,0.05
143087,0.17
143088,0.01
143089,0.09
143090,0.17
143091,0.15
143092,0.34
143093,0.0
143094,0.01
143095,0.02
143096,0.0
143097,0.01
143098,0.11
143099,0.01
143100,0.05
143101,0.03
143102,0.01
143103,0.02
143104,0.0
143105,0.0
143106,0.0
143107,0.01
143108,0.02
143109,0.06
143110,0.03
143111,0.2
143112,0.0
143113,0.0
143114,0.0
143115,0.06
143116,0.03
143117,0.02
143118,0.01
143119,0.01
143120,0.0
143121,0.02
143122,0.07
143123,0.0
143124,0.01
143125,0.3
143126,0.01
143127,0.0
143128,0.0
143129,0.0
143130,0.23
143131,0.01
143132,0.06
143133,0.0
143134,0.27
143135,0.09
143136,0.16
143137,0.02
143138,0.0
143139,0.02
143140,0.0
143141,0.21
143142,0.0
143143,0.03
143144,0.02
143145,0.0
143146,0.05
143147,0.26
143148,0.12
143149,0.06
143150,0.04
143151,0.01
143152,0.03
143153,0.01
143154,0.09
143155,0.01
143156,0.03
143157,0.0
143158,0.11
143159,0.03
143160,0.23
143161,0.01
143162,0.0
143163,0.04
143164,0.07
143165,0.0
143166,0.32
143167,0.0
143168,0.5
143169,0.09
143170,0.23
143171,0.12
143172,0.23
143173,0.0
143174,0.0
143175,0.02
143176,0.01
143177,0.01
143178,0.0
143179,0.01
143180,0.08
143181,0.38
143182,0.08
143183,0.01
143184,0.13
143185,0.0
143186,0.04
143187,0.07
143188,0.04
143189,0.09
143190,0.16
143191,0.15
143192,0.0
143193,0.0
143194,0.38
143195,0.0
143196,0.01
143197,0.1
143198,0.0
143199,0.02
143200,0.1
143201,0.14
143202,0.1
143203,0.02
143204,0.01
143205,0.17
143206,0.0
143207,0.0
143208,0.16
143209,0.5
143210,0.01
143211,0.0
143212,0.08
143213,0.02
143214,0.03
143215,0.05
143216,0.09
143217,0.0
143218,0.01
143219,0.02
143220,0.0
143221,0.03
143222,0.0
143223,0.21
143224,0.02
143225,0.0
143226,0.11
143227,0.01
143228,0.36
143229,0.12
143230,0.17
143231,0.02
143232,0.01
143233,0.0
143234,0.0
143235,0.09
143236,0.0
143237,0.0
143238,0.01
143239,0.24
143240,0.59
143241,0.1
143242,0.04
143243,0.06
143244,0.03
143245,0.1
143246,0.0
143247,0.01
143248,0.2
143249,0.0
143250,0.01
143251,0.0
143252,0.18
143253,0.04
143254,0.02
143255,0.02
143256,0.05
143257,0.0
143258,0.26
143259,0.08
143260,0.01
143261,0.1
143262,0.0
143263,0.0
143264,0.0
143265,0.02
143266,0.01
143267,0.04
143268,0.14
143269,0.06
143270,0.09
143271,0.0
143272,0.09
143273,0.0
143274,0.04
143275,0.0
143276,0.02
143277,0.04
143278,0.29
143279,0.11
143280,0.03
143281,0.01
143282,0.1
143283,0.65
143284,0.0
143285,0.01
143286,0.03
143287,0.01
143288,0.0
143289,0.08
143290,0.02
143291,0.2
143292,0.08
143293,0.11
143294,0.56
143295,0.01
143296,0.01
143297,0.07
143298,0.0
143299,0.31
143300,0.0
143301,0.16
143302,0.03
143303,0.01
143304,0.0
143305,0.06
143306,0.03
143307,0.02
143308,0.06
143309,0.0
143310,0.17
143311,0.46
143312,0.03
143313,0.01
143314,0.02
143315,0.0
143316,0.01
143317,0.0
143318,0.0
143319,0.02
143320,0.25
143321,0.35
143322,0.37
143323,0.0
143324,0.0
143325,0.01
143326,0.12
143327,0.04
143328,0.39
143329,0.01
143330,0.05
143331,0.0
143332,0.0
143333,0.03
143334,0.23
143335,0.05
143336,0.01
143337,0.02
143338,0.17
143339,0.44
143340,0.03
143341,0.01
143342,0.02
143343,0.16
143344,0.1
143345,0.08
143346,0.13
143347,0.01
143348,0.18
143349,0.16
143350,0.03
143351,0.0
143352,0.02
143353,0.01
143354,0.18
143355,0.23
143356,0.03
143357,0.01
143358,0.0
143359,0.11
143360,0.05
143361,0.06
143362,0.02
143363,0.08
143364,0.02
143365,0.02
143366,0.03
143367,0.01
143368,0.0
143369,0.0
143370,0.01
143371,0.06
143372,0.15
143373,0.08
143374,0.02
143375,0.08
143376,0.01
143377,0.0
143378,0.27
143379,0.03
143380,0.15
143381,0.06
143382,0.12
143383,0.0
143384,0.0
143385,0.03
143386,0.02
143387,0.08
143388,0.0
143389,0.0
143390,0.05
143391,0.0
143392,0.05
143393,0.0
143394,0.01
143395,0.07
143396,0.0
143397,0.01
143398,0.04
143399,0.01
143400,0.01
143401,0.05
143402,0.0
143403,0.0
143404,0.05
143405,0.07
143406,0.19
143407,0.02
143408,0.03
143409,0.02
143410,0.01
143411,0.01
143412,0.0
143413,0.0
143414,0.07
143415,0.01
143416,0.03
143417,0.33
143418,0.54
143419,0.03
143420,0.0
143421,0.27
143422,0.0
143423,0.0
143424,0.01
143425,0.0
143426,0.12
143427,0.01
143428,0.06
143429,0.01
143430,0.24
143431,0.08
143432,0.0
143433,0.42
143434,0.02
143435,0.57
143436,0.35
143437,0.19
143438,0.22
143439,0.32
143440,0.02
143441,0.17
143442,0.16
143443,0.01
143444,0.23
143445,0.01
143446,0.01
143447,0.53
143448,0.01
143449,0.0
143450,0.0
143451,0.07
143452,0.01
143453,0.05
143454,0.01
143455,0.38
143456,0.06
143457,0.09
143458,0.01
143459,0.01
143460,0.01
143461,0.04
143462,0.02
143463,0.01
143464,0.02
143465,0.01
143466,0.02
143467,0.03
143468,0.02
143469,0.06
143470,0.65
143471,0.14
143472,0.21
143473,0.0
143474,0.0
143475,0.04
143476,0.06
143477,0.02
143478,0.01
143479,0.0
143480,0.62
143481,0.33
143482,0.33
143483,0.0
143484,0.0
143485,0.04
143486,0.0
143487,0.28
143488,0.0
143489,0.0
143490,0.01
143491,0.01
143492,0.1
143493,0.12
143494,0.02
143495,0.01
143496,0.03
143497,0.0
143498,0.01
143499,0.04
143500,0.0
143501,0.13
143502,0.32
143503,0.02
143504,0.04
143505,0.06
143506,0.0
143507,0.05
143508,0.01
143509,0.0
143510,0.01
143511,0.0
143512,0.07
143513,0.07
143514,0.09
143515,0.1
143516,0.39
143517,0.02
143518,0.03
143519,0.01
143520,0.05
143521,0.01
143522,0.0
143523,0.41
143524,0.01
143525,0.1
143526,0.0
143527,0.22
143528,0.05
143529,0.01
143530,0.39
143531,0.05
143532,0.0
143533,0.0
143534,0.03
143535,0.0
143536,0.07
143537,0.0
143538,0.1
143539,0.06
143540,0.11
143541,0.33
143542,0.0
143543,0.15
143544,0.0
143545,0.02
143546,0.06
143547,0.0
143548,0.0
143549,0.0
143550,0.02
143551,0.06
143552,0.0
143553,0.14
143554,0.03
143555,0.11
143556,0.33
143557,0.01
143558,0.27
143559,0.0
143560,0.02
143561,0.06
143562,0.01
143563,0.08
143564,0.06
143565,0.01
143566,0.03
143567,0.05
143568,0.3
143569,0.02
143570,0.08
143571,0.03
143572,0.2
143573,0.09
143574,0.0
143575,0.03
143576,0.13
143577,0.0
143578,0.02
143579,0.0
143580,0.05
143581,0.13
143582,0.08
143583,0.0
143584,0.01
143585,0.0
143586,0.13
143587,0.21
143588,0.0
143589,0.01
143590,0.16
143591,0.0
143592,0.19
143593,0.01
143594,0.05
143595,0.0
143596,0.0
143597,0.0
143598,0.05
143599,0.07
143600,0.01
143601,0.01
143602,0.03
143603,0.0
143604,0.0
143605,0.02
143606,0.31
143607,0.12
143608,0.69
143609,0.0
143610,0.06
143611,0.0
143612,0.01
143613,0.0
143614,0.01
143615,0.01
143616,0.03
143617,0.01
143618,0.0
143619,0.07
143620,0.01
143621,0.04
143622,0.01
143623,0.01
143624,0.01
143625,0.03
143626,0.19
143627,0.0
143628,0.0
143629,0.01
143630,0.01
143631,0.01
143632,0.12
143633,0.03
143634,0.03
143635,0.0
143636,0.01
143637,0.0
143638,0.0
143639,0.15
143640,0.13
143641,0.38
143642,0.0
143643,0.05
143644,0.03
143645,0.0
143646,0.1
143647,0.0
143648,0.0
143649,0.01
143650,0.02
143651,0.03
143652,0.04
143653,0.02
143654,0.08
143655,0.22
143656,0.01
143657,0.07
143658,0.0
143659,0.02
143660,0.05
143661,0.06
143662,0.2
143663,0.0
143664,0.5
143665,0.05
143666,0.0
143667,0.12
143668,0.2
143669,0.0
143670,0.02
143671,0.0
143672,0.0
143673,0.02
143674,0.05
143675,0.42
143676,0.32
143677,0.08
143678,0.05
143679,0.0
143680,0.05
143681,0.0
143682,0.01
143683,0.06
143684,0.0
143685,0.0
143686,0.04
143687,0.0
143688,0.03
143689,0.07
143690,0.06
143691,0.08
143692,0.11
143693,0.15
143694,0.05
143695,0.15
143696,0.0
143697,0.01
143698,0.01
143699,0.02
143700,0.08
143701,0.03
143702,0.1
143703,0.05
143704,0.09
143705,0.08
143706,0.05
143707,0.0
143708,0.0
143709,0.0
143710,0.13
143711,0.0
143712,0.14
143713,0.0
143714,0.02
143715,0.0
143716,0.07
143717,0.0
143718,0.01
143719,0.02
143720,0.0
143721,0.0
143722,0.03
143723,0.0
143724,0.04
143725,0.01
143726,0.04
143727,0.0
143728,0.05
143729,0.04
143730,0.02
143731,0.01
143732,0.16
143733,0.0
143734,0.2
143735,0.0
143736,0.0
143737,0.0
143738,0.01
143739,0.06
143740,0.04
143741,0.0
143742,0.04
143743,0.04
143744,0.0
143745,0.0
143746,0.04
143747,0.2
143748,0.0
143749,0.0
143750,0.08
143751,0.0
143752,0.02
143753,0.0
143754,0.43
143755,0.0
143756,0.01
143757,0.02
143758,0.06
143759,0.0
143760,0.0
143761,0.12
143762,0.12
143763,0.26
143764,0.0
143765,0.0
143766,0.1
143767,0.39
143768,0.0
143769,0.0
143770,0.04
143771,0.0
143772,0.0
143773,0.11
143774,0.15
143775,0.01
143776,0.0
143777,0.01
143778,0.01
143779,0.19
143780,0.01
143781,0.08
143782,0.01
143783,0.06
143784,0.01
143785,0.11
143786,0.02
143787,0.05
143788,0.06
143789,0.05
143790,0.0
143791,0.07
143792,0.15
143793,0.0
143794,0.0
143795,0.04
143796,0.08
143797,0.01
143798,0.02
143799,0.04
143800,0.0
143801,0.01
143802,0.0
143803,0.0
143804,0.12
143805,0.03
143806,0.02
143807,0.0
143808,0.0
143809,0.09
143810,0.02
143811,0.01
143812,0.0
143813,0.44
143814,0.12
143815,0.0
143816,0.11
143817,0.07
143818,0.21
143819,0.03
143820,0.07
143821,0.02
143822,0.28
143823,0.13
143824,0.12
143825,0.0
143826,0.0
143827,0.09
143828,0.01
143829,0.0
143830,0.0
143831,0.04
143832,0.02
143833,0.02
143834,0.01
143835,0.04
143836,0.11
143837,0.03
143838,0.01
143839,0.03
143840,0.0
143841,0.03
143842,0.03
143843,0.0
143844,0.11
143845,0.15
143846,0.02
143847,0.04
143848,0.01
143849,0.24
143850,0.01
143851,0.18
143852,0.0
143853,0.16
143854,0.0
143855,0.0
143856,0.01
143857,0.06
143858,0.35
143859,0.0
143860,0.0
143861,0.02
143862,0.02
143863,0.0
143864,0.01
143865,0.05
143866,0.2
143867,0.0
143868,0.06
143869,0.04
143870,0.0
143871,0.01
143872,0.01
143873,0.0
143874,0.01
143875,0.0
143876,0.0
143877,0.01
143878,0.0
143879,0.54
143880,0.0
143881,0.0
143882,0.09
143883,0.0
143884,0.0
143885,0.04
143886,0.0
143887,0.0
143888,0.12
143889,0.03
143890,0.0
143891,0.01
143892,0.01
143893,0.02
143894,0.05
143895,0.03
143896,0.02
143897,0.0
143898,0.02
143899,0.0
143900,0.0
143901,0.03
143902,0.06
143903,0.1
143904,0.05
143905,0.06
143906,0.15
143907,0.0
143908,0.03
143909,0.07
143910,0.04
143911,0.18
143912,0.12
143913,0.0
143914,0.62
143915,0.05
143916,0.07
143917,0.0
143918,0.13
143919,0.02
143920,0.02
143921,0.02
143922,0.28
143923,0.01
143924,0.05
143925,0.08
143926,0.05
143927,0.08
143928,0.03
143929,0.02
143930,0.01
143931,0.06
143932,0.03
143933,0.0
143934,0.0
143935,0.07
143936,0.01
143937,0.0
143938,0.06
143939,0.01
143940,0.2
143941,0.0
143942,0.0
143943,0.0
143944,0.0
143945,0.07
143946,0.01
143947,0.02
143948,0.05
143949,0.03
143950,0.08
143951,0.32
143952,0.03
143953,0.01
143954,0.0
143955,0.56
143956,0.0
143957,0.13
143958,0.38
143959,0.01
143960,0.0
143961,0.0
143962,0.21
143963,0.03
143964,0.09
143965,0.0
143966,0.0
143967,0.04
143968,0.07
143969,0.1
143970,0.02
143971,0.32
143972,0.06
143973,0.04
143974,0.36
143975,0.0
143976,0.04
143977,0.18
143978,0.0
143979,0.08
143980,0.0
143981,0.03
143982,0.0
143983,0.0
143984,0.0
143985,0.02
143986,0.0
143987,0.27
143988,0.01
143989,0.06
143990,0.16
143991,0.2
143992,0.01
143993,0.0
143994,0.04
143995,0.39
143996,0.82
143997,0.0
143998,0.06
143999,0.06
144000,0.02
144001,0.03
144002,0.01
144003,0.0
144004,0.0
144005,0.02
144006,0.33
144007,0.12
144008,0.02
144009,0.0
144010,0.19
144011,0.0
144012,0.03
144013,0.03
144014,0.0
144015,0.13
144016,0.06
144017,0.0
144018,0.0
144019,0.0
144020,0.15
144021,0.01
144022,0.0
144023,0.08
144024,0.21
144025,0.01
144026,0.06
144027,0.0
144028,0.16
144029,0.1
144030,0.06
144031,0.01
144032,0.04
144033,0.02
144034,0.01
144035,0.08
144036,0.42
144037,0.06
144038,0.11
144039,0.0
144040,0.0
144041,0.17
144042,0.0
144043,0.02
144044,0.47
144045,0.04
144046,0.0
144047,0.09
144048,0.0
144049,0.0
144050,0.0
144051,0.01
144052,0.03
144053,0.02
144054,0.01
144055,0.06
144056,0.02
144057,0.01
144058,0.08
144059,0.02
144060,0.24
144061,0.05
144062,0.09
144063,0.12
144064,0.01
144065,0.05
144066,0.0
144067,0.0
144068,0.01
144069,0.0
144070,0.02
144071,0.0
144072,0.01
144073,0.22
144074,0.1
144075,0.0
144076,0.15
144077,0.0
144078,0.02
144079,0.0
144080,0.01
144081,0.31
144082,0.0
144083,0.01
144084,0.01
144085,0.0
144086,0.0
144087,0.05
144088,0.14
144089,0.0
144090,0.01
144091,0.0
144092,0.12
144093,0.15
144094,0.02
144095,0.0
144096,0.0
144097,0.01
144098,0.01
144099,0.02
144100,0.01
144101,0.01
144102,0.09
144103,0.06
144104,0.02
144105,0.0
144106,0.05
144107,0.1
144108,0.0
144109,0.0
144110,0.02
144111,0.18
144112,0.01
144113,0.19
144114,0.03
144115,0.05
144116,0.02
144117,0.01
144118,0.01
144119,0.07
144120,0.02
144121,0.03
144122,0.03
144123,0.09
144124,0.04
144125,0.02
144126,0.0
144127,0.15
144128,0.11
144129,0.05
144130,0.0
144131,0.06
144132,0.02
144133,0.05
144134,0.0
144135,0.11
144136,0.24
144137,0.01
144138,0.0
144139,0.19
144140,0.02
144141,0.01
144142,0.01
144143,0.06
144144,0.02
144145,0.02
144146,0.0
144147,0.0
144148,0.0
144149,0.16
144150,0.01
144151,0.02
144152,0.02
144153,0.08
144154,0.17
144155,0.0
144156,0.25
144157,0.01
144158,0.0
144159,0.01
144160,0.09
144161,0.0
144162,0.01
144163,0.0
144164,0.0
144165,0.01
144166,0.04
144167,0.4
144168,0.15
144169,0.03
144170,0.0
144171,0.01
144172,0.11
144173,0.01
144174,0.02
144175,0.32
144176,0.02
144177,0.01
144178,0.01
144179,0.0
144180,0.0
144181,0.09
144182,0.09
144183,0.0
144184,0.04
144185,0.03
144186,0.5
144187,0.0
144188,0.02
144189,0.04
144190,0.0
144191,0.24
144192,0.01
144193,0.02
144194,0.15
144195,0.0
144196,0.14
144197,0.02
144198,0.0
144199,0.01
144200,0.09
144201,0.03
144202,0.03
144203,0.01
144204,0.0
144205,0.02
144206,0.0
144207,0.0
144208,0.01
144209,0.0
144210,0.01
144211,0.0
144212,0.11
144213,0.09
144214,0.02
144215,0.45
144216,0.01
144217,0.48
144218,0.0
144219,0.01
144220,0.01
144221,0.0
144222,0.1
144223,0.09
144224,0.0
144225,0.01
144226,0.0
144227,0.03
144228,0.17
144229,0.1
144230,0.0
144231,0.28
144232,0.0
144233,0.0
144234,0.0
144235,0.02
144236,0.01
144237,0.13
144238,0.54
144239,0.0
144240,0.15
144241,0.0
144242,0.06
144243,0.0
144244,0.01
144245,0.03
144246,0.06
144247,0.09
144248,0.0
144249,0.0
144250,0.0
144251,0.05
144252,0.01
144253,0.02
144254,0.02
144255,0.47
144256,0.24
144257,0.0
144258,0.03
144259,0.01
144260,0.0
144261,0.34
144262,0.0
144263,0.01
144264,0.28
144265,0.0
144266,0.02
144267,0.14
144268,0.02
144269,0.03
144270,0.0
144271,0.13
144272,0.07
144273,0.02
144274,0.24
144275,0.0
144276,0.0
144277,0.19
144278,0.12
144279,0.02
144280,0.07
144281,0.12
144282,0.03
144283,0.01
144284,0.01
144285,0.12
144286,0.04
144287,0.3
144288,0.0
144289,0.29
144290,0.04
144291,0.01
144292,0.01
144293,0.02
144294,0.0
144295,0.0
144296,0.33
144297,0.0
144298,0.04
144299,0.54
144300,0.0
144301,0.01
144302,0.0
144303,0.14
144304,0.0
144305,0.0
144306,0.46
144307,0.0
144308,0.2
144309,0.0
144310,0.05
144311,0.01
144312,0.0
144313,0.38
144314,0.0
144315,0.01
144316,0.03
144317,0.01
144318,0.0
144319,0.1
144320,0.15
144321,0.0
144322,0.0
144323,0.0
144324,0.01
144325,0.0
144326,0.05
144327,0.11
144328,0.05
144329,0.04
144330,0.02
144331,0.0
144332,0.01
144333,0.01
144334,0.02
144335,0.03
144336,0.0
144337,0.12
144338,0.01
144339,0.46
144340,0.42
144341,0.01
144342,0.0
144343,0.01
144344,0.34
144345,0.12
144346,0.34
144347,0.0
144348,0.0
144349,0.14
144350,0.01
144351,0.11
144352,0.05
144353,0.03
144354,0.04
144355,0.13
144356,0.03
144357,0.09
144358,0.04
144359,0.0
144360,0.01
144361,0.02
144362,0.11
144363,0.58
144364,0.05
144365,0.02
144366,0.01
144367,0.02
144368,0.0
144369,0.43
144370,0.15
144371,0.01
144372,0.05
144373,0.01
144374,0.0
144375,0.02
144376,0.0
144377,0.3
144378,0.04
144379,0.04
144380,0.05
144381,0.0
144382,0.09
144383,0.04
144384,0.0
144385,0.03
144386,0.47
144387,0.1
144388,0.0
144389,0.32
144390,0.02
144391,0.12
144392,0.01
144393,0.27
144394,0.01
144395,0.2
144396,0.0
144397,0.0
144398,0.06
144399,0.0
144400,0.02
144401,0.01
144402,0.02
144403,0.01
144404,0.02
144405,0.05
144406,0.04
144407,0.02
144408,0.06
144409,0.1
144410,0.0
144411,0.0
144412,0.0
144413,0.0
144414,0.11
144415,0.03
144416,0.09
144417,0.0
144418,0.36
144419,0.03
144420,0.26
144421,0.02
144422,0.01
144423,0.02
144424,0.02
144425,0.02
144426,0.0
144427,0.0
144428,0.0
144429,0.15
144430,0.45
144431,0.0
144432,0.38
144433,0.03
144434,0.12
144435,0.0
144436,0.0
144437,0.02
144438,0.0
144439,0.1
144440,0.05
144441,0.03
144442,0.04
144443,0.0
144444,0.02
144445,0.01
144446,0.02
144447,0.0
144448,0.0
144449,0.0
144450,0.0
144451,0.0
144452,0.18
144453,0.34
144454,0.02
144455,0.06
144456,0.02
144457,0.12
144458,0.01
144459,0.0
144460,0.06
144461,0.38
144462,0.0
144463,0.05
144464,0.14
144465,0.01
144466,0.15
144467,0.0
144468,0.05
144469,0.08
144470,0.0
144471,0.01
144472,0.27
144473,0.02
144474,0.02
144475,0.45
144476,0.15
144477,0.04
144478,0.06
144479,0.03
144480,0.08
144481,0.06
144482,0.02
144483,0.0
144484,0.02
144485,0.01
144486,0.0
144487,0.36
144488,0.06
144489,0.03
144490,0.03
144491,0.02
144492,0.0
144493,0.05
144494,0.0
144495,0.02
144496,0.03
144497,0.22
144498,0.08
144499,0.0
144500,0.12
144501,0.09
144502,0.12
144503,0.18
144504,0.02
144505,0.07
144506,0.12
144507,0.0
144508,0.03
144509,0.0
144510,0.09
144511,0.0
144512,0.04
144513,0.04
144514,0.0
144515,0.02
144516,0.01
144517,0.01
144518,0.13
144519,0.3
144520,0.03
144521,0.1
144522,0.1
144523,0.2
144524,0.01
144525,0.0
144526,0.07
144527,0.0
144528,0.15
144529,0.01
144530,0.14
144531,0.13
144532,0.0
144533,0.0
144534,0.01
144535,0.32
144536,0.06
144537,0.04
144538,0.05
144539,0.01
144540,0.12
144541,0.44
144542,0.12
144543,0.51
144544,0.0
144545,0.12
144546,0.13
144547,0.0
144548,0.07
144549,0.0
144550,0.04
144551,0.01
144552,0.46
144553,0.0
144554,0.01
144555,0.0
144556,0.04
144557,0.01
144558,0.01
144559,0.01
144560,0.02
144561,0.0
144562,0.37
144563,0.04
144564,0.37
144565,0.02
144566,0.65
144567,0.4
144568,0.01
144569,0.0
144570,0.04
144571,0.02
144572,0.0
144573,0.0
144574,0.66
144575,0.03
144576,0.01
144577,0.19
144578,0.0
144579,0.0
144580,0.06
144581,0.0
144582,0.61
144583,0.0
144584,0.47
144585,0.02
144586,0.06
144587,0.0
144588,0.0
144589,0.03
144590,0.0
144591,0.34
144592,0.0
144593,0.03
144594,0.01
144595,0.02
144596,0.14
144597,0.13
144598,0.01
144599,0.08
144600,0.02
144601,0.03
144602,0.0
144603,0.05
144604,0.0
144605,0.02
144606,0.05
144607,0.01
144608,0.1
144609,0.2
144610,0.17
144611,0.31
144612,0.06
144613,0.04
144614,0.02
144615,0.0
144616,0.0
144617,0.07
144618,0.01
144619,0.01
144620,0.08
144621,0.49
144622,0.01
144623,0.0
144624,0.0
144625,0.0
144626,0.12
144627,0.05
144628,0.11
144629,0.48
144630,0.0
144631,0.03
144632,0.74
144633,0.0
144634,0.14
144635,0.18
144636,0.01
144637,0.22
144638,0.02
144639,0.7
144640,0.01
144641,0.01
144642,0.02
144643,0.11
144644,0.08
144645,0.47
144646,0.15
144647,0.02
144648,0.01
144649,0.05
144650,0.04
144651,0.14
144652,0.04
144653,0.09
144654,0.05
144655,0.03
144656,0.0
144657,0.0
144658,0.04
144659,0.03
144660,0.0
144661,0.0
144662,0.01
144663,0.06
144664,0.0
144665,0.2
144666,0.0
144667,0.01
144668,0.03
144669,0.12
144670,0.0
144671,0.03
144672,0.02
144673,0.16
144674,0.0
144675,0.01
144676,0.11
144677,0.68
144678,0.08
144679,0.03
144680,0.01
144681,0.46
144682,0.03
144683,0.08
144684,0.02
144685,0.0
144686,0.0
144687,0.14
144688,0.21
144689,0.01
144690,0.58
144691,0.02
144692,0.0
144693,0.0
144694,0.0
144695,0.0
144696,0.0
144697,0.0
144698,0.02
144699,0.0
144700,0.01
144701,0.03
144702,0.02
144703,0.0
144704,0.01
144705,0.36
144706,0.17
144707,0.42
144708,0.0
144709,0.0
144710,0.04
144711,0.09
144712,0.21
144713,0.0
144714,0.06
144715,0.0
144716,0.02
144717,0.23
144718,0.02
144719,0.0
144720,0.26
144721,0.0
144722,0.0
144723,0.07
144724,0.0
144725,0.0
144726,0.0
144727,0.12
144728,0.0
144729,0.0
144730,0.07
144731,0.0
144732,0.01
144733,0.29
144734,0.01
144735,0.0
144736,0.11
144737,0.01
144738,0.2
144739,0.01
144740,0.01
144741,0.0
144742,0.55
144743,0.0
144744,0.0
144745,0.02
144746,0.02
144747,0.03
144748,0.03
144749,0.0
144750,0.05
144751,0.03
144752,0.06
144753,0.0
144754,0.02
144755,0.08
144756,0.03
144757,0.0
144758,0.02
144759,0.01
144760,0.01
144761,0.03
144762,0.0
144763,0.08
144764,0.04
144765,0.02
144766,0.02
144767,0.11
144768,0.23
144769,0.0
144770,0.1
144771,0.0
144772,0.01
144773,0.01
144774,0.0
144775,0.01
144776,0.08
144777,0.07
144778,0.0
144779,0.07
144780,0.17
144781,0.01
144782,0.01
144783,0.01
144784,0.02
144785,0.01
144786,0.01
144787,0.01
144788,0.07
144789,0.0
144790,0.02
144791,0.02
144792,0.0
144793,0.01
144794,0.0
144795,0.14
144796,0.1
144797,0.05
144798,0.01
144799,0.01
144800,0.0
144801,0.0
144802,0.0
144803,0.25
144804,0.0
144805,0.09
144806,0.1
144807,0.01
144808,0.09
144809,0.16
144810,0.0
144811,0.17
144812,0.05
144813,0.01
144814,0.05
144815,0.43
144816,0.39
144817,0.03
144818,0.3
144819,0.01
144820,0.02
144821,0.0
144822,0.0
144823,0.0
144824,0.0
144825,0.11
144826,0.02
144827,0.0
144828,0.06
144829,0.02
144830,0.28
144831,0.01
144832,0.0
144833,0.01
144834,0.03
144835,0.04
144836,0.0
144837,0.05
144838,0.0
144839,0.0
144840,0.07
144841,0.01
144842,0.35
144843,0.01
144844,0.03
144845,0.02
144846,0.05
144847,0.0
144848,0.0
144849,0.17
144850,0.02
144851,0.01
144852,0.03
144853,0.07
144854,0.07
144855,0.03
144856,0.03
144857,0.18
144858,0.12
144859,0.0
144860,0.01
144861,0.18
144862,0.0
144863,0.25
144864,0.66
144865,0.07
144866,0.04
144867,0.13
144868,0.03
144869,0.0
144870,0.02
144871,0.04
144872,0.06
144873,0.01
144874,0.01
144875,0.13
144876,0.09
144877,0.09
144878,0.01
144879,0.06
144880,0.0
144881,0.0
144882,0.02
144883,0.02
144884,0.18
144885,0.0
144886,0.0
144887,0.03
144888,0.04
144889,0.0
144890,0.01
144891,0.03
144892,0.03
144893,0.0
144894,0.08
144895,0.18
144896,0.44
144897,0.04
144898,0.29
144899,0.01
144900,0.0
144901,0.03
144902,0.07
144903,0.0
144904,0.05
144905,0.28
144906,0.01
144907,0.05
144908,0.0
144909,0.02
144910,0.0
144911,0.05
144912,0.01
144913,0.0
144914,0.07
144915,0.0
144916,0.08
144917,0.01
144918,0.32
144919,0.03
144920,0.22
144921,0.07
144922,0.03
144923,0.01
144924,0.02
144925,0.17
144926,0.06
144927,0.55
144928,0.0
144929,0.0
144930,0.4
144931,0.02
144932,0.0
144933,0.0
144934,0.05
144935,0.01
144936,0.0
144937,0.04
144938,0.4
144939,0.14
144940,0.0
144941,0.0
144942,0.05
144943,0.42
144944,0.03
144945,0.01
144946,0.03
144947,0.17
144948,0.02
144949,0.11
144950,0.03
144951,0.01
144952,0.0
144953,0.01
144954,0.0
144955,0.05
144956,0.0
144957,0.03
144958,0.0
144959,0.0
144960,0.1
144961,0.0
144962,0.0
144963,0.0
144964,0.0
144965,0.0
144966,0.07
144967,0.07
144968,0.27
144969,0.04
144970,0.07
144971,0.08
144972,0.04
144973,0.04
144974,0.02
144975,0.0
144976,0.4
144977,0.01
144978,0.0
144979,0.14
144980,0.02
144981,0.03
144982,0.28
144983,0.01
144984,0.02
144985,0.01
144986,0.03
144987,0.02
144988,0.0
144989,0.17
144990,0.64
144991,0.04
144992,0.26
144993,0.02
144994,0.0
144995,0.02
144996,0.04
144997,0.02
144998,0.02
144999,0.01
145000,0.0
145001,0.0
145002,0.02
145003,0.0
145004,0.0
145005,0.0
145006,0.42
145007,0.0
145008,0.08
145009,0.02
145010,0.01
145011,0.03
145012,0.05
145013,0.02
145014,0.0
145015,0.0
145016,0.04
145017,0.02
145018,0.0
145019,0.04
145020,0.01
145021,0.1
145022,0.01
145023,0.01
145024,0.05
145025,0.01
145026,0.0
145027,0.02
145028,0.0
145029,0.03
145030,0.0
145031,0.03
145032,0.01
145033,0.06
145034,0.05
145035,0.17
145036,0.01
145037,0.06
145038,0.03
145039,0.17
145040,0.0
145041,0.01
145042,0.01
145043,0.01
145044,0.0
145045,0.35
145046,0.07
145047,0.0
145048,0.19
145049,0.0
145050,0.02
145051,0.02
145052,0.11
145053,0.01
145054,0.02
145055,0.0
145056,0.05
145057,0.07
145058,0.07
145059,0.01
145060,0.09
145061,0.0
145062,0.0
145063,0.11
145064,0.15
145065,0.0
145066,0.01
145067,0.0
145068,0.04
145069,0.0
145070,0.09
145071,0.12
145072,0.01
145073,0.07
145074,0.0
145075,0.01
145076,0.01
145077,0.0
145078,0.01
145079,0.0
145080,0.05
145081,0.07
145082,0.13
145083,0.01
145084,0.09
145085,0.13
145086,0.01
145087,0.0
145088,0.0
145089,0.0
145090,0.0
145091,0.0
145092,0.21
145093,0.04
145094,0.61
145095,0.02
145096,0.0
145097,0.09
145098,0.08
145099,0.01
145100,0.02
145101,0.01
145102,0.03
145103,0.05
145104,0.12
145105,0.0
145106,0.06
145107,0.0
145108,0.04
145109,0.0
145110,0.2
145111,0.03
145112,0.01
145113,0.0
145114,0.4
145115,0.0
145116,0.09
145117,0.0
145118,0.0
145119,0.01
145120,0.07
145121,0.0
145122,0.01
145123,0.0
145124,0.01
145125,0.0
145126,0.0
145127,0.03
145128,0.0
145129,0.0
145130,0.04
145131,0.02
145132,0.01
145133,0.02
145134,0.03
145135,0.01
145136,0.0
145137,0.0
145138,0.1
145139,0.39
145140,0.01
145141,0.2
145142,0.0
145143,0.02
145144,0.04
145145,0.12
145146,0.03
145147,0.01
145148,0.0
145149,0.01
145150,0.0
145151,0.1
145152,0.0
145153,0.09
145154,0.01
145155,0.07
145156,0.0
145157,0.09
145158,0.03
145159,0.0
145160,0.0
145161,0.0
145162,0.02
145163,0.17
145164,0.24
145165,0.01
145166,0.02
145167,0.01
145168,0.0
145169,0.25
145170,0.31
145171,0.2
145172,0.02
145173,0.29
145174,0.04
145175,0.0
145176,0.0
145177,0.15
145178,0.01
145179,0.01
145180,0.22
145181,0.0
145182,0.05
145183,0.0
145184,0.0
145185,0.11
145186,0.17
145187,0.13
145188,0.16
145189,0.07
145190,0.0
145191,0.0
145192,0.0
145193,0.02
145194,0.14
145195,0.02
145196,0.19
145197,0.59
145198,0.0
145199,0.04
145200,0.0
145201,0.01
145202,0.09
145203,0.0
145204,0.08
145205,0.08
145206,0.08
145207,0.01
145208,0.04
145209,0.0
145210,0.2
145211,0.0
145212,0.01
145213,0.01
145214,0.09
145215,0.03
145216,0.0
145217,0.11
145218,0.13
145219,0.04
145220,0.01
145221,0.0
145222,0.35
145223,0.01
145224,0.04
145225,0.12
145226,0.07
145227,0.09
145228,0.0
145229,0.15
145230,0.01
145231,0.04
145232,0.0
145233,0.5
145234,0.01
145235,0.17
145236,0.02
145237,0.21
145238,0.09
145239,0.01
145240,0.02
145241,0.02
145242,0.38
145243,0.02
145244,0.0
145245,0.02
145246,0.02
145247,0.05
145248,0.03
145249,0.0
145250,0.65
145251,0.0
145252,0.08
145253,0.02
145254,0.0
145255,0.04
145256,0.0
145257,0.07
145258,0.0
145259,0.0
145260,0.04
145261,0.07
145262,0.03
145263,0.36
145264,0.0
145265,0.04
145266,0.02
145267,0.0
145268,0.39
145269,0.01
145270,0.08
145271,0.27
145272,0.0
145273,0.0
145274,0.25
145275,0.32
145276,0.0
145277,0.01
145278,0.09
145279,0.3
145280,0.0
145281,0.03
145282,0.27
145283,0.02
145284,0.08
145285,0.0
145286,0.02
145287,0.0
145288,0.03
145289,0.02
145290,0.04
145291,0.01
145292,0.0
145293,0.0
145294,0.19
145295,0.16
145296,0.0
145297,0.32
145298,0.43
145299,0.0
145300,0.08
145301,0.08
145302,0.01
145303,0.0
145304,0.02
145305,0.0
145306,0.01
145307,0.14
145308,0.15
145309,0.0
145310,0.06
145311,0.04
145312,0.06
145313,0.0
145314,0.1
145315,0.05
145316,0.0
145317,0.0
145318,0.0
145319,0.01
145320,0.01
145321,0.02
145322,0.06
145323,0.12
145324,0.03
145325,0.0
145326,0.08
145327,0.3
145328,0.01
145329,0.0
145330,0.01
145331,0.09
145332,0.01
145333,0.0
145334,0.0
145335,0.0
145336,0.07
145337,0.0
145338,0.02
145339,0.04
145340,0.03
145341,0.0
145342,0.17
145343,0.11
145344,0.0
145345,0.22
145346,0.0
145347,0.18
145348,0.01
145349,0.02
145350,0.0
145351,0.49
145352,0.0
145353,0.07
145354,0.0
145355,0.0
145356,0.02
145357,0.02
145358,0.3
145359,0.01
145360,0.04
145361,0.01
145362,0.01
145363,0.1
145364,0.12
145365,0.03
145366,0.5
145367,0.0
145368,0.07
145369,0.58
145370,0.03
145371,0.08
145372,0.47
145373,0.0
145374,0.0
145375,0.07
145376,0.3
145377,0.46
145378,0.01
145379,0.3
145380,0.05
145381,0.09
145382,0.02
145383,0.06
145384,0.0
145385,0.0
145386,0.03
145387,0.45
145388,0.04
145389,0.02
145390,0.1
145391,0.41
145392,0.04
145393,0.0
145394,0.0
145395,0.22
145396,0.0
145397,0.0
145398,0.03
145399,0.0
145400,0.0
145401,0.0
145402,0.18
145403,0.01
145404,0.04
145405,0.0
145406,0.0
145407,0.48
145408,0.01
145409,0.01
145410,0.02
145411,0.0
145412,0.06
145413,0.01
145414,0.03
145415,0.12
145416,0.0
145417,0.0
145418,0.09
145419,0.0
145420,0.0
145421,0.07
145422,0.02
145423,0.16
145424,0.18
145425,0.0
145426,0.0
145427,0.2
145428,0.04
145429,0.05
145430,0.35
145431,0.02
145432,0.04
145433,0.02
145434,0.06
145435,0.04
145436,0.0
145437,0.02
145438,0.04
145439,0.08
145440,0.0
145441,0.03
145442,0.05
145443,0.0
145444,0.01
145445,0.04
145446,0.01
145447,0.02
145448,0.01
145449,0.05
145450,0.06
145451,0.24
145452,0.02
145453,0.09
145454,0.06
145455,0.07
145456,0.04
145457,0.03
145458,0.04
145459,0.18
145460,0.21
145461,0.1
145462,0.07
145463,0.0
145464,0.07
145465,0.01
145466,0.38
145467,0.04
145468,0.01
145469,0.04
145470,0.04
145471,0.0
145472,0.06
145473,0.6
145474,0.15
145475,0.01
145476,0.45
145477,0.0
145478,0.74
145479,0.0
145480,0.02
145481,0.19
145482,0.06
145483,0.0
145484,0.07
145485,0.0
145486,0.0
145487,0.0
145488,0.08
145489,0.01
145490,0.0
145491,0.04
145492,0.03
145493,0.0
145494,0.02
145495,0.03
145496,0.02
145497,0.13
145498,0.1
145499,0.18
145500,0.0
145501,0.03
145502,0.0
145503,0.01
145504,0.0
145505,0.12
145506,0.0
145507,0.08
145508,0.0
145509,0.05
145510,0.08
145511,0.0
145512,0.0
145513,0.0
145514,0.24
145515,0.1
145516,0.0
145517,0.08
145518,0.05
145519,0.01
145520,0.08
145521,0.04
145522,0.01
145523,0.01
145524,0.0
145525,0.08
145526,0.0
145527,0.12
145528,0.02
145529,0.04
145530,0.0
145531,0.01
145532,0.06
145533,0.01
145534,0.03
145535,0.0
145536,0.21
145537,0.66
145538,0.01
145539,0.09
145540,0.08
145541,0.0
145542,0.08
145543,0.04
145544,0.02
145545,0.01
145546,0.02
145547,0.0
145548,0.0
145549,0.0
145550,0.0
145551,0.14
145552,0.0
145553,0.06
145554,0.02
145555,0.01
145556,0.0
145557,0.03
145558,0.65
145559,0.03
145560,0.01
145561,0.03
145562,0.35
145563,0.0
145564,0.0
145565,0.19
145566,0.08
145567,0.23
145568,0.0
145569,0.38
145570,0.0
145571,0.15
145572,0.02
145573,0.03
145574,0.06
145575,0.04
145576,0.05
145577,0.01
145578,0.01
145579,0.0
145580,0.0
145581,0.01
145582,0.26
145583,0.12
145584,0.0
145585,0.0
145586,0.08
145587,0.0
145588,0.09
145589,0.01
145590,0.11
145591,0.07
145592,0.03
145593,0.04
145594,0.0
145595,0.01
145596,0.01
145597,0.03
145598,0.0
145599,0.02
145600,0.01
145601,0.0
145602,0.01
145603,0.12
145604,0.09
145605,0.01
145606,0.01
145607,0.0
145608,0.0
145609,0.01
145610,0.01
145611,0.02
145612,0.04
145613,0.01
145614,0.0
145615,0.0
145616,0.49
145617,0.01
145618,0.05
145619,0.0
145620,0.07
145621,0.17
145622,0.01
145623,0.0
145624,0.0
145625,0.59
145626,0.0
145627,0.12
145628,0.01
145629,0.0
145630,0.0
145631,0.02
145632,0.0
145633,0.06
145634,0.05
145635,0.05
145636,0.02
145637,0.38
145638,0.02
145639,0.0
145640,0.01
145641,0.04
145642,0.0
145643,0.03
145644,0.0
145645,0.15
145646,0.01
145647,0.04
145648,0.12
145649,0.28
145650,0.12
145651,0.07
145652,0.1
145653,0.02
145654,0.23
145655,0.12
145656,0.02
145657,0.02
145658,0.16
145659,0.32
145660,0.0
145661,0.18
145662,0.28
145663,0.51
145664,0.01
145665,0.03
145666,0.01
145667,0.49
145668,0.42
145669,0.0
145670,0.22
145671,0.09
145672,0.0
145673,0.18
145674,0.09
145675,0.0
145676,0.0
145677,0.01
145678,0.02
145679,0.03
145680,0.0
145681,0.03
145682,0.25
145683,0.0
145684,0.18
145685,0.0
145686,0.07
145687,0.05
145688,0.01
145689,0.0
145690,0.05
145691,0.0
145692,0.1
145693,0.28
145694,0.0
145695,0.0
145696,0.0
145697,0.0
145698,0.05
145699,0.03
145700,0.05
145701,0.06
145702,0.0
145703,0.0
145704,0.03
145705,0.03
145706,0.02
145707,0.33
145708,0.09
145709,0.18
145710,0.0
145711,0.0
145712,0.04
145713,0.01
145714,0.02
145715,0.05
145716,0.02
145717,0.0
145718,0.17
145719,0.0
145720,0.01
145721,0.0
145722,0.0
145723,0.01
145724,0.48
145725,0.05
145726,0.01
145727,0.01
145728,0.15
145729,0.01
145730,0.05
145731,0.01
145732,0.0
145733,0.46
145734,0.02
145735,0.0
145736,0.13
145737,0.01
145738,0.0
145739,0.0
145740,0.01
145741,0.02
145742,0.32
145743,0.1
145744,0.03
145745,0.01
145746,0.05
145747,0.0
145748,0.02
145749,0.01
145750,0.0
145751,0.03
145752,0.0
145753,0.11
145754,0.03
145755,0.4
145756,0.0
145757,0.44
145758,0.23
145759,0.05
145760,0.12
145761,0.19
145762,0.1
145763,0.06
145764,0.0
145765,0.05
145766,0.07
145767,0.04
145768,0.02
145769,0.06
145770,0.02
145771,0.02
145772,0.01
145773,0.01
145774,0.31
145775,0.26
145776,0.0
145777,0.09
145778,0.02
145779,0.03
145780,0.01
145781,0.01
145782,0.05
145783,0.02
145784,0.06
145785,0.07
145786,0.02
145787,0.0
145788,0.15
145789,0.01
145790,0.12
145791,0.0
145792,0.01
145793,0.18
145794,0.01
145795,0.14
145796,0.01
145797,0.43
145798,0.0
145799,0.03
145800,0.02
145801,0.0
145802,0.0
145803,0.08
145804,0.0
145805,0.01
145806,0.0
145807,0.04
145808,0.04
145809,0.0
145810,0.15
145811,0.02
145812,0.01
145813,0.02
145814,0.03
145815,0.22
145816,0.02
145817,0.08
145818,0.09
145819,0.14
145820,0.06
145821,0.22
145822,0.44
145823,0.01
145824,0.01
145825,0.03
145826,0.02
145827,0.0
145828,0.0
145829,0.08
145830,0.09
145831,0.0
145832,0.0
145833,0.03
145834,0.03
145835,0.06
145836,0.22
145837,0.3
145838,0.01
145839,0.03
145840,0.07
145841,0.11
145842,0.15
145843,0.02
145844,0.03
145845,0.07
145846,0.04
145847,0.02
145848,0.0
145849,0.26
145850,0.35
145851,0.17
145852,0.01
145853,0.0
145854,0.02
145855,0.06
145856,0.0
145857,0.02
145858,0.01
145859,0.19
145860,0.47
145861,0.02
145862,0.0
145863,0.05
145864,0.07
145865,0.0
145866,0.09
145867,0.0
145868,0.01
145869,0.01
145870,0.0
145871,0.0
145872,0.04
145873,0.66
145874,0.04
145875,0.06
145876,0.23
145877,0.0
145878,0.06
145879,0.01
145880,0.12
145881,0.14
145882,0.0
145883,0.01
145884,0.11
145885,0.06
145886,0.21
145887,0.03
145888,0.0
145889,0.03
145890,0.01
145891,0.07
145892,0.08
145893,0.02
145894,0.01
145895,0.0
145896,0.03
145897,0.03
145898,0.0
145899,0.01
145900,0.15
145901,0.01
145902,0.04
145903,0.02
145904,0.02
145905,0.0
145906,0.11
145907,0.19
145908,0.1
145909,0.16
145910,0.06
145911,0.0
145912,0.0
145913,0.0
145914,0.0
145915,0.02
145916,0.06
145917,0.03
145918,0.41
145919,0.05
145920,0.02
145921,0.05
145922,0.12
145923,0.02
145924,0.01
145925,0.26
145926,0.0
145927,0.17
145928,0.09
145929,0.0
145930,0.02
145931,0.02
145932,0.0
145933,0.07
145934,0.02
145935,0.18
145936,0.0
145937,0.01
145938,0.0
145939,0.0
145940,0.03
145941,0.19
145942,0.13
145943,0.03
145944,0.0
145945,0.1
145946,0.0
145947,0.04
145948,0.19
145949,0.06
145950,0.0
145951,0.05
145952,0.08
145953,0.01
145954,0.0
145955,0.0
145956,0.41
145957,0.01
145958,0.07
145959,0.25
145960,0.09
145961,0.01
145962,0.07
145963,0.0
145964,0.13
145965,0.07
145966,0.0
145967,0.0
145968,0.23
145969,0.05
145970,0.04
145971,0.03
145972,0.07
145973,0.27
145974,0.01
145975,0.17
145976,0.0
145977,0.0
145978,0.0
145979,0.08
145980,0.0
145981,0.0
145982,0.1
145983,0.01
145984,0.01
145985,0.03
145986,0.0
145987,0.0
145988,0.0
145989,0.13
145990,0.05
145991,0.03
145992,0.04
145993,0.07
145994,0.18
145995,0.12
145996,0.01
145997,0.0
145998,0.05
145999,0.23
146000,0.07
146001,0.01
146002,0.03
146003,0.02
146004,0.14
146005,0.0
146006,0.07
146007,0.04
146008,0.06
146009,0.0
146010,0.08
146011,0.03
146012,0.0
146013,0.03
146014,0.02
146015,0.0
146016,0.04
146017,0.0
146018,0.0
146019,0.04
146020,0.04
146021,0.1
146022,0.03
146023,0.05
146024,0.03
146025,0.08
146026,0.01
146027,0.0
146028,0.0
146029,0.02
146030,0.02
146031,0.1
146032,0.01
146033,0.0
146034,0.0
146035,0.0
146036,0.0
146037,0.32
146038,0.03
146039,0.01
146040,0.01
146041,0.0
146042,0.23
146043,0.38
146044,0.01
146045,0.02
146046,0.04
146047,0.14
146048,0.02
146049,0.0
146050,0.08
146051,0.28
146052,0.06
146053,0.06
146054,0.44
146055,0.24
146056,0.0
146057,0.01
146058,0.0
146059,0.36
146060,0.02
146061,0.0
146062,0.47
146063,0.04
146064,0.12
146065,0.01
146066,0.0
146067,0.49
146068,0.0
146069,0.0
146070,0.1
146071,0.59
146072,0.08
146073,0.23
146074,0.02
146075,0.0
146076,0.02
146077,0.05
146078,0.05
146079,0.08
146080,0.11
146081,0.0
146082,0.71
146083,0.0
146084,0.08
146085,0.41
146086,0.02
146087,0.03
146088,0.0
146089,0.02
146090,0.01
146091,0.44
146092,0.23
146093,0.0
146094,0.0
146095,0.52
146096,0.07
146097,0.0
146098,0.0
146099,0.02
146100,0.0
146101,0.0
146102,0.03
146103,0.03
146104,0.05
146105,0.13
146106,0.0
146107,0.17
146108,0.34
146109,0.11
146110,0.08
146111,0.01
146112,0.0
146113,0.0
146114,0.07
146115,0.05
146116,0.06
146117,0.0
146118,0.0
146119,0.12
146120,0.19
146121,0.0
146122,0.07
146123,0.04
146124,0.02
146125,0.01
146126,0.01
146127,0.01
146128,0.0
146129,0.03
146130,0.0
146131,0.0
146132,0.01
146133,0.02
146134,0.02
146135,0.0
146136,0.0
146137,0.05
146138,0.15
146139,0.01
146140,0.01
146141,0.02
146142,0.04
146143,0.0
146144,0.0
146145,0.27
146146,0.02
146147,0.02
146148,0.02
146149,0.01
146150,0.07
146151,0.08
146152,0.0
146153,0.0
146154,0.01
146155,0.01
146156,0.02
146157,0.07
146158,0.0
146159,0.08
146160,0.19
146161,0.0
146162,0.03
146163,0.35
146164,0.0
146165,0.01
146166,0.0
146167,0.01
146168,0.54
146169,0.02
146170,0.0
146171,0.03
146172,0.09
146173,0.01
146174,0.01
146175,0.01
146176,0.02
146177,0.0
146178,0.15
146179,0.01
146180,0.0
146181,0.06
146182,0.1
146183,0.0
146184,0.0
146185,0.04
146186,0.07
146187,0.18
146188,0.15
146189,0.07
146190,0.03
146191,0.11
146192,0.01
146193,0.01
146194,0.0
146195,0.0
146196,0.01
146197,0.05
146198,0.01
146199,0.0
146200,0.0
146201,0.02
146202,0.0
146203,0.02
146204,0.05
146205,0.03
146206,0.02
146207,0.28
146208,0.05
146209,0.0
146210,0.0
146211,0.0
146212,0.0
146213,0.0
146214,0.04
146215,0.1
146216,0.39
146217,0.15
146218,0.0
146219,0.11
146220,0.12
146221,0.24
146222,0.03
146223,0.0
146224,0.0
146225,0.01
146226,0.0
146227,0.03
146228,0.33
146229,0.03
146230,0.05
146231,0.18
146232,0.34
146233,0.0
146234,0.0
146235,0.03
146236,0.07
146237,0.02
146238,0.2
146239,0.0
146240,0.0
146241,0.07
146242,0.0
146243,0.01
146244,0.0
146245,0.0
146246,0.04
146247,0.18
146248,0.0
146249,0.0
146250,0.05
146251,0.0
146252,0.13
146253,0.12
146254,0.0
146255,0.05
146256,0.01
146257,0.09
146258,0.0
146259,0.1
146260,0.0
146261,0.1
146262,0.0
146263,0.01
146264,0.12
146265,0.03
146266,0.09
146267,0.33
146268,0.02
146269,0.15
146270,0.01
146271,0.0
146272,0.11
146273,0.02
146274,0.05
146275,0.0
146276,0.0
146277,0.59
146278,0.0
146279,0.08
146280,0.11
146281,0.01
146282,0.07
146283,0.01
146284,0.02
146285,0.0
146286,0.0
146287,0.02
146288,0.0
146289,0.05
146290,0.02
146291,0.42
146292,0.0
146293,0.02
146294,0.01
146295,0.02
146296,0.04
146297,0.07
146298,0.1
146299,0.11
146300,0.34
146301,0.06
146302,0.01
146303,0.04
146304,0.0
146305,0.0
146306,0.27
146307,0.02
146308,0.0
146309,0.2
146310,0.17
146311,0.14
146312,0.13
146313,0.04
146314,0.02
146315,0.18
146316,0.1
146317,0.02
146318,0.01
146319,0.08
146320,0.0
146321,0.02
146322,0.32
146323,0.22
146324,0.0
146325,0.03
146326,0.01
146327,0.0
146328,0.01
146329,0.03
146330,0.0
146331,0.04
146332,0.03
146333,0.0
146334,0.05
146335,0.0
146336,0.39
146337,0.02
146338,0.0
146339,0.0
146340,0.01
146341,0.03
146342,0.02
146343,0.02
146344,0.18
146345,0.0
146346,0.0
146347,0.0
146348,0.04
146349,0.04
146350,0.0
146351,0.0
146352,0.04
146353,0.02
146354,0.12
146355,0.02
146356,0.07
146357,0.08
146358,0.12
146359,0.02
146360,0.02
146361,0.0
146362,0.01
146363,0.26
146364,0.6
146365,0.01
146366,0.01
146367,0.07
146368,0.0
146369,0.03
146370,0.03
146371,0.01
146372,0.0
146373,0.05
146374,0.0
146375,0.11
146376,0.0
146377,0.04
146378,0.49
146379,0.0
146380,0.02
146381,0.04
146382,0.13
146383,0.0
146384,0.01
146385,0.0
146386,0.03
146387,0.0
146388,0.0
146389,0.05
146390,0.02
146391,0.02
146392,0.4
146393,0.0
146394,0.07
146395,0.02
146396,0.06
146397,0.0
146398,0.28
146399,0.22
146400,0.01
146401,0.03
146402,0.27
146403,0.25
146404,0.01
146405,0.0
146406,0.43
146407,0.01
146408,0.17
146409,0.07
146410,0.01
146411,0.01
146412,0.03
146413,0.13
146414,0.02
146415,0.15
146416,0.0
146417,0.36
146418,0.09
146419,0.14
146420,0.0
146421,0.0
146422,0.06
146423,0.01
146424,0.0
146425,0.1
146426,0.08
146427,0.0
146428,0.04
146429,0.02
146430,0.02
146431,0.0
146432,0.0
146433,0.06
146434,0.01
146435,0.05
146436,0.61
146437,0.0
146438,0.07
146439,0.0
146440,0.05
146441,0.0
146442,0.04
146443,0.02
146444,0.02
146445,0.24
146446,0.02
146447,0.48
146448,0.24
146449,0.07
146450,0.02
146451,0.09
146452,0.04
146453,0.16
146454,0.26
146455,0.01
146456,0.4
146457,0.0
146458,0.0
146459,0.0
146460,0.09
146461,0.07
146462,0.18
146463,0.06
146464,0.04
146465,0.01
146466,0.1
146467,0.02
146468,0.02
146469,0.0
146470,0.01
146471,0.01
146472,0.03
146473,0.12
146474,0.0
146475,0.04
146476,0.32
146477,0.0
146478,0.05
146479,0.12
146480,0.05
146481,0.05
146482,0.0
146483,0.05
146484,0.1
146485,0.03
146486,0.1
146487,0.22
146488,0.07
146489,0.24
146490,0.02
146491,0.0
146492,0.0
146493,0.41
146494,0.02
146495,0.07
146496,0.04
146497,0.01
146498,0.01
146499,0.03
146500,0.0
146501,0.01
146502,0.21
146503,0.01
146504,0.01
146505,0.0
146506,0.05
146507,0.0
146508,0.44
146509,0.0
146510,0.16
146511,0.02
146512,0.04
146513,0.27
146514,0.01
146515,0.12
146516,0.0
146517,0.05
146518,0.01
146519,0.0
146520,0.0
146521,0.18
146522,0.6
146523,0.28
146524,0.0
146525,0.06
146526,0.01
146527,0.05
146528,0.0
146529,0.01
146530,0.0
146531,0.0
146532,0.01
146533,0.02
146534,0.02
146535,0.1
146536,0.02
146537,0.04
146538,0.02
146539,0.02
146540,0.02
146541,0.0
146542,0.0
146543,0.37
146544,0.01
146545,0.01
146546,0.26
146547,0.0
146548,0.01
146549,0.02
146550,0.0
146551,0.09
146552,0.01
146553,0.02
146554,0.03
146555,0.17
146556,0.01
146557,0.03
146558,0.0
146559,0.0
146560,0.0
146561,0.08
146562,0.0
146563,0.0
146564,0.0
146565,0.0
146566,0.03
146567,0.14
146568,0.09
146569,0.0
146570,0.07
146571,0.0
146572,0.01
146573,0.0
146574,0.28
146575,0.0
146576,0.01
146577,0.01
146578,0.04
146579,0.0
146580,0.08
146581,0.09
146582,0.02
146583,0.1
146584,0.02
146585,0.09
146586,0.0
146587,0.0
146588,0.01
146589,0.07
146590,0.08
146591,0.17
146592,0.04
146593,0.01
146594,0.01
146595,0.04
146596,0.01
146597,0.0
146598,0.2
146599,0.3
146600,0.01
146601,0.01
146602,0.02
146603,0.02
146604,0.03
146605,0.14
146606,0.11
146607,0.03
146608,0.06
146609,0.0
146610,0.01
146611,0.05
146612,0.01
146613,0.0
146614,0.05
146615,0.1
146616,0.29
146617,0.12
146618,0.01
146619,0.01
146620,0.09
146621,0.01
146622,0.19
146623,0.0
146624,0.01
146625,0.01
146626,0.04
146627,0.04
146628,0.11
146629,0.01
146630,0.05
146631,0.07
146632,0.01
146633,0.02
146634,0.12
146635,0.01
146636,0.06
146637,0.06
146638,0.0
146639,0.01
146640,0.07
146641,0.04
146642,0.06
146643,0.0
146644,0.45
146645,0.0
146646,0.01
146647,0.0
146648,0.42
146649,0.01
146650,0.06
146651,0.0
146652,0.0
146653,0.1
146654,0.03
146655,0.44
146656,0.06
146657,0.0
146658,0.03
146659,0.0
146660,0.02
146661,0.08
146662,0.28
146663,0.19
146664,0.03
146665,0.08
146666,0.0
146667,0.0
146668,0.11
146669,0.04
146670,0.02
146671,0.02
146672,0.0
146673,0.0
146674,0.0
146675,0.14
146676,0.0
146677,0.22
146678,0.1
146679,0.01
146680,0.14
146681,0.01
146682,0.15
146683,0.06
146684,0.01
146685,0.09
146686,0.36
146687,0.01
146688,0.0
146689,0.18
146690,0.0
146691,0.0
146692,0.03
146693,0.07
146694,0.0
146695,0.02
146696,0.04
146697,0.0
146698,0.05
146699,0.02
146700,0.0
146701,0.0
146702,0.0
146703,0.02
146704,0.0
146705,0.35
146706,0.04
146707,0.01
146708,0.04
146709,0.01
146710,0.0
146711,0.15
146712,0.06
146713,0.05
146714,0.34
146715,0.0
146716,0.01
146717,0.06
146718,0.0
146719,0.11
146720,0.01
146721,0.0
146722,0.02
146723,0.42
146724,0.0
146725,0.02
146726,0.14
146727,0.0
146728,0.0
146729,0.0
146730,0.04
146731,0.04
146732,0.0
146733,0.02
146734,0.15
146735,0.01
146736,0.0
146737,0.08
146738,0.09
146739,0.0
146740,0.04
146741,0.01
146742,0.03
146743,0.0
146744,0.0
146745,0.1
146746,0.0
146747,0.0
146748,0.18
146749,0.04
146750,0.07
146751,0.0
146752,0.05
146753,0.12
146754,0.2
146755,0.01
146756,0.0
146757,0.11
146758,0.02
146759,0.03
146760,0.02
146761,0.04
146762,0.0
146763,0.0
146764,0.01
146765,0.08
146766,0.44
146767,0.11
146768,0.03
146769,0.18
146770,0.02
146771,0.0
146772,0.0
146773,0.0
146774,0.0
146775,0.1
146776,0.05
146777,0.0
146778,0.01
146779,0.42
146780,0.02
146781,0.17
146782,0.02
146783,0.01
146784,0.01
146785,0.59
146786,0.02
146787,0.04
146788,0.11
146789,0.05
146790,0.22
146791,0.15
146792,0.0
146793,0.01
146794,0.55
146795,0.0
146796,0.02
146797,0.03
146798,0.22
146799,0.08
146800,0.04
146801,0.0
146802,0.01
146803,0.05
146804,0.01
146805,0.0
146806,0.0
146807,0.31
146808,0.01
146809,0.23
146810,0.01
146811,0.02
146812,0.07
146813,0.03
146814,0.01
146815,0.01
146816,0.0
146817,0.0
146818,0.07
146819,0.03
146820,0.08
146821,0.05
146822,0.01
146823,0.0
146824,0.26
146825,0.0
146826,0.0
146827,0.04
146828,0.0
146829,0.0
146830,0.01
146831,0.0
146832,0.01
146833,0.0
146834,0.01
146835,0.0
146836,0.13
146837,0.07
146838,0.29
146839,0.12
146840,0.0
146841,0.01
146842,0.19
146843,0.53
146844,0.02
146845,0.12
146846,0.21
146847,0.0
146848,0.07
146849,0.23
146850,0.32
146851,0.02
146852,0.04
146853,0.0
146854,0.0
146855,0.14
146856,0.0
146857,0.19
146858,0.0
146859,0.01
146860,0.0
146861,0.0
146862,0.11
146863,0.03
146864,0.0
146865,0.0
146866,0.06
146867,0.01
146868,0.01
146869,0.05
146870,0.0
146871,0.05
146872,0.01
146873,0.03
146874,0.01
146875,0.68
146876,0.06
146877,0.0
146878,0.0
146879,0.01
146880,0.08
146881,0.37
146882,0.01
146883,0.0
146884,0.03
146885,0.0
146886,0.0
146887,0.35
146888,0.0
146889,0.01
146890,0.0
146891,0.05
146892,0.05
146893,0.0
146894,0.0
146895,0.04
146896,0.04
146897,0.0
146898,0.02
146899,0.01
146900,0.0
146901,0.07
146902,0.14
146903,0.05
146904,0.01
146905,0.2
146906,0.01
146907,0.01
146908,0.4
146909,0.02
146910,0.01
146911,0.0
146912,0.0
146913,0.03
146914,0.0
146915,0.02
146916,0.0
146917,0.01
146918,0.06
146919,0.0
146920,0.0
146921,0.15
146922,0.11
146923,0.02
146924,0.11
146925,0.32
146926,0.02
146927,0.05
146928,0.03
146929,0.02
146930,0.01
146931,0.0
146932,0.04
146933,0.03
146934,0.0
146935,0.06
146936,0.01
146937,0.0
146938,0.01
146939,0.0
146940,0.0
146941,0.01
146942,0.02
146943,0.08
146944,0.59
146945,0.13
146946,0.07
146947,0.22
146948,0.09
146949,0.0
146950,0.05
146951,0.0
146952,0.0
146953,0.04
146954,0.02
146955,0.02
146956,0.2
146957,0.01
146958,0.0
146959,0.03
146960,0.0
146961,0.01
146962,0.0
146963,0.0
146964,0.0
146965,0.16
146966,0.02
146967,0.0
146968,0.05
146969,0.01
146970,0.0
146971,0.01
146972,0.24
146973,0.4
146974,0.02
146975,0.02
146976,0.16
146977,0.08
146978,0.1
146979,0.1
146980,0.13
146981,0.01
146982,0.0
146983,0.12
146984,0.06
146985,0.02
146986,0.06
146987,0.02
146988,0.01
146989,0.0
146990,0.4
146991,0.04
146992,0.13
146993,0.0
146994,0.0
146995,0.0
146996,0.34
146997,0.0
146998,0.03
146999,0.54
147000,0.06
147001,0.0
147002,0.12
147003,0.0
147004,0.03
147005,0.14
147006,0.0
147007,0.0
147008,0.04
147009,0.01
147010,0.05
147011,0.05
147012,0.0
147013,0.27
147014,0.01
147015,0.0
147016,0.06
147017,0.0
147018,0.12
147019,0.02
147020,0.01
147021,0.09
147022,0.07
147023,0.01
147024,0.01
147025,0.01
147026,0.02
147027,0.0
147028,0.05
147029,0.02
147030,0.18
147031,0.0
147032,0.0
147033,0.13
147034,0.6
147035,0.02
147036,0.1
147037,0.0
147038,0.0
147039,0.0
147040,0.0
147041,0.0
147042,0.38
147043,0.0
147044,0.01
147045,0.04
147046,0.05
147047,0.06
147048,0.05
147049,0.12
147050,0.04
147051,0.26
147052,0.0
147053,0.0
147054,0.01
147055,0.18
147056,0.14
147057,0.01
147058,0.0
147059,0.25
147060,0.0
147061,0.0
147062,0.0
147063,0.07
147064,0.06
147065,0.15
147066,0.01
147067,0.19
147068,0.0
147069,0.0
147070,0.11
147071,0.0
147072,0.01
147073,0.01
147074,0.02
147075,0.05
147076,0.01
147077,0.0
147078,0.0
147079,0.05
147080,0.08
147081,0.01
147082,0.0
147083,0.12
147084,0.01
147085,0.02
147086,0.0
147087,0.0
147088,0.16
147089,0.06
147090,0.54
147091,0.0
147092,0.0
147093,0.0
147094,0.03
147095,0.01
147096,0.0
147097,0.01
147098,0.01
147099,0.23
147100,0.0
147101,0.0
147102,0.0
147103,0.01
147104,0.1
147105,0.02
147106,0.04
147107,0.0
147108,0.27
147109,0.16
147110,0.02
147111,0.32
147112,0.0
147113,0.26
147114,0.0
147115,0.21
147116,0.0
147117,0.04
147118,0.02
147119,0.04
147120,0.0
147121,0.17
147122,0.0
147123,0.0
147124,0.23
147125,0.12
147126,0.06
147127,0.13
147128,0.21
147129,0.04
147130,0.01
147131,0.0
147132,0.06
147133,0.52
147134,0.01
147135,0.0
147136,0.0
147137,0.0
147138,0.0
147139,0.0
147140,0.02
147141,0.0
147142,0.0
147143,0.02
147144,0.03
147145,0.01
147146,0.01
147147,0.0
147148,0.1
147149,0.0
147150,0.0
147151,0.01
147152,0.01
147153,0.01
147154,0.03
147155,0.02
147156,0.0
147157,0.02
147158,0.0
147159,0.0
147160,0.0
147161,0.0
147162,0.03
147163,0.08
147164,0.0
147165,0.02
147166,0.14
147167,0.05
147168,0.0
147169,0.0
147170,0.0
147171,0.0
147172,0.0
147173,0.15
147174,0.0
147175,0.01
147176,0.0
147177,0.0
147178,0.14
147179,0.0
147180,0.01
147181,0.13
147182,0.01
147183,0.07
147184,0.06
147185,0.11
147186,0.0
147187,0.01
147188,0.01
147189,0.06
147190,0.01
147191,0.07
147192,0.09
147193,0.03
147194,0.0
147195,0.05
147196,0.01
147197,0.17
147198,0.0
147199,0.03
147200,0.0
147201,0.0
147202,0.07
147203,0.05
147204,0.12
147205,0.07
147206,0.01
147207,0.02
147208,0.11
147209,0.0
147210,0.46
147211,0.04
147212,0.0
147213,0.0
147214,0.0
147215,0.44
147216,0.02
147217,0.01
147218,0.1
147219,0.19
147220,0.0
147221,0.02
147222,0.01
147223,0.07
147224,0.19
147225,0.15
147226,0.05
147227,0.0
147228,0.0
147229,0.03
147230,0.19
147231,0.15
147232,0.02
147233,0.03
147234,0.0
147235,0.02
147236,0.07
147237,0.0
147238,0.0
147239,0.35
147240,0.05
147241,0.03
147242,0.06
147243,0.17
147244,0.05
147245,0.04
147246,0.06
147247,0.13
147248,0.0
147249,0.06
147250,0.02
147251,0.0
147252,0.07
147253,0.0
147254,0.02
147255,0.06
147256,0.05
147257,0.04
147258,0.02
147259,0.01
147260,0.3
147261,0.0
147262,0.0
147263,0.07
147264,0.17
147265,0.06
147266,0.03
147267,0.03
147268,0.14
147269,0.0
147270,0.0
147271,0.02
147272,0.03
147273,0.33
147274,0.08
147275,0.03
147276,0.06
147277,0.02
147278,0.02
147279,0.09
147280,0.0
147281,0.06
147282,0.06
147283,0.02
147284,0.02
147285,0.0
147286,0.05
147287,0.06
147288,0.17
147289,0.0
147290,0.03
147291,0.03
147292,0.05
147293,0.04
147294,0.01
147295,0.01
147296,0.0
147297,0.0
147298,0.41
147299,0.04
147300,0.03
147301,0.04
147302,0.0
147303,0.0
147304,0.0
147305,0.0
147306,0.0
147307,0.02
147308,0.6
147309,0.26
147310,0.0
147311,0.0
147312,0.01
147313,0.0
147314,0.04
147315,0.01
147316,0.07
147317,0.08
147318,0.13
147319,0.03
147320,0.0
147321,0.08
147322,0.12
147323,0.04
147324,0.35
147325,0.03
147326,0.02
147327,0.14
147328,0.01
147329,0.0
147330,0.03
147331,0.01
147332,0.05
147333,0.0
147334,0.04
147335,0.52
147336,0.01
147337,0.0
147338,0.01
147339,0.02
147340,0.31
147341,0.0
147342,0.0
147343,0.12
147344,0.03
147345,0.09
147346,0.13
147347,0.0
147348,0.04
147349,0.02
147350,0.08
147351,0.0
147352,0.0
147353,0.0
147354,0.04
147355,0.68
147356,0.01
147357,0.04
147358,0.07
147359,0.04
147360,0.11
147361,0.04
147362,0.01
147363,0.0
147364,0.02
147365,0.05
147366,0.0
147367,0.13
147368,0.03
147369,0.05
147370,0.01
147371,0.02
147372,0.08
147373,0.0
147374,0.1
147375,0.02
147376,0.13
147377,0.02
147378,0.0
147379,0.17
147380,0.0
147381,0.0
147382,0.23
147383,0.01
147384,0.02
147385,0.26
147386,0.01
147387,0.0
147388,0.55
147389,0.01
147390,0.02
147391,0.0
147392,0.15
147393,0.12
147394,0.02
147395,0.04
147396,0.49
147397,0.0
147398,0.01
147399,0.0
147400,0.01
147401,0.03
147402,0.03
147403,0.05
147404,0.14
147405,0.01
147406,0.05
147407,0.02
147408,0.0
147409,0.01
147410,0.06
147411,0.0
147412,0.01
147413,0.09
147414,0.1
147415,0.06
147416,0.21
147417,0.04
147418,0.08
147419,0.0
147420,0.12
147421,0.03
147422,0.01
147423,0.06
147424,0.0
147425,0.01
147426,0.7
147427,0.06
147428,0.05
147429,0.04
147430,0.01
147431,0.02
147432,0.0
147433,0.0
147434,0.05
147435,0.03
147436,0.03
147437,0.22
147438,0.0
147439,0.03
147440,0.0
147441,0.2
147442,0.0
147443,0.04
147444,0.1
147445,0.0
147446,0.06
147447,0.0
147448,0.38
147449,0.1
147450,0.0
147451,0.19
147452,0.0
147453,0.03
147454,0.01
147455,0.03
147456,0.12
147457,0.02
147458,0.14
147459,0.5
147460,0.0
147461,0.09
147462,0.0
147463,0.03
147464,0.02
147465,0.0
147466,0.01
147467,0.02
147468,0.0
147469,0.0
147470,0.31
147471,0.41
147472,0.01
147473,0.38
147474,0.0
147475,0.35
147476,0.0
147477,0.04
147478,0.02
147479,0.01
147480,0.05
147481,0.01
147482,0.09
147483,0.04
147484,0.02
147485,0.11
147486,0.02
147487,0.05
147488,0.0
147489,0.03
147490,0.0
147491,0.01
147492,0.0
147493,0.15
147494,0.01
147495,0.45
147496,0.01
147497,0.03
147498,0.01
147499,0.0
147500,0.01
147501,0.0
147502,0.0
147503,0.02
147504,0.0
147505,0.05
147506,0.02
147507,0.03
147508,0.05
147509,0.08
147510,0.04
147511,0.0
147512,0.02
147513,0.02
147514,0.0
147515,0.03
147516,0.1
147517,0.01
147518,0.05
147519,0.04
147520,0.01
147521,0.03
147522,0.05
147523,0.09
147524,0.05
147525,0.0
147526,0.02
147527,0.25
147528,0.16
147529,0.02
147530,0.06
147531,0.59
147532,0.01
147533,0.18
147534,0.03
147535,0.48
147536,0.08
147537,0.01
147538,0.26
147539,0.0
147540,0.02
147541,0.01
147542,0.12
147543,0.01
147544,0.16
147545,0.0
147546,0.03
147547,0.0
147548,0.17
147549,0.03
147550,0.02
147551,0.03
147552,0.0
147553,0.01
147554,0.02
147555,0.0
147556,0.46
147557,0.3
147558,0.04
147559,0.0
147560,0.03
147561,0.2
147562,0.04
147563,0.09
147564,0.0
147565,0.01
147566,0.13
147567,0.0
147568,0.0
147569,0.03
147570,0.34
147571,0.02
147572,0.57
147573,0.01
147574,0.04
147575,0.05
147576,0.02
147577,0.04
147578,0.01
147579,0.02
147580,0.0
147581,0.05
147582,0.01
147583,0.0
147584,0.0
147585,0.21
147586,0.0
147587,0.1
147588,0.08
147589,0.0
147590,0.0
147591,0.0
147592,0.02
147593,0.0
147594,0.03
147595,0.0
147596,0.0
147597,0.0
147598,0.01
147599,0.0
147600,0.02
147601,0.0
147602,0.04
147603,0.0
147604,0.06
147605,0.03
147606,0.0
147607,0.0
147608,0.02
147609,0.45
147610,0.09
147611,0.0
147612,0.02
147613,0.01
147614,0.01
147615,0.37
147616,0.11
147617,0.04
147618,0.01
147619,0.0
147620,0.0
147621,0.01
147622,0.06
147623,0.02
147624,0.06
147625,0.04
147626,0.01
147627,0.04
147628,0.03
147629,0.07
147630,0.01
147631,0.26
147632,0.0
147633,0.03
147634,0.33
147635,0.0
147636,0.45
147637,0.01
147638,0.0
147639,0.05
147640,0.14
147641,0.26
147642,0.03
147643,0.09
147644,0.08
147645,0.02
147646,0.01
147647,0.0
147648,0.28
147649,0.0
147650,0.01
147651,0.01
147652,0.03
147653,0.08
147654,0.05
147655,0.0
147656,0.0
147657,0.05
147658,0.03
147659,0.02
147660,0.0
147661,0.26
147662,0.26
147663,0.0
147664,0.63
147665,0.0
147666,0.21
147667,0.01
147668,0.0
147669,0.03
147670,0.46
147671,0.01
147672,0.0
147673,0.09
147674,0.04
147675,0.0
147676,0.05
147677,0.14
147678,0.04
147679,0.0
147680,0.07
147681,0.14
147682,0.0
147683,0.0
147684,0.0
147685,0.0
147686,0.0
147687,0.0
147688,0.23
147689,0.05
147690,0.0
147691,0.0
147692,0.0
147693,0.05
147694,0.0
147695,0.0
147696,0.05
147697,0.01
147698,0.08
147699,0.09
147700,0.02
147701,0.02
147702,0.09
147703,0.07
147704,0.12
147705,0.22
147706,0.01
147707,0.09
147708,0.0
147709,0.02
147710,0.02
147711,0.03
147712,0.32
147713,0.0
147714,0.0
147715,0.0
147716,0.08
147717,0.01
147718,0.16
147719,0.04
147720,0.06
147721,0.0
147722,0.16
147723,0.01
147724,0.02
147725,0.0
147726,0.01
147727,0.08
147728,0.0
147729,0.01
147730,0.0
147731,0.01
147732,0.1
147733,0.01
147734,0.02
147735,0.2
147736,0.11
147737,0.0
147738,0.04
147739,0.03
147740,0.0
147741,0.0
147742,0.03
147743,0.49
147744,0.07
147745,0.01
147746,0.02
147747,0.04
147748,0.04
147749,0.01
147750,0.05
147751,0.49
147752,0.36
147753,0.0
147754,0.01
147755,0.0
147756,0.04
147757,0.01
147758,0.17
147759,0.0
147760,0.0
147761,0.01
147762,0.08
147763,0.0
147764,0.21
147765,0.0
147766,0.02
147767,0.04
147768,0.0
147769,0.01
147770,0.01
147771,0.08
147772,0.23
147773,0.0
147774,0.47
147775,0.01
147776,0.03
147777,0.04
147778,0.19
147779,0.02
147780,0.0
147781,0.0
147782,0.01
147783,0.03
147784,0.0
147785,0.01
147786,0.21
147787,0.04
147788,0.02
147789,0.11
147790,0.03
147791,0.0
147792,0.29
147793,0.48
147794,0.01
147795,0.06
147796,0.0
147797,0.02
147798,0.07
147799,0.04
147800,0.0
147801,0.18
147802,0.0
147803,0.22
147804,0.07
147805,0.01
147806,0.0
147807,0.01
147808,0.06
147809,0.05
147810,0.04
147811,0.04
147812,0.0
147813,0.0
147814,0.21
147815,0.04
147816,0.01
147817,0.35
147818,0.02
147819,0.02
147820,0.02
147821,0.32
147822,0.52
147823,0.01
147824,0.31
147825,0.01
147826,0.14
147827,0.27
147828,0.0
147829,0.0
147830,0.02
147831,0.13
147832,0.16
147833,0.05
147834,0.04
147835,0.0
147836,0.0
147837,0.01
147838,0.03
147839,0.33
147840,0.06
147841,0.01
147842,0.0
147843,0.06
147844,0.0
147845,0.63
147846,0.07
147847,0.01
147848,0.2
147849,0.27
147850,0.06
147851,0.0
147852,0.12
147853,0.0
147854,0.37
147855,0.09
147856,0.03
147857,0.04
147858,0.2
147859,0.1
147860,0.23
147861,0.2
147862,0.25
147863,0.12
147864,0.0
147865,0.0
147866,0.0
147867,0.0
147868,0.12
147869,0.0
147870,0.0
147871,0.0
147872,0.02
147873,0.03
147874,0.08
147875,0.0
147876,0.0
147877,0.43
147878,0.01
147879,0.02
147880,0.17
147881,0.05
147882,0.13
147883,0.02
147884,0.01
147885,0.01
147886,0.17
147887,0.07
147888,0.05
147889,0.17
147890,0.01
147891,0.07
147892,0.08
147893,0.02
147894,0.0
147895,0.0
147896,0.0
147897,0.04
147898,0.0
147899,0.04
147900,0.08
147901,0.0
147902,0.05
147903,0.0
147904,0.54
147905,0.02
147906,0.26
147907,0.0
147908,0.03
147909,0.02
147910,0.01
147911,0.06
147912,0.11
147913,0.09
147914,0.06
147915,0.01
147916,0.05
147917,0.08
147918,0.05
147919,0.0
147920,0.08
147921,0.05
147922,0.0
147923,0.03
147924,0.0
147925,0.28
147926,0.22
147927,0.07
147928,0.03
147929,0.0
147930,0.03
147931,0.02
147932,0.08
147933,0.0
147934,0.11
147935,0.02
147936,0.07
147937,0.02
147938,0.0
147939,0.02
147940,0.0
147941,0.01
147942,0.47
147943,0.05
147944,0.03
147945,0.01
147946,0.02
147947,0.03
147948,0.06
147949,0.0
147950,0.15
147951,0.03
147952,0.01
147953,0.02
147954,0.0
147955,0.0
147956,0.02
147957,0.0
147958,0.13
147959,0.23
147960,0.01
147961,0.02
147962,0.0
147963,0.02
147964,0.0
147965,0.0
147966,0.0
147967,0.05
147968,0.01
147969,0.11
147970,0.11
147971,0.02
147972,0.03
147973,0.02
147974,0.01
147975,0.04
147976,0.04
147977,0.05
147978,0.04
147979,0.44
147980,0.03
147981,0.04
147982,0.0
147983,0.05
147984,0.0
147985,0.0
147986,0.02
147987,0.01
147988,0.57
147989,0.01
147990,0.32
147991,0.01
147992,0.0
147993,0.18
147994,0.01
147995,0.01
147996,0.02
147997,0.04
147998,0.09
147999,0.0
148000,0.04
148001,0.09
148002,0.01
148003,0.0
148004,0.1
148005,0.0
148006,0.08
148007,0.47
148008,0.2
148009,0.0
148010,0.61
148011,0.05
148012,0.34
148013,0.01
148014,0.0
148015,0.01
148016,0.21
148017,0.2
148018,0.0
148019,0.0
148020,0.02
148021,0.03
148022,0.0
148023,0.02
148024,0.03
148025,0.22
148026,0.03
148027,0.34
148028,0.0
148029,0.03
148030,0.01
148031,0.0
148032,0.03
148033,0.08
148034,0.07
148035,0.0
148036,0.0
148037,0.01
148038,0.0
148039,0.07
148040,0.18
148041,0.05
148042,0.02
148043,0.01
148044,0.0
148045,0.04
148046,0.04
148047,0.0
148048,0.1
148049,0.03
148050,0.09
148051,0.05
148052,0.0
148053,0.08
148054,0.01
148055,0.03
148056,0.04
148057,0.05
148058,0.21
148059,0.35
148060,0.0
148061,0.07
148062,0.04
148063,0.03
148064,0.4
148065,0.0
148066,0.01
148067,0.0
148068,0.36
148069,0.02
148070,0.0
148071,0.0
148072,0.06
148073,0.06
148074,0.03
148075,0.02
148076,0.38
148077,0.01
148078,0.01
148079,0.02
148080,0.04
148081,0.0
148082,0.54
148083,0.01
148084,0.27
148085,0.0
148086,0.09
148087,0.06
148088,0.0
148089,0.43
148090,0.21
148091,0.02
148092,0.03
148093,0.11
148094,0.2
148095,0.19
148096,0.0
148097,0.0
148098,0.0
148099,0.0
148100,0.0
148101,0.11
148102,0.01
148103,0.0
148104,0.01
148105,0.05
148106,0.06
148107,0.12
148108,0.0
148109,0.07
148110,0.01
148111,0.0
148112,0.0
148113,0.03
148114,0.08
148115,0.18
148116,0.03
148117,0.0
148118,0.09
148119,0.07
148120,0.07
148121,0.02
148122,0.0
148123,0.52
148124,0.01
148125,0.0
148126,0.0
148127,0.15
148128,0.05
148129,0.0
148130,0.03
148131,0.0
148132,0.0
148133,0.0
148134,0.0
148135,0.03
148136,0.57
148137,0.01
148138,0.0
148139,0.05
148140,0.05
148141,0.12
148142,0.1
148143,0.09
148144,0.03
148145,0.12
148146,0.22
148147,0.05
148148,0.12
148149,0.27
148150,0.01
148151,0.0
148152,0.02
148153,0.07
148154,0.0
148155,0.38
148156,0.06
148157,0.28
148158,0.59
148159,0.14
148160,0.0
148161,0.03
148162,0.12
148163,0.37
148164,0.0
148165,0.06
148166,0.0
148167,0.0
148168,0.01
148169,0.0
148170,0.0
148171,0.02
148172,0.02
148173,0.0
148174,0.54
148175,0.01
148176,0.0
148177,0.04
148178,0.06
148179,0.0
148180,0.0
148181,0.03
148182,0.08
148183,0.01
148184,0.01
148185,0.39
148186,0.08
148187,0.02
148188,0.02
148189,0.01
148190,0.13
148191,0.01
148192,0.18
148193,0.03
148194,0.02
148195,0.02
148196,0.01
148197,0.07
148198,0.01
148199,0.0
148200,0.0
148201,0.01
148202,0.01
148203,0.41
148204,0.01
148205,0.09
148206,0.05
148207,0.07
148208,0.0
148209,0.06
148210,0.02
148211,0.06
148212,0.07
148213,0.0
148214,0.18
148215,0.0
148216,0.01
148217,0.01
148218,0.16
148219,0.0
148220,0.17
148221,0.22
148222,0.03
148223,0.0
148224,0.03
148225,0.0
148226,0.09
148227,0.0
148228,0.0
148229,0.05
148230,0.02
148231,0.02
148232,0.01
148233,0.0
148234,0.01
148235,0.03
148236,0.04
148237,0.0
148238,0.34
148239,0.11
148240,0.35
148241,0.04
148242,0.44
148243,0.0
148244,0.03
148245,0.06
148246,0.0
148247,0.11
148248,0.01
148249,0.02
148250,0.01
148251,0.18
148252,0.06
148253,0.01
148254,0.02
148255,0.01
148256,0.3
148257,0.01
148258,0.37
148259,0.0
148260,0.01
148261,0.0
148262,0.11
148263,0.0
148264,0.04
148265,0.0
148266,0.01
148267,0.01
148268,0.02
148269,0.05
148270,0.0
148271,0.0
148272,0.01
148273,0.06
148274,0.11
148275,0.0
148276,0.05
148277,0.0
148278,0.04
148279,0.1
148280,0.0
148281,0.05
148282,0.01
148283,0.24
148284,0.09
148285,0.0
148286,0.2
148287,0.0
148288,0.0
148289,0.26
148290,0.01
148291,0.07
148292,0.01
148293,0.0
148294,0.13
148295,0.0
148296,0.02
148297,0.33
148298,0.03
148299,0.0
148300,0.05
148301,0.07
148302,0.02
148303,0.46
148304,0.0
148305,0.06
148306,0.0
148307,0.02
148308,0.4
148309,0.72
148310,0.65
148311,0.06
148312,0.03
148313,0.59
148314,0.0
148315,0.12
148316,0.0
148317,0.0
148318,0.02
148319,0.02
148320,0.04
148321,0.0
148322,0.19
148323,0.14
148324,0.03
148325,0.1
148326,0.02
148327,0.01
148328,0.0
148329,0.04
148330,0.02
148331,0.02
148332,0.02
148333,0.15
148334,0.04
148335,0.04
148336,0.01
148337,0.09
148338,0.02
148339,0.15
148340,0.02
148341,0.0
148342,0.01
148343,0.0
148344,0.45
148345,0.1
148346,0.05
148347,0.0
148348,0.0
148349,0.05
148350,0.1
148351,0.39
148352,0.01
148353,0.0
148354,0.04
148355,0.47
148356,0.0
148357,0.0
148358,0.12
148359,0.0
148360,0.0
148361,0.0
148362,0.0
148363,0.06
148364,0.01
148365,0.01
148366,0.06
148367,0.02
148368,0.0
148369,0.05
148370,0.0
148371,0.29
148372,0.04
148373,0.17
148374,0.03
148375,0.01
148376,0.0
148377,0.03
148378,0.0
148379,0.09
148380,0.56
148381,0.04
148382,0.09
148383,0.09
148384,0.02
148385,0.52
148386,0.02
148387,0.01
148388,0.01
148389,0.0
148390,0.17
148391,0.0
148392,0.15
148393,0.01
148394,0.0
148395,0.04
148396,0.0
148397,0.06
148398,0.02
148399,0.02
148400,0.02
148401,0.0
148402,0.0
148403,0.01
148404,0.21
148405,0.03
148406,0.31
148407,0.14
148408,0.0
148409,0.13
148410,0.0
148411,0.02
148412,0.03
148413,0.0
148414,0.0
148415,0.02
148416,0.02
148417,0.47
148418,0.12
148419,0.1
148420,0.0
148421,0.03
148422,0.02
148423,0.03
148424,0.03
148425,0.07
148426,0.04
148427,0.02
148428,0.24
148429,0.26
148430,0.04
148431,0.0
148432,0.18
148433,0.1
148434,0.0
148435,0.04
148436,0.01
148437,0.02
148438,0.02
148439,0.01
148440,0.0
148441,0.0
148442,0.0
148443,0.04
148444,0.15
148445,0.01
148446,0.02
148447,0.03
148448,0.0
148449,0.01
148450,0.0
148451,0.01
148452,0.03
148453,0.0
148454,0.06
148455,0.0
148456,0.0
148457,0.0
148458,0.22
148459,0.0
148460,0.0
148461,0.0
148462,0.02
148463,0.01
148464,0.01
148465,0.02
148466,0.34
148467,0.01
148468,0.02
148469,0.0
148470,0.11
148471,0.05
148472,0.07
148473,0.06
148474,0.0
148475,0.13
148476,0.05
148477,0.08
148478,0.11
148479,0.01
148480,0.0
148481,0.52
148482,0.01
148483,0.0
148484,0.0
148485,0.25
148486,0.0
148487,0.0
148488,0.0
148489,0.04
148490,0.01
148491,0.0
148492,0.26
148493,0.01
148494,0.38
148495,0.04
148496,0.01
148497,0.0
148498,0.1
148499,0.01
148500,0.32
148501,0.05
148502,0.0
148503,0.0
148504,0.13
148505,0.47
148506,0.13
148507,0.0
148508,0.11
148509,0.03
148510,0.08
148511,0.0
148512,0.0
148513,0.02
148514,0.3
148515,0.22
148516,0.01
148517,0.01
148518,0.0
148519,0.02
148520,0.11
148521,0.0
148522,0.11
148523,0.11
148524,0.0
148525,0.0
148526,0.09
148527,0.01
148528,0.0
148529,0.0
148530,0.01
148531,0.03
148532,0.03
148533,0.01
148534,0.0
148535,0.66
148536,0.38
148537,0.45
148538,0.02
148539,0.15
148540,0.12
148541,0.07
148542,0.0
148543,0.05
148544,0.0
148545,0.06
148546,0.0
148547,0.03
148548,0.0
148549,0.0
148550,0.01
148551,0.06
148552,0.02
148553,0.06
148554,0.26
148555,0.12
148556,0.12
148557,0.03
148558,0.03
148559,0.0
148560,0.0
148561,0.0
148562,0.0
148563,0.14
148564,0.02
148565,0.0
148566,0.01
148567,0.0
148568,0.02
148569,0.02
148570,0.0
148571,0.1
148572,0.0
148573,0.15
148574,0.03
148575,0.01
148576,0.0
148577,0.03
148578,0.39
148579,0.04
148580,0.0
148581,0.09
148582,0.02
148583,0.04
148584,0.01
148585,0.0
148586,0.44
148587,0.02
148588,0.0
148589,0.01
148590,0.0
148591,0.0
148592,0.02
148593,0.0
148594,0.0
148595,0.05
148596,0.0
148597,0.01
148598,0.0
148599,0.0
148600,0.0
148601,0.0
148602,0.0
148603,0.01
148604,0.28
148605,0.0
148606,0.06
148607,0.01
148608,0.64
148609,0.01
148610,0.17
148611,0.16
148612,0.0
148613,0.0
148614,0.0
148615,0.0
148616,0.11
148617,0.01
148618,0.0
148619,0.01
148620,0.01
148621,0.0
148622,0.01
148623,0.0
148624,0.05
148625,0.11
148626,0.08
148627,0.02
148628,0.05
148629,0.0
148630,0.01
148631,0.0
148632,0.1
148633,0.0
148634,0.03
148635,0.0
148636,0.01
148637,0.34
148638,0.07
148639,0.05
148640,0.05
148641,0.07
148642,0.0
148643,0.1
148644,0.01
148645,0.07
148646,0.0
148647,0.01
148648,0.02
148649,0.47
148650,0.26
148651,0.0
148652,0.0
148653,0.04
148654,0.4
148655,0.05
148656,0.08
148657,0.09
148658,0.0
148659,0.06
148660,0.01
148661,0.11
148662,0.01
148663,0.0
148664,0.11
148665,0.0
148666,0.07
148667,0.04
148668,0.02
148669,0.07
148670,0.0
148671,0.0
148672,0.3
148673,0.0
148674,0.0
148675,0.04
148676,0.0
148677,0.36
148678,0.02
148679,0.18
148680,0.09
148681,0.0
148682,0.15
148683,0.0
148684,0.09
148685,0.27
148686,0.25
148687,0.0
148688,0.12
148689,0.0
148690,0.06
148691,0.08
148692,0.01
148693,0.1
148694,0.01
148695,0.06
148696,0.05
148697,0.17
148698,0.05
148699,0.02
148700,0.0
148701,0.03
148702,0.15
148703,0.0
148704,0.07
148705,0.02
148706,0.01
148707,0.06
148708,0.01
148709,0.01
148710,0.03
148711,0.02
148712,0.12
148713,0.13
148714,0.02
148715,0.08
148716,0.0
148717,0.0
148718,0.0
148719,0.01
148720,0.06
148721,0.07
148722,0.04
148723,0.08
148724,0.41
148725,0.27
148726,0.0
148727,0.03
148728,0.2
148729,0.0
148730,0.0
148731,0.0
148732,0.3
148733,0.0
148734,0.0
148735,0.0
148736,0.03
148737,0.2
148738,0.0
148739,0.12
148740,0.06
148741,0.0
148742,0.0
148743,0.06
148744,0.0
148745,0.21
148746,0.01
148747,0.54
148748,0.06
148749,0.56
148750,0.2
148751,0.37
148752,0.0
148753,0.03
148754,0.01
148755,0.0
148756,0.06
148757,0.03
148758,0.09
148759,0.06
148760,0.05
148761,0.0
148762,0.03
148763,0.0
148764,0.06
148765,0.05
148766,0.0
148767,0.12
148768,0.0
148769,0.14
148770,0.05
148771,0.35
148772,0.05
148773,0.01
148774,0.0
148775,0.02
148776,0.02
148777,0.0
148778,0.01
148779,0.0
148780,0.15
148781,0.02
148782,0.04
148783,0.06
148784,0.53
148785,0.12
148786,0.05
148787,0.09
148788,0.02
148789,0.0
148790,0.15
148791,0.31
148792,0.01
148793,0.01
148794,0.1
148795,0.03
148796,0.0
148797,0.01
148798,0.0
148799,0.04
148800,0.02
148801,0.34
148802,0.05
148803,0.05
148804,0.86
148805,0.02
148806,0.02
148807,0.04
148808,0.01
148809,0.05
148810,0.0
148811,0.09
148812,0.03
148813,0.0
148814,0.08
148815,0.01
148816,0.03
148817,0.14
148818,0.02
148819,0.08
148820,0.0
148821,0.01
148822,0.01
148823,0.01
148824,0.3
148825,0.01
148826,0.01
148827,0.04
148828,0.0
148829,0.03
148830,0.01
148831,0.16
148832,0.13
148833,0.07
148834,0.08
148835,0.01
148836,0.0
148837,0.03
148838,0.23
148839,0.2
148840,0.07
148841,0.03
148842,0.03
148843,0.0
148844,0.0
148845,0.0
148846,0.02
148847,0.01
148848,0.0
148849,0.03
148850,0.03
148851,0.02
148852,0.04
148853,0.06
148854,0.43
148855,0.11
148856,0.0
148857,0.0
148858,0.17
148859,0.02
148860,0.0
148861,0.01
148862,0.07
148863,0.02
148864,0.0
148865,0.08
148866,0.15
148867,0.07
148868,0.0
148869,0.0
148870,0.16
148871,0.06
148872,0.04
148873,0.01
148874,0.0
148875,0.19
148876,0.0
148877,0.04
148878,0.04
148879,0.0
148880,0.03
148881,0.03
148882,0.06
148883,0.0
148884,0.24
148885,0.05
148886,0.0
148887,0.0
148888,0.04
148889,0.21
148890,0.02
148891,0.01
148892,0.02
148893,0.02
148894,0.03
148895,0.03
148896,0.05
148897,0.02
148898,0.15
148899,0.06
148900,0.03
148901,0.0
148902,0.0
148903,0.02
148904,0.0
148905,0.26
148906,0.06
148907,0.2
148908,0.0
148909,0.0
148910,0.0
148911,0.04
148912,0.0
148913,0.04
148914,0.0
148915,0.03
148916,0.15
148917,0.01
148918,0.03
148919,0.04
148920,0.11
148921,0.01
148922,0.01
148923,0.06
148924,0.05
148925,0.01
148926,0.0
148927,0.02
148928,0.1
148929,0.11
148930,0.02
148931,0.02
148932,0.01
148933,0.62
148934,0.16
148935,0.03
148936,0.0
148937,0.01
148938,0.02
148939,0.02
148940,0.01
148941,0.03
148942,0.02
148943,0.12
148944,0.02
148945,0.81
148946,0.79
148947,0.07
148948,0.01
148949,0.0
148950,0.02
148951,0.02
148952,0.77
148953,0.11
148954,0.0
148955,0.0
148956,0.03
148957,0.02
148958,0.07
148959,0.03
148960,0.01
148961,0.0
148962,0.07
148963,0.46
148964,0.05
148965,0.01
148966,0.0
148967,0.14
148968,0.01
148969,0.21
148970,0.38
148971,0.0
148972,0.09
148973,0.26
148974,0.0
148975,0.03
148976,0.06
148977,0.08
148978,0.03
148979,0.0
148980,0.03
148981,0.4
148982,0.42
148983,0.0
148984,0.02
148985,0.0
148986,0.01
148987,0.07
148988,0.18
148989,0.05
148990,0.01
148991,0.05
148992,0.5
148993,0.0
148994,0.05
148995,0.18
148996,0.0
148997,0.03
148998,0.56
148999,0.01
149000,0.09
149001,0.0
149002,0.0
149003,0.09
149004,0.0
149005,0.01
149006,0.0
149007,0.01
149008,0.02
149009,0.03
149010,0.04
149011,0.08
149012,0.11
149013,0.03
149014,0.03
149015,0.07
149016,0.01
149017,0.04
149018,0.0
149019,0.06
149020,0.06
149021,0.08
149022,0.01
149023,0.18
149024,0.0
149025,0.11
149026,0.03
149027,0.06
149028,0.4
149029,0.0
149030,0.0
149031,0.3
149032,0.03
149033,0.01
149034,0.0
149035,0.39
149036,0.55
149037,0.0
149038,0.0
149039,0.0
149040,0.0
149041,0.03
149042,0.0
149043,0.0
149044,0.03
149045,0.03
149046,0.04
149047,0.0
149048,0.03
149049,0.04
149050,0.0
149051,0.07
149052,0.0
149053,0.01
149054,0.12
149055,0.12
149056,0.01
149057,0.0
149058,0.0
149059,0.04
149060,0.29
149061,0.16
149062,0.0
149063,0.02
149064,0.45
149065,0.0
149066,0.03
149067,0.0
149068,0.19
149069,0.34
149070,0.07
149071,0.31
149072,0.01
149073,0.0
149074,0.02
149075,0.02
149076,0.03
149077,0.02
149078,0.08
149079,0.0
149080,0.05
149081,0.58
149082,0.0
149083,0.04
149084,0.37
149085,0.17
149086,0.27
149087,0.05
149088,0.14
149089,0.01
149090,0.02
149091,0.0
149092,0.38
149093,0.0
149094,0.23
149095,0.06
149096,0.28
149097,0.16
149098,0.01
149099,0.08
149100,0.06
149101,0.23
149102,0.15
149103,0.06
149104,0.0
149105,0.0
149106,0.01
149107,0.0
149108,0.09
149109,0.02
149110,0.07
149111,0.07
149112,0.07
149113,0.0
149114,0.02
149115,0.15
149116,0.0
149117,0.0
149118,0.01
149119,0.0
149120,0.02
149121,0.0
149122,0.04
149123,0.01
149124,0.0
149125,0.03
149126,0.21
149127,0.02
149128,0.11
149129,0.0
149130,0.06
149131,0.03
149132,0.58
149133,0.0
149134,0.02
149135,0.0
149136,0.0
149137,0.0
149138,0.01
149139,0.0
149140,0.05
149141,0.0
149142,0.0
149143,0.05
149144,0.17
149145,0.0
149146,0.0
149147,0.01
149148,0.01
149149,0.06
149150,0.0
149151,0.03
149152,0.0
149153,0.0
149154,0.01
149155,0.0
149156,0.09
149157,0.14
149158,0.02
149159,0.57
149160,0.32
149161,0.01
149162,0.05
149163,0.0
149164,0.0
149165,0.06
149166,0.02
149167,0.0
149168,0.22
149169,0.1
149170,0.02
149171,0.0
149172,0.0
149173,0.12
149174,0.47
149175,0.13
149176,0.04
149177,0.0
149178,0.08
149179,0.01
149180,0.1
149181,0.02
149182,0.0
149183,0.09
149184,0.06
149185,0.03
149186,0.02
149187,0.01
149188,0.0
149189,0.32
149190,0.01
149191,0.09
149192,0.0
149193,0.05
149194,0.0
149195,0.0
149196,0.2
149197,0.09
149198,0.08
149199,0.08
149200,0.0
149201,0.11
149202,0.02
149203,0.2
149204,0.06
149205,0.07
149206,0.0
149207,0.05
149208,0.06
149209,0.01
149210,0.01
149211,0.13
149212,0.04
149213,0.02
149214,0.0
149215,0.0
149216,0.0
149217,0.0
149218,0.01
149219,0.0
149220,0.16
149221,0.01
149222,0.0
149223,0.01
149224,0.14
149225,0.0
149226,0.1
149227,0.01
149228,0.04
149229,0.32
149230,0.0
149231,0.04
149232,0.01
149233,0.0
149234,0.09
149235,0.06
149236,0.11
149237,0.31
149238,0.06
149239,0.01
149240,0.01
149241,0.2
149242,0.33
149243,0.01
149244,0.03
149245,0.01
149246,0.14
149247,0.05
149248,0.15
149249,0.0
149250,0.01
149251,0.02
149252,0.0
149253,0.06
149254,0.1
149255,0.01
149256,0.05
149257,0.13
149258,0.0
149259,0.03
149260,0.01
149261,0.02
149262,0.01
149263,0.05
149264,0.06
149265,0.09
149266,0.05
149267,0.05
149268,0.1
149269,0.01
149270,0.33
149271,0.0
149272,0.01
149273,0.02
149274,0.0
149275,0.01
149276,0.21
149277,0.09
149278,0.03
149279,0.01
149280,0.11
149281,0.01
149282,0.0
149283,0.12
149284,0.03
149285,0.03
149286,0.01
149287,0.08
149288,0.06
149289,0.13
149290,0.0
149291,0.0
149292,0.08
149293,0.01
149294,0.36
149295,0.0
149296,0.2
149297,0.0
149298,0.0
149299,0.03
149300,0.01
149301,0.01
149302,0.03
149303,0.01
149304,0.06
149305,0.18
149306,0.0
149307,0.01
149308,0.47
149309,0.01
149310,0.08
149311,0.06
149312,0.0
149313,0.06
149314,0.05
149315,0.05
149316,0.0
149317,0.0
149318,0.0
149319,0.11
149320,0.0
149321,0.09
149322,0.1
149323,0.01
149324,0.02
149325,0.01
149326,0.02
149327,0.02
149328,0.0
149329,0.05
149330,0.01
149331,0.0
149332,0.21
149333,0.07
149334,0.12
149335,0.02
149336,0.08
149337,0.08
149338,0.05
149339,0.03
149340,0.0
149341,0.01
149342,0.02
149343,0.06
149344,0.0
149345,0.0
149346,0.01
149347,0.01
149348,0.18
149349,0.02
149350,0.01
149351,0.04
149352,0.02
149353,0.0
149354,0.2
149355,0.02
149356,0.18
149357,0.0
149358,0.0
149359,0.0
149360,0.0
149361,0.64
149362,0.17
149363,0.17
149364,0.19
149365,0.15
149366,0.01
149367,0.03
149368,0.02
149369,0.13
149370,0.02
149371,0.0
149372,0.0
149373,0.01
149374,0.01
149375,0.11
149376,0.03
149377,0.19
149378,0.0
149379,0.19
149380,0.28
149381,0.01
149382,0.0
149383,0.12
149384,0.04
149385,0.07
149386,0.0
149387,0.01
149388,0.0
149389,0.01
149390,0.02
149391,0.06
149392,0.33
149393,0.0
149394,0.01
149395,0.0
149396,0.05
149397,0.11
149398,0.19
149399,0.02
149400,0.01
149401,0.03
149402,0.04
149403,0.06
149404,0.07
149405,0.01
149406,0.07
149407,0.03
149408,0.0
149409,0.04
149410,0.0
149411,0.09
149412,0.31
149413,0.05
149414,0.0
149415,0.12
149416,0.0
149417,0.12
149418,0.0
149419,0.27
149420,0.01
149421,0.0
149422,0.02
149423,0.0
149424,0.01
149425,0.05
149426,0.02
149427,0.0
149428,0.02
149429,0.14
149430,0.0
149431,0.03
149432,0.03
149433,0.02
149434,0.06
149435,0.0
149436,0.08
149437,0.01
149438,0.06
149439,0.06
149440,0.0
149441,0.08
149442,0.05
149443,0.17
149444,0.03
149445,0.02
149446,0.0
149447,0.0
149448,0.01
149449,0.13
149450,0.0
149451,0.1
149452,0.32
149453,0.0
149454,0.01
149455,0.02
149456,0.13
149457,0.1
149458,0.09
149459,0.16
149460,0.0
149461,0.04
149462,0.0
149463,0.0
149464,0.46
149465,0.05
149466,0.0
149467,0.0
149468,0.08
149469,0.03
149470,0.0
149471,0.27
149472,0.0
149473,0.0
149474,0.18
149475,0.04
149476,0.03
149477,0.05
149478,0.0
149479,0.0
149480,0.03
149481,0.02
149482,0.12
149483,0.05
149484,0.0
149485,0.17
149486,0.02
149487,0.02
149488,0.0
149489,0.0
149490,0.0
149491,0.31
149492,0.01
149493,0.02
149494,0.0
149495,0.4
149496,0.14
149497,0.01
149498,0.0
149499,0.0
149500,0.07
149501,0.01
149502,0.01
149503,0.05
149504,0.0
149505,0.16
149506,0.03
149507,0.01
149508,0.0
149509,0.06
149510,0.28
149511,0.01
149512,0.01
149513,0.01
149514,0.0
149515,0.04
149516,0.01
149517,0.38
149518,0.03
149519,0.08
149520,0.01
149521,0.0
149522,0.0
149523,0.03
149524,0.06
149525,0.12
149526,0.06
149527,0.0
149528,0.04
149529,0.17
149530,0.0
149531,0.28
149532,0.03
149533,0.02
149534,0.0
149535,0.03
149536,0.01
149537,0.02
149538,0.02
149539,0.01
149540,0.02
149541,0.18
149542,0.28
149543,0.01
149544,0.02
149545,0.05
149546,0.01
149547,0.13
149548,0.0
149549,0.0
149550,0.33
149551,0.05
149552,0.17
149553,0.01
149554,0.2
149555,0.0
149556,0.0
149557,0.24
149558,0.0
149559,0.05
149560,0.19
149561,0.01
149562,0.01
149563,0.01
149564,0.14
149565,0.1
149566,0.1
149567,0.27
149568,0.01
149569,0.06
149570,0.07
149571,0.03
149572,0.37
149573,0.06
149574,0.31
149575,0.0
149576,0.06
149577,0.0
149578,0.04
149579,0.18
149580,0.04
149581,0.11
149582,0.0
149583,0.0
149584,0.05
149585,0.0
149586,0.0
149587,0.03
149588,0.08
149589,0.42
149590,0.12
149591,0.29
149592,0.03
149593,0.04
149594,0.02
149595,0.02
149596,0.12
149597,0.0
149598,0.34
149599,0.0
149600,0.23
149601,0.0
149602,0.02
149603,0.28
149604,0.0
149605,0.06
149606,0.0
149607,0.1
149608,0.01
149609,0.08
149610,0.05
149611,0.03
149612,0.01
149613,0.03
149614,0.0
149615,0.0
149616,0.13
149617,0.01
149618,0.01
149619,0.04
149620,0.02
149621,0.09
149622,0.22
149623,0.3
149624,0.02
149625,0.01
149626,0.02
149627,0.24
149628,0.17
149629,0.03
149630,0.04
149631,0.02
149632,0.0
149633,0.0
149634,0.01
149635,0.0
149636,0.0
149637,0.03
149638,0.57
149639,0.02
149640,0.11
149641,0.0
149642,0.18
149643,0.01
149644,0.0
149645,0.07
149646,0.01
149647,0.0
149648,0.0
149649,0.04
149650,0.0
149651,0.01
149652,0.02
149653,0.01
149654,0.12
149655,0.0
149656,0.06
149657,0.05
149658,0.13
149659,0.0
149660,0.34
149661,0.08
149662,0.07
149663,0.01
149664,0.0
149665,0.05
149666,0.0
149667,0.0
149668,0.24
149669,0.03
149670,0.01
149671,0.0
149672,0.21
149673,0.0
149674,0.12
149675,0.01
149676,0.02
149677,0.05
149678,0.03
149679,0.0
149680,0.0
149681,0.17
149682,0.0
149683,0.04
149684,0.03
149685,0.1
149686,0.0
149687,0.6
149688,0.06
149689,0.1
149690,0.05
149691,0.01
149692,0.02
149693,0.01
149694,0.02
149695,0.01
149696,0.0
149697,0.02
149698,0.0
149699,0.01
149700,0.02
149701,0.01
149702,0.06
149703,0.09
149704,0.05
149705,0.04
149706,0.16
149707,0.02
149708,0.01
149709,0.04
149710,0.01
149711,0.17
149712,0.0
149713,0.02
149714,0.01
149715,0.05
149716,0.02
149717,0.05
149718,0.02
149719,0.17
149720,0.07
149721,0.06
149722,0.05
149723,0.04
149724,0.02
149725,0.03
149726,0.05
149727,0.01
149728,0.0
149729,0.07
149730,0.0
149731,0.02
149732,0.04
149733,0.0
149734,0.0
149735,0.0
149736,0.06
149737,0.0
149738,0.01
149739,0.08
149740,0.01
149741,0.03
149742,0.03
149743,0.13
149744,0.0
149745,0.03
149746,0.03
149747,0.06
149748,0.02
149749,0.13
149750,0.01
149751,0.0
149752,0.03
149753,0.01
149754,0.01
149755,0.01
149756,0.09
149757,0.07
149758,0.29
149759,0.07
149760,0.02
149761,0.38
149762,0.12
149763,0.0
149764,0.03
149765,0.0
149766,0.0
149767,0.28
149768,0.0
149769,0.28
149770,0.19
149771,0.0
149772,0.06
149773,0.0
149774,0.04
149775,0.0
149776,0.1
149777,0.09
149778,0.02
149779,0.02
149780,0.01
149781,0.01
149782,0.05
149783,0.06
149784,0.02
149785,0.05
149786,0.0
149787,0.47
149788,0.03
149789,0.04
149790,0.05
149791,0.02
149792,0.0
149793,0.0
149794,0.06
149795,0.0
149796,0.06
149797,0.33
149798,0.01
149799,0.04
149800,0.05
149801,0.04
149802,0.07
149803,0.01
149804,0.01
149805,0.0
149806,0.0
149807,0.0
149808,0.0
149809,0.04
149810,0.0
149811,0.0
149812,0.02
149813,0.0
149814,0.03
149815,0.02
149816,0.08
149817,0.02
149818,0.0
149819,0.04
149820,0.12
149821,0.0
149822,0.1
149823,0.13
149824,0.02
149825,0.12
149826,0.02
149827,0.02
149828,0.06
149829,0.0
149830,0.13
149831,0.0
149832,0.0
149833,0.23
149834,0.06
149835,0.02
149836,0.0
149837,0.01
149838,0.05
149839,0.08
149840,0.0
149841,0.02
149842,0.01
149843,0.0
149844,0.03
149845,0.0
149846,0.08
149847,0.05
149848,0.17
149849,0.0
149850,0.2
149851,0.01
149852,0.11
149853,0.17
149854,0.0
149855,0.04
149856,0.0
149857,0.0
149858,0.11
149859,0.17
149860,0.05
149861,0.05
149862,0.07
149863,0.0
149864,0.03
149865,0.03
149866,0.45
149867,0.07
149868,0.0
149869,0.04
149870,0.01
149871,0.03
149872,0.05
149873,0.01
149874,0.02
149875,0.04
149876,0.26
149877,0.01
149878,0.12
149879,0.0
149880,0.07
149881,0.02
149882,0.01
149883,0.13
149884,0.01
149885,0.01
149886,0.05
149887,0.09
149888,0.0
149889,0.0
149890,0.0
149891,0.08
149892,0.05
149893,0.0
149894,0.02
149895,0.02
149896,0.06
149897,0.01
149898,0.0
149899,0.01
149900,0.0
149901,0.35
149902,0.03
149903,0.1
149904,0.02
149905,0.29
149906,0.02
149907,0.0
149908,0.01
149909,0.0
149910,0.04
149911,0.0
149912,0.04
149913,0.03
149914,0.04
149915,0.13
149916,0.15
149917,0.03
149918,0.05
149919,0.04
149920,0.06
149921,0.05
149922,0.09
149923,0.0
149924,0.06
149925,0.03
149926,0.01
149927,0.11
149928,0.01
149929,0.0
149930,0.0
149931,0.05
149932,0.09
149933,0.02
149934,0.19
149935,0.01
149936,0.36
149937,0.64
149938,0.26
149939,0.27
149940,0.01
149941,0.0
149942,0.0
149943,0.06
149944,0.0
149945,0.03
149946,0.0
149947,0.0
149948,0.02
149949,0.02
149950,0.06
149951,0.09
149952,0.14
149953,0.04
149954,0.14
149955,0.41
149956,0.0
149957,0.27
149958,0.18
149959,0.01
149960,0.06
149961,0.0
149962,0.0
149963,0.0
149964,0.15
149965,0.0
149966,0.03
149967,0.3
149968,0.0
149969,0.02
149970,0.01
149971,0.01
149972,0.0
149973,0.06
149974,0.0
149975,0.03
149976,0.0
149977,0.01
149978,0.01
149979,0.32
149980,0.0
149981,0.05
149982,0.02
149983,0.0
149984,0.04
149985,0.14
149986,0.02
149987,0.17
149988,0.06
149989,0.03
149990,0.03
149991,0.0
149992,0.0
149993,0.16
149994,0.67
149995,0.07
149996,0.0
149997,0.04
149998,0.0
149999,0.11
